SKU_Name,SKU,Price_Tier1,Description,Status
GBBstnAmb2ozMtlRollonMattSl,,,"Boston rounddesign60ml,2oz Amber glass bottlewithmetal roller ball plugandmatte silver cap.For use with perfume, fragrance oil, essential oils, body oils, thin lotions and ointments.Refillable bottle with large, 12mm diameter metal-roller ball.Price each",Missing
GBBstnAmb2ozMtlRollonShnSl,,,"Boston rounddesign60ml,2oz Amber glass bottlewithmetal roller ball plugandshiny silver cap.For use with perfume, fragrance oil, essential oils, body oils, thin lotions and ointments.Refillable bottle with large, 12mm diameter metal-roller ball.Price each",Missing
GBBstnAmb2ozMtlRollonMattBlk,,,"Boston rounddesign60ml,2oz Amber glass bottlewithmetal roller ball plugandmatte black cap.For use with perfume, fragrance oil, essential oils, body oils, thin lotions and ointments.Refillable bottle with large, 12mm diameter metal-roller ball.Price each",Missing
GBBstnAmb2ozMtlRollonGl,GBBstnAmb2ozMtlRollonGl,$1.05,"Boston round design 60ml, 2oz Amber glass bottle with metal roller ball plug and shiny gold cap. For use with perfume, fragrance oil, essential oils, body oils, thin lotions and ointments. Refillable bottle with large, 12mm diameter metal-roller ball. Pri",Found
GBBstnAmb2ozMtlRollonMattGl,,,"Boston rounddesign60ml,2oz Amber glass bottlewithmetal roller ball plugandmatte gold cap.For use with perfume, fragrance oil, essential oils, body oils, thin lotions and ointments.Refillable bottle with large, 12mm diameter metal-roller ball.Price each",Missing
GBBstnAmb2ozRollonMattSl,,,"Boston rounddesign60ml,2oz Amber glass bottlewithplastic roller ball plugandmatte silver cap.For use with perfume, fragrance oil, essential oils, body oils, thin lotions and ointments.Refillable bottle with large, 12mm diameter roller ball.Price each",Missing
GBBstnAmb2ozRollonShnSl,,,"Boston rounddesign60ml,2oz Amber glass bottlewithplastic roller ball plugandshiny silver cap.For use with perfume, fragrance oil, essential oils, body oils, thin lotions and ointments.Refillable bottle with large, 12mm diameter roller ball.Price each",Missing
GBBstnAmb2ozRollonMattBlk,,,"Boston rounddesign60ml,2oz Amber glass bottlewithplastic roller ball plugandmatte black cap.For use with perfume, fragrance oil, essential oils, body oils, thin lotions and ointments.Refillable bottle with large, 12mm diameter roller ball.Price each",Missing
GBBstnAmb2ozRollonGl,GBBstnAmb2ozRollonGl,$0.90,"Boston round design 60ml, 2oz Amber glass bottle with plastic roller ball plug and shiny gold cap. For use with perfume, fragrance oil, essential oils, body oils, thin lotions and ointments. Refillable bottle with large, 12mm diameter roller ball.",Found
GBBstnAmb2ozRollonMattGl,,,"Boston rounddesign60ml,2oz Amber glass bottlewithplastic roller ball plugandmatte gold cap.For use with perfume, fragrance oil, essential oils, body oils, thin lotions and ointments.Refillable bottle with large, 12mm diameter roller ball.Price each",Missing
GBBstnAmb2ozWhtDropper,,,"Boston rounddesign60ml,2oz Amber glass bottlewithwhite dropper.For use with perfume oils, diffuser oils, serums, primers, facial oils or face oils, moisturizers, and beard oils.Price each",Missing
GBBstnAmb2ozBlkDropperShnSlTrim,,,"Boston rounddesign60ml,2oz Amber glass bottleandblack dropperwith ashiny silver trim cap.For use with perfume oils, diffuser oils, serums, primers, facial oils or face oils, moisturizers, and beard oils.Price each",Missing
GBBstnAmb2ozWhtDropperShnGlTrim,,,"Boston rounddesign60ml,2oz Amber glass bottleandwhite dropperwith ashiny gold trim cap.For use with perfume oils, diffuser oils, serums, primers, facial oils or face oils, moisturizers, and beard oils.Price each",Missing
GBBstnAmb2ozWhtDropperShnSlTrim,,,"Boston rounddesign60ml,2oz Amber glass bottleandwhite dropperwith ashiny silver trim cap.For use with perfume oils, diffuser oils, serums, primers, facial oils or face oils, moisturizers, and beard oils.Price each",Missing
GBBstnAmb2ozBlkDropperShnGlTrim,,,"Boston rounddesign60ml,2oz Amber glass bottleandblack dropperwith ashiny gold trim cap.For use with perfume oils, diffuser oils, serums, primers, facial oils or face oils, moisturizers, and beard oils.Price each",Missing
GBBstnAmb2ozBlkDropper,,,"Boston rounddesign60ml,2oz Amber glass bottlewithblack dropper.For use with perfume oils, diffuser oils, serums, primers, facial oils or face oils, moisturizers, and beard oils.Price each",Missing
GBBstnAmb2ozBlkCapSht,GBBstnAmb2ozBlkCapSht,$0.48,"Boston round design 60ml, 2oz Amber glass bottle with short black cap. For use with Perfume oils, essential oils, diffuser oils and aromatherapy.",Found
GBBstnBlu2ozMtlRollonMattSl,,,"Boston rounddesign60ml,2oz Cobalt blue glass bottlewithmetal roller ball plugandmatte silver cap.For use with perfume, fragrance oil, essential oils, body oils, thin lotions and ointments.Refillable bottle with large, 12mm diameter metal-roller ball.Price each",Missing
GBBstnBlu2ozMtlRollonShnSl,,,"Boston rounddesign60ml,2oz Cobalt blue glass bottlewithmetal roller ball plugandshiny silver cap.For use with perfume, fragrance oil, essential oil, or aromatherapy.Refillable bottle with large, 12mm diameter metal-roller ball.Price each",Missing
GBBstnBlu2ozMtlRollonMattBlk,,,"Boston rounddesign60ml,2oz Cobalt blue glass bottlewithmetal roller ball plugandmatte black cap.For use with perfume, fragrance oil, essential oil, or aromatherapy.Refillable bottle with large, 12mm diameter metal-roller ball.Price each",Missing
GBBstnBlu2ozMtlRollonGl,GBBstnBlu2ozMtlRollonGl,$1.05,"Boston round design 60ml, 2oz Cobalt blue glass bottle with metal roller ball plug and shiny gold cap. For use with perfume or fragrance oil, essential oils, aromatic oils and aromatherapy. Refillable bottle with large, 12mm diameter metal-roller ball. Pr",Found
GBBstnBlu2ozMtlRollonMattGl,,,"Boston rounddesign60ml,2oz Cobalt blue glass bottlewithmetal roller ball plugandmatte gold cap.For use with perfume, fragrance oil, essential oil, or aromatherapy.Refillable bottle with large, 12mm diameter metal-roller ball.Price each",Missing
GBBstnBlu2ozRollonMattSl,,,"Boston rounddesign60ml,2oz Cobalt blue glass bottlewithplastic roller ball plugandmatte silver cap.For use with perfume, fragrance oil, essential oil, or aromatherapy.Refillable bottle with large, 12mm diameter roller ball.Price each",Missing
GBBstnBlu2ozRollonShnSl,,,"Boston rounddesign60ml,2oz Cobalt blue glass bottlewithplastic roller ball plugandshiny silver cap.For use with perfume, fragrance oil, essential oil, or aromatherapy.Refillable bottle with large, 12mm diameter roller ball.Price each",Missing
GBBstnBlu2ozRollonMattBlk,,,"Boston rounddesign60ml,2oz Cobalt blue glass bottlewithplastic roller ball plugandmatte black cap.For use with perfume, fragrance oil, essential oil, or aromatherapy.Refillable bottle with large, 12mm diameter roller ball.Price each",Missing
GBBstnBlu2ozRollonGl,GBBstnBlu2ozRollonGl,$0.90,"Boston round design 60ml, 2oz Cobalt blue glass bottle with plastic roller ball plug and shiny gold cap. For use with perfume or fragrance oil, essential oils, aromatic oils and aromatherapy. . oils. Refillable bottle with large, 12mm diameter roller ba",Found
GBBstnBlu2ozRollonMattGl,,,"Boston rounddesign60ml,2oz Cobalt blue glass bottlewithplastic roller ball plugandmatte gold cap.For use with perfume, fragrance oil, essential oil, or aromatherapy oils.Refillable bottle with large, 12mm diameter roller ball.Price each",Missing
GBBstnBlu2ozWhtDropper,,,"Boston rounddesign60ml,2oz Cobalt blue glass bottlewithwhite dropper00.For use with perfume oils, diffuser oils, serums, primers, facial oils or face oils, moisturizers, and beard oils.Price each",Missing
GBBstnBlu2ozBlkDropperShnSlTrim,,,"Boston rounddesign60ml,2oz Cobalt blue glass bottleandblack dropperwith ashiny silver trim cap.For use with perfume oils, diffuser oils, serums, primers, facial oils or face oils, moisturizers, and beard oils.Price each",Missing
GBBstnBlu2ozWhtDropperShnGlTrim,,,"Boston rounddesign60ml,2oz Cobalt blue glass bottleandwhite dropperwith ashiny gold trim cap.For use with perfume oils, diffuser oils, serums, primers, facial oils or face oils, moisturizers, and beard oils.Price each",Missing
GBBstnBlu2ozWhtDropperShnSlTrim,,,"Boston rounddesign60ml,2oz Cobalt blue glass bottleandwhite dropperwith ashiny silver trim cap.For use with perfume oils, diffuser oils, serums, primers, facial oils or face oils, moisturizers, and beard oils.Price each",Missing
GBBstnBlu2ozBlkDropperShnGlTrim,,,"Boston rounddesign60ml,2oz Cobalt blue glass bottleandblack dropperwith ashiny gold trim cap.For use with perfume oils, diffuser oils, serums, primers, facial oils or face oils, moisturizers, and beard oils.Price each",Missing
GBBstnBlu2ozBlkDropper,GBBstnBlu2ozBlkDropper,$0.71,"Boston round design 2 ounce cobalt blue glass bottle with black dropper, price each",Found
GBBstnBlu2ozBlkCapSht,GBBstnBlu2ozBlkCapSht,$0.48,"Boston round design 60ml, 2oz Cobalt blue glass bottle with short black cap. For use with Perfume oils, essential oils, diffuser oils and aromatherapy.",Found
GBBstn2ozMtlRollonMattSl,,,"Boston rounddesign60ml,2oz Clear glass bottlewithmetal roller ball plugandmatte silver cap.For use with perfume, fragrance oil, essential oils, body oils, thin lotions and ointments.Refillable bottle with large, 12mm diameter metal-roller ball.Price each",Missing
GBBstn2ozMtlRollonShnSl,,,"Boston rounddesign60ml,2oz Clear glass bottlewithmetal roller ball plugandshiny silver cap.For use with perfume, fragrance oil, essential oil, or aromatherapy.Refillable bottle with large, 12mm diameter metal-roller ball.Price each",Missing
GBBstn2ozMtlRollonMattBlk,,,"Boston rounddesign60ml,2oz Clear glass bottlewithmetal roller ball plugandmatte black cap.For use with perfume, fragrance oil, essential oil, or aromatherapy.Refillable bottle with large, 12mm diameter metal-roller ball.Price each",Missing
GBBstn2ozMtlRollonGl,,,"Boston rounddesign60ml,2oz Clear glass bottlewithmetal roller ball plugandshiny gold cap.For use with perfume, fragrance oil, essential oil, or aromatherapy.Refillable bottle with large, 12mm diameter metal-roller ball.Price each",Missing
GBBstn2ozMtlRollonMattGl,,,"Boston rounddesign60ml,2oz Clear glass bottlewithmetal roller ball plugandmatte gold cap.For use with perfume, fragrance oil, essential oil, or aromatherapy.Refillable bottle with large, 12mm diameter metal-roller ball.Price each",Missing
GBBstn2ozRollonMattSl,,,"Boston rounddesign60ml,2oz Clear glass bottlewithplastic roller ball plugandmatte silver cap.For use with perfume, fragrance oil, essential oil, or aromatherapy.Refillable bottle with large, 12mm diameter roller ball.Price each",Missing
GBBstn2ozRollonShnSl,,,"Boston rounddesign60ml,2oz Clear glass bottlewithplastic roller ball plugandshiny silver cap.For use with perfume, fragrance oil, essential oil, or aromatherapy.Refillable bottle with large, 12mm diameter roller ball.Price each",Missing
GBBstn2ozRollonMattBlk,,,"Boston rounddesign60ml,2oz Clear glass bottlewithplastic roller ball plugandmatte black cap.For use with perfume, fragrance oil, essential oil, or aromatherapy.Refillable bottle with large, 12mm diameter roller ball.Price each",Missing
GBBstn2ozRollonGl,,,"Boston rounddesign60ml,2oz Clear glass bottlewithplastic roller ball plugandshiny gold cap.For use with perfume, fragrance oil, essential oil, or aromatherapy.Refillable bottle with large, 12mm diameter roller ball.Price each",Missing
GBBstn2ozRollonMattGl,,,"Boston rounddesign60ml,2oz Clear glass bottlewithplastic roller ball plugandmatte gold cap.For use with perfume, fragrance oil, essential oil, or aromatherapy.Refillable bottle with large, 12mm diameter roller ball.Price each",Missing
GBBstn2ozWhtDropper,,,"Boston rounddesign60ml,2oz Clear glass bottlewithwhite dropper00.For use with perfume oils, diffuser oils, serums, primers, facial oils or face oils, moisturizers, and beard oils.Price each",Missing
GBBstn2ozBlkDropperShnSlTrim,,,"Boston rounddesign60ml,2oz Clear glass bottleandblack dropperwith ashiny silver trim cap.For use with perfume oils, diffuser oils, serums, primers, facial oils or face oils, moisturizers, and beard oils.Price each",Missing
GBBstn2ozWhtDropperShnGlTrim,,,"Boston rounddesign60ml,2oz Clear glass bottleandwhite dropperwith ashiny gold trim cap.For use with perfume oils, diffuser oils, serums, primers, facial oils or face oils, moisturizers, and beard oils.Price each",Missing
GBBstn2ozWhtDropperShnSlTrim,,,"Boston rounddesign60ml,2oz Clear glass bottleandwhite dropperwith ashiny silver trim cap.For use with perfume oils, diffuser oils, serums, primers, facial oils or face oils, moisturizers, and beard oils.Price each",Missing
GBBstn2ozBlkDropperShnGlTrim,,,"Boston rounddesign60ml,2oz Clear glass bottleandblack dropperwith ashiny gold trim cap.For use with perfume oils, diffuser oils, serums, primers, facial oils or face oils, moisturizers, and beard oils.Price each",Missing
GBBstn2ozBlkDrp,,,"Boston rounddesign60ml,2oz Clear glass bottlewithblack dropper00.For use with perfume oils, diffuser oils, serums, primers, facial oils or face oils, moisturizers, and beard oils.Price each",Missing
GBBstn2ozBlkCapSht,GBBstn2ozBlkCapSht,$0.48,"Boston round design 60ml, 2oz Clear glass bottle with short black cap. For use with Perfume oils, essential oils, diffuser oils and aromatherapy.",Found
GBBstnAmb1ozMtlRollonMattSl,,,"Boston rounddesign30ml,1oz Amber glass bottlewithmetal roller plugandmatte silver cap.For use with perfume, fragrance oil, essential oils, body oils, thin lotions and ointments.Refillable bottle with large, 12mm diameter metal-roller ball.Price each",Missing
GBBstnAmb1ozMtlRollonShnSl,,,"Boston rounddesign30ml,1oz Amber glass bottlewithmetal roller plugandshiny silver cap.For use with perfume, fragrance oil, essential oil, or aromatherapy.Refillable bottle with large, 12mm diameter metal-roller ball.Price each",Missing
GBBstnAmb1ozMtlRollonMattBlk,,,"Boston rounddesign30ml,1oz Amber glass bottlewithmetal roller plugandmatte black cap.For use with perfume, fragrance oil, essential oil, or aromatherapy.Refillable bottle with large, 12mm diameter metal-roller ball.Price each",Missing
GBBstnAmb1ozMtlRollonGl,GBBstnAmb1ozMtlRollonGl,$1.02,"Boston round design 30ml, 1oz Amber glass bottle with metal roller plug and shiny gold cap. For use with perfume or fragrance oil, essential oils, aromatic oils and aromatherapy. Refillable bottle with large, 12mm diameter metal-roller ball.",Found
GBBstnAmb1ozMtlRollonMattGl,,,"Boston rounddesign30ml,1oz Amber glass bottlewithmetal roller plugandmatte gold cap.For use with perfume, fragrance oil, essential oil, or aromatherapy.Refillable bottle with large, 12mm diameter metal-roller ball.Price each",Missing
GBBstnAmb1ozRollonMattSl,,,"Boston rounddesign30ml,1oz Amber glass bottlewithplastic roller ball plugandmatte silver cap.For use with perfume, fragrance oil, essential oil, or aromatherapy.Refillable bottle with large, 12mm diameter roller ball.Price each",Missing
GBBstnAmb1ozRollonShnSl,,,"Boston rounddesign30ml,1oz Amber glass bottlewithplastic roller ball plugandshiny silver cap.For use with perfume, fragrance oil, essential oil, or aromatherapy.Refillable bottle with large, 12mm diameter roller ball.Price each",Missing
GBBstnAmb1ozRollonMattBlk,,,"Boston rounddesign30ml,1oz Amber glass bottlewithplastic roller ball plugandmatte black cap.For use with perfume, fragrance oil, essential oil, or aromatherapy.Refillable bottle with large, 12mm diameter roller ball.Price each",Missing
GBBstnAmb1ozRollonGl,GBBstnAmb1ozRollonGl,$0.87,"Boston round design 30ml, 1oz Amber glass bottle with plastic roller ball plug and shiny gold cap. For use with perfume or fragrance oil, essential oils, aromatic oils and aromatherapy. Refillable bottle with large, 12mm diameter roller ball.",Found
GBBstnAmb1ozRollonMattGl,,,"Boston rounddesign30ml,1oz Amber glass bottlewithplastic roller ball plugandmatte gold cap.For use with perfume, fragrance oil, essential oil, or aromatherapy.Refillable bottle with large, 12mm diameter roller ball.Price each",Missing
GBBstnAmb1ozWhtDropper,,,"Boston rounddesign30ml,1oz Amber glass bottlewithwhite dropper.For use with perfume oils, diffuser oils, serums, primers, facial oils or face oils, moisturizers, and beard oils.Price each",Missing
GBBstnAmb1ozBlkDropperShnSlTrim,,,"Boston rounddesign30ml,1oz Amber glass bottleandblack dropperwith ashiny silver trim cap.For use with perfume oils, diffuser oils, serums, primers, facial oils or face oils, moisturizers, and beard oils.Price each",Missing
GBBstnAmb1ozWhtDropperShnGlTrim,,,"Boston rounddesign30ml,1oz Amber glass bottleandwhite dropperwith ashiny gold trim cap.For use with perfume oils, diffuser oils, serums, primers, facial oils or face oils, moisturizers, and beard oils.Price each",Missing
GBBstnAmb1ozWhtDropperShnSlTrim,,,"Boston rounddesign30ml,1oz Amber glass bottleandwhite dropperwith ashiny silver trim cap.For use with perfume oils, diffuser oils, serums, primers, facial oils or face oils, moisturizers, and beard oils.Price each",Missing
GBBstnAmb1ozBlkDropperShnGlTrim,,,"Boston rounddesign30ml,1oz Amber glass bottleandblack dropperwith ashiny gold trim cap.For use with perfume oils, diffuser oils, serums, primers, facial oils or face oils, moisturizers, and beard oils.Price each",Missing
GBBstnAmb1ozBlkDropper,GBBstnAmb1ozBlkDropper,$0.68,"Boston round design 30ml, 1oz Amber glass bottle with black dropper. For use with perfume oils, diffuser oils, serums, primers, facial oils or face oils, moisturizers, and beard oils.",Found
GBBstnAmb1ozBlkCapSht,GBBstnAmb1ozBlkCapSht,$0.45,"Boston round design 30ml, 1oz Amber glass bottle with short black cap. For use with Perfume oils, essential oils, diffuser oils and aromatherapy.",Found
GBBstnBlu1ozMtlRollonMattSl,,,"Boston rounddesign30ml,1oz Cobalt blue glass bottlewithmetal roller plugandmatte silver cap.For use with perfume, fragrance oil, essential oils, body oils, thin lotions and ointments.Refillable bottle with large, 12mm diameter metal-roller ball.Price each",Missing
GBBstnBlu1ozMtlRollonShnSl,,,"Boston rounddesign30ml,1oz Cobalt blue glass bottlewithmetal roller plugandshiny silver cap.For use with perfume, fragrance oil, essential oil, or aromatherapy.Refillable bottle with large, 12mm diameter metal-roller ball.Price each",Missing
GBBstnBlu1ozMtlRollonMattBlk,,,"Boston rounddesign30ml,1oz Cobalt blue glass bottlewithmetal roller plugandmatte black cap.For use with perfume, fragrance oil, essential oil, or aromatherapy.Refillable bottle with large, 12mm diameter metal-roller ball.Price each",Missing
GBBstnBlu1ozMtlRollonGl,GBBstnBlu1ozMtlRollonGl,$1.02,"Boston round design 30ml, 1oz Cobalt blue glass bottle with metal roller plug and shiny gold cap. For use with perfume or fragrance oil, essential oils, aromatic oils and aromatherapy. Refillable bottle with large, 12mm diameter metal-roller ball.",Found
GBBstnBlu1ozMtlRollonMattGl,,,"Boston rounddesign30ml,1oz Cobalt blue glass bottlewithmetal roller plugandmatte gold cap.For use with perfume, fragrance oil, essential oil, or aromatherapy.Refillable bottle with large, 12mm diameter metal-roller ball.Price each",Missing
GBBstnBlu1ozRollonMattSl,,,"Boston rounddesign30ml,1oz Cobalt blue glass bottlewithplastic roller ball plugandmatte silver cap.For use with perfume, fragrance oil, essential oil, or aromatherapy.Refillable bottle with large, 12mm diameter roller ball.Price each",Missing
GBBstnBlu1ozRollonShnSl,,,"Boston rounddesign30ml,1oz Cobalt blue glass bottlewithplastic roller ball plugandshiny silver cap.For use with perfume, fragrance oil, essential oil, or aromatherapy.Refillable bottle with large, 12mm diameter roller ball.Price each",Missing
GBBstnBlu1ozRollonMattBlk,,,"Boston rounddesign30ml,1oz Cobalt blue glass bottlewithplastic roller ball plugandmatte black cap.For use with perfume, fragrance oil, essential oil, or aromatherapy.Refillable bottle with large, 12mm diameter roller ball.Price each",Missing
GBBstnBlu1ozRollonGl,GBBstnBlu1ozRollonGl,$0.87,"Boston round design 30ml, 1oz Cobalt blue glass bottle with plastic roller ball plug and shiny gold cap. For use with perfume or fragrance oil, essential oils, aromatic oils and aromatherapy. Refillable bottle with large, 12mm diameter roller ball.",Found
GBBstnBlu1ozRollonMattGl,,,"Boston rounddesign30ml,1oz Cobalt blue glass bottlewithplastic roller ball plugandmatte gold cap.For use with perfume, fragrance oil, essential oil, or aromatherapy.Refillable bottle with large, 12mm diameter roller ball.Price each",Missing
GBBstnBlu1ozWhtDropper,,,"Boston rounddesign30ml,1oz Cobalt blue glass bottlewithwhite dropper00.For use with perfume oils, diffuser oils, serums, primers, facial oils or face oils, moisturizers, and beard oils.Price each",Missing
GBBstnBlu1ozBlkDropperShnSlTrim,,,"Boston rounddesign30ml,1oz Cobalt blue glass bottleandblack dropperwith ashiny silver trim cap.For use with perfume oils, diffuser oils, serums, primers, facial oils or face oils, moisturizers, and beard oils.Price each",Missing
GBBstnBlu1ozWhtDropperShnGlTrim,,,"Boston rounddesign30ml,1oz Cobalt blue glass bottleandwhite dropperwith ashiny gold trim cap.For use with perfume oils, diffuser oils, serums, primers, facial oils or face oils, moisturizers, and beard oils.Price each",Missing
GBBstnBlu1ozWhtDropperShnSlTrim,,,"Boston rounddesign30ml,1oz Cobalt blue glass bottleandwhite dropperwith ashiny silver trim cap.For use with perfume oils, diffuser oils, serums, primers, facial oils or face oils, moisturizers, and beard oils.Price each",Missing
GBBstnBlu1ozBlkDropperShnGlTrim,,,"Boston rounddesign30ml,1oz Cobalt blue glass bottleandblack dropperwith ashiny gold trim cap.For use with perfume oils, diffuser oils, serums, primers, facial oils or face oils, moisturizers, and beard oils.Price each",Missing
GBBstnBlu1ozBlkDropper,GBBstnBlu1ozBlkDropper,$0.68,"Boston round design 30ml, 1oz Cobalt blue glass bottle with black dropper. For use with perfume oils, diffuser oils, serums, primers, facial oils or face oils, moisturizers, and beard oils.",Found
GBBstnBlu1ozBlkCapSht,GBBstnBlu1ozBlkCapSht,$0.45,"Boston round design 30ml, 1oz Cobalt blue glass bottle with short black cap. For use with Perfume oils, essential oils, diffuser oils and aromatherapy.",Found
GBBstn1ozMtlRollonMattSl,,,"Boston rounddesign30ml,1oz Clear glass bottlewithmetal roller plugandmatte silver cap.For use with perfume, fragrance oil, essential oils, body oils, thin lotions and ointments.Refillable bottle with large, 12mm diameter metal-roller ball.Price each",Missing
GBBstn1ozMtlRollonShnSl,,,"Boston rounddesign30ml,1oz Clear glass bottlewithmetal roller plugandshiny silver cap.For use with perfume, fragrance oil, essential oil, or aromatherapy.Refillable bottle with large, 12mm diameter metal-roller ball.Price each",Missing
GBBstn1ozMtlRollonMattBlk,,,"Boston rounddesign30ml,1oz Clear glass bottlewithmetal roller plugandmatte black cap.For use with perfume, fragrance oil, essential oil, or aromatherapy.Refillable bottle with large, 12mm diameter metal-roller ball.Price each",Missing
GBBstn1ozMtlRollonGl,,,"Boston rounddesign30ml,1oz Clear glass bottlewithmetal roller plugandshiny gold cap.For use with perfume, fragrance oil, essential oil, or aromatherapy.Refillable bottle with large, 12mm diameter metal-roller ball.Price each",Missing
GBBstn1ozMtlRollonMattGl,,,"Boston rounddesign30ml,1oz Clear glass bottlewithmetal roller plugandmatte gold cap.For use with perfume, fragrance oil, essential oil, or aromatherapy.Refillable bottle with large, 12mm diameter metal-roller ball.Price each",Missing
GBBstn1ozRollMattSl,,,"Boston rounddesign30ml,1oz Clear glass bottlewithplastic roller ball plugandmatte silver cap.For use with perfume, fragrance oil, essential oil, or aromatherapy.Refillable bottle with large, 12mm diameter roller ball.Price each",Missing
GBBstn1ozRollShnSl,,,"Boston rounddesign30ml,1oz Clear glass bottlewithplastic roller ball plugandshiny silver cap.For use with perfume, fragrance oil, essential oil, or aromatherapy.Refillable bottle with large, 12mm diameter roller ball.Price each",Missing
GBBstn1ozRollMattBlk,,,"Boston rounddesign30ml,1oz Clear glass bottlewithplastic roller ball plugandmatte black cap.For use with perfume, fragrance oil, essential oil, or aromatherapy.Refillable bottle with large, 12mm diameter roller ball.Price each",Missing
GBBstn1ozRollGl,,,"Boston rounddesign30ml,1oz Clear glass bottlewithplastic roller ball plugandshiny gold cap.For use with perfume, fragrance oil, essential oil, or aromatherapy.Refillable bottle with large, 12mm diameter roller ball.Price each",Missing
GBBstn1ozRollMattGl,,,"Boston rounddesign30ml,1oz Clear glass bottlewithplastic roller ball plugandmatte gold cap.For use with perfume, fragrance oil, essential oil, or aromatherapy.Refillable bottle with large, 12mm diameter roller ball.Price each",Missing
GBBstn1ozWhtDrp,,,"Boston rounddesign30ml,1oz Clear glass bottlewithwhite dropper00.For use with perfume oils, diffuser oils, serums, primers, facial oils or face oils, moisturizers, and beard oils.Price each",Missing
GBBstn1ozBlkDrpShnSlTrim,,,"Boston rounddesign30ml,1oz Clear glass bottleandblack dropperwith ashiny silver trim cap.For use with perfume oils, diffuser oils, serums, primers, facial oils or face oils, moisturizers, and beard oils.Price each",Missing
GBBstn1ozWhtDrpShnGlTrim,,,"Boston rounddesign30ml,1oz Clear glass bottleandwhite dropperwith ashiny gold trim cap.For use with perfume oils, diffuser oils, serums, primers, facial oils or face oils, moisturizers, and beard oils.Price each",Missing
GBBstn1ozWhtDrpShnSlTrim,,,"Boston rounddesign30ml,1oz Clear glass bottleandwhite dropperwith ashiny silver trim cap.For use with perfume oils, diffuser oils, serums, primers, facial oils or face oils, moisturizers, and beard oils.Price each",Missing
GBBstn1ozBlkDrpShnGlTrim,,,"Boston rounddesign30ml,1oz Clear glass bottleandblack dropperwith ashiny gold trim cap.For use with perfume oils, diffuser oils, serums, primers, facial oils or face oils, moisturizers, and beard oils.Price each",Missing
GBBstn1ozBlkDrp,GBBstn1ozBlkDrp,$0.68,"Boston round design 30ml, 1oz Clear glass bottle with black dropper. For use with perfume oils, diffuser oils, serums, primers, facial oils or face oils, moisturizers, and beard oils.",Found
GBBstn1ozBlkCapSht,GBBstn1ozBlkCapSht,$0.45,"Boston round design 30ml, 1oz Clear glass bottle with short black cap. For use with Perfume oils, essential oils, diffuser oils and aromatherapy.",Found
GBBstnAmb15mlBlkCapSht,GBBstnAmb15mlBlkCapSht,$0.40,"Boston round design 15ml, 1/2 oz Amber glass bottle with short black cap. For use with Perfume oils, essential oils, diffuser oils and aromatherapy.",Found
GBBstnAmb15mlBlkDropperSlTrim,,,"Boston rounddesign15ml,1/2 oz Amber glass bottleandblack dropperwith ashiny silver trim cap.For use with perfume oils, diffuser oils, serums, primers, facial oils or face oils, moisturizers, and beard oils.Price each",Missing
GBBstnAmb15mlWhtDropperSlTrim,,,"Boston rounddesign15ml,1/2 oz Amber glass bottleandwhite dropperwith ashiny silver trim cap.For use with perfume oils, diffuser oils, serums, primers, facial oils or face oils, moisturizers, and beard oils.Price each",Missing
GBBstnAmb15mlWhtDropperGlTrim,,,"Boston rounddesign15ml,1/2 oz Amber glass bottleandwhite dropperwith ashiny gold trim cap.For use with perfume oils, diffuser oils, serums, primers, facial oils or face oils, moisturizers, and beard oils.Price each",Missing
GBBstnAmb15mlBlkDropper,GBBstnAmb15mlBlkDropper,$0.64,"Boston round design 15ml, 1/2 oz Amber glass bottle with a black dropper. For use with perfume oils, diffuser oils, serums, primers, facial oils or face oils, moisturizers, and beard oils.",Found
GBBstnAmb15mlWhtDropper,,,"Boston rounddesign15ml,1/2 oz Amber glass bottlewitha white dropper0.For use with perfume oils, diffuser oils, serums, primers, facial oils or face oils, moisturizers, and beard oils.Price each",Missing
GBBstnBlu15BlkCapSht,GBBstnBlu15BlkCapSht,$0.40,"Boston round design 15ml, 1/2 oz Cobalt blue glass bottle with short black cap. For use with Perfume oils, essential oils, diffuser oils and aromatherapy.",Found
GBBstnBlu15mlBlkDropperSlTrim,,,"Boston rounddesign15ml,1/2 oz Cobalt blue glass bottleandblack dropperand ashiny silver trim cap.For use with perfume oils, diffuser oils, serums, primers, facial oils or face oils, moisturizers, and beard oils.Price each",Missing
GBBstnBlu15WhtDrpSlTrim,,,"Boston rounddesign15ml,1/2 oz Cobalt blue glass bottleandwhite dropperand ashiny silver trim cap.For use with perfume oils, diffuser oils, serums, primers, facial oils or face oils, moisturizers, and beard oils.Price each",Missing
GBBstnBlu15WhtDrpGlTrim,,,"Boston rounddesign15ml,1/2 oz Cobalt blue glass bottleandwhite dropperand ashiny gold trim cap.For use with perfume oils, diffuser oils, serums, primers, facial oils or face oils, moisturizers, and beard oils.Price each",Missing
GBBstnBlu15BlkDrp,,,"Boston rounddesign15ml,1/2 oz Cobalt blue glass bottlewitha black dropper0.For use with perfume oils, diffuser oils, serums, primers, facial oils or face oils, moisturizers, and beard oils.Price each",Missing
GBBstnBlu15WhtDrp,,,"Boston rounddesign15ml,1/2 oz Cobalt blue glass bottlewitha white dropper00.For use with perfume oils, diffuser oils, serums, primers, facial oils or face oils, moisturizers, and beard oils.Price each",Missing
GBBstnBlu15BlkDrpGlTrim,,,"Boston rounddesign15ml,1/2 oz Cobalt blue glass bottlewithblack dropper0shiny gold trim cap.For use with perfume oils, diffuser oils, serums, primers, facial oils or face oils, moisturizers, and beard oils.Price each",Missing
GBBstn15BlkCapSht,GBBstn15BlkCapSht,$0.40,"Boston round design 15ml, 1/2 oz Clear glass bottle with short black cap. For use with Perfume oils, essential oils, diffuser oils and aromatherapy.",Found
GBBstn015BlkDrpSlTrim,,,"Boston rounddesign15ml,1/2 oz Clear glass bottleandblack dropperand ashiny silver trim cap.For use with perfume oils, diffuser oils, serums, primers, facial oils or face oils, moisturizers, and beard oils.Price each",Missing
GBBstn015WhtDrpSlTrim,,,"Boston rounddesign15ml,1/2 oz Clear glass bottleandwhite dropperand ashiny silver trim cap.For use with perfume oils, diffuser oils, serums, primers, facial oils or face oils, moisturizers, and beard oils.Price each",Missing
GBBstn015WhtDrpGlTrim,,,"Boston rounddesign15ml,1/2 oz Clear glass bottleandwhite dropperand ashiny gold trim cap.For use with perfume oils, diffuser oils, serums, primers, facial oils or face oils, moisturizers, and beard oils.Price each",Missing
GBBstn015BlkDrp,,,"Boston rounddesign15ml,1/2 oz Clear glass bottlewitha black dropper00.For use with perfume oils, diffuser oils, serums, primers, facial oils or face oils, moisturizers, and beard oils.Price each",Missing
GBBstn015WhtDrp,,,"Boston rounddesign15ml,1/2 oz Clear glass bottlewitha white dropper00.For use with perfume oils, diffuser oils, serums, primers, facial oils or face oils, moisturizers, and beard oils.Price each",Missing
GBBstn015BlkDrpGlTrim,,,"Boston rounddesign15ml,1/2 oz Clear glass bottlewitha black dropperand ashiny gold trim cap.For use with perfume oils, diffuser oils, serums, primers, facial oils or face oils, moisturizers, and beard oils.Price each",Missing
GBCyl25RdcrShnGl,,,Cylinderdesign25 ml or 1oz Clear glass bottle withreducerandshiny gold cap.,Missing
GBCyl25RdcrShnBlkTall,,,Cylinderdesign25 ml1oz Clear glass bottle withreducerandtall black shiny cap.,Missing
GBCyl25RdcrShnBlk,,,Cylinderdesign25 ml1oz Clear glass bottle withreducerandblack shiny cap.,Missing
GBCyl25RdcrBlkLthr,,,Cylinderdesign25 ml1oz Clear glass bottle withreducerandblack faux leather cap.,Missing
GBCyl25RdcrBrwnLthr,,,Cylinderdesign25 ml1oz Clear glass bottle withreducerandbrown faux leather cap.,Missing
GBCyl25RdcrLBrwnLthr,,,Cylinderdesign25 ml1oz Clear glass bottle withreducerandlight brown faux leather cap.,Missing
GBCyl25RdcrShnSl,,,Cylinderdesign25 ml1oz Clear glass bottle withreducerandshiny silver cap.,Missing
GBCyl25RdcrMtSlTall,,,Cylinderdesign25 ml1oz Clear glass bottle withreducerandtall silver matte cap.,Missing
GBCyl25RdcrMtSl,,,Cylinderdesign25 ml1oz Clear glass bottle withreducerandsilver matte cap.,Missing
GBCyl25RdcrWht,,,Cylinderdesign25 ml1oz Clear glass bottle withreducerandwhite cap.,Missing
GBCyl25SpryMtGl,,,Cylinderdesign25 ml1oz Clear glass bottle withmatte gold spray pump.,Missing
LBCyl25LtnMtGl,,,Cylinderdesign25 ml1oz Clear glass bottle withmatte gold lotion pump.,Missing
GBCyl25SpryShnGl,,,Cylinderdesign25 ml1oz Clear glass bottle withshiny gold spray pump.,Missing
LBCyl25LtnShnGl,,,Cylinderdesign25 ml1oz Clear glass bottle withshiny gold lotion pump.,Missing
GBCyl25SpryShnBlk,,,Cylinderdesign25 ml1oz Clear glass bottle withshiny black spray pump.,Missing
LBCyl25LtnShnBlk,,,Cylinderdesign25 ml1oz Clear glass bottle withshiny black lotion pump.,Missing
GBCyl25SpryMtSl,,,Cylinderdesign25 ml1oz Clear glass bottle withmatte silver spray pump.,Missing
LBCyl25LtnMtSl,,,Cylinderdesign25 ml1oz Clear glass bottle withmatte silver lotion pump.,Missing
LBCyl25LtnClOvrCap,,,Cylinderdesign25 ml1oz Clear glass bottle with matte silver collar treatment pump.,Missing
GBCyl25SpryShnSl,,,Cylinderdesign25 ml1oz Clear glass bottle withshiny silver spray pump.,Missing
LBCyl25LtnShnSl,,,Cylinderdesign25 ml1oz Clear glass bottle withshiny silver lotion pump.,Missing
GBCyl25AnSpLvn,,,Cylinderdesign25 ml1oz Clear glass bottle with lavender vintage style bulb sprayer.,Missing
GBCyl25AnSpPnk,,,Cylinderdesign25 ml1oz Clear glass bottle with pink vintage style bulb sprayer.,Missing
GBCyl25AnSpMtSl,,,Cylinderdesign25 ml1oz Clear glass bottle with matte silver vintage style sprayer.,Missing
GBCyl25AnSpIvySl,,,Cylinderdesign25 ml1oz Clear glass bottle with ivory vintage style bulb sprayer.,Missing
GBCyl25AnSpGl,,,Cylinderdesign25 ml1oz Clear glass bottle with gold vintage style sprayer.,Missing
GBCyl25AnSpIvyGl,,,Cylinderdesign25 ml1oz Clear glass bottle with ivory vintage style bulb sprayer.,Missing
GBCyl25AnSpBlk,GBCyl25AnSpBlk,$5.08,"Cylinder design 25ml clear glass bottle with black vintage style bulb sprayer with shiny silver collar cap. For use with cologne, Eau de Parfum, air freshner, face and body spray, or room spray.",Found
GBCyl25AnSpWht,,,Cylinderdesign25 ml1oz Clear glass bottle with white vintage style bulb sprayer.,Missing
GBCyl25AnSpRed,,,Cylinderdesign25 ml1oz Clear glass bottle with red vintage style bulb sprayer.,Missing
GBCyl25DrpSl,,,Cylinderdesign25 ml1oz Clear glass bottle with white dropper shiny silver collar cap.,Missing
GBCyl25DrpGl,GBCyl25DrpGl,$1.57,"Cylinder design 25 ml clear glass bottle with white dropper with shiny gold collar cap. For use with perfume oils, diffuser oils, serums, primers, facial oils or face oils, moisturizer, and beard oils.",Found
GBCyl25DrpCu,GBCyl25DrpCu,$1.57,"Cylinder design 25 ml clear glass bottle with white dropper with Matte copper collar cap. For use with perfume oils, diffuser oils, serums, primers, facial oils or face oils, moisturizer, and beard oils.",Found
GBCyl25RdcrPnkLthr,,,Cylinderdesign25 ml1oz Clear glass bottle with reducer and pink faux leather cap.,Missing
GBCyl25RdcrIvyLthr,,,Cylinderdesign25 ml1oz Clear glass bottle with reducer and ivory faux leather cap.,Missing
GBCyl25SpryCu,,,Cylinderdesign25 ml1oz Clear glass bottle with matte copper spray pump.,Missing
LBCyl25LtnCu,,,Cylinderdesign25 ml1oz Clear glass bottle with matte copper lotion pump.,Missing
GBCyl50RdcrShnGl,,,Cylinderdesign50 ml1.7oz Clear glass bottle with reducer and shiny gold cap.,Missing
GBCyl50RdcrShnBlkTall,,,Cylinderdesign50 ml1.7oz Clear glass bottle with reducer and tall black shiny cap.,Missing
GBCyl50RdcrShnBlk,,,Cylinderdesign50 ml1.7oz Clear glass bottle with reducer and black shiny cap.,Missing
GBCyl50RdcrBlkLthr,GBCyl50RdcrBlkLthr,$1.85,"Cylinder design 50 ml, 1.7oz clear glass bottle with reducer and black faux leather cap. For use with cologne, aftershave, splash on, and perfume or fragrance oil, beard oils. Cylinder design is a family of bottles available in 30ml, 50ml and 100ml size",Found
GBCyl50RdcrBrwnLthr,,,Cylinderdesign50 ml1.7oz Clear glass bottle with reducer and brown faux leather cap.,Missing
GBCyl50RdcrLBrwnLthr,,,Cylinderdesign50 ml1.7oz Clear glass bottle with reducer and light brown faux leather cap.,Missing
GBCyl50RdcrShnSl,,,Cylinderdesign50 ml1.7oz Clear glass bottle with reducer and shiny silver cap.,Missing
GBCyl50RdcrMtSlTall,,,Cylinderdesign50 ml1.7oz Clear glass bottle with reducer and tall silver matte cap.,Missing
GBCyl50RdcrMtSl,,,Cylinderdesign50 ml1.7oz Clear glass bottle with reducer and silver matte cap.,Missing
GBCyl50RdcrWht,,,Cylinderdesign50 ml1.7oz Clear glass bottle with reducer and white cap.,Missing
GBCyl50SpryMtGl,,,Cylinderdesign50 ml1.7oz Clear glass bottle with matte gold spray pump.,Missing
LBCyl50LtnMtGl,,,"Cylinderdesign50 ml,  1.7oz Clear glass bottle  withmatte gold lotion pump.For use with lotions, moisturizer, and serums.Cylinder design is a family of bottles available in 25ml, 50ml and 100ml sizes.Price each",Missing
GBCyl50SpryShnGl,,,"Cylinderdesign50 ml,  1.7oz Clear glass bottle  withshiny gold spray pump.For use with cologne, Eau de Parfum, air freshner, face and body spray, or room spray.Cylinder design is a family of bottles available in 25ml, 50ml and 100ml sizes.Price each",Missing
LBCyl50LtnShnGl,,,"Cylinderdesign50 ml,  1.7oz Clear glass bottle  withshiny gold lotion pump.For use with lotions, moisturizer, and serums.Cylinder design is a family of bottles available in 25ml, 50ml and 100ml sizes.Price each",Missing
GBCyl50SpryShnBlk,,,"Cylinderdesign50 ml,  1.7oz Clear glass bottle  withshiny black spray pump.For use with cologne, Eau de Parfum, air freshner, face and body spray, or room spray.Cylinder design is a family of bottles available in 25ml, 50ml and 100ml sizes.Price each",Missing
LBCyl50LtnShnBlk,,,"Cylinderdesign50 ml,  1.7oz Clear glass bottle  withshiny black lotion pump.For use with lotions, moisturizer, and serums.Cylinder design is a family of bottles available in 25ml, 50ml and 100ml sizes.Price each",Missing
GBCyl50SpryMtSl,,,"Cylinderdesign50 ml,  1.7oz Clear glass bottle  withmatte silver spray pump.For use with cologne, Eau de Parfum, air freshner, face and body spray, or room spray.Cylinder design is a family of bottles available in 25ml, 50ml and 100ml sizes.Price each",Missing
LBCyl50LtnMtSl,,,"Cylinderdesign50 ml,  1.7oz Clear glass bottle  withmatte silver lotion pump.For use with lotions, moisturizer, and serums.Cylinder design is a family of bottles available in 25ml, 50ml and 100ml sizes.Price each",Missing
LBCyl50LtnClOvrCap,LBCyl50LtnClOvrCap,$2.57,"Cylinder design 50 ml, 1.7oz clear glass bottle with with a matte silver collar treatment pump and clear overcap. For use with serums, light creams, moisturizers, facial oils or face oils, beard oils, body lotions, body wash, and hair products. Cylinder d",Found
GBCyl50SpryShnSl,,,"Cylinderdesign50 ml,  1.7oz Clear glass bottle  withshiny silver spray pump0.For use with cologne, Eau de Parfum, air freshner, face and body spray, or room spray.Cylinder design is a family of bottles available in 25ml, 50ml and 100ml sizes.Price each",Missing
LBCyl50LtnShnSl,,,"Cylinderdesign50 ml,  1.7oz Clear glass bottle  withshiny silver lotion pump0.For use with lotions, moisturizer, and serums.Cylinder design is a family of bottles available in 25ml, 50ml and 100ml sizes.Price each",Missing
GBCyl50AnSpLvn,,,"Cylinderdesign50 ml,  1.7oz Clear glass bottle  withlavender vintage style bulb sprayerwithshiny silver collar cap.For use with cologne, Eau de Parfum, air freshner, face and body spray, or room spray. Antique or vintage bulb sprayers enhance the beauty of your product.Cylinder design is a family of bottles available in 25ml, 50ml and 100ml sizes.Price each",Missing
GBCyl50AnSpPnk,,,"Cylinderdesign50 ml,  1.7oz Clear glass bottle  withpink vintage style bulb sprayerwithshiny gold collar cap.For use with cologne, Eau de Parfum, air freshner, face and body spray, or room spray. Antique or vintage bulb sprayers enhance the beauty of your product.Cylinder design is a family of bottles available in 25ml, 50ml and 100ml sizes.Price each",Missing
GBCyl50AnSpMtSl,,,,Missing
GBCyl50AnSpIvySl,,,"Cylinderdesign50 ml,  1.7oz Clear glass bottle  withivory vintage style bulb sprayerwithshiny silver collar cap.For use with cologne, Eau de Parfum, air freshner, face and body spray, or room spray. Antique or vintage bulb sprayers enhance the beauty of your product.Cylinder design is a family of bottles available in 25ml, 50ml and 100ml sizes.Price each",Missing
GBCyl50AnSpGl,,,"Cylinderdesign50 ml,  1.7oz Clear glass bottle  withgold vintage style sprayerwithshiny gold collar cap.For use with cologne, Eau de Parfum, air freshner, face and body spray, or room spray. Antique or vintage bulb sprayers enhance the beauty of your product.Cylinder design is a family of bottles available in 25ml, 50ml and 100ml sizes.Price each",Missing
GBCyl50AnSpIvyGl,,,"Cylinderdesign50 ml,  1.7oz Clear glass bottle  withivory vintage style bulb sprayerwithshiny gold collar cap.For use with cologne, Eau de Parfum, air freshner, face and body spray, or room spray. Antique or vintage bulb sprayers enhance the beauty of your product.Cylinder design is a family of bottles available in 25ml, 50ml and 100ml sizes.Price each",Missing
GBCyl50AnSpBlk,GBCyl50AnSpBlk,$5.27,"Cylinder design 50 ml, 1.7oz clear glass bottle with black vintage style bulb sprayer with shiny silver collar cap. For use with cologne, Eau de Parfum, air freshner, face and body spray, or room spray. Antique or vintage bulb sprayers enhance the beau",Found
GBCyl50AnSpWht,,,"Cylinderdesign50 ml,  1.7oz Clear glass bottle  withwhite vintage style bulb sprayerwithshiny silver collar cap.For use with cologne, Eau de Parfum, air freshner, face and body spray, or room spray. Antique or vintage bulb sprayers enhance the beauty of your product.Cylinder design is a family of bottles available in 25ml, 50ml and 100ml sizes.Price each",Missing
GBCyl50AnSpRed,,,"Cylinderdesign50 ml,  1.7oz Clear glass bottle  withred vintage style bulb sprayerwithshiny silver collar cap.For use with cologne, Eau de Parfum, air freshner, face and body spray, or room spray. Antique or vintage bulb sprayers enhance the beauty of your product.Cylinder design is a family of bottles available in 25ml, 50ml and 100ml sizes.Price each",Missing
GBCyl50AnSpTslLvn,,,"Cylinderdesign50 ml,  1.7oz Clear glass bottle  withLavender vintage style bulb sprayer with Tasselandshiny silver collar cap.For use with cologne, Eau de Parfum, air freshner, face and body spray, or room spray. Antique or vintage bulb sprayers enhance the beauty of your product.Cylinder design is a family of bottles available in 25ml, 50ml and 100ml sizes.Price each",Missing
GBCyl50AnSpTslIvyGl,,,"Cylinderdesign50 ml,  1.7oz Clear glass bottle  withIvory vintage style bulb sprayer with tasselandshiny gold collar cap.For use with cologne, Eau de Parfum, air freshner, face and body spray, or room spray. Antique or vintage bulb sprayers enhance the beauty of your product.Cylinder design is a family of bottles available in 25ml, 50ml and 100ml sizes.Price each",Missing
GBCyl50AnSpTslIvySl,,,"Cylinderdesign50 ml,  1.7oz Clear glass bottle  withIvory vintage style bulb sprayer with tasselandshiny silver collar cap.For use with cologne, Eau de Parfum, air freshner, face and body spray, or room spray. Antique or vintage bulb sprayers enhance the beauty of your product.Cylinder design is a family of bottles available in 25ml, 50ml and 100ml sizes.Price each",Missing
GBCyl50AnSpTslWht,,,"Cylinderdesign50 ml,  1.7oz Clear glass bottle  withWhite vintage style bulb sprayer with tasselandshiny silver collar cap.For use with cologne, Eau de Parfum, air freshner, face and body spray, or room spray. Antique or vintage bulb sprayers enhance the beauty of your product.Cylinder design is a family of bottles available in 25ml, 50ml and 100ml sizes.Price each",Missing
GBCyl50AnSpTslPnk,,,"Cylinderdesign50 ml,  1.7oz Clear glass bottle  withPink vintage style bulb sprayer with tasselandshiny gold collar cap.For use with cologne, Eau de Parfum, air freshner, face and body spray, or room spray. Antique or vintage bulb sprayers enhance the beauty of your product.Cylinder design is a family of bottles available in 25ml, 50ml and 100ml sizes.Price each",Missing
GBCyl50AnSpTslRed,,,"Cylinderdesign50 ml,  1.7oz Clear glass bottle  withRed vintage style bulb sprayer with tasselandshiny silver collar cap.For use with cologne, Eau de Parfum, air freshner, face and body spray, or room spray. Antique or vintage bulb sprayers enhance the beauty of your product.Cylinder design is a family of bottles available in 25ml, 50ml and 100ml sizes.Price each",Missing
GBCyl50AnSpTslBlk,GBCyl50AnSpTslBlk,$5.99,"Cylinder design 50 ml, 1.7oz clear glass bottle with Black vintage style bulb sprayer with tasseland shiny silver collar cap. For use with cologne, Eau de Parfum, air freshner, face and body spray, or room spray. Antique or vintage bulb sprayers enhanc",Found
GBCyl50AnSpTslMtSl,,,"Cylinderdesign50 ml,  1.7oz Clear glass bottle  withSilver vintage style bulb sprayer with tasselandmatte silver collar cap.For use with cologne, Eau de Parfum, air freshner, face and body spray, or room spray. Antique or vintage bulb sprayers enhance the beauty of your product.Cylinder design is a family of bottles available in 25ml, 50ml and 100ml sizes.Price each",Missing
GBCyl50AnSpTslGl,,,"Cylinderdesign50 ml,  1.7oz Clear glass bottle  withGold vintage style bulb sprayer with tasselandshiny gold collar cap.For use with cologne, Eau de Parfum, air freshner, face and body spray, or room spray. Antique or vintage bulb sprayers enhance the beauty of your product.Cylinder design is a family of bottles available in 25ml, 50ml and 100ml sizes.Price each",Missing
GBCyl50RdcrPnkLthr,,,"Cylinderdesign50 ml,  1.7oz Clear glass bottle  withreducerandpink faux leather cap.For use with cologne, aftershave, splash on, and perfume or fragrance oil, beard oils.Cylinder design is a family of bottles available in 25ml, 50ml and 100ml sizes.Price each",Missing
GBCyl50RdcrIvyLthr,,,"Cylinderdesign50 ml,  1.7oz Clear glass bottle  withreducerandivory faux leather cap.For use with cologne, aftershave, splash on, and perfume or fragrance oil, beard oils.Cylinder design is a family of bottles available in 25ml, 50ml and 100ml sizes.Price each",Missing
GBCyl50SpryCu,GBCyl50SpryCu,$2.57,"Cylinder design 50 ml, 1.7oz clear glass bottle with matte copper spray pump. For use with cologne, Eau de Parfum, air freshner, face and body spray, or room spray. Cylinder design is a family of bottles available in 30ml, 50ml and 100ml sizes.",Found
LBCyl50LtnCu,,,"Cylinderdesign50 ml,  1.7oz Clear glass bottle  withmatte copper lotion pump0.For use with lotions, moisturizer, and serums.Cylinder design is a family of bottles available in 25ml, 50ml and 100ml sizes.Price each",Missing
GBCyl100RdcrShnGl,,,"Cylinderdesign100 ml,  3 1/2oz Clear glass bottle  withreducerandshiny gold cap.For use with cologne, aftershave, splash on, and perfume or fragrance oil, beard oils.Cylinder design is a family of bottles available in 25ml, 50ml and 100ml sizes.Price each",Missing
GBCyl100RdcrShnBlkTall,,,"Cylinderdesign100 ml,  3 1/2oz Clear glass bottle  withreducerandtall black shiny cap.For use with cologne, aftershave, splash on, and perfume or fragrance oil, beard oils.Cylinder design is a family of bottles available in 25ml, 50ml and 100ml sizes.Price each",Missing
GBCyl100RdcrShnBlk,,,"Cylinderdesign100 ml,  3 1/2oz Clear glass bottle  withreducerandblack shiny cap.For use with cologne, aftershave, splash on, and perfume or fragrance oil, beard oils.Cylinder design is a family of bottles available in 25ml, 50ml and 100ml sizes.Price each",Missing
GBCyl100RdcrBlkLthr,GBCyl100RdcrBlkLthr,$2.19,"Cylinder design 100 ml, 3 1/2oz clear glass bottle with reducer and black faux leather cap. For use with cologne, aftershave, splash on, and perfume or fragrance oil, beard oils. Cylinder design is a family of bottles available in 30ml, 50ml and 100ml s",Found
GBCyl100RdcrBrwnLthr,,,"Cylinderdesign100 ml,  3 1/2oz Clear glass bottle  withreducerandbrown faux leather cap.For use with cologne, aftershave, splash on, and perfume or fragrance oil, beard oils.Cylinder design is a family of bottles available in 25ml, 50ml and 100ml sizes.Price each",Missing
GBCyl100RdcrLBrwnLthr,,,"Cylinderdesign100 ml,  3 1/2oz Clear glass bottle  withreducerandlight brown faux leather cap.For use with cologne, aftershave, splash on, and perfume or fragrance oil, beard oils.Cylinder design is a family of bottles available in 25ml, 50ml and 100ml sizes.Price each",Missing
GBCyl100RdcrShnSl,,,"Cylinderdesign100 ml,  3 1/2oz Clear glass bottle  withreducerandshiny silver cap.For use with cologne, aftershave, splash on, and perfume or fragrance oil, beard oils.Cylinder design is a family of bottles available in 25ml, 50ml and 100ml sizes.Price each",Missing
GBCyl100RdcrMtSlTall,,,"Cylinderdesign100 ml,  3 1/2oz Clear glass bottle  withreducerandtall silver matte cap.For use with cologne, aftershave, splash on, and perfume or fragrance oil, beard oils.Cylinder design is a family of bottles available in 25ml, 50ml and 100ml sizes.Price each",Missing
GBCyl100RdcrMtSl,,,"Cylinderdesign100 ml,  3 1/2oz Clear glass bottle  withreducerandsilver matte cap.For use with cologne, aftershave, splash on, and perfume or fragrance oil, beard oils.Cylinder design is a family of bottles available in 25ml, 50ml and 100ml sizes.Price each",Missing
GBCyl100RdcrWht,,,"Cylinderdesign100 ml,  3 1/2oz Clear glass bottle  withreducerandwhite cap.For use with cologne, aftershave, splash on, and perfume or fragrance oil, beard oils.Cylinder design is a family of bottles available in 25ml, 50ml and 100ml sizes.Price each",Missing
GBCyl100SpryMtGl,,,"Cylinderdesign100 ml,  3 1/2oz Clear glass bottle  withmatte gold spray pump0.For use with cologne, Eau de Parfum, air freshner, face and body spray, or room spray.Cylinder design is a family of bottles available in 25ml, 50ml and 100ml sizes.Price each",Missing
LBCyl100LtnMtGl,,,"Cylinderdesign100 ml,  3 1/2oz Clear glass bottle  withmatte gold lotion pump0.For use with lotions, moisturizer, and serums.Cylinder design is a family of bottles available in 25ml, 50ml and 100ml sizes.Price each",Missing
GBCyl100SpryShnGl,,,"Cylinderdesign100 ml,  3 1/2oz Clear glass bottle  withshiny gold spray pump0.For use with cologne, Eau de Parfum, air freshner, face and body spray, or room spray.Cylinder design is a family of bottles available in 25ml, 50ml and 100ml sizes.Price each",Missing
LBCyl100LtnShnGl,,,"Cylinderdesign100 ml,  3 1/2oz Clear glass bottle  withshiny gold lotion pump0.For use with lotions, moisturizer, and serums.Cylinder design is a family of bottles available in 25ml, 50ml and 100ml sizes.Price each",Missing
GBCyl100SpryShnBlk,,,"Cylinderdesign100 ml,  3 1/2oz Clear glass bottle  withshiny black spray pump0.For use with cologne, Eau de Parfum, air freshner, face and body spray, or room spray.Cylinder design is a family of bottles available in 25ml, 50ml and 100ml sizes.Price each",Missing
LBCyl100LtnShnBlk,,,"Cylinderdesign100 ml,  3 1/2oz Clear glass bottle  withshiny black lotion pump0.For use with lotions, moisturizer, and serums.Cylinder design is a family of bottles available in 25ml, 50ml and 100ml sizes.Price each",Missing
GBCyl100SpryMtSl,,,"Cylinderdesign100 ml,  3 1/2oz Clear glass bottle  withmatte silver spray pump0.For use with cologne, Eau de Parfum, air freshner, face and body spray, or room spray.Cylinder design is a family of bottles available in 25ml, 50ml and 100ml sizes.Price each",Missing
LBCyl100LtnMtSl,,,"Cylinderdesign100 ml,  3 1/2oz Clear glass bottle  withmatte silver lotion pump0.For use with lotions, moisturizer, and serums.Cylinder design is a family of bottles available in 25ml, 50ml and 100ml sizes.Price each",Missing
LBCyl100LtnClOvrCap,LBCyl100LtnClOvrCap,$2.90,"Cylinder design 100 ml, 3 1/2oz clear glass bottle with with a matte silver collar treatment pump and clear overcap. For use with serums, light creams, moisturizers, facial oils or face oils, beard oils, body lotions, body wash, and hair products. Cylinde",Found
GBCyl100SpryShnSl,,,"Cylinderdesign100 ml,  3 1/2oz Clear glass bottle  withshiny silver spray pump.For use with cologne, Eau de Parfum, air freshner, face and body spray, or room spray.Cylinder design is a family of bottles available in 25ml, 50ml and 100ml sizes.Price each",Missing
LBCyl100LtnShnSl,,,"Cylinderdesign100 ml,  3 1/2oz Clear glass bottle  withshiny silver lotion pump.For use with lotions, moisturizer, and serums.Cylinder design is a family of bottles available in 25ml, 50ml and 100ml sizes.Price each",Missing
GBCyl100AnSpLvn,,,"Cylinderdesign100 ml,  3 1/2oz Clear glass bottle  withlavender vintage style bulb sprayerwithshiny silver collar cap.For use with cologne, Eau de Parfum, air freshner, face and body spray, or room spray. Antique or vintage bulb sprayers enhance the beauty of your product.Cylinder design is a family of bottles available in 25ml, 50ml and 100ml sizes.Price each",Missing
GBCyl100AnSpPnk,,,"Cylinderdesign100 ml,  3 1/2oz Clear glass bottle  withpink vintage style bulb sprayerwithshiny gold collar cap.For use with cologne, Eau de Parfum, air freshner, face and body spray, or room spray. Antique or vintage bulb sprayers enhance the beauty of your product.Cylinder design is a family of bottles available in 25ml, 50ml and 100ml sizes.Price each",Missing
GBCyl100AnSpMtSl,,,"Cylinderdesign100 ml,  3 1/2oz Clear glass bottle  withmatte silver vintage style sprayerwithmatte silver collar cap.For use with cologne, Eau de Parfum, air freshner, face and body spray, or room spray. Antique or vintage bulb sprayers enhance the beauty of your product.Cylinder design is a family of bottles available in 25ml, 50ml and 100ml sizes.Price each",Missing
GBCyl100AnSpIvySl,,,"Cylinderdesign100 ml,  3 1/2oz Clear glass bottle  withivory vintage style bulb sprayerwithshiny silver collar cap.For use with cologne, Eau de Parfum, air freshner, face and body spray, or room spray. Antique or vintage bulb sprayers enhance the beauty of your product.Cylinder design is a family of bottles available in 25ml, 50ml and 100ml sizes.Price each",Missing
GBCyl100AnSpGl,,,"Cylinderdesign100 ml,  3 1/2oz Clear glass bottle  withgold vintage style sprayerwithshiny gold collar cap.For use with cologne, Eau de Parfum, air freshner, face and body spray, or room spray. Antique or vintage bulb sprayers enhance the beauty of your product.Cylinder design is a family of bottles available in 25ml, 50ml and 100ml sizes.Price each",Missing
GBCyl100AnSpIvyGl,,,"Cylinderdesign100 ml,  3 1/2oz Clear glass bottle  withivory vintage style bulb sprayerwithshiny gold collar cap.For use with cologne, Eau de Parfum, air freshner, face and body spray, or room spray. Antique or vintage bulb sprayers enhance the beauty of your product.Cylinder design is a family of bottles available in 25ml, 50ml and 100ml sizes.Price each",Missing
GBCyl100AnSpBlk,GBCyl100AnSpBlk,$5.61,"Cylinder design 100 ml, 3 1/2oz clear glass bottle with black vintage style bulb sprayer with shiny silver collar cap. For use with cologne, Eau de Parfum, air freshner, face and body spray, or room spray. Antique or vintage bulb sprayers enhance the b",Found
GBCyl100AnSpWht,,,"Cylinderdesign100 ml,  3 1/2oz Clear glass bottle  withwhite vintage style bulb sprayerwithshiny silver collar cap.For use with cologne, Eau de Parfum, air freshner, face and body spray, or room spray. Antique or vintage bulb sprayers enhance the beauty of your product.Cylinder design is a family of bottles available in 25ml, 50ml and 100ml sizes.Price each",Missing
GBCyl100AnSpRed,,,"Cylinderdesign100 ml,  3 1/2oz Clear glass bottle  withred vintage style bulb sprayerwithshiny silver collar cap.For use with cologne, Eau de Parfum, air freshner, face and body spray, or room spray. Antique or vintage bulb sprayers enhance the beauty of your product.Cylinder design is a family of bottles available in 25ml, 50ml and 100ml sizes.Price each",Missing
GBCyl100AnSpTslLvn,,,"Cylinderdesign100 ml,  3 1/2oz Clear glass bottle  withLavender vintage style bulb sprayer with Tasselandshiny silver collar cap.For use with cologne, Eau de Parfum, air freshner, face and body spray, or room spray. Antique or vintage bulb sprayers enhance the beauty of your product.Cylinder design is a family of bottles available in 25ml, 50ml and 100ml sizes.Price each",Missing
GBCyl100AnSpTslIvyGl,,,"Cylinderdesign100 ml,  3 1/2oz Clear glass bottle  withIvory vintage style bulb sprayer with tasselandshiny gold collar cap.For use with cologne, Eau de Parfum, air freshner, face and body spray, or room spray. Antique or vintage bulb sprayers enhance the beauty of your product.Cylinder design is a family of bottles available in 25ml, 50ml and 100ml sizes.Price each",Missing
GBCyl100AnSpTslIvySl,,,"Cylinderdesign100 ml,  3 1/2oz Clear glass bottle  withIvory vintage style bulb sprayer with tasselandshiny silver collar cap.For use with cologne, Eau de Parfum, air freshner, face and body spray, or room spray. Antique or vintage bulb sprayers enhance the beauty of your product.Cylinder design is a family of bottles available in 25ml, 50ml and 100ml sizes.Price each",Missing
GBCyl100AnSpTslWht,,,"Cylinderdesign100 ml,  3 1/2oz Clear glass bottle  withWhite vintage style bulb sprayer with tasselandshiny silver collar cap.For use with cologne, Eau de Parfum, air freshner, face and body spray, or room spray. Antique or vintage bulb sprayers enhance the beauty of your product.Cylinder design is a family of bottles available in 25ml, 50ml and 100ml sizes.Price each",Missing
GBCyl100AnSpTslPnk,,,"Cylinderdesign100 ml,  3 1/2oz Clear glass bottle  withPink vintage style bulb sprayer with tasselandshiny gold collar cap.For use with cologne, Eau de Parfum, air freshner, face and body spray, or room spray. Antique or vintage bulb sprayers enhance the beauty of your product.Cylinder design is a family of bottles available in 25ml, 50ml and 100ml sizes.Price each",Missing
GBCyl100AnSpTslRed,,,"Cylinderdesign100 ml,  3 1/2oz Clear glass bottle  withRed vintage style bulb sprayer with tasselandshiny silver collar cap.For use with cologne, Eau de Parfum, air freshner, face and body spray, or room spray. Antique or vintage bulb sprayers enhance the beauty of your product.Cylinder design is a family of bottles available in 25ml, 50ml and 100ml sizes.Price each",Missing
GBCyl100AnSpTslBlk,GBCyl100AnSpTslBlk,$6.32,"Cylinder design 100 ml, 3 1/2oz clear glass bottle with Black vintage style bulb sprayer with tasseland shiny silver collar cap. For use with cologne, Eau de Parfum, air freshner, face and body spray, or room spray. Antique or vintage bulb sprayers enh",Found
GBCyl100AnSpTslMtSl,,,"Cylinderdesign100 ml,  3 1/2oz Clear glass bottle  withSilver vintage style bulb sprayer with tasselandmatte silver collar cap.For use with cologne, Eau de Parfum, air freshner, face and body spray, or room spray. Antique or vintage bulb sprayers enhance the beauty of your product.Cylinder design is a family of bottles available in 25ml, 50ml and 100ml sizes.Price each",Missing
GBCyl100AnSpTslGl,,,"Cylinderdesign100 ml,  3 1/2oz Clear glass bottle  withGold vintage style bulb sprayer with tasselandshiny gold collar cap.For use with cologne, Eau de Parfum, air freshner, face and body spray, or room spray. Antique or vintage bulb sprayers enhance the beauty of your product.Cylinder design is a family of bottles available in 25ml, 50ml and 100ml sizes.Price each",Missing
GBCyl100RdcrPnkLthr,,,"Cylinderdesign100 ml,  3 1/2oz Clear glass bottle  withreducerandpink faux leather cap.For use with cologne, aftershave, splash on, and perfume or fragrance oil, beard oils.Cylinder design is a family of bottles available in 25ml, 50ml and 100ml sizes.Price each",Missing
GBCyl100RdcrIvyLthr,,,"Cylinderdesign100 ml,  3 1/2oz Clear glass bottle  withreducerandivory faux leather cap.For use with cologne, aftershave, splash on, and perfume or fragrance oil, beard oils.Cylinder design is a family of bottles available in 25ml, 50ml and 100ml sizes.Price each",Missing
GBCyl100SpryCu,GBCyl100SpryCu,$2.90,"Cylinder design 100 ml, 3 1/2oz clear glass bottle with matte copper spray pump. For use with cologne, Eau de Parfum, air freshner, face and body spray, or room spray. Cylinder design is a family of bottles available in 30ml, 50ml and 100ml sizes. Pric",Found
LBCyl100LtnCu,,,"Cylinderdesign100 ml,  3 1/2oz Clear glass bottle  withmatte copper lotion pump0.For use with lotions, moisturizer, and serums.Cylinder design is a family of bottles available in 25ml, 50ml and 100ml sizes.Price each",Missing
GBCrcl50RdcrShnGl,,,"Circledesign50 ml,  1.7oz Clear glass bottle  withreducerandshiny gold cap.For use with cologne, aftershave, splash on, and perfume or fragrance oil, beard oils.Circle design is a famiily of bottles available in 15ml, 30ml, 50ml and 100ml size.Price each",Missing
GBCrcl50RdcrShnBlkTall,,,"Circledesign50 ml,  1.7oz Clear glass bottle  withreducerandtall black shiny cap.For use with cologne, aftershave, splash on, and perfume or fragrance oil, beard oils.Circle design is a famiily of bottles available in 15ml, 30ml, 50ml and 100ml size.Price each",Missing
GBCrcl50RdcrShnBlk,,,"Circledesign50 ml,  1.7oz Clear glass bottle  withreducerandblack shiny cap.For use with cologne, aftershave, splash on, and perfume or fragrance oil, beard oils.Circle design is a famiily of bottles available in 15ml, 30ml, 50ml and 100ml size.Price each",Missing
GBCrcl50RdcrBlkLthr,GBCrcl50RdcrBlkLthr,$1.76,"Circle design 50 ml, 1.7oz clear glass bottle with reducer and black faux leather cap. For use with cologne, aftershave, splash on, and perfume or fragrance oil, beard oils. Circle design is a famiily of bottles available in 15ml, 30ml, 50ml and 100ml s",Found
GBCrcl50RdcrBrwnLthr,,,"Circledesign50 ml,  1.7oz Clear glass bottle  withreducerandbrown faux leather cap.For use with cologne, aftershave, splash on, and perfume or fragrance oil, beard oils.Circle design is a famiily of bottles available in 15ml, 30ml, 50ml and 100ml size.Price each",Missing
GBCrcl50RdcrLBrwnLthr,,,"Circledesign50 ml,  1.7oz Clear glass bottle  withreducerandlight brown faux leather cap.For use with cologne, aftershave, splash on, and perfume or fragrance oil, beard oils.Circle design is a famiily of bottles available in 15ml, 30ml, 50ml and 100ml size.Price each",Missing
GBCrcl50RdcrShnSl,,,"Circledesign50 ml,  1.7oz Clear glass bottle  withreducerandshiny silver cap.For use with cologne, aftershave, splash on, and perfume or fragrance oil, beard oils.Circle design is a famiily of bottles available in 15ml, 30ml, 50ml and 100ml size.Price each",Missing
GBCrcl50RdcrMtSlTall,,,"Circledesign50 ml,  1.7oz Clear glass bottle  withreducerandtall silver matte cap.For use with cologne, aftershave, splash on, and perfume or fragrance oil, beard oils.Circle design is a famiily of bottles available in 15ml, 30ml, 50ml and 100ml size.Price each",Missing
GBCrcl50RdcrMtSl,,,"Circledesign50 ml,  1.7oz Clear glass bottle  withreducerandsilver matte cap.For use with cologne, aftershave, splash on, and perfume or fragrance oil, beard oils.Circle design is a famiily of bottles available in 15ml, 30ml, 50ml and 100ml size.Price each",Missing
GBCrcl50RdcrWht,,,"Circledesign50 ml,  1.7oz Clear glass bottle  withreducerandwhite cap.For use with cologne, aftershave, splash on, and perfume or fragrance oil, beard oils.Circle design is a famiily of bottles available in 15ml, 30ml, 50ml and 100ml size.Price each",Missing
GBCrcl50SpryMtGl,,,"Circledesign50 ml,  1.7oz Clear glass bottle  withmatte gold spray pump0.For use with cologne, Eau de Parfum, air freshner, face and body spray, or room spray.Circle design is a famiily of bottles available in 15ml, 30ml, 50ml and 100ml size.Price each",Missing
LBCrcl50LtnMtGl,,,"Circledesign50 ml,  1.7oz Clear glass bottle  withmatte gold lotion pump0.For use with lotions, moisturizer, and serums.Circle design is a famiily of bottles available in 15ml, 30ml, 50ml and 100ml size.Price each",Missing
GBCrcl50SpryShnGl,,,"Circledesign50 ml,  1.7oz Clear glass bottle  withshiny gold spray pump0.For use with cologne, Eau de Parfum, air freshner, face and body spray, or room spray.Circle design is a famiily of bottles available in 15ml, 30ml, 50ml and 100ml size.Price each",Missing
LBCrcl50LtnShnGl,,,"Circledesign50 ml,  1.7oz Clear glass bottle  withshiny gold lotion pump0.For use with lotions, moisturizer, and serums.Circle design is a famiily of bottles available in 15ml, 30ml, 50ml and 100ml size.Price each",Missing
GBCrcl50SpryShnBlk,,,"Circledesign50 ml,  1.7oz Clear glass bottle  withshiny black spray pump0.For use with cologne, Eau de Parfum, air freshner, face and body spray, or room spray.Circle design is a famiily of bottles available in 15ml, 30ml, 50ml and 100ml size.Price each",Missing
LBCrcl50LtnShnBlk,,,"Circledesign50 ml,  1.7oz Clear glass bottle  withshiny black lotion pump0.For use with lotions, moisturizer, and serums.Circle design is a famiily of bottles available in 15ml, 30ml, 50ml and 100ml size.Price each",Missing
GBCrcl50SpryMtSl,,,"Circledesign50 ml,  1.7oz Clear glass bottle  withmatte silver spray pump0.For use with cologne, Eau de Parfum, air freshner, face and body spray, or room spray.Circle design is a famiily of bottles available in 15ml, 30ml, 50ml and 100ml size.Price each",Missing
LBCrcl50LtnMtSl,,,"Circledesign50 ml,  1.7oz Clear glass bottle  withmatte silver lotion pump0.For use with lotions, moisturizer, and serums.Circle design is a famiily of bottles available in 15ml, 30ml, 50ml and 100ml size.Price each",Missing
LBCrcl50LtnClOvrCap,LBCrcl50LtnClOvrCap,$2.47,"Circle design 50 ml, 1.7oz clear glass bottle with with a matte silver collar treatment pump and clear overcap. For use with serums, light creams, moisturizers, facial oils or face oils, beard oils, body lotions, body wash, and hair products. Circle desig",Found
GBCrcl50SpryShnSl,,,"Circledesign50 ml,  1.7oz Clear glass bottle  withshiny silver spray pump0.For use with cologne, Eau de Parfum, air freshner, face and body spray, or room spray.Circle design is a famiily of bottles available in 15ml, 30ml, 50ml and 100ml size.Price each",Missing
LBCrcl50LtnShnSl,,,"Circledesign50 ml,  1.7oz Clear glass bottle  withshiny silver lotion pump.For use with lotions, moisturizer, and serums.Circle design is a famiily of bottles available in 15ml, 30ml, 50ml and 100ml size.Price each",Missing
GBCrcl50AnSpLvn,,,"Circledesign50 ml,  1.7oz Clear glass bottle  withlavender vintage style bulb sprayerwithshiny silver collar cap.For use with cologne, Eau de Parfum, air freshner, face and body spray, or room spray. Antique or vintage bulb sprayers enhance the beauty of your product.Circle design is a famiily of bottles available in 15ml, 30ml, 50ml and 100ml size.Price each",Missing
GBCrcl50AnSpPnk,,,"Circledesign50 ml,  1.7oz Clear glass bottle  withpink vintage style bulb sprayerwithshiny gold collar cap.For use with cologne, Eau de Parfum, air freshner, face and body spray, or room spray. Antique or vintage bulb sprayers enhance the beauty of your product.Circle design is a famiily of bottles available in 15ml, 30ml, 50ml and 100ml size.Price each",Missing
GBCrcl50AnSpMtSl,,,"Circledesign50 ml,  1.7oz Clear glass bottle  withmatte silver vintage style sprayerwithmatte silver collar cap.For use with cologne, Eau de Parfum, air freshner, face and body spray, or room spray. Antique or vintage bulb sprayers enhance the beauty of your product.Circle design is a famiily of bottles available in 15ml, 30ml, 50ml and 100ml size.Price each",Missing
GBCrcl50AnSpIvySl,,,"Circledesign50 ml,  1.7oz Clear glass bottle  withivory vintage style bulb sprayerwithshiny silver collar cap.For use with cologne, Eau de Parfum, air freshner, face and body spray, or room spray. Antique or vintage bulb sprayers enhance the beauty of your product.Circle design is a famiily of bottles available in 15ml, 30ml, 50ml and 100ml size.Price each",Missing
GBCrcl50AnSpGl,,,"Circledesign50 ml,  1.7oz Clear glass bottle  withgold vintage style sprayerwithshiny gold collar cap.For use with cologne, Eau de Parfum, air freshner, face and body spray, or room spray. Antique or vintage bulb sprayers enhance the beauty of your product.Circle design is a famiily of bottles available in 15ml, 30ml, 50ml and 100ml size.Price each",Missing
GBCrcl50AnSpIvyGl,,,"Circledesign50 ml,  1.7oz Clear glass bottle  withivory vintage style bulb sprayerwithshiny gold collar cap.For use with cologne, Eau de Parfum, air freshner, face and body spray, or room spray. Antique or vintage bulb sprayers enhance the beauty of your product.Circle design is a famiily of bottles available in 15ml, 30ml, 50ml and 100ml size.Price each",Missing
GBCrcl50AnSpBlk,GBCrcl50AnSpBlk,$5.18,"Circle design 50 ml, 1.7oz clear glass bottle with black vintage style bulb sprayer with shiny silver collar cap. For use with cologne, Eau de Parfum, air freshner, face and body spray, or room spray. Antique or vintage bulb sprayers enhance the beauty",Found
GBCrcl50AnSpWht,,,"Circledesign50 ml,  1.7oz Clear glass bottle  withwhite vintage style bulb sprayerwithshiny silver collar cap.For use with cologne, Eau de Parfum, air freshner, face and body spray, or room spray. Antique or vintage bulb sprayers enhance the beauty of your product.Circle design is a famiily of bottles available in 15ml, 30ml, 50ml and 100ml size.Price each",Missing
GBCrcl50AnSpRed,,,"Circledesign50 ml,  1.7oz Clear glass bottle  withred vintage style bulb sprayerwithshiny silver collar cap.For use with cologne, Eau de Parfum, air freshner, face and body spray, or room spray. Antique or vintage bulb sprayers enhance the beauty of your product.Circle design is a famiily of bottles available in 15ml, 30ml, 50ml and 100ml size.Price each",Missing
GBCrcl50AnSpTslLvn,,,"Circledesign50 ml,  1.7oz Clear glass bottle  withLavender vintage style bulb sprayer with Tasselandshiny silver collar cap.For use with cologne, Eau de Parfum, air freshner, face and body spray, or room spray. Antique or vintage bulb sprayers enhance the beauty of your product.Circle design is a famiily of bottles available in 15ml, 30ml, 50ml and 100ml size.Price each",Missing
GBCrcl50AnSpTslIvyGl,,,"Circledesign50 ml,  1.7oz Clear glass bottle  withIvory vintage style bulb sprayer with tasselandshiny gold collar cap.For use with cologne, Eau de Parfum, air freshner, face and body spray, or room spray. Antique or vintage bulb sprayers enhance the beauty of your product.Circle design is a famiily of bottles available in 15ml, 30ml, 50ml and 100ml size.Price each",Missing
GBCrcl50AnSpTslIvySl,,,"Circledesign50 ml,  1.7oz Clear glass bottle  withIvory vintage style bulb sprayer with tasselandshiny silver collar cap.For use with cologne, Eau de Parfum, air freshner, face and body spray, or room spray. Antique or vintage bulb sprayers enhance the beauty of your product.Circle design is a famiily of bottles available in 15ml, 30ml, 50ml and 100ml size.Price each",Missing
GBCrcl50AnSpTslWht,,,"Circledesign50 ml,  1.7oz Clear glass bottle  withWhite vintage style bulb sprayer with tasselandshiny silver collar cap.For use with cologne, Eau de Parfum, air freshner, face and body spray, or room spray. Antique or vintage bulb sprayers enhance the beauty of your product.Circle design is a famiily of bottles available in 15ml, 30ml, 50ml and 100ml size.Price each",Missing
GBCrcl50AnSpTslPnk,,,"Circledesign50 ml,  1.7oz Clear glass bottle  withPink vintage style bulb sprayer with tasselandshiny gold collar cap.For use with cologne, Eau de Parfum, air freshner, face and body spray, or room spray. Antique or vintage bulb sprayers enhance the beauty of your product.Circle design is a famiily of bottles available in 15ml, 30ml, 50ml and 100ml size.Price each",Missing
GBCrcl50AnSpTslRed,,,"Circledesign50 ml,  1.7oz Clear glass bottle  withRed vintage style bulb sprayer with tasselandshiny silver collar cap.For use with cologne, Eau de Parfum, air freshner, face and body spray, or room spray. Antique or vintage bulb sprayers enhance the beauty of your product.Circle design is a famiily of bottles available in 15ml, 30ml, 50ml and 100ml size.Price each",Missing
GBCrcl50AnSpTslBlk,GBCrcl50AnSpTslBlk,$5.89,"Circle design 50 ml, 1.7oz clear glass bottle with Black vintage style bulb sprayer with tasseland shiny silver collar cap. For use with cologne, Eau de Parfum, air freshner, face and body spray, or room spray. Antique or vintage bulb sprayers enhance",Found
GBCrcl50AnSpTslMtSl,,,"Circledesign50 ml,  1.7oz Clear glass bottle  withSilver vintage style bulb sprayer with tasselandmatte silver collar cap.For use with cologne, Eau de Parfum, air freshner, face and body spray, or room spray. Antique or vintage bulb sprayers enhance the beauty of your product.Circle design is a famiily of bottles available in 15ml, 30ml, 50ml and 100ml size.Price each",Missing
GBCrcl50AnSpTslGl,,,"Circledesign50 ml,  1.7oz Clear glass bottle  withGold vintage style bulb sprayer with tasselandshiny gold collar cap.For use with cologne, Eau de Parfum, air freshner, face and body spray, or room spray. Antique or vintage bulb sprayers enhance the beauty of your product.Circle design is a famiily of bottles available in 15ml, 30ml, 50ml and 100ml size.Price each",Missing
GBCrcl50DrpSl,,,"Circledesign50 ml,  1.7oz Clear glass bottle  withwhite dropperwithshiny silver collar cap.For use with perfume oils, diffuser oils, serums, primers, facial oils or face oils, moisturizer, and beard oils.Circle design is a famiily of bottles available in 15ml, 30ml, 50ml and 100ml size.Price each",Missing
GBCrcl50DrpGl,,,"Circledesign50 ml,  1.7oz Clear glass bottle  withwhite dropperwithshiny gold collar cap.For use with perfume oils, diffuser oils, serums, primers, facial oils or face oils, moisturizer, and beard oils.Circle design is a famiily of bottles available in 15ml, 30ml, 50ml and 100ml size.Price each",Missing
GBCrcl50DrpCu,GBCrcl50DrpCu,$1.66,"Circle design 50 ml, 1.7oz clear glass bottle with white dropper with shiny copper collar cap. For use with perfume oils, diffuser oils, serums, primers, facial oils or face oils, moisturizer, and beard oils.Circle design is a famiily of bottles availab",Found
GBCrcl50RdcrPnkLthr,,,"Circledesign50 ml,  1.7oz Clear glass bottle  withreducerandpink faux leather cap.For use with cologne, aftershave, splash on, and perfume or fragrance oil, beard oils.Circle design is a famiily of bottles available in 15ml, 30ml, 50ml and 100ml size.Price each",Missing
GBCrcl50RdcrIvyLthr,,,"Circledesign50 ml,  1.7oz Clear glass bottle  withreducerandivory faux leather cap.For use with cologne, aftershave, splash on, and perfume or fragrance oil, beard oils.Circle design is a famiily of bottles available in 15ml, 30ml, 50ml and 100ml size.Price each",Missing
GBCrcl50SpryCu,GBCrcl50SpryCu,$2.47,"Circle design 50 ml, 1.7oz clear glass bottle with matte copper spray pump. For use with cologne, Eau de Parfum, air freshner, face and body spray, or room spray. Circle design is a famiily of bottles available in 15ml, 30ml, 50ml and 100ml size.",Found
LBCrcl50LtnCu,,,"Circledesign50 ml,  1.7oz Clear glass bottle  withmatte copper lotion pump00.For use with lotions, moisturizer, and serums.Circle design is a famiily of bottles available in 15ml, 30ml, 50ml and 100ml size.Price each",Missing
GBCrcl100RdcrShnGl,,,"Circledesign100 ml,  3 1/2oz Clear glass bottle  withreducerandshiny gold cap.For use with cologne, aftershave, splash on, and perfume or fragrance oil, beard oils.Circle design is a famiily of bottles available in 15ml, 30ml, 50ml and 100ml size.Price each",Missing
GBCrcl100RdcrShnBlkTall,,,"Circledesign100 ml,  3 1/2oz Clear glass bottle  withreducerandtall black shiny cap.For use with cologne, aftershave, splash on, and perfume or fragrance oil, beard oils.Circle design is a famiily of bottles available in 15ml, 30ml, 50ml and 100ml size.Price each",Missing
GBCrcl100RdcrShnBlk,,,"Circledesign100 ml,  3 1/2oz Clear glass bottle  withreducerandblack shiny cap.For use with cologne, aftershave, splash on, and perfume or fragrance oil, beard oils.Circle design is a famiily of bottles available in 15ml, 30ml, 50ml and 100ml size.Price each",Missing
GBCrcl100RdcrBlkLthr,GBCrcl100RdcrBlkLthr,$2.19,"Circle design 100 ml, 3 1/2oz clear glass bottle with reducer and black faux leather cap. For use with cologne, aftershave, splash on, and perfume or fragrance oil, beard oils. Circle design is a famiily of bottles available in 15ml, 30ml, 50ml and 100m",Found
GBCrcl100RdcrBrwnLthr,,,"Circledesign100 ml,  3 1/2oz Clear glass bottle  withreducerandbrown faux leather cap.For use with cologne, aftershave, splash on, and perfume or fragrance oil, beard oils.Circle design is a famiily of bottles available in 15ml, 30ml, 50ml and 100ml size.Price each",Missing
GBCrcl100RdcrLBrwnLthr,,,"Circledesign100 ml,  3 1/2oz Clear glass bottle  withreducerandlight brown faux leather cap.For use with cologne, aftershave, splash on, and perfume or fragrance oil, beard oils.Circle design is a famiily of bottles available in 15ml, 30ml, 50ml and 100ml size.Price each",Missing
GBCrcl100RdcrShnSl,,,"Circledesign100 ml,  3 1/2oz Clear glass bottle  withreducerandshiny silver cap.For use with cologne, aftershave, splash on, and perfume or fragrance oil, beard oils.Circle design is a famiily of bottles available in 15ml, 30ml, 50ml and 100ml size.Price each",Missing
GBCrcl100RdcrMtSlTall,,,"Circledesign100 ml,  3 1/2oz Clear glass bottle  withreducerandtall silver matte cap.For use with cologne, aftershave, splash on, and perfume or fragrance oil, beard oils.Circle design is a famiily of bottles available in 15ml, 30ml, 50ml and 100ml size.Price each",Missing
GBCrcl100RdcrMtSl,,,"Circledesign100 ml,  3 1/2oz Clear glass bottle  withreducerandsilver matte cap.For use with cologne, aftershave, splash on, and perfume or fragrance oil, beard oils.Circle design is a famiily of bottles available in 15ml, 30ml, 50ml and 100ml size.Price each",Missing
GBCrcl100RdcrWht,,,"Circledesign100 ml,  3 1/2oz Clear glass bottle  withreducerandwhite cap.For use with cologne, aftershave, splash on, and perfume or fragrance oil, beard oils.Circle design is a famiily of bottles available in 15ml, 30ml, 50ml and 100ml size.Price each",Missing
GBCrcl100SpryMtGl,,,"Circledesign100 ml,  3 1/2oz Clear glass bottle  withmatte gold spray pump0.For use with cologne, Eau de Parfum, air freshner, face and body spray, or room spray.Circle design is a famiily of bottles available in 15ml, 30ml, 50ml and 100ml size.Price each",Missing
LBCrcl100LtnMtGl,,,"Circledesign100 ml,  3 1/2oz Clear glass bottle  withmatte gold lotion pump0.For use with lotions, moisturizer, and serums.Circle design is a famiily of bottles available in 15ml, 30ml, 50ml and 100ml size.Price each",Missing
GBCrcl100SpryShnGl,,,"Circledesign100 ml,  3 1/2oz Clear glass bottle  withshiny gold spray pump0.For use with cologne, Eau de Parfum, air freshner, face and body spray, or room spray.Circle design is a famiily of bottles available in 15ml, 30ml, 50ml and 100ml size.Price each",Missing
LBCrcl100LtnShnGl,,,"Circledesign100 ml,  3 1/2oz Clear glass bottle  withshiny gold lotion pump0.For use with lotions, moisturizer, and serums.Circle design is a famiily of bottles available in 15ml, 30ml, 50ml and 100ml size.Price each",Missing
GBCrcl100SpryShnBlk,,,"Circledesign100 ml,  3 1/2oz Clear glass bottle  withshiny black spray pump0.For use with cologne, Eau de Parfum, air freshner, face and body spray, or room spray.Circle design is a famiily of bottles available in 15ml, 30ml, 50ml and 100ml size.Price each",Missing
LBCrcl100LtnShnBlk,,,"Circledesign100 ml,  3 1/2oz Clear glass bottle  withshiny black lotion pump0.For use with lotions, moisturizer, and serums.Circle design is a famiily of bottles available in 15ml, 30ml, 50ml and 100ml size.Price each",Missing
GBCrcl100SpryMtSl,,,"Circledesign100 ml,  3 1/2oz Clear glass bottle  withmatte silver spray pump.For use with cologne, Eau de Parfum, air freshner, face and body spray, or room spray.Circle design is a famiily of bottles available in 15ml, 30ml, 50ml and 100ml size.Price each",Missing
LBCrcl100LtnMtSl,,,"Circledesign100 ml,  3 1/2oz Clear glass bottle  withmatte silver lotion pump0.For use with lotions, moisturizer, and serums.Circle design is a famiily of bottles available in 15ml, 30ml, 50ml and 100ml size.Price each",Missing
LBCrcl100LtnClOvrCap,LBCrcl100LtnClOvrCap,$2.90,"Circle design 100 ml, 3 1/2oz clear glass bottle with with a matte silver collar treatment pump and clear overcap. For use with serums, light creams, moisturizers, facial oils or face oils, beard oils, body lotions, body wash, and hair products. Circle de",Found
GBCrcl100SpryShnSl,,,"Circledesign100 ml,  3 1/2oz Clear glass bottle  withshiny silver spray pump0.For use with cologne, Eau de Parfum, air freshner, face and body spray, or room spray.Circle design is a famiily of bottles available in 15ml, 30ml, 50ml and 100ml size.Price each",Missing
LBCrcl100LtnShnSl,,,"Circledesign100 ml,  3 1/2oz Clear glass bottle  withshiny silver lotion pump0.For use with lotions, moisturizer, and serums.Circle design is a famiily of bottles available in 15ml, 30ml, 50ml and 100ml size.Price each",Missing
GBCrcl100AnSpLvn,,,"Circledesign100 ml,  3 1/2oz Clear glass bottle  withlavender vintage style bulb sprayerwithshiny silver collar cap.For use with cologne, Eau de Parfum, air freshner, face and body spray, or room spray. Antique or vintage bulb sprayers enhance the beauty of your product.Circle design is a famiily of bottles available in 15ml, 30ml, 50ml and 100ml size.Price each",Missing
GBCrcl100AnSpPnk,,,"Circledesign100 ml,  3 1/2oz Clear glass bottle  withpink vintage style bulb sprayerwithshiny gold collar cap.For use with cologne, Eau de Parfum, air freshner, face and body spray, or room spray. Antique or vintage bulb sprayers enhance the beauty of your product.Circle design is a famiily of bottles available in 15ml, 30ml, 50ml and 100ml size.Price each",Missing
GBCrcl100AnSpMtSl,,,"Circledesign100 ml,  3 1/2oz Clear glass bottle  withmatte silver vintage style sprayerwithmatte silver collar cap.For use with cologne, Eau de Parfum, air freshner, face and body spray, or room spray. Antique or vintage bulb sprayers enhance the beauty of your product.Circle design is a famiily of bottles available in 15ml, 30ml, 50ml and 100ml size.Price each",Missing
GBCrcl100AnSpIvySl,,,"Circledesign100 ml,  3 1/2oz Clear glass bottle  withivory vintage style bulb sprayerwithshiny silver collar cap.For use with cologne, Eau de Parfum, air freshner, face and body spray, or room spray. Antique or vintage bulb sprayers enhance the beauty of your product.Circle design is a famiily of bottles available in 15ml, 30ml, 50ml and 100ml size.Price each",Missing
GBCrcl100AnSpGl,,,"Circledesign100 ml,  3 1/2oz Clear glass bottle  withgold vintage style sprayerwithshiny gold collar cap.For use with cologne, Eau de Parfum, air freshner, face and body spray, or room spray. Antique or vintage bulb sprayers enhance the beauty of your product.Circle design is a famiily of bottles available in 15ml, 30ml, 50ml and 100ml size.Price each",Missing
GBCrcl100AnSpIvyGl,,,"Circledesign100 ml,  3 1/2oz Clear glass bottle  withivory vintage style bulb sprayerwithshiny gold collar cap.For use with cologne, Eau de Parfum, air freshner, face and body spray, or room spray. Antique or vintage bulb sprayers enhance the beauty of your product.Circle design is a famiily of bottles available in 15ml, 30ml, 50ml and 100ml size.Price each",Missing
GBCrcl100AnSpBlk,GBCrcl100AnSpBlk,$5.61,"Circle design 100 ml, 3 1/2oz clear glass bottle with black vintage style bulb sprayer with shiny silver collar cap. For use with cologne, Eau de Parfum, air freshner, face and body spray, or room spray. Antique or vintage bulb sprayers enhance the bea",Found
GBCrcl100AnSpWht,,,"Circledesign100 ml,  3 1/2oz Clear glass bottle  withwhite vintage style bulb sprayerwithshiny silver collar cap.For use with cologne, Eau de Parfum, air freshner, face and body spray, or room spray. Antique or vintage bulb sprayers enhance the beauty of your product.Circle design is a famiily of bottles available in 15ml, 30ml, 50ml and 100ml size.Price each",Missing
GBCrcl100AnSpRed,,,"Circledesign100 ml,  3 1/2oz Clear glass bottle  withred vintage style bulb sprayerwithshiny silver collar cap.For use with cologne, Eau de Parfum, air freshner, face and body spray, or room spray. Antique or vintage bulb sprayers enhance the beauty of your product.Circle design is a famiily of bottles available in 15ml, 30ml, 50ml and 100ml size.Price each",Missing
GBCrcl100AnSpTslLvn,,,"Circledesign100 ml,  3 1/2oz Clear glass bottle  withLavender vintage style bulb sprayer with Tasselandshiny silver collar cap.For use with cologne, Eau de Parfum, air freshner, face and body spray, or room spray. Antique or vintage bulb sprayers enhance the beauty of your product.Circle design is a famiily of bottles available in 15ml, 30ml, 50ml and 100ml size.Price each",Missing
GBCrcl100AnSpTslIvyGl,,,"Circledesign100 ml,  3 1/2oz Clear glass bottle  withIvory vintage style bulb sprayer with tasselandshiny gold collar cap.For use with cologne, Eau de Parfum, air freshner, face and body spray, or room spray. Antique or vintage bulb sprayers enhance the beauty of your product.Circle design is a famiily of bottles available in 15ml, 30ml, 50ml and 100ml size.Price each",Missing
GBCrcl100AnSpTslIvySl,,,"Circledesign100 ml,  3 1/2oz Clear glass bottle  withIvory vintage style bulb sprayer with tasselandshiny silver collar cap.For use with cologne, Eau de Parfum, air freshner, face and body spray, or room spray. Antique or vintage bulb sprayers enhance the beauty of your product.Circle design is a famiily of bottles available in 15ml, 30ml, 50ml and 100ml size.Price each",Missing
GBCrcl100AnSpTslWht,,,"Circledesign100 ml,  3 1/2oz Clear glass bottle  withWhite vintage style bulb sprayer with tasselandshiny silver collar cap.For use with cologne, Eau de Parfum, air freshner, face and body spray, or room spray. Antique or vintage bulb sprayers enhance the beauty of your product.Circle design is a famiily of bottles available in 15ml, 30ml, 50ml and 100ml size.Price each",Missing
GBCrcl100AnSpTslPnk,,,"Circledesign100 ml,  3 1/2oz Clear glass bottle  withPink vintage style bulb sprayer with tasselandshiny gold collar cap.For use with cologne, Eau de Parfum, air freshner, face and body spray, or room spray. Antique or vintage bulb sprayers enhance the beauty of your product.Circle design is a famiily of bottles available in 15ml, 30ml, 50ml and 100ml size.Price each",Missing
GBCrcl100AnSpTslRed,,,"Circledesign100 ml,  3 1/2oz Clear glass bottle  withRed vintage style bulb sprayer with tasselandshiny silver collar cap.For use with cologne, Eau de Parfum, air freshner, face and body spray, or room spray. Antique or vintage bulb sprayers enhance the beauty of your product.Circle design is a famiily of bottles available in 15ml, 30ml, 50ml and 100ml size.Price each",Missing
GBCrcl100AnSpTslBlk,GBCrcl100AnSpTslBlk,$6.32,"Circle design 100 ml, 3 1/2oz clear glass bottle with Black vintage style bulb sprayer with tasseland shiny silver collar cap. For use with cologne, Eau de Parfum, air freshner, face and body spray, or room spray. Antique or vintage bulb sprayers enhan",Found
GBCrcl100AnSpTslMtSl,,,"Circledesign100 ml,  3 1/2oz Clear glass bottle  withSilver vintage style bulb sprayer with tasselandmatte silver collar cap.For use with cologne, Eau de Parfum, air freshner, face and body spray, or room spray. Antique or vintage bulb sprayers enhance the beauty of your product.Circle design is a famiily of bottles available in 15ml, 30ml, 50ml and 100ml size.Price each",Missing
GBCrcl100AnSpTslGl,,,"Circledesign100 ml,  3 1/2oz Clear glass bottle  withGold vintage style bulb sprayer with tasselandshiny gold collar cap.For use with cologne, Eau de Parfum, air freshner, face and body spray, or room spray. Antique or vintage bulb sprayers enhance the beauty of your product.Circle design is a famiily of bottles available in 15ml, 30ml, 50ml and 100ml size.Price each",Missing
GBCrcl100RdcrPnkLthr,,,"Circledesign100 ml,  3 1/2oz Clear glass bottle  withreducerandpink faux leather cap.For use with cologne, aftershave, splash on, and perfume or fragrance oil, beard oils.Circle design is a famiily of bottles available in 15ml, 30ml, 50ml and 100ml size.Price each",Missing
GBCrcl100RdcrIvyLthr,,,"Circledesign100 ml,  3 1/2oz Clear glass bottle  withreducerandivory faux leather cap.For use with cologne, aftershave, splash on, and perfume or fragrance oil, beard oils.Circle design is a famiily of bottles available in 15ml, 30ml, 50ml and 100ml size.Price each",Missing
GBCrcl100SpryCu,GBCrcl100SpryCu,$2.90,"Circle design 100 ml, 3 1/2oz clear glass bottle with matte copper spray pump. For use with cologne, Eau de Parfum, air freshner, face and body spray, or room spray. Circle design is a family of bottles available in 15ml, 30ml, 50ml and 100ml size. Matt",Found
LBCrcl100LtnCu,,,"Circledesign100 ml,  3 1/2oz Clear glass bottle  withmatte copper lotion pump0.For use with lotions, moisturizer, and serums.Circle design is a famiily of bottles available in 15ml, 30ml, 50ml and 100ml size.Price each",Missing
GBCrclFrst100RdcrShnGl,,,"Circledesign100 ml,  3 1/2ozFrosted glass bottlewithreducerandshiny gold cap.For use with cologne, aftershave, splash on, and perfume or fragrance oil, beard oils.Circle design is a famiily of bottles available in 15ml, 30ml, 50ml and 100ml size.Price each",Missing
GBCrclFrst100RdcrShnBlkTall,,,"Circledesign100 ml,  3 1/2ozFrosted glass bottlewithreducerandtall black shiny cap.For use with cologne, aftershave, splash on, and perfume or fragrance oil, beard oils.Circle design is a famiily of bottles available in 15ml, 30ml, 50ml and 100ml size.Price each",Missing
GBCrclFrst100RdcrShnBlk,,,"Circledesign100 ml,  3 1/2ozFrosted glass bottlewithreducerandblack shiny cap.For use with cologne, aftershave, splash on, and perfume or fragrance oil, beard oils.Circle design is a famiily of bottles available in 15ml, 30ml, 50ml and 100ml size.Price each",Missing
GBCrclFrst100RdcrBlkLthr,GBCrclFrst100RdcrBlkLthr,$2.66,"Circle design 100 ml, 3 1/2oz frosted glass bottle with reducer and black faux leather cap. For use with cologne, aftershave, splash on, and perfume or fragrance oil, beard oils. Circle design is a famiily of bottles available in 15ml, 30ml, 50ml and 100m",Found
GBCrclFrst100RdcrBrwnLthr,,,"Circledesign100 ml,  3 1/2ozFrosted glass bottlewithreducerandbrown faux leather cap.For use with cologne, aftershave, splash on, and perfume or fragrance oil, beard oils.Circle design is a famiily of bottles available in 15ml, 30ml, 50ml and 100ml size.Price each",Missing
GBCrclFrst100RdcrLBrwnLthr,,,"Circledesign100 ml,  3 1/2ozFrosted glass bottlewithreducerandlight brown faux leather cap.For use with cologne, aftershave, splash on, and perfume or fragrance oil, beard oils.Circle design is a famiily of bottles available in 15ml, 30ml, 50ml and 100ml size.Price each",Missing
GBCrclFrst100RdcrShnSl,,,"Circledesign100 ml,  3 1/2ozFrosted glass bottlewithreducerandshiny silver cap.For use with cologne, aftershave, splash on, and perfume or fragrance oil, beard oils.Circle design is a famiily of bottles available in 15ml, 30ml, 50ml and 100ml size.Price each",Missing
GBCrclFrst100RdcrMtSlTall,,,"Circledesign100 ml,  3 1/2ozFrosted glass bottlewithreducerandtall silver matte cap.For use with cologne, aftershave, splash on, and perfume or fragrance oil, beard oils.Circle design is a famiily of bottles available in 15ml, 30ml, 50ml and 100ml size.Price each",Missing
GBCrclFrst100RdcrMtSl,,,"Circledesign100 ml,  3 1/2ozFrosted glass bottlewithreducerandsilver matte cap.For use with cologne, aftershave, splash on, and perfume or fragrance oil, beard oils.Circle design is a famiily of bottles available in 15ml, 30ml, 50ml and 100ml size.Price each",Missing
GBCrclFrst100RdcrWht,,,"Circledesign100 ml,  3 1/2ozFrosted glass bottlewithreducerandwhite cap.For use with cologne, aftershave, splash on, and perfume or fragrance oil, beard oils.Circle design is a famiily of bottles available in 15ml, 30ml, 50ml and 100ml size.Price each",Missing
GBCrclFrst100SpryMtGl,,,"Circledesign100 ml,  3 1/2ozFrosted glass bottlewithmatte gold spray pump0.For use with cologne, Eau de Parfum, air freshner, face and body spray, or room spray.Circle design is a famiily of bottles available in 15ml, 30ml, 50ml and 100ml size.Price each",Missing
LBCrclFrst100LtnMtGl,,,"Circledesign100 ml,  3 1/2ozFrosted glass bottlewithmatte gold lotion pump0.For use with lotions, moisturizer, and serums.Circle design is a famiily of bottles available in 15ml, 30ml, 50ml and 100ml size.Price each",Missing
GBCrclFrst100SpryShnGl,,,"Circledesign100 ml,  3 1/2ozFrosted glass bottlewithshiny gold spray pump.For use with cologne, Eau de Parfum, air freshner, face and body spray, or room spray.Circle design is a famiily of bottles available in 15ml, 30ml, 50ml and 100ml size.Price each",Missing
LBCrclFrst100LtnShnGl,,,"Circledesign100 ml,  3 1/2ozFrosted glass bottlewithshiny gold lotion pump.For use with lotions, moisturizer, and serums.Circle design is a famiily of bottles available in 15ml, 30ml, 50ml and 100ml size.Price each",Missing
GBCrclFrst100SpryShnBlk,,,"Circledesign100 ml,  3 1/2ozFrosted glass bottlewithshiny black spray pump.For use with cologne, Eau de Parfum, air freshner, face and body spray, or room spray.Circle design is a famiily of bottles available in 15ml, 30ml, 50ml and 100ml size.Price each",Missing
LBCrclFrst100LtnShnBlk,,,"Circledesign100 ml,  3 1/2ozFrosted glass bottlewithshiny black lotion pump.For use with lotions, moisturizer, and serums.Circle design is a famiily of bottles available in 15ml, 30ml, 50ml and 100ml size.Price each",Missing
GBCrclFrst100SpryMtSl,,,"Circledesign100 ml,  3 1/2ozFrosted glass bottlewithmatte silver spray pump.For use with cologne, Eau de Parfum, air freshner, face and body spray, or room spray.Circle design is a famiily of bottles available in 15ml, 30ml, 50ml and 100ml size.Price each",Missing
LBCrclFrst100LtnMtSl,,,"Circledesign100 ml,  3 1/2ozFrosted glass bottlewithmatte silver lotion pump.For use with lotions, moisturizer, and serums.Circle design is a famiily of bottles available in 15ml, 30ml, 50ml and 100ml size.Price each",Missing
LBCrclFrst100LtnClOvrCap,LBCrclFrst100LtnClOvrCap,$3.37,"Circle design 100 ml, 3 1/2oz frosted glass bottle with with a matte silver collar treatment pump and clear overcap. For use with serums, light creams, moisturizers, facial oils or face oils, beard oils, body lotions, body wash, and hair products. Circle",Found
GBCrclFrst100SpryShnSl,,,"Circledesign100 ml,  3 1/2ozFrosted glass bottlewithshiny silver spray pump.For use with cologne, Eau de Parfum, air freshner, face and body spray, or room spray.Circle design is a famiily of bottles available in 15ml, 30ml, 50ml and 100ml size.Price each",Missing
LBCrclFrst100LtnShnSl,,,"Circledesign100 ml,  3 1/2ozFrosted glass bottlewithshiny silver lotion pump.For use with lotions, moisturizer, and serums.Circle design is a famiily of bottles available in 15ml, 30ml, 50ml and 100ml size.Price each",Missing
GBCrclFrst100AnSpLvn,,,"Circledesign100 ml,  3 1/2ozFrosted glass bottlewithlavender vintage style bulb sprayerwithshiny silver collar cap.For use with cologne, Eau de Parfum, air freshner, face and body spray, or room spray. Antique or vintage bulb sprayers enhance the beauty of your product.Circle design is a famiily of bottles available in 15ml, 30ml, 50ml and 100ml size.Price each",Missing
GBCrclFrst100AnSpPnk,,,"Circledesign100 ml,  3 1/2ozFrosted glass bottlewithpink vintage style bulb sprayerwithshiny gold collar cap.For use with cologne, Eau de Parfum, air freshner, face and body spray, or room spray. Antique or vintage bulb sprayers enhance the beauty of your product.Circle design is a famiily of bottles available in 15ml, 30ml, 50ml and 100ml size.Price each",Missing
GBCrclFrst100AnSpMtSl,,,"Circledesign100 ml,  3 1/2ozFrosted glass bottlewithmatte silver vintage style sprayerwithmatte silver collar cap.For use with cologne, Eau de Parfum, air freshner, face and body spray, or room spray. Antique or vintage bulb sprayers enhance the beauty of your product.Circle design is a famiily of bottles available in 15ml, 30ml, 50ml and 100ml size.Price each",Missing
GBCrclFrst100AnSpIvySl,,,"Circledesign100 ml,  3 1/2ozFrosted glass bottlewithivory vintage style bulb sprayerwithshiny silver collar cap.For use with cologne, Eau de Parfum, air freshner, face and body spray, or room spray. Antique or vintage bulb sprayers enhance the beauty of your product.Circle design is a famiily of bottles available in 15ml, 30ml, 50ml and 100ml size.Price each",Missing
GBCrclFrst100AnSpGl,,,"Circledesign100 ml,  3 1/2ozFrosted glass bottlewithgold vintage style sprayerwithshiny gold collar cap.For use with cologne, Eau de Parfum, air freshner, face and body spray, or room spray. Antique or vintage bulb sprayers enhance the beauty of your product.Circle design is a famiily of bottles available in 15ml, 30ml, 50ml and 100ml size.Price each",Missing
GBCrclFrst100AnSpIvyGl,,,"Circledesign100 ml,  3 1/2ozFrosted glass bottlewithivory vintage style bulb sprayerwithshiny gold collar cap.For use with cologne, Eau de Parfum, air freshner, face and body spray, or room spray. Antique or vintage bulb sprayers enhance the beauty of your product.Circle design is a famiily of bottles available in 15ml, 30ml, 50ml and 100ml size.Price each",Missing
GBCrclFrst100AnSpBlk,GBCrclFrst100AnSpBlk,$6.08,"Circle design 100 ml, 3 1/2oz frosted glass bottle with black vintage style bulb sprayer with shiny silver collar cap. For use with cologne, Eau de Parfum, air freshner, face and body spray, or room spray. Antique or vintage bulb sprayers enhance the bea",Found
GBCrclFrst100AnSpWht,,,"Circledesign100 ml,  3 1/2ozFrosted glass bottlewithwhite vintage style bulb sprayerwithshiny silver collar cap.For use with cologne, Eau de Parfum, air freshner, face and body spray, or room spray. Antique or vintage bulb sprayers enhance the beauty of your product.Circle design is a famiily of bottles available in 15ml, 30ml, 50ml and 100ml size.Price each",Missing
GBCrclFrst100AnSpRed,,,"Circledesign100 ml,  3 1/2ozFrosted glass bottlewithred vintage style bulb sprayerwithshiny silver collar cap.For use with cologne, Eau de Parfum, air freshner, face and body spray, or room spray. Antique or vintage bulb sprayers enhance the beauty of your product.Circle design is a famiily of bottles available in 15ml, 30ml, 50ml and 100ml size.Price each",Missing
GBCrclFrst100AnSpTslLvn,,,"Circledesign100 ml,  3 1/2ozFrosted glass bottlewithLavender vintage style bulb sprayer with Tasselandshiny silver collar cap.For use with cologne, Eau de Parfum, air freshner, face and body spray, or room spray. Antique or vintage bulb sprayers enhance the beauty of your product.Circle design is a famiily of bottles available in 15ml, 30ml, 50ml and 100ml size.Price each",Missing
GBCrclFrst100AnSpTslIvyGl,,,"Circledesign100 ml,  3 1/2ozFrosted glass bottlewithIvory vintage style bulb sprayer with tasselandshiny gold collar cap.For use with cologne, Eau de Parfum, air freshner, face and body spray, or room spray. Antique or vintage bulb sprayers enhance the beauty of your product.Circle design is a famiily of bottles available in 15ml, 30ml, 50ml and 100ml size.Price each",Missing
GBCrclFrst100AnSpTslIvySl,,,"Circledesign100 ml,  3 1/2ozFrosted glass bottlewithIvory vintage style bulb sprayer with tasselandshiny silver collar cap.For use with cologne, Eau de Parfum, air freshner, face and body spray, or room spray. Antique or vintage bulb sprayers enhance the beauty of your product.Circle design is a famiily of bottles available in 15ml, 30ml, 50ml and 100ml size.Price each",Missing
GBCrclFrst100AnSpTslWht,,,"Circledesign100 ml,  3 1/2ozFrosted glass bottlewithWhite vintage style bulb sprayer with tasselandshiny silver collar cap.For use with cologne, Eau de Parfum, air freshner, face and body spray, or room spray. Antique or vintage bulb sprayers enhance the beauty of your product.Circle design is a famiily of bottles available in 15ml, 30ml, 50ml and 100ml size.Price each",Missing
GBCrclFrst100AnSpTslPnk,,,"Circledesign100 ml,  3 1/2ozFrosted glass bottlewithPink vintage style bulb sprayer with tasselandshiny gold collar cap.For use with cologne, Eau de Parfum, air freshner, face and body spray, or room spray. Antique or vintage bulb sprayers enhance the beauty of your product.Circle design is a famiily of bottles available in 15ml, 30ml, 50ml and 100ml size.Price each",Missing
GBCrclFrst100AnSpTslRed,,,"Circledesign100 ml,  3 1/2ozFrosted glass bottlewithRed vintage style bulb sprayer with tasselandshiny silver collar cap.For use with cologne, Eau de Parfum, air freshner, face and body spray, or room spray. Antique or vintage bulb sprayers enhance the beauty of your product.Circle design is a famiily of bottles available in 15ml, 30ml, 50ml and 100ml size.Price each",Missing
GBCrclFrst100AnSpTslBlk,GBCrclFrst100AnSpTslBlk,$6.79,"Circle design 100 ml, 3 1/2oz frosted glass bottle with Black vintage style bulb sprayer with tasseland shiny silver collar cap. For use with cologne, Eau de Parfum, air freshner, face and body spray, or room spray. Antique or vintage bulb sprayers enhan",Found
GBCrclFrst100AnSpTslMtSl,,,"Circledesign100 ml,  3 1/2ozFrosted glass bottlewithSilver vintage style bulb sprayer with tasselandmatte silver collar cap.For use with cologne, Eau de Parfum, air freshner, face and body spray, or room spray. Antique or vintage bulb sprayers enhance the beauty of your product.Circle design is a famiily of bottles available in 15ml, 30ml, 50ml and 100ml size.Price each",Missing
GBCrclFrst100AnSpTslGl,,,"Circledesign100 ml,  3 1/2ozFrosted glass bottlewithGold vintage style bulb sprayer with tasselandshiny gold collar cap.For use with cologne, Eau de Parfum, air freshner, face and body spray, or room spray. Antique or vintage bulb sprayers enhance the beauty of your product.Circle design is a famiily of bottles available in 15ml, 30ml, 50ml and 100ml size.Price each",Missing
GBCrclFrst100RdcrPnkLthr,,,"Circledesign100 ml,  3 1/2ozFrosted glass bottlewithreducerandpink faux leather cap.For use with cologne, aftershave, splash on, and perfume or fragrance oil, beard oils.Circle design is a famiily of bottles available in 15ml, 30ml, 50ml and 100ml size.Price each",Missing
GBCrclFrst100RdcrIvyLthr,,,"Circledesign100 ml,  3 1/2ozFrosted glass bottlewithreducerandivory faux leather cap.For use with cologne, aftershave, splash on, and perfume or fragrance oil, beard oils.Circle design is a famiily of bottles available in 15ml, 30ml, 50ml and 100ml size.Price each",Missing
GBCrclFrst100SpryCu,GBCrclFrst100SpryCu,$3.37,"Circle design 100 ml, 3 1/2oz frosted glass bottle with matte copper spray pump. For use with cologne, Eau de Parfum, air freshner, face and body spray, or room spray. Circle design is a famiily of bottles available in 15ml, 30ml, 50ml and 100ml size. Pri",Found
LBCrclFrst100LtnCu,,,"Circledesign100 ml,  3 1/2ozFrosted glass bottlewithmatte copper lotion pump0.For use with lotions, moisturizer, and serums.Circle design is a famiily of bottles available in 15ml, 30ml, 50ml and 100ml size.Price each",Missing
GBRnd128RdcrShnGl,,,"Rounddesign128 ml,  4.33oz Clear glass bottle  withreducerandshiny gold cap.For use with cologne, aftershave, splash on, and perfume or fragrance oil, beard oils.Round design bottle is available in 2 sizes - 78ml and 128 ml.Price each",Missing
GBRnd128RdcrShnBlkTall,,,"Rounddesign128 ml,  4.33oz Clear glass bottle  withreducerandtall black shiny cap.For use with cologne, aftershave, splash on, and perfume or fragrance oil, beard oils.Round design bottle is available in 2 sizes - 78ml and 128 ml.Price each",Missing
GBRnd128RdcrShnBlk,,,"Rounddesign128 ml,  4.33oz Clear glass bottle  withreducerandblack shiny cap.For use with cologne, aftershave, splash on, and perfume or fragrance oil, beard oils.Round design bottle is available in 2 sizes - 78ml and 128 ml.Price each",Missing
GBRnd128RdcrBlkLthr,GBRnd128RdcrBlkLthr,$2.19,"Round design 128 ml, 4.33oz clear glass bottle with reducer and black faux leather cap. For use with cologne, aftershave, splash on, and perfume or fragrance oil, beard oils. Round design bottle is available in 2 sizes - 78ml and 128 ml.",Found
GBRnd128RdcrBrwnLthr,,,"Rounddesign128 ml,  4.33oz Clear glass bottle  withreducerandbrown faux leather cap.For use with cologne, aftershave, splash on, and perfume or fragrance oil, beard oils.Round design bottle is available in 2 sizes - 78ml and 128 ml.Price each",Missing
GBRnd128RdcrLBrwnLthr,,,"Rounddesign128 ml,  4.33oz Clear glass bottle  withreducerandlight brown faux leather cap.For use with cologne, aftershave, splash on, and perfume or fragrance oil, beard oils.Round design bottle is available in 2 sizes - 78ml and 128 ml.Price each",Missing
GBRnd128RdcrShnSl,,,"Rounddesign128 ml,  4.33oz Clear glass bottle  withreducerandshiny silver cap.For use with cologne, aftershave, splash on, and perfume or fragrance oil, beard oils.Round design bottle is available in 2 sizes - 78ml and 128 ml.Price each",Missing
GBRnd128RdcrMtSlTall,,,"Rounddesign128 ml,  4.33oz Clear glass bottle  withreducerandtall silver matte cap.For use with cologne, aftershave, splash on, and perfume or fragrance oil, beard oils.Round design bottle is available in 2 sizes - 78ml and 128 ml.Price each",Missing
GBRnd128RdcrMtSl,,,"Rounddesign128 ml,  4.33oz Clear glass bottle  withreducerandsilver matte cap.For use with cologne, aftershave, splash on, and perfume or fragrance oil, beard oils.Round design bottle is available in 2 sizes - 78ml and 128 ml.Price each",Missing
GBRnd128RdcrWht,,,"Rounddesign128 ml,  4.33oz Clear glass bottle  withreducerandwhite cap.For use with cologne, aftershave, splash on, and perfume or fragrance oil, beard oils.Round design bottle is available in 2 sizes - 78ml and 128 ml.Price each",Missing
GBRnd128SpryMtGl,,,"Rounddesign128 ml,  4.33oz Clear glass bottle  withmatte gold spray pump0.For use with cologne, Eau de Parfum, air freshner, face and body spray, or room spray.Round design bottle is available in 2 sizes - 78ml and 128 ml.Price each",Missing
LBRnd128LtnMtGl,,,"Rounddesign128 ml,  4.33oz Clear glass bottle  withmatte gold lotion pump0.For use with lotions, moisturizer, and serums.Round design bottle is available in 2 sizes - 78ml and 128 ml.Price each",Missing
GBRnd128SpryShnGl,,,"Rounddesign128 ml,  4.33oz Clear glass bottle  withshiny gold spray pump.For use with cologne, Eau de Parfum, air freshner, face and body spray, or room spray.Round design bottle is available in 2 sizes - 78ml and 128 ml.Price each",Missing
LBRnd128LtnShnGl,,,"Rounddesign128 ml,  4.33oz Clear glass bottle  withshiny gold lotion pump.For use with lotions, moisturizer, and serums.Round design bottle is available in 2 sizes - 78ml and 128 ml.Price each",Missing
GBRnd128SpryShnBlk,,,"Rounddesign128 ml,  4.33oz Clear glass bottle  withshiny black spray pump.For use with cologne, Eau de Parfum, air freshner, face and body spray, or room spray.Round design bottle is available in 2 sizes - 78ml and 128 ml.Price each",Missing
LBRnd128LtnShnBlk,,,"Rounddesign128 ml,  4.33oz Clear glass bottle  withshiny black lotion pump.For use with lotions, moisturizer, and serums.Round design bottle is available in 2 sizes - 78ml and 128 ml.Price each",Missing
GBRnd128SpryMtSl,,,"Rounddesign128 ml,  4.33oz Clear glass bottle  withmatte silver spray pump.For use with cologne, Eau de Parfum, air freshner, face and body spray, or room spray.Round design bottle is available in 2 sizes - 78ml and 128 ml.Price each",Missing
LBRnd128LtnMtSl,,,"Rounddesign128 ml,  4.33oz Clear glass bottle  withmatte silver lotion pump.For use with lotions, moisturizer, and serums.Round design bottle is available in 2 sizes - 78ml and 128 ml.Price each",Missing
LBRnd128LtnClOvrCap,LBRnd128LtnClOvrCap,$2.90,"Round design 128 ml, 4.33oz clear glass bottle with with a matte silver collar treatment pump and clear overcap. For use with serums, light creams, moisturizers, facial oils or face oils, beard oils, body lotions, body wash, and hair products. Round desig",Found
GBRnd128SpryShnSl,,,"Rounddesign128 ml,  4.33oz Clear glass bottle  withshiny silver spray pump.For use with cologne, Eau de Parfum, air freshner, face and body spray, or room spray.Round design bottle is available in 2 sizes - 78ml and 128 ml.Price each",Missing
LBRnd128LtnShnSl,,,"Rounddesign128 ml,  4.33oz Clear glass bottle  withshiny silver lotion pump.For use with lotions, moisturizer, and serums.Round design bottle is available in 2 sizes - 78ml and 128 ml.Price each",Missing
GBRnd128AnSpLvn,,,"Rounddesign128 ml,  4.33oz Clear glass bottle  withlavender vintage style bulb sprayerwithshiny silver collar cap.For use with cologne, Eau de Parfum, air freshner, face and body spray, or room spray. Antique or vintage bulb sprayers enhance the beauty of your product.Round design bottle is available in 2 sizes - 78ml and 128 ml.Price each",Missing
GBRnd128AnSpPnk,,,"Rounddesign128 ml,  4.33oz Clear glass bottle  withpink vintage style bulb sprayerwithshiny gold collar cap.For use with cologne, Eau de Parfum, air freshner, face and body spray, or room spray. Antique or vintage bulb sprayers enhance the beauty of your product.Round design bottle is available in 2 sizes - 78ml and 128 ml.Price each",Missing
GBRnd128AnSpMtSl,,,"Rounddesign128 ml,  4.33oz Clear glass bottle  withmatte silver vintage style sprayerwithmatte silver collar cap.For use with cologne, Eau de Parfum, air freshner, face and body spray, or room spray. Antique or vintage bulb sprayers enhance the beauty of your product.Round design bottle is available in 2 sizes - 78ml and 128 ml.Price each",Missing
GBRnd128AnSpIvySl,,,"Rounddesign128 ml,  4.33oz Clear glass bottle  withivory vintage style bulb sprayerwithshiny silver collar cap.For use with cologne, Eau de Parfum, air freshner, face and body spray, or room spray. Antique or vintage bulb sprayers enhance the beauty of your product.Round design bottle is available in 2 sizes - 78ml and 128 ml.Price each",Missing
GBRnd128AnSpGl,,,"Rounddesign128 ml,  4.33oz Clear glass bottle  withgold vintage style sprayerwithshiny gold collar cap.For use with cologne, Eau de Parfum, air freshner, face and body spray, or room spray. Antique or vintage bulb sprayers enhance the beauty of your product.Round design bottle is available in 2 sizes - 78ml and 128 ml.Price each",Missing
GBRnd128AnSpIvyGl,,,"Rounddesign128 ml,  4.33oz Clear glass bottle  withivory vintage style bulb sprayerwithshiny gold collar cap.For use with cologne, Eau de Parfum, air freshner, face and body spray, or room spray. Antique or vintage bulb sprayers enhance the beauty of your product.Round design bottle is available in 2 sizes - 78ml and 128 ml.Price each",Missing
GBRnd128AnSpBlk,GBRnd128AnSpBlk,$5.61,"Round design 128 ml, 4.33oz clear glass bottle with black vintage style bulb sprayer with shiny silver collar cap. For use with cologne, Eau de Parfum, air freshner, face and body spray, or room spray. Antique or vintage bulb sprayers enhance the beaut",Found
GBRnd128AnSpWht,,,"Rounddesign128 ml,  4.33oz Clear glass bottle  withwhite vintage style bulb sprayerwithshiny silver collar cap.For use with cologne, Eau de Parfum, air freshner, face and body spray, or room spray. Antique or vintage bulb sprayers enhance the beauty of your product.Round design bottle is available in 2 sizes - 78ml and 128 ml.Price each",Missing
GBRnd128AnSpRed,,,"Rounddesign128 ml,  4.33oz Clear glass bottle  withred vintage style bulb sprayerwithshiny silver collar cap.For use with cologne, Eau de Parfum, air freshner, face and body spray, or room spray. Antique or vintage bulb sprayers enhance the beauty of your product.Round design bottle is available in 2 sizes - 78ml and 128 ml.Price each",Missing
GBRnd128AnSpTslLvn,,,"Rounddesign128 ml,  4.33oz Clear glass bottle  withLavender vintage style bulb sprayer with Tasselandshiny silver collar cap.For use with cologne, Eau de Parfum, air freshner, face and body spray, or room spray. Antique or vintage bulb sprayers enhance the beauty of your product.Round design bottle is available in 2 sizes - 78ml and 128 ml.Price each",Missing
GBRnd128AnSpTslIvyGl,,,"Rounddesign128 ml,  4.33oz Clear glass bottle  withIvory vintage style bulb sprayer with tasselandshiny gold collar cap.For use with cologne, Eau de Parfum, air freshner, face and body spray, or room spray. Antique or vintage bulb sprayers enhance the beauty of your product.Round design bottle is available in 2 sizes - 78ml and 128 ml.Price each",Missing
GBRnd128AnSpTslIvySl,,,"Rounddesign128 ml,  4.33oz Clear glass bottle  withIvory vintage style bulb sprayer with tasselandshiny silver collar cap.For use with cologne, Eau de Parfum, air freshner, face and body spray, or room spray. Antique or vintage bulb sprayers enhance the beauty of your product.Round design bottle is available in 2 sizes - 78ml and 128 ml.Price each",Missing
GBRnd128AnSpTslWht,,,"Rounddesign128 ml,  4.33oz Clear glass bottle  withWhite vintage style bulb sprayer with tasselandshiny silver collar cap.For use with cologne, Eau de Parfum, air freshner, face and body spray, or room spray. Antique or vintage bulb sprayers enhance the beauty of your product.Round design bottle is available in 2 sizes - 78ml and 128 ml.Price each",Missing
GBRnd128AnSpTslPnk,,,"Rounddesign128 ml,  4.33oz Clear glass bottle  withPink vintage style bulb sprayer with tasselandshiny gold collar cap.For use with cologne, Eau de Parfum, air freshner, face and body spray, or room spray. Antique or vintage bulb sprayers enhance the beauty of your product.Round design bottle is available in 2 sizes - 78ml and 128 ml.Price each",Missing
GBRnd128AnSpTslRed,,,"Rounddesign128 ml,  4.33oz Clear glass bottle  withRed vintage style bulb sprayer with tasselandshiny silver collar cap.For use with cologne, Eau de Parfum, air freshner, face and body spray, or room spray. Antique or vintage bulb sprayers enhance the beauty of your product.Round design bottle is available in 2 sizes - 78ml and 128 ml.Price each",Missing
GBRnd128AnSpTslBlk,GBRnd128AnSpTslBlk,$6.32,"Round design 128 ml, 4.33oz clear glass bottle with Black vintage style bulb sprayer with tasseland shiny silver collar cap. For use with cologne, Eau de Parfum, air freshner, face and body spray, or room spray. Antique or vintage bulb sprayers enhance",Found
GBRnd128AnSpTslMtSl,,,"Rounddesign128 ml,  4.33oz Clear glass bottle  withSilver vintage style bulb sprayer with tasselandmatte silver collar cap.For use with cologne, Eau de Parfum, air freshner, face and body spray, or room spray. Antique or vintage bulb sprayers enhance the beauty of your product.Round design bottle is available in 2 sizes - 78ml and 128 ml.Price each",Missing
GBRnd128AnSpTslGl,,,"Rounddesign128 ml,  4.33oz Clear glass bottle  withGold vintage style bulb sprayer with tasselandshiny gold collar cap.For use with cologne, Eau de Parfum, air freshner, face and body spray, or room spray. Antique or vintage bulb sprayers enhance the beauty of your product.Round design bottle is available in 2 sizes - 78ml and 128 ml.Price each",Missing
GBRnd128DrpSl,,,"Rounddesign128 ml,  4.33oz Clear glass bottle  withwhite dropperwithshiny silver collar cap.For use with perfume oils, diffuser oils, serums, primers, facial oils or face oils, moisturizer, and beard oils.Round design bottle is available in 2 sizes - 78ml and 128 ml.Price each",Missing
GBRnd128DrpGl,,,"Rounddesign128 ml,  4.33oz Clear glass bottle  withwhite dropperwithshiny gold collar cap.For use with perfume oils, diffuser oils, serums, primers, facial oils or face oils, moisturizer, and beard oils.Round design bottle is available in 2 sizes - 78ml and 128 ml.Price each",Missing
GBRnd128DrpCu,GBRnd128DrpCu,$2.09,"Round design 128 ml, 4.33oz clear glass bottle with white dropper with shiny copper collar cap. For use with perfume oils, diffuser oils, serums, primers, facial oils or face oils, moisturizer, and beard oils.Round design bottle is available in 2 sizes",Found
GBRnd128RdcrPnkLthr,,,"Rounddesign128 ml,  4.33oz Clear glass bottle  withreducerandpink faux leather cap.For use with cologne, aftershave, splash on, and perfume or fragrance oil, beard oils.Round design bottle is available in 2 sizes - 78ml and 128 ml.Price each",Missing
GBRnd128RdcrIvyLthr,,,"Rounddesign128 ml,  4.33oz Clear glass bottle  withreducerandivory faux leather cap.For use with cologne, aftershave, splash on, and perfume or fragrance oil, beard oils.Round design bottle is available in 2 sizes - 78ml and 128 ml.Price each",Missing
GBRnd128SpryCu,GBRnd128SpryCu,$2.90,"Round design 128 ml, 4.33oz clear glass bottle with matte copper spray pump. For use with cologne, Eau de Parfum, air freshner, face and body spray, or room spray. Round design bottle is available in 2 sizes - 78ml and 128 ml.",Found
LBRnd128LtnCu,,,"Rounddesign128 ml,  4.33oz Clear glass bottle  withmatte copper lotion pump00.For use with lotions, moisturizer, and serums.Round design bottle is available in 2 sizes - 78ml and 128 ml.Price each",Missing
GBRndFrst78RdcrShnGl,,,"Rounddesign78 ml,  2.65ozFrosted glass bottlewithreducerandshiny gold cap.For use with cologne, aftershave, splash on, and perfume or fragrance oil, beard oils.Round design bottle is available in 2 sizes - 78ml and 128 ml.Price each",Missing
GBRndFrst78RdcrShnBlkTall,,,"Rounddesign78 ml,  2.65ozFrosted glass bottlewithreducerandtall black shiny cap.For use with cologne, aftershave, splash on, and perfume or fragrance oil, beard oils.Round design bottle is available in 2 sizes - 78ml and 128 ml.Price each",Missing
GBRndFrst78RdcrShnBlk,,,"Rounddesign78 ml,  2.65ozFrosted glass bottlewithreducerandblack shiny cap.For use with cologne, aftershave, splash on, and perfume or fragrance oil, beard oils.Round design bottle is available in 2 sizes - 78ml and 128 ml.Price each",Missing
GBRndFrst78RdcrBlkLthr,GBRndFrst78RdcrBlkLthr,$2.66,"Round design 78 ml, 2.65oz frosted glass bottle with reducer and black faux leather cap. For use with cologne, aftershave, splash on, and perfume or fragrance oil, beard oils. Round design bottle is available in 2 sizes - 78ml and 128 ml.",Found
GBRndFrst78RdcrBrwnLthr,,,"Rounddesign78 ml,  2.65ozFrosted glass bottlewithreducerandbrown faux leather cap.For use with cologne, aftershave, splash on, and perfume or fragrance oil, beard oils.Round design bottle is available in 2 sizes - 78ml and 128 ml.Price each",Missing
GBRndFrst78RdcrLBrwnLthr,,,"Rounddesign78 ml,  2.65ozFrosted glass bottlewithreducerandlight brown faux leather cap.For use with cologne, aftershave, splash on, and perfume or fragrance oil, beard oils.Round design bottle is available in 2 sizes - 78ml and 128 ml.Price each",Missing
GBRndFrst78RdcrShnSl,,,"Rounddesign78 ml,  2.65ozFrosted glass bottlewithreducerandshiny silver cap.For use with cologne, aftershave, splash on, and perfume or fragrance oil, beard oils.Round design bottle is available in 2 sizes - 78ml and 128 ml.Price each",Missing
GBRndFrst78RdcrMtSlTall,,,"Rounddesign78 ml,  2.65ozFrosted glass bottlewithreducerandtall silver matte cap.For use with cologne, aftershave, splash on, and perfume or fragrance oil, beard oils.Round design bottle is available in 2 sizes - 78ml and 128 ml.Price each",Missing
GBRndFrst78RdcrMtSl,,,"Rounddesign78 ml,  2.65ozFrosted glass bottlewithreducerandsilver matte cap.For use with cologne, aftershave, splash on, and perfume or fragrance oil, beard oils.Round design bottle is available in 2 sizes - 78ml and 128 ml.Price each",Missing
GBRndFrst78RdcrWht,,,"Rounddesign78 ml,  2.65ozFrosted glass bottlewithreducerandwhite cap.For use with cologne, aftershave, splash on, and perfume or fragrance oil, beard oils.Round design bottle is available in 2 sizes - 78ml and 128 ml.Price each",Missing
GBRndFrst78SpryMtGl,,,"Rounddesign78 ml,  2.65ozFrosted glass bottlewithmatte gold spray pump0.For use with cologne, Eau de Parfum, air freshner, face and body spray, or room spray.Round design bottle is available in 2 sizes - 78ml and 128 ml.Price each",Missing
LBRndFrst78LtnMtGl,,,"Rounddesign78 ml,  2.65ozFrosted glass bottlewithmatte gold lotion pump0.For use with lotions, moisturizer, and serums.Round design bottle is available in 2 sizes - 78ml and 128 ml.Price each",Missing
GBRndFrst78SpryShnGl,,,"Rounddesign78 ml,  2.65ozFrosted glass bottlewithshiny gold spray pump.For use with cologne, Eau de Parfum, air freshner, face and body spray, or room spray.Round design bottle is available in 2 sizes - 78ml and 128 ml.Price each",Missing
LBRndFrst78LtnShnGl,,,"Rounddesign78 ml,  2.65ozFrosted glass bottlewithshiny gold lotion pump.For use with lotions, moisturizer, and serums.Round design bottle is available in 2 sizes - 78ml and 128 ml.Price each",Missing
GBRndFrst78SpryShnBlk,,,"Rounddesign78 ml,  2.65ozFrosted glass bottlewithshiny black spray pump.For use with cologne, Eau de Parfum, air freshner, face and body spray, or room spray.Round design bottle is available in 2 sizes - 78ml and 128 ml.Price each",Missing
LBRndFrst78LtnShnBlk,,,"Rounddesign78 ml,  2.65ozFrosted glass bottlewithshiny black lotion pump.For use with lotions, moisturizer, and serums.Round design bottle is available in 2 sizes - 78ml and 128 ml.Price each",Missing
GBRndFrst78SpryMtSl,,,"Rounddesign78 ml,  2.65ozFrosted glass bottlewithmatte silver spray pump.For use with cologne, Eau de Parfum, air freshner, face and body spray, or room spray.Round design bottle is available in 2 sizes - 78ml and 128 ml.Price each",Missing
LBRndFrst78LtnMtSl,,,"Rounddesign78 ml,  2.65ozFrosted glass bottlewithmatte silver lotion pump.For use with lotions, moisturizer, and serums.Round design bottle is available in 2 sizes - 78ml and 128 ml.Price each",Missing
LBRndFrst78LtnClOvrCap,LBRndFrst78LtnClOvrCap,$3.37,"Round design 78 ml, 2.65oz frosted glass bottle with with a matte silver collar treatment pump and clear overcap. For use with serums, light creams, moisturizers, facial oils or face oils, beard oils, body lotions, body wash, and hair products. Round desi",Found
GBRndFrst78SpryShnSl,,,"Rounddesign78 ml,  2.65ozFrosted glass bottlewithshiny silver spray pump.For use with cologne, Eau de Parfum, air freshner, face and body spray, or room spray.Round design bottle is available in 2 sizes - 78ml and 128 ml.Price each",Missing
LBRndFrst78LtnShnSl,,,"Rounddesign78 ml,  2.65ozFrosted glass bottlewithshiny silver lotion pump.For use with lotions, moisturizer, and serums.Round design bottle is available in 2 sizes - 78ml and 128 ml.Price each",Missing
GBRndFrst78AnSpLvn,,,"Rounddesign78 ml,  2.65ozFrosted glass bottlewithlavender vintage style bulb sprayerwithshiny silver collar cap.For use with cologne, Eau de Parfum, air freshner, face and body spray, or room spray. Antique or vintage bulb sprayers enhance the beauty of your product.Round design bottle is available in 2 sizes - 78ml and 128 ml.Price each",Missing
GBRndFrst78AnSpPnk,,,"Rounddesign78 ml,  2.65ozFrosted glass bottlewithpink vintage style bulb sprayerwithshiny gold collar cap.For use with cologne, Eau de Parfum, air freshner, face and body spray, or room spray. Antique or vintage bulb sprayers enhance the beauty of your product.Round design bottle is available in 2 sizes - 78ml and 128 ml.Price each",Missing
GBRndFrst78AnSpMtSl,,,"Rounddesign78 ml,  2.65ozFrosted glass bottlewithmatte silver vintage style sprayerwithmatte silver collar cap.For use with cologne, Eau de Parfum, air freshner, face and body spray, or room spray. Antique or vintage bulb sprayers enhance the beauty of your product.Round design bottle is available in 2 sizes - 78ml and 128 ml.Price each",Missing
GBRndFrst78AnSpIvySl,,,"Rounddesign78 ml,  2.65ozFrosted glass bottlewithivory vintage style bulb sprayerwithshiny silver collar cap.For use with cologne, Eau de Parfum, air freshner, face and body spray, or room spray. Antique or vintage bulb sprayers enhance the beauty of your product.Round design bottle is available in 2 sizes - 78ml and 128 ml.Price each",Missing
GBRndFrst78AnSpGl,,,"Rounddesign78 ml,  2.65ozFrosted glass bottlewithgold vintage style sprayerwithshiny gold collar cap.For use with cologne, Eau de Parfum, air freshner, face and body spray, or room spray. Antique or vintage bulb sprayers enhance the beauty of your product.Round design bottle is available in 2 sizes - 78ml and 128 ml.Price each",Missing
GBRndFrst78AnSpIvyGl,,,"Rounddesign78 ml,  2.65ozFrosted glass bottlewithivory vintage style bulb sprayerwithshiny gold collar cap.For use with cologne, Eau de Parfum, air freshner, face and body spray, or room spray. Antique or vintage bulb sprayers enhance the beauty of your product.Round design bottle is available in 2 sizes - 78ml and 128 ml.Price each",Missing
GBRndFrst78AnSpBlk,GBRndFrst78AnSpBlk,$6.08,"Round design 78 ml, 2.65oz frosted glass bottle with black vintage style bulb sprayer with shiny silver collar cap. For use with cologne, Eau de Parfum, air freshner, face and body spray, or room spray. Antique or vintage bulb sprayers enhance the beauty",Found
GBRndFrst78AnSpWht,,,"Rounddesign78 ml,  2.65ozFrosted glass bottlewithwhite vintage style bulb sprayerwithshiny silver collar cap.For use with cologne, Eau de Parfum, air freshner, face and body spray, or room spray. Antique or vintage bulb sprayers enhance the beauty of your product.Round design bottle is available in 2 sizes - 78ml and 128 ml.Price each",Missing
GBRndFrst78AnSpRed,,,"Rounddesign78 ml,  2.65ozFrosted glass bottlewithred vintage style bulb sprayerwithshiny silver collar cap.For use with cologne, Eau de Parfum, air freshner, face and body spray, or room spray. Antique or vintage bulb sprayers enhance the beauty of your product.Round design bottle is available in 2 sizes - 78ml and 128 ml.Price each",Missing
GBRndFrst78AnSpTslLvn,,,"Rounddesign78 ml,  2.65ozFrosted glass bottlewithLavender vintage style bulb sprayer with Tasselandshiny silver collar cap.For use with cologne, Eau de Parfum, air freshner, face and body spray, or room spray. Antique or vintage bulb sprayers enhance the beauty of your product.Round design bottle is available in 2 sizes - 78ml and 128 ml.Price each",Missing
GBRndFrst78AnSpTslIvyGl,,,"Rounddesign78 ml,  2.65ozFrosted glass bottlewithIvory vintage style bulb sprayer with tasselandshiny gold collar cap.For use with cologne, Eau de Parfum, air freshner, face and body spray, or room spray. Antique or vintage bulb sprayers enhance the beauty of your product.Round design bottle is available in 2 sizes - 78ml and 128 ml.Price each",Missing
GBRndFrst78AnSpTslIvySl,,,"Rounddesign78 ml,  2.65ozFrosted glass bottlewithIvory vintage style bulb sprayer with tasselandshiny silver collar cap.For use with cologne, Eau de Parfum, air freshner, face and body spray, or room spray. Antique or vintage bulb sprayers enhance the beauty of your product.Round design bottle is available in 2 sizes - 78ml and 128 ml.Price each",Missing
GBRndFrst78AnSpTslWht,,,"Rounddesign78 ml,  2.65ozFrosted glass bottlewithWhite vintage style bulb sprayer with tasselandshiny silver collar cap.For use with cologne, Eau de Parfum, air freshner, face and body spray, or room spray. Antique or vintage bulb sprayers enhance the beauty of your product.Round design bottle is available in 2 sizes - 78ml and 128 ml.Price each",Missing
GBRndFrst78AnSpTslPnk,,,"Rounddesign78 ml,  2.65ozFrosted glass bottlewithPink vintage style bulb sprayer with tasselandshiny gold collar cap.For use with cologne, Eau de Parfum, air freshner, face and body spray, or room spray. Antique or vintage bulb sprayers enhance the beauty of your product.Round design bottle is available in 2 sizes - 78ml and 128 ml.Price each",Missing
GBRndFrst78AnSpTslRed,,,"Rounddesign78 ml,  2.65ozFrosted glass bottlewithRed vintage style bulb sprayer with tasselandshiny silver collar cap.For use with cologne, Eau de Parfum, air freshner, face and body spray, or room spray. Antique or vintage bulb sprayers enhance the beauty of your product.Round design bottle is available in 2 sizes - 78ml and 128 ml.Price each",Missing
GBRndFrst78AnSpTslBlk,GBRndFrst78AnSpTslBlk,$6.79,"Round design 78 ml, 2.65oz frosted glass bottle with Black vintage style bulb sprayer with tasseland shiny silver collar cap. For use with cologne, Eau de Parfum, air freshner, face and body spray, or room spray. Antique or vintage bulb sprayers enhance",Found
GBRndFrst78AnSpTslMtSl,,,"Rounddesign78 ml,  2.65ozFrosted glass bottlewithSilver vintage style bulb sprayer with tasselandmatte silver collar cap.For use with cologne, Eau de Parfum, air freshner, face and body spray, or room spray. Antique or vintage bulb sprayers enhance the beauty of your product.Round design bottle is available in 2 sizes - 78ml and 128 ml.Price each",Missing
GBRndFrst78AnSpTslGl,,,"Rounddesign78 ml,  2.65ozFrosted glass bottlewithGold vintage style bulb sprayer with tasselandshiny gold collar cap.For use with cologne, Eau de Parfum, air freshner, face and body spray, or room spray. Antique or vintage bulb sprayers enhance the beauty of your product.Round design bottle is available in 2 sizes - 78ml and 128 ml.Price each",Missing
GBRndFrst78RdcrPnkLthr,,,"Rounddesign78 ml,  2.65ozFrosted glass bottlewithreducerandpink faux leather cap.For use with cologne, aftershave, splash on, and perfume or fragrance oil, beard oils.Round design bottle is available in 2 sizes - 78ml and 128 ml.Price each",Missing
GBRndFrst78RdcrIvyLthr,,,"Rounddesign78 ml,  2.65ozFrosted glass bottlewithreducerandivory faux leather cap.For use with cologne, aftershave, splash on, and perfume or fragrance oil, beard oils.Round design bottle is available in 2 sizes - 78ml and 128 ml.Price each",Missing
GBRndFrst78SpryCu,GBRndFrst78SpryCu,$3.37,"Round design 78 ml, 2.65oz frosted glass bottle with matte copper spray pump. For use with cologne, Eau de Parfum, air freshner, face and body spray, or room spray. Round design bottle is available in 2 sizes - 78ml and 128 ml.",Found
LBRndFrst78LtnCu,,,"Rounddesign78 ml,  2.65ozFrosted glass bottlewithmatte copper lotion pump0.For use with lotions, moisturizer, and serums.Round design bottle is available in 2 sizes - 78ml and 128 ml.Price each",Missing
GBRnd78RdcrShnGl,,,"Rounddesign78 ml,  2.65oz Clear glass bottle  withreducerandshiny gold cap.For use with cologne, aftershave, splash on, and perfume or fragrance oil, beard oils.Round design bottle is available in 2 sizes - 78ml and 128 ml.Price each",Missing
GBRnd78RdcrShnBlkTall,,,"Rounddesign78 ml,  2.65oz Clear glass bottle  withreducerandtall black shiny cap.For use with cologne, aftershave, splash on, and perfume or fragrance oil, beard oils.Round design bottle is available in 2 sizes - 78ml and 128 ml.Price each",Missing
GBRnd78RdcrShnBlk,,,"Rounddesign78 ml,  2.65oz Clear glass bottle  withreducerandblack shiny cap.For use with cologne, aftershave, splash on, and perfume or fragrance oil, beard oils.Round design bottle is available in 2 sizes - 78ml and 128 ml.Price each",Missing
GBRnd78RdcrBlkLthr,GBRnd78RdcrBlkLthr,$2.19,"Round design 78 ml, 2.65oz clear glass bottle with reducer and black faux leather cap. For use with cologne, aftershave, splash on, and perfume or fragrance oil, beard oils. Round design bottle is available in 2 sizes - 78ml and 128 ml.",Found
GBRnd78RdcrBrwnLthr,,,"Rounddesign78 ml,  2.65oz Clear glass bottle  withreducerandbrown faux leather cap.For use with cologne, aftershave, splash on, and perfume or fragrance oil, beard oils.Round design bottle is available in 2 sizes - 78ml and 128 ml.Price each",Missing
GBRnd78RdcrLBrwnLthr,,,"Rounddesign78 ml,  2.65oz Clear glass bottle  withreducerandlight brown faux leather cap.For use with cologne, aftershave, splash on, and perfume or fragrance oil, beard oils.Round design bottle is available in 2 sizes - 78ml and 128 ml.Price each",Missing
GBRnd78RdcrShnSl,,,"Rounddesign78 ml,  2.65oz Clear glass bottle  withreducerandshiny silver cap.For use with cologne, aftershave, splash on, and perfume or fragrance oil, beard oils.Round design bottle is available in 2 sizes - 78ml and 128 ml.Price each",Missing
GBRnd78RdcrMtSlTall,,,"Rounddesign78 ml,  2.65oz Clear glass bottle  withreducerandtall silver matte cap.For use with cologne, aftershave, splash on, and perfume or fragrance oil, beard oils.Round design bottle is available in 2 sizes - 78ml and 128 ml.Price each",Missing
GBRnd78RdcrMtSl,,,"Rounddesign78 ml,  2.65oz Clear glass bottle  withreducerandsilver matte cap.For use with cologne, aftershave, splash on, and perfume or fragrance oil, beard oils.Round design bottle is available in 2 sizes - 78ml and 128 ml.Price each",Missing
GBRnd78RdcrWht,,,"Rounddesign78 ml,  2.65oz Clear glass bottle  withreducerandwhite cap.For use with cologne, aftershave, splash on, and perfume or fragrance oil, beard oils.Round design bottle is available in 2 sizes - 78ml and 128 ml.Price each",Missing
GBRnd78SpryMtGl,,,"Rounddesign78 ml,  2.65oz Clear glass bottle  withmatte gold spray pump0.For use with cologne, Eau de Parfum, air freshner, face and body spray, or room spray.Round design bottle is available in 2 sizes - 78ml and 128 ml.Price each",Missing
LBRnd78LtnMtGl,,,"Rounddesign78 ml,  2.65oz Clear glass bottle  withmatte gold lotion pump.For use with lotions, moisturizer, and serums.Round design bottle is available in 2 sizes - 78ml and 128 ml.Price each",Missing
GBRnd78SpryShnGl,,,"Rounddesign78 ml,  2.65oz Clear glass bottle  withshiny gold spray pump.For use with cologne, Eau de Parfum, air freshner, face and body spray, or room spray.Round design bottle is available in 2 sizes - 78ml and 128 ml.Price each",Missing
LBRnd78LtnShnGl,,,"Rounddesign78 ml,  2.65oz Clear glass bottle  withshiny gold lotion pump.For use with lotions, moisturizer, and serums.Round design bottle is available in 2 sizes - 78ml and 128 ml.Price each",Missing
GBRnd78SpryShnBlk,,,"Rounddesign78 ml,  2.65oz Clear glass bottle  withshiny black spray pump.For use with cologne, Eau de Parfum, air freshner, face and body spray, or room spray.Round design bottle is available in 2 sizes - 78ml and 128 ml.Price each",Missing
LBRnd78LtnShnBlk,,,"Rounddesign78 ml,  2.65oz Clear glass bottle  withshiny black lotion pump.For use with lotions, moisturizer, and serums.Round design bottle is available in 2 sizes - 78ml and 128 ml.Price each",Missing
GBRnd78SpryMtSl,,,"Rounddesign78 ml,  2.65oz Clear glass bottle  withmatte silver spray pump.For use with cologne, Eau de Parfum, air freshner, face and body spray, or room spray.Round design bottle is available in 2 sizes - 78ml and 128 ml.Price each",Missing
LBRnd78LtnMtSl,,,"Rounddesign78 ml,  2.65oz Clear glass bottle  withmatte silver lotion pump.For use with lotions, moisturizer, and serums.Round design bottle is available in 2 sizes - 78ml and 128 ml.Price each",Missing
LBRnd78LtnClOvrCap,LBRnd78LtnClOvrCap,$2.90,"Round design 78 ml, 2.65oz clear glass bottle with with a matte silver collar treatment pump and clear overcap. For use with serums, light creams, moisturizers, facial oils or face oils, beard oils, body lotions, body wash, and hair products. Round design",Found
GBRnd78SpryShnSl,,,"Rounddesign78 ml,  2.65oz Clear glass bottle  withshiny silver spray pump.For use with cologne, Eau de Parfum, air freshner, face and body spray, or room spray.Round design bottle is available in 2 sizes - 78ml and 128 ml.Price each",Missing
LBRnd78LtnShnSl,,,"Rounddesign78 ml,  2.65oz Clear glass bottle  withshiny silver lotion pump.For use with lotions, moisturizer, and serums.Round design bottle is available in 2 sizes - 78ml and 128 ml.Price each",Missing
GBRnd78AnSpLvn,,,"Rounddesign78 ml,  2.65oz Clear glass bottle  withlavender vintage style bulb sprayerwithshiny silver collar cap.For use with cologne, Eau de Parfum, air freshner, face and body spray, or room spray. Antique or vintage bulb sprayers enhance the beauty of your product.Round design bottle is available in 2 sizes - 78ml and 128 ml.Price each",Missing
GBRnd78AnSpPnk,,,"Rounddesign78 ml,  2.65oz Clear glass bottle  withpink vintage style bulb sprayerwithshiny gold collar cap.For use with cologne, Eau de Parfum, air freshner, face and body spray, or room spray. Antique or vintage bulb sprayers enhance the beauty of your product.Round design bottle is available in 2 sizes - 78ml and 128 ml.Price each",Missing
GBRnd78AnSpMtSl,,,"Rounddesign78 ml,  2.65oz Clear glass bottle  withmatte silver vintage style sprayerwithmatte silver collar cap.For use with cologne, Eau de Parfum, air freshner, face and body spray, or room spray. Antique or vintage bulb sprayers enhance the beauty of your product.Round design bottle is available in 2 sizes - 78ml and 128 ml.Price each",Missing
GBRnd78AnSpIvySl,,,"Rounddesign78 ml,  2.65oz Clear glass bottle  withivory vintage style bulb sprayerwithshiny silver collar cap.For use with cologne, Eau de Parfum, air freshner, face and body spray, or room spray. Antique or vintage bulb sprayers enhance the beauty of your product.Round design bottle is available in 2 sizes - 78ml and 128 ml.Price each",Missing
GBRnd78AnSpGl,,,"Rounddesign78 ml,  2.65oz Clear glass bottle  withgold vintage style sprayerwithshiny gold collar cap.For use with cologne, Eau de Parfum, air freshner, face and body spray, or room spray. Antique or vintage bulb sprayers enhance the beauty of your product.Round design bottle is available in 2 sizes - 78ml and 128 ml.Price each",Missing
GBRnd78AnSpIvyGl,,,"Rounddesign78 ml,  2.65oz Clear glass bottle  withivory vintage style bulb sprayerwithshiny gold collar cap.For use with cologne, Eau de Parfum, air freshner, face and body spray, or room spray. Antique or vintage bulb sprayers enhance the beauty of your product.Round design bottle is available in 2 sizes - 78ml and 128 ml.Price each",Missing
GBRnd78AnSpBlk,GBRnd78AnSpBlk,$5.61,"Round design 78 ml, 2.65oz clear glass bottle with black vintage style bulb sprayer with shiny silver collar cap. For use with cologne, Eau de Parfum, air freshner, face and body spray, or room spray. Antique or vintage bulb sprayers enhance the beauty",Found
GBRnd78AnSpWht,,,"Rounddesign78 ml,  2.65oz Clear glass bottle  withwhite vintage style bulb sprayerwithshiny silver collar cap.For use with cologne, Eau de Parfum, air freshner, face and body spray, or room spray. Antique or vintage bulb sprayers enhance the beauty of your product.Round design bottle is available in 2 sizes - 78ml and 128 ml.Price each",Missing
GBRnd78AnSpRed,,,"Rounddesign78 ml,  2.65oz Clear glass bottle  withred vintage style bulb sprayerwithshiny silver collar cap.For use with cologne, Eau de Parfum, air freshner, face and body spray, or room spray. Antique or vintage bulb sprayers enhance the beauty of your product.Round design bottle is available in 2 sizes - 78ml and 128 ml.Price each",Missing
GBRnd78AnSpTslLvn,,,"Rounddesign78 ml,  2.65oz Clear glass bottle  withLavender vintage style bulb sprayer with Tasselandshiny silver collar cap.For use with cologne, Eau de Parfum, air freshner, face and body spray, or room spray. Antique or vintage bulb sprayers enhance the beauty of your product.Round design bottle is available in 2 sizes - 78ml and 128 ml.Price each",Missing
GBRnd78AnSpTslIvyGl,,,"Rounddesign78 ml,  2.65oz Clear glass bottle  withIvory vintage style bulb sprayer with tasselandshiny gold collar cap.For use with cologne, Eau de Parfum, air freshner, face and body spray, or room spray. Antique or vintage bulb sprayers enhance the beauty of your product.Round design bottle is available in 2 sizes - 78ml and 128 ml.Price each",Missing
GBRnd78AnSpTslIvySl,,,"Rounddesign78 ml,  2.65oz Clear glass bottle  withIvory vintage style bulb sprayer with tasselandshiny silver collar cap.For use with cologne, Eau de Parfum, air freshner, face and body spray, or room spray. Antique or vintage bulb sprayers enhance the beauty of your product.Round design bottle is available in 2 sizes - 78ml and 128 ml.Price each",Missing
GBRnd78AnSpTslWht,,,"Rounddesign78 ml,  2.65oz Clear glass bottle  withWhite vintage style bulb sprayer with tasselandshiny silver collar cap.For use with cologne, Eau de Parfum, air freshner, face and body spray, or room spray. Antique or vintage bulb sprayers enhance the beauty of your product.Round design bottle is available in 2 sizes - 78ml and 128 ml.Price each",Missing
GBRnd78AnSpTslPnk,,,"Rounddesign78 ml,  2.65oz Clear glass bottle  withPink vintage style bulb sprayer with tasselandshiny gold collar cap.For use with cologne, Eau de Parfum, air freshner, face and body spray, or room spray. Antique or vintage bulb sprayers enhance the beauty of your product.Round design bottle is available in 2 sizes - 78ml and 128 ml.Price each",Missing
GBRnd78AnSpTslRed,,,"Rounddesign78 ml,  2.65oz Clear glass bottle  withRed vintage style bulb sprayer with tasselandshiny silver collar cap.For use with cologne, Eau de Parfum, air freshner, face and body spray, or room spray. Antique or vintage bulb sprayers enhance the beauty of your product.Round design bottle is available in 2 sizes - 78ml and 128 ml.Price each",Missing
GBRnd78AnSpTslBlk,GBRnd78AnSpTslBlk,$6.32,"Round design 78 ml, 2.65oz clear glass bottle with Black vintage style bulb sprayer with tasseland shiny silver collar cap. For use with cologne, Eau de Parfum, air freshner, face and body spray, or room spray. Antique or vintage bulb sprayers enhance",Found
GBRnd78AnSpTslMtSl,,,"Rounddesign78 ml,  2.65oz Clear glass bottle  withSilver vintage style bulb sprayer with tasselandmatte silver collar cap.For use with cologne, Eau de Parfum, air freshner, face and body spray, or room spray. Antique or vintage bulb sprayers enhance the beauty of your product.Round design bottle is available in 2 sizes - 78ml and 128 ml.Price each",Missing
GBRnd78AnSpTslGl,,,"Rounddesign78 ml,  2.65oz Clear glass bottle  withGold vintage style bulb sprayer with tasselandshiny gold collar cap.For use with cologne, Eau de Parfum, air freshner, face and body spray, or room spray. Antique or vintage bulb sprayers enhance the beauty of your product.Round design bottle is available in 2 sizes - 78ml and 128 ml.Price each",Missing
GBRnd78RdcrPnkLthr,,,"Rounddesign78 ml,  2.65oz Clear glass bottle  withreducerandpink faux leather cap.For use with cologne, aftershave, splash on, and perfume or fragrance oil, beard oils.Round design bottle is available in 2 sizes - 78ml and 128 ml.Price each",Missing
GBRnd78RdcrIvyLthr,,,"Rounddesign78 ml,  2.65oz Clear glass bottle  withreducerandivory faux leather cap.For use with cologne, aftershave, splash on, and perfume or fragrance oil, beard oils.Round design bottle is available in 2 sizes - 78ml and 128 ml.Price each",Missing
GBRnd78SpryCu,GBRnd78SpryCu,$2.90,"Round design 78 ml, 2.65oz clear glass bottle with matte copper spray pump. For use with cologne, Eau de Parfum, air freshner, face and body spray, or room spray. Round design bottle is available in 2 sizes - 78ml and 128 ml.",Found
LBRnd78LtnCu,,,"Rounddesign78 ml,  2.65oz Clear glass bottle  withmatte copper lotion pump00.For use with lotions, moisturizer, and serums.Round design bottle is available in 2 sizes - 78ml and 128 ml.Price each",Missing
GBRndFrst128RdcrShnGl,,,"Rounddesign128 ml,  4.33ozFrosted glass bottlewithreducerandshiny gold cap.For use with cologne, aftershave, splash on, and perfume or fragrance oil, beard oils.Round design bottle is available in 2 sizes - 78ml and 128 ml.Price each",Missing
GBRndFrst128RdcrShnBlkTall,,,"Rounddesign128 ml,  4.33ozFrosted glass bottlewithreducerandtall black shiny cap.For use with cologne, aftershave, splash on, and perfume or fragrance oil, beard oils.Round design bottle is available in 2 sizes - 78ml and 128 ml.Price each",Missing
GBRndFrst128RdcrShnBlk,,,"Rounddesign128 ml,  4.33ozFrosted glass bottlewithreducerandblack shiny cap.For use with cologne, aftershave, splash on, and perfume or fragrance oil, beard oils.Round design bottle is available in 2 sizes - 78ml and 128 ml.Price each",Missing
GBRndFrst128RdcrBlkLthr,GBRndFrst128RdcrBlkLthr,$2.66,"Round design 128 ml, 4.33oz frosted glass bottle with reducer and black faux leather cap. For use with cologne, aftershave, splash on, and perfume or fragrance oil, beard oils. Round design bottle is available in 2 sizes - 78ml and 128 ml.",Found
GBRndFrst128RdcrBrwnLthr,,,"Rounddesign128 ml,  4.33ozFrosted glass bottlewithreducerandbrown faux leather cap.For use with cologne, aftershave, splash on, and perfume or fragrance oil, beard oils.Round design bottle is available in 2 sizes - 78ml and 128 ml.Price each",Missing
GBRndFrst128RdcrLBrwnLthr,,,"Rounddesign128 ml,  4.33ozFrosted glass bottlewithreducerandlight brown faux leather cap.For use with cologne, aftershave, splash on, and perfume or fragrance oil, beard oils.Round design bottle is available in 2 sizes - 78ml and 128 ml.Price each",Missing
GBRndFrst128RdcrShnSl,,,"Rounddesign128 ml,  4.33ozFrosted glass bottlewithreducerandshiny silver cap.For use with cologne, aftershave, splash on, and perfume or fragrance oil, beard oils.Round design bottle is available in 2 sizes - 78ml and 128 ml.Price each",Missing
GBRndFrst128RdcrMtSlTall,,,"Rounddesign128 ml,  4.33ozFrosted glass bottlewithreducerandtall silver matte cap.For use with cologne, aftershave, splash on, and perfume or fragrance oil, beard oils.Round design bottle is available in 2 sizes - 78ml and 128 ml.Price each",Missing
GBRndFrst128RdcrMtSl,,,"Rounddesign128 ml,  4.33ozFrosted glass bottlewithreducerandsilver matte cap.For use with cologne, aftershave, splash on, and perfume or fragrance oil, beard oils.Round design bottle is available in 2 sizes - 78ml and 128 ml.Price each",Missing
GBRndFrst128RdcrWht,,,"Rounddesign128 ml,  4.33ozFrosted glass bottlewithreducerandwhite cap.For use with cologne, aftershave, splash on, and perfume or fragrance oil, beard oils.Round design bottle is available in 2 sizes - 78ml and 128 ml.Price each",Missing
GBRndFrst128SpryMtGl,,,"Rounddesign128 ml,  4.33ozFrosted glass bottlewithmatte gold spray pump.For use with cologne, Eau de Parfum, air freshner, face and body spray, or room spray.Round design bottle is available in 2 sizes - 78ml and 128 ml.Price each",Missing
LBRndFrst128LtnMtGl,,,"Rounddesign128 ml,  4.33ozFrosted glass bottlewithmatte gold lotion pump0.For use with lotions, moisturizer, and serums.Round design bottle is available in 2 sizes - 78ml and 128 ml.Price each",Missing
GBRndFrst128SpryShnGl,,,"Rounddesign128 ml,  4.33ozFrosted glass bottlewithshiny gold spray pump.For use with cologne, Eau de Parfum, air freshner, face and body spray, or room spray.Round design bottle is available in 2 sizes - 78ml and 128 ml.Price each",Missing
LBRndFrst128LtnShnGl,,,"Rounddesign128 ml,  4.33ozFrosted glass bottlewithshiny gold lotion pump.For use with lotions, moisturizer, and serums.Round design bottle is available in 2 sizes - 78ml and 128 ml.Price each",Missing
GBRndFrst128SpryShnBlk,,,"Rounddesign128 ml,  4.33ozFrosted glass bottlewithshiny black spray pump.For use with cologne, Eau de Parfum, air freshner, face and body spray, or room spray.Round design bottle is available in 2 sizes - 78ml and 128 ml.Price each",Missing
LBRndFrst128LtnShnBlk,,,"Rounddesign128 ml,  4.33ozFrosted glass bottlewithshiny black lotion pump.For use with lotions, moisturizer, and serums.Round design bottle is available in 2 sizes - 78ml and 128 ml.Price each",Missing
GBRndFrst128SpryMtSl,,,"Rounddesign128 ml,  4.33ozFrosted glass bottlewithmatte silver spray pump.For use with cologne, Eau de Parfum, air freshner, face and body spray, or room spray.Round design bottle is available in 2 sizes - 78ml and 128 ml.Price each",Missing
LBRndFrst128LtnMtSl,,,"Rounddesign128 ml,  4.33ozFrosted glass bottlewithmatte silver lotion pump.For use with lotions, moisturizer, and serums.Round design bottle is available in 2 sizes - 78ml and 128 ml.Price each",Missing
LBRndFrst128LtnClOvrCap,LBRndFrst128LtnClOvrCap,$3.37,"Round design 128 ml, 4.33oz frosted glass bottle with with a matte silver collar treatment pump and clear overcap. For use with serums, light creams, moisturizers, facial oils or face oils, beard oils, body lotions, body wash, and hair products. Round des",Found
GBRndFrst128SpryShnSl,,,"Rounddesign128 ml,  4.33ozFrosted glass bottlewithshiny silver spray pump.For use with cologne, Eau de Parfum, air freshner, face and body spray, or room spray.Round design bottle is available in 2 sizes - 78ml and 128 ml.Price each",Missing
LBRndFrst128LtnShnSl,,,"Rounddesign128 ml,  4.33ozFrosted glass bottlewithshiny silver lotion pump.For use with lotions, moisturizer, and serums.Round design bottle is available in 2 sizes - 78ml and 128 ml.Price each",Missing
GBRndFrst128AnSpLvn,,,"Rounddesign128 ml,  4.33ozFrosted glass bottlewithlavender vintage style bulb sprayerwithshiny silver collar cap.For use with cologne, Eau de Parfum, air freshner, face and body spray, or room spray. Antique or vintage bulb sprayers enhance the beauty of your product.Round design bottle is available in 2 sizes - 78ml and 128 ml.Price each",Missing
GBRndFrst128AnSpPnk,,,"Rounddesign128 ml,  4.33ozFrosted glass bottlewithpink vintage style bulb sprayerwithshiny gold collar cap.For use with cologne, Eau de Parfum, air freshner, face and body spray, or room spray. Antique or vintage bulb sprayers enhance the beauty of your product.Round design bottle is available in 2 sizes - 78ml and 128 ml.Price each",Missing
GBRndFrst128AnSpMtSl,,,"Rounddesign128 ml,  4.33ozFrosted glass bottlewithmatte silver vintage style sprayerwithmatte silver collar cap.For use with cologne, Eau de Parfum, air freshner, face and body spray, or room spray. Antique or vintage bulb sprayers enhance the beauty of your product.Round design bottle is available in 2 sizes - 78ml and 128 ml.Price each",Missing
GBRndFrst128AnSpIvySl,,,"Rounddesign128 ml,  4.33ozFrosted glass bottlewithivory vintage style bulb sprayerwithshiny silver collar cap.For use with cologne, Eau de Parfum, air freshner, face and body spray, or room spray. Antique or vintage bulb sprayers enhance the beauty of your product.Round design bottle is available in 2 sizes - 78ml and 128 ml.Price each",Missing
GBRndFrst128AnSpGl,,,"Rounddesign128 ml,  4.33ozFrosted glass bottlewithgold vintage style sprayerwithshiny gold collar cap.For use with cologne, Eau de Parfum, air freshner, face and body spray, or room spray. Antique or vintage bulb sprayers enhance the beauty of your product.Round design bottle is available in 2 sizes - 78ml and 128 ml.Price each",Missing
GBRndFrst128AnSpIvyGl,,,"Rounddesign128 ml,  4.33ozFrosted glass bottlewithivory vintage style bulb sprayerwithshiny gold collar cap.For use with cologne, Eau de Parfum, air freshner, face and body spray, or room spray. Antique or vintage bulb sprayers enhance the beauty of your product.Round design bottle is available in 2 sizes - 78ml and 128 ml.Price each",Missing
GBRndFrst128AnSpBlk,GBRndFrst128AnSpBlk,$6.08,"Round design 128 ml, 4.33oz frosted glass bottle with black vintage style bulb sprayer with shiny silver collar cap. For use with cologne, Eau de Parfum, air freshner, face and body spray, or room spray. Antique or vintage bulb sprayers enhance the beaut",Found
GBRndFrst128AnSpWht,,,"Rounddesign128 ml,  4.33ozFrosted glass bottlewithwhite vintage style bulb sprayerwithshiny silver collar cap.For use with cologne, Eau de Parfum, air freshner, face and body spray, or room spray. Antique or vintage bulb sprayers enhance the beauty of your product.Round design bottle is available in 2 sizes - 78ml and 128 ml.Price each",Missing
GBRndFrst128AnSpRed,,,"Rounddesign128 ml,  4.33ozFrosted glass bottlewithred vintage style bulb sprayerwithshiny silver collar cap.For use with cologne, Eau de Parfum, air freshner, face and body spray, or room spray. Antique or vintage bulb sprayers enhance the beauty of your product.Round design bottle is available in 2 sizes - 78ml and 128 ml.Price each",Missing
GBRndFrst128AnSpTslLvn,,,"Rounddesign128 ml,  4.33ozFrosted glass bottlewithLavender vintage style bulb sprayer with Tasselandshiny silver collar cap.For use with cologne, Eau de Parfum, air freshner, face and body spray, or room spray. Antique or vintage bulb sprayers enhance the beauty of your product.Round design bottle is available in 2 sizes - 78ml and 128 ml.Price each",Missing
GBRndFrst128AnSpTslIvyGl,,,"Rounddesign128 ml,  4.33ozFrosted glass bottlewithIvory vintage style bulb sprayer with tasselandshiny gold collar cap.For use with cologne, Eau de Parfum, air freshner, face and body spray, or room spray. Antique or vintage bulb sprayers enhance the beauty of your product.Round design bottle is available in 2 sizes - 78ml and 128 ml.Price each",Missing
GBRndFrst128AnSpTslIvySl,,,"Rounddesign128 ml,  4.33ozFrosted glass bottlewithIvory vintage style bulb sprayer with tasselandshiny silver collar cap.For use with cologne, Eau de Parfum, air freshner, face and body spray, or room spray. Antique or vintage bulb sprayers enhance the beauty of your product.Round design bottle is available in 2 sizes - 78ml and 128 ml.Price each",Missing
GBRndFrst128AnSpTslWht,,,"Rounddesign128 ml,  4.33ozFrosted glass bottlewithWhite vintage style bulb sprayer with tasselandshiny silver collar cap.For use with cologne, Eau de Parfum, air freshner, face and body spray, or room spray. Antique or vintage bulb sprayers enhance the beauty of your product.Round design bottle is available in 2 sizes - 78ml and 128 ml.Price each",Missing
GBRndFrst128AnSpTslPnk,,,"Rounddesign128 ml,  4.33ozFrosted glass bottlewithPink vintage style bulb sprayer with tasselandshiny gold collar cap.For use with cologne, Eau de Parfum, air freshner, face and body spray, or room spray. Antique or vintage bulb sprayers enhance the beauty of your product.Round design bottle is available in 2 sizes - 78ml and 128 ml.Price each",Missing
GBRndFrst128AnSpTslRed,,,"Rounddesign128 ml,  4.33ozFrosted glass bottlewithRed vintage style bulb sprayer with tasselandshiny silver collar cap.For use with cologne, Eau de Parfum, air freshner, face and body spray, or room spray. Antique or vintage bulb sprayers enhance the beauty of your product.Round design bottle is available in 2 sizes - 78ml and 128 ml.Price each",Missing
GBRndFrst128AnSpTslBlk,GBRndFrst128AnSpTslBlk,$6.79,"Round design 128 ml, 4.33oz frosted glass bottle with Black vintage style bulb sprayer with tasseland shiny silver collar cap. For use with cologne, Eau de Parfum, air freshner, face and body spray, or room spray. Antique or vintage bulb sprayers enhance",Found
GBRndFrst128AnSpTslMtSl,,,"Rounddesign128 ml,  4.33ozFrosted glass bottlewithSilver vintage style bulb sprayer with tasselandmatte silver collar cap.For use with cologne, Eau de Parfum, air freshner, face and body spray, or room spray. Antique or vintage bulb sprayers enhance the beauty of your product.Round design bottle is available in 2 sizes - 78ml and 128 ml.Price each",Missing
GBRndFrst128AnSpTslGl,,,"Rounddesign128 ml,  4.33ozFrosted glass bottlewithGold vintage style bulb sprayer with tasselandshiny gold collar cap.For use with cologne, Eau de Parfum, air freshner, face and body spray, or room spray. Antique or vintage bulb sprayers enhance the beauty of your product.Round design bottle is available in 2 sizes - 78ml and 128 ml.Price each",Missing
GBRndFrst128DrpSl,,,"Rounddesign128 ml,  4.33ozFrosted glass bottlewithwhite dropperwithshiny silver collar cap.For use with perfume oils, diffuser oils, serums, primers, facial oils or face oils, moisturizer, and beard oils.Round design bottle is available in 2 sizes - 78ml and 128 ml.Price each",Missing
GBRndFrst128DrpCu,GBRndFrst128DrpCu,$2.57,"Round design 128 ml, 4.33oz frosted glass bottle with white dropper with shiny copper collar cap. For use with perfume oils, diffuser oils, serums, primers, facial oils or face oils, moisturizer, and beard oils.Round design bottle is available in 2 sizes",Found
GBRndFrst128DrpGl,,,"Rounddesign128 ml,  4.33ozFrosted glass bottlewithwhite dropperwithshiny copper collar cap.For use with perfume oils, diffuser oils, serums, primers, facial oils or face oils, moisturizer, and beard oils.Round design bottle is available in 2 sizes - 78ml and 128 ml.Price each",Missing
GBRndFrst128RdcrPnkLthr,,,"Rounddesign128 ml,  4.33ozFrosted glass bottlewithreducerandpink faux leather cap.For use with cologne, aftershave, splash on, and perfume or fragrance oil, beard oils.Round design bottle is available in 2 sizes - 78ml and 128 ml.Price each",Missing
GBRndFrst128RdcrIvyLthr,,,"Rounddesign128 ml,  4.33ozFrosted glass bottlewithreducerandivory faux leather cap.For use with cologne, aftershave, splash on, and perfume or fragrance oil, beard oils.Round design bottle is available in 2 sizes - 78ml and 128 ml.Price each",Missing
GBRndFrst128SpryCu,GBRndFrst128SpryCu,$3.37,"Round design 128 ml, 4.33oz frosted glass bottle with matte copper spray pump. For use with cologne, Eau de Parfum, air freshner, face and body spray, or room spray. Round design bottle is available in 2 sizes - 78ml and 128 ml.",Found
LBRndFrst128LtnCu,,,"Rounddesign128 ml,  4.33ozFrosted glass bottlewithmatte copper lotion pump00.For use with lotions, moisturizer, and serums.Round design bottle is available in 2 sizes - 78ml and 128 ml.Price each",Missing
GBSlk30RdcrShnGl,,,"Sleekdesign30 ml,  1oz Clear glass bottle  withreducerandshiny gold cap.For use with cologne, aftershave, splash on, and perfume or fragrance oil, beard oils.Sleek design bottle is a family of bottles available in 5ml, 8ml, 30m, 50ml and 100ml.Price each",Missing
GBSlk30RdcrShnBlkTall,,,"Sleekdesign30 ml,  1oz Clear glass bottle  withreducerandtall black shiny cap.For use with cologne, aftershave, splash on, and perfume or fragrance oil, beard oils.Sleek design bottle is a family of bottles available in 5ml, 8ml, 30m, 50ml and 100ml.Price each",Missing
GBSlk30RdcrShnBlk,,,"Sleekdesign30 ml,  1oz Clear glass bottle  withreducerandblack shiny cap.For use with cologne, aftershave, splash on, and perfume or fragrance oil, beard oils.Sleek design bottle is a family of bottles available in 5ml, 8ml, 30m, 50ml and 100ml.Price each",Missing
GBSlk30RdcrBlkLthr,GBSlk30RdcrBlkLthr,$1.71,"Sleek design 30 ml, 1oz clear glass bottle with reducer and black faux leather cap. For use with cologne, aftershave, splash on, and perfume or fragrance oil, beard oils. Sleek design bottle is a family of bottles available in 5ml, 8ml, 30m, 50ml and 10",Found
GBSlk30RdcrBrwnLthr,,,"Sleekdesign30 ml,  1oz Clear glass bottle  withreducerandbrown faux leather cap.For use with cologne, aftershave, splash on, and perfume or fragrance oil, beard oils.Sleek design bottle is a family of bottles available in 5ml, 8ml, 30m, 50ml and 100ml.Price each",Missing
GBSlk30RdcrLBrwnLthr,,,"Sleekdesign30 ml,  1oz Clear glass bottle  withreducerandlight brown faux leather cap.For use with cologne, aftershave, splash on, and perfume or fragrance oil, beard oils.Sleek design bottle is a family of bottles available in 5ml, 8ml, 30m, 50ml and 100ml.Price each",Missing
GBSlk30RdcrShnSl,,,"Sleekdesign30 ml,  1oz Clear glass bottle  withreducerandshiny silver cap.For use with cologne, aftershave, splash on, and perfume or fragrance oil, beard oils.Sleek design bottle is a family of bottles available in 5ml, 8ml, 30m, 50ml and 100ml.Price each",Missing
GBSlk30RdcrMtSlTall,,,"Sleekdesign30 ml,  1oz Clear glass bottle  withreducerandtall silver matte cap.For use with cologne, aftershave, splash on, and perfume or fragrance oil, beard oils.Sleek design bottle is a family of bottles available in 5ml, 8ml, 30m, 50ml and 100ml.Price each",Missing
GBSlk30RdcrMtSl,,,"Sleekdesign30 ml,  1oz Clear glass bottle  withreducerandsilver matte cap.For use with cologne, aftershave, splash on, and perfume or fragrance oil, beard oils.Sleek design bottle is a family of bottles available in 5ml, 8ml, 30m, 50ml and 100ml.Price each",Missing
GBSlk30RdcrWht,,,"Sleekdesign30 ml,  1oz Clear glass bottle  withreducerandwhite cap.For use with cologne, aftershave, splash on, and perfume or fragrance oil, beard oils.Sleek design bottle is a family of bottles available in 5ml, 8ml, 30m, 50ml and 100ml.Price each",Missing
GBSlk30SpryMtGl,,,"Sleekdesign30 ml,  1oz Clear glass bottle  withmatte gold spray pump0.For use with cologne, Eau de Parfum, air freshner, face and body spray, or room spray.Sleek design bottle is a family of bottles available in 5ml, 8ml, 30m, 50ml and 100ml.Price each",Missing
LBSlk30LtnMtGl,,,"Sleekdesign30 ml,  1oz Clear glass bottle  withmatte gold lotion pump00.For use with lotions, moisturizer, and serums.Sleek design bottle is a family of bottles available in 5ml, 8ml, 30m, 50ml and 100ml.Price each",Missing
GBSlk30SpryShnGl,,,"Sleekdesign30 ml,  1oz Clear glass bottle  withshiny gold spray pump.For use with cologne, Eau de Parfum, air freshner, face and body spray, or room spray.Sleek design bottle is a family of bottles available in 5ml, 8ml, 30m, 50ml and 100ml.Price each",Missing
LBSlk30LtnShnGl,,,"Sleekdesign30 ml,  1oz Clear glass bottle  withshiny gold lotion pump.For use with lotions, moisturizer, and serums.Sleek design bottle is a family of bottles available in 5ml, 8ml, 30m, 50ml and 100ml.Price each",Missing
GBSlk30SpryShnBlk,,,"Sleekdesign30 ml,  1oz Clear glass bottle  withshiny black spray pump.For use with cologne, Eau de Parfum, air freshner, face and body spray, or room spray.Sleek design bottle is a family of bottles available in 5ml, 8ml, 30m, 50ml and 100ml.Price each",Missing
LBSlk30LtnShnBlk,,,"Sleekdesign30 ml,  1oz Clear glass bottle  withshiny black lotion pump.For use with lotions, moisturizer, and serums.Sleek design bottle is a family of bottles available in 5ml, 8ml, 30m, 50ml and 100ml.Price each",Missing
GBSlk30SpryMtSl,,,"Sleekdesign30 ml,  1oz Clear glass bottle  withmatte silver spray pump.For use with cologne, Eau de Parfum, air freshner, face and body spray, or room spray.Sleek design bottle is a family of bottles available in 5ml, 8ml, 30m, 50ml and 100ml.Price each",Missing
LBSlk30LtnMtSl,,,"Sleekdesign30 ml,  1oz Clear glass bottle  withmatte silver lotion pump.For use with lotions, moisturizer, and serums.Sleek design bottle is a family of bottles available in 5ml, 8ml, 30m, 50ml and 100ml.Price each",Missing
LBSlk30LtnClOvrCap,LBSlk30LtnClOvrCap,$2.42,"Sleek design 30 ml, 1oz clear glass bottle with with a matte silver collar treatment pump and clear overcap. For use with serums, light creams, moisturizers, facial oils or face oils, beard oils, body lotions, body wash, and hair products. Sleek design bo",Found
GBSlk30SpryShnSl,,,"Sleekdesign30 ml,  1oz Clear glass bottle  withshiny silver spray pump.For use with cologne, Eau de Parfum, air freshner, face and body spray, or room spray.Sleek design bottle is a family of bottles available in 5ml, 8ml, 30m, 50ml and 100ml.Price each",Missing
LBSlk30LtnShnSl,,,"Sleekdesign30 ml,  1oz Clear glass bottle  withshiny silver lotion pump.For use with lotions, moisturizer, and serums.Sleek design bottle is a family of bottles available in 5ml, 8ml, 30m, 50ml and 100ml.Price each",Missing
GBSlk30AnSpLvn,,,"Sleekdesign30 ml,  1oz Clear glass bottle  withlavender vintage style bulb sprayerwithshiny silver collar cap.For use with cologne, Eau de Parfum, air freshner, face and body spray, or room spray. Antique or vintage bulb sprayers enhance the beauty of your product.Sleek design bottle is a family of bottles available in 5ml, 8ml, 30m, 50ml and 100ml.Price each",Missing
GBSlk30AnSpPnk,,,"Sleekdesign30 ml,  1oz Clear glass bottle  withpink vintage style bulb sprayerwithshiny gold collar cap.For use with cologne, Eau de Parfum, air freshner, face and body spray, or room spray. Antique or vintage bulb sprayers enhance the beauty of your product.Sleek design bottle is a family of bottles available in 5ml, 8ml, 30m, 50ml and 100ml.Price each",Missing
GBSlk30AnSpMtSl,,,"Sleekdesign30 ml,  1oz Clear glass bottle  withmatte silver vintage style sprayerwithmatte silver collar cap.For use with cologne, Eau de Parfum, air freshner, face and body spray, or room spray. Antique or vintage bulb sprayers enhance the beauty of your product.Sleek design bottle is a family of bottles available in 5ml, 8ml, 30m, 50ml and 100ml.Price each",Missing
GBSlk30AnSpIvySl,,,"Sleekdesign30 ml,  1oz Clear glass bottle  withivory vintage style bulb sprayerwithshiny silver collar cap.For use with cologne, Eau de Parfum, air freshner, face and body spray, or room spray. Antique or vintage bulb sprayers enhance the beauty of your product.Sleek design bottle is a family of bottles available in 5ml, 8ml, 30m, 50ml and 100ml.Price each",Missing
GBSlk30AnSpGl,,,"Sleekdesign30 ml,  1oz Clear glass bottle  withgold vintage style sprayerwithshiny gold collar cap.For use with cologne, Eau de Parfum, air freshner, face and body spray, or room spray. Antique or vintage bulb sprayers enhance the beauty of your product.Sleek design bottle is a family of bottles available in 5ml, 8ml, 30m, 50ml and 100ml.Price each",Missing
GBSlk30AnSpIvyGl,,,"Sleekdesign30 ml,  1oz Clear glass bottle  withivory vintage style bulb sprayerwithshiny gold collar cap.For use with cologne, Eau de Parfum, air freshner, face and body spray, or room spray. Antique or vintage bulb sprayers enhance the beauty of your product.Sleek design bottle is a family of bottles available in 5ml, 8ml, 30m, 50ml and 100ml.Price each",Missing
GBSlk30AnSpBlk,GBSlk30AnSpBlk,$5.13,"Sleek design 30 ml, 1oz clear glass bottle with black vintage style bulb sprayer with shiny silver collar cap. For use with cologne, Eau de Parfum, air freshner, face and body spray, or room spray. Antique or vintage bulb sprayers enhance the beauty of",Found
GBSlk30AnSpWht,,,"Sleekdesign30 ml,  1oz Clear glass bottle  withwhite vintage style bulb sprayerwithshiny silver collar cap.For use with cologne, Eau de Parfum, air freshner, face and body spray, or room spray. Antique or vintage bulb sprayers enhance the beauty of your product.Sleek design bottle is a family of bottles available in 5ml, 8ml, 30m, 50ml and 100ml.Price each",Missing
GBSlk30AnSpRed,,,"Sleekdesign30 ml,  1oz Clear glass bottle  withred vintage style bulb sprayerwithshiny silver collar cap.For use with cologne, Eau de Parfum, air freshner, face and body spray, or room spray. Antique or vintage bulb sprayers enhance the beauty of your product.Sleek design bottle is a family of bottles available in 5ml, 8ml, 30m, 50ml and 100ml.Price each",Missing
GBSlk30DrpSl,,,"Sleekdesign30 ml,  1oz Clear glass bottle  withwhite dropperwithshiny silver collar cap.For use with perfume oils, diffuser oils, serums, primers, facial oils or face oils, moisturizer, and beard oils.Sleek design bottle is a family of bottles available in 5ml, 8ml, 30m, 50ml and 100ml.Price each",Missing
GBSlk30DrpCu,GBSlk30DrpCu,$1.62,"Sleek design 30 ml, 1oz clear glass bottle with white dropper with shiny copper collar cap. For use with perfume oils, diffuser oils, serums, primers, facial oils or face oils, moisturizer, and beard oils.Sleek design bottle is a family of bottles avail",Found
GBSlk30DrpGl,,,"Sleekdesign30 ml,  1oz Clear glass bottle  withwhite dropperwithshiny copper collar cap.For use with perfume oils, diffuser oils, serums, primers, facial oils or face oils, moisturizer, and beard oils.Sleek design bottle is a family of bottles available in 5ml, 8ml, 30m, 50ml and 100ml.Price each",Missing
LBSlk30WhtRectClOverCap,,,"Sleekdesign30 ml,  1oz Clear glass bottle  withwhite rectangularwithclear over the cap.For use with lotions, moisturizer, and serums.Sleek design bottle is a family of bottles available in 5ml, 8ml, 30m, 50ml and 100ml.Price each",Missing
GBSlk30RdcrPnkLthr,,,"Sleekdesign30 ml,  1oz Clear glass bottle  withreducerandpink faux leather cap.For use with cologne, aftershave, splash on, and perfume or fragrance oil, beard oils.Sleek design bottle is a family of bottles available in 5ml, 8ml, 30m, 50ml and 100ml.Price each",Missing
GBSlk30RdcrIvyLthr,,,"Sleekdesign30 ml,  1oz Clear glass bottle  withreducerandivory faux leather cap.For use with cologne, aftershave, splash on, and perfume or fragrance oil, beard oils.Sleek design bottle is a family of bottles available in 5ml, 8ml, 30m, 50ml and 100ml.Price each",Missing
GBSlk30SpryCu,GBSlk30SpryCu,$2.42,"Sleek design 30 ml, 1oz clear glass bottle with matte copper spray pump. For use with cologne, Eau de Parfum, air freshner, face and body spray, or room spray. Sleek design bottle is a family of bottles available in 5ml, 8ml, 30m, 50ml and 100ml.",Found
LBSlk30LtnCu,,,"Sleekdesign30 ml,  1oz Clear glass bottle  withmatte copper lotion pump0.For use with lotions, moisturizer, and serums.Sleek design bottle is a family of bottles available in 5ml, 8ml, 30m, 50ml and 100ml.Price each",Missing
GBSlk50RdcrShnGl,,,"Sleekdesign50 ml,  1.7oz Clear glass bottle  withreducerandshiny gold cap.For use with cologne, aftershave, splash on, and perfume or fragrance oil, beard oils.Sleek design bottle is a family of bottles available in 5ml, 8ml, 30m, 50ml and 100ml.Price each",Missing
GBSlk50RdcrShnBlkTall,,,"Sleekdesign50 ml,  1.7oz Clear glass bottle  withreducerandtall black shiny cap.For use with cologne, aftershave, splash on, and perfume or fragrance oil, beard oils.Sleek design bottle is a family of bottles available in 5ml, 8ml, 30m, 50ml and 100ml.Price each",Missing
GBSlk50RdcrShnBlk,,,"Sleekdesign50 ml,  1.7oz Clear glass bottle  withreducerandblack shiny cap.For use with cologne, aftershave, splash on, and perfume or fragrance oil, beard oils.Sleek design bottle is a family of bottles available in 5ml, 8ml, 30m, 50ml and 100ml.Price each",Missing
GBSlk50RdcrBlkLthr,GBSlk50RdcrBlkLthr,$1.85,"Sleek design 50 ml, 1.7oz clear glass bottle with reducer and black faux leather cap. For use with cologne, aftershave, splash on, and perfume or fragrance oil, beard oils. Sleek design bottle is a family of bottles available in 5ml, 8ml, 30m, 50ml and",Found
GBSlk50RdcrBrwnLthr,,,"Sleekdesign50 ml,  1.7oz Clear glass bottle  withreducerandbrown faux leather cap.For use with cologne, aftershave, splash on, and perfume or fragrance oil, beard oils.Sleek design bottle is a family of bottles available in 5ml, 8ml, 30m, 50ml and 100ml.Price each",Missing
GBSlk50RdcrLBrwnLthr,,,"Sleekdesign50 ml,  1.7oz Clear glass bottle  withreducerandlight brown faux leather cap.For use with cologne, aftershave, splash on, and perfume or fragrance oil, beard oils.Sleek design bottle is a family of bottles available in 5ml, 8ml, 30m, 50ml and 100ml.Price each",Missing
GBSlk50RdcrShnSl,,,"Sleekdesign50 ml,  1.7oz Clear glass bottle  withreducerandshiny silver cap.For use with cologne, aftershave, splash on, and perfume or fragrance oil, beard oils.Sleek design bottle is a family of bottles available in 5ml, 8ml, 30m, 50ml and 100ml.Price each",Missing
GBSlk50RdcrMtSlTall,,,"Sleekdesign50 ml,  1.7oz Clear glass bottle  withreducerandtall silver matte cap.For use with cologne, aftershave, splash on, and perfume or fragrance oil, beard oils.Sleek design bottle is a family of bottles available in 5ml, 8ml, 30m, 50ml and 100ml.Price each",Missing
GBSlk50RdcrMtSl,,,"Sleekdesign50 ml,  1.7oz Clear glass bottle  withreducerandsilver matte cap.For use with cologne, aftershave, splash on, and perfume or fragrance oil, beard oils.Sleek design bottle is a family of bottles available in 5ml, 8ml, 30m, 50ml and 100ml.Price each",Missing
GBSlk50RdcrWht,,,"Sleekdesign50 ml,  1.7oz Clear glass bottle  withreducerandwhite cap.For use with cologne, aftershave, splash on, and perfume or fragrance oil, beard oils.Sleek design bottle is a family of bottles available in 5ml, 8ml, 30m, 50ml and 100ml.Price each",Missing
GBSlk50SpryMtGl,,,"Sleekdesign50 ml,  1.7oz Clear glass bottle  withmatte gold spray pump0.For use with cologne, Eau de Parfum, air freshner, face and body spray, or room spray.Sleek design bottle is a family of bottles available in 5ml, 8ml, 30m, 50ml and 100ml.Price each",Missing
LBSlk50LtnMtGl,,,"Sleekdesign50 ml,  1.7oz Clear glass bottle  withmatte gold lotion pump0.For use with lotions, moisturizer, and serums.Sleek design bottle is a family of bottles available in 5ml, 8ml, 30m, 50ml and 100ml.Price each",Missing
GBSlk50SpryShnGl,,,"Sleekdesign50 ml,  1.7oz Clear glass bottle  withshiny gold spray pump.For use with cologne, Eau de Parfum, air freshner, face and body spray, or room spray.Sleek design bottle is a family of bottles available in 5ml, 8ml, 30m, 50ml and 100ml.Price each",Missing
LBSlk50LtnShnGl,,,"Sleekdesign50 ml,  1.7oz Clear glass bottle  withshiny gold lotion pump.For use with lotions, moisturizer, and serums.Sleek design bottle is a family of bottles available in 5ml, 8ml, 30m, 50ml and 100ml.Price each",Missing
GBSlk50SpryShnBlk,,,"Sleekdesign50 ml,  1.7oz Clear glass bottle  withshiny black spray pump.For use with cologne, Eau de Parfum, air freshner, face and body spray, or room spray.Sleek design bottle is a family of bottles available in 5ml, 8ml, 30m, 50ml and 100ml.Price each",Missing
LBSlk50LtnShnBlk,,,"Sleekdesign50 ml,  1.7oz Clear glass bottle  withshiny black lotion pump.For use with lotions, moisturizer, and serums.Sleek design bottle is a family of bottles available in 5ml, 8ml, 30m, 50ml and 100ml.Price each",Missing
GBSlk50SpryMtSl,,,"Sleekdesign50 ml,  1.7oz Clear glass bottle  withmatte silver spray pump.For use with cologne, Eau de Parfum, air freshner, face and body spray, or room spray.Sleek design bottle is a family of bottles available in 5ml, 8ml, 30m, 50ml and 100ml.Price each",Missing
LBSlk50LtnMtSl,,,"Sleekdesign50 ml,  1.7oz Clear glass bottle  withmatte silver lotion pump.For use with lotions, moisturizer, and serums.Sleek design bottle is a family of bottles available in 5ml, 8ml, 30m, 50ml and 100ml.Price each",Missing
LBSlk50LtnClOvrCap,LBSlk50LtnClOvrCap,$2.57,"Sleek design 50 ml, 1.7oz clear glass bottle with with a matte silver collar treatment pump and clear overcap. For use with perfume or fragrance oil, essential oils, aromatic oils and aromatherapy. . Sleek design bottle is a family of bottles available",Found
GBSlk50SpryShnSl,,,"Sleekdesign50 ml,  1.7oz Clear glass bottle  withshiny silver spray pump.For use with cologne, Eau de Parfum, air freshner, face and body spray, or room spray.Sleek design bottle is a family of bottles available in 5ml, 8ml, 30m, 50ml and 100ml.Price each",Missing
LBSlk50LtnShnSl,,,"Sleekdesign50 ml,  1.7oz Clear glass bottle  withshiny silver lotion pump.For use with lotions, moisturizer, and serums.Sleek design bottle is a family of bottles available in 5ml, 8ml, 30m, 50ml and 100ml.Price each",Missing
GBSlk50AnSpLvn,,,"Sleekdesign50 ml,  1.7oz Clear glass bottle  withlavender vintage style bulb sprayerwithshiny silver collar cap.For use with cologne, Eau de Parfum, air freshner, face and body spray, or room spray. Antique or vintage bulb sprayers enhance the beauty of your product.Sleek design bottle is a family of bottles available in 5ml, 8ml, 30m, 50ml and 100ml.Price each",Missing
GBSlk50AnSpPnk,,,"Sleekdesign50 ml,  1.7oz Clear glass bottle  withpink vintage style bulb sprayerwithshiny gold collar cap.For use with cologne, Eau de Parfum, air freshner, face and body spray, or room spray. Antique or vintage bulb sprayers enhance the beauty of your product.Sleek design bottle is a family of bottles available in 5ml, 8ml, 30m, 50ml and 100ml.Price each",Missing
GBSlk50AnSpMtSl,,,"Sleekdesign50 ml,  1.7oz Clear glass bottle  withmatte silver vintage style sprayerwithmatte silver collar cap.For use with cologne, Eau de Parfum, air freshner, face and body spray, or room spray. Antique or vintage bulb sprayers enhance the beauty of your product.Sleek design bottle is a family of bottles available in 5ml, 8ml, 30m, 50ml and 100ml.Price each",Missing
GBSlk50AnSpIvySl,,,"Sleekdesign50 ml,  1.7oz Clear glass bottle  withivory vintage style bulb sprayerwithshiny silver collar cap.For use with cologne, Eau de Parfum, air freshner, face and body spray, or room spray. Antique or vintage bulb sprayers enhance the beauty of your product.Sleek design bottle is a family of bottles available in 5ml, 8ml, 30m, 50ml and 100ml.Price each",Missing
GBSlk50AnSpGl,,,"Sleekdesign50 ml,  1.7oz Clear glass bottle  withgold vintage style sprayerwithshiny gold collar cap.For use with cologne, Eau de Parfum, air freshner, face and body spray, or room spray. Antique or vintage bulb sprayers enhance the beauty of your product.Sleek design bottle is a family of bottles available in 5ml, 8ml, 30m, 50ml and 100ml.Price each",Missing
GBSlk50AnSpIvyGl,,,"Sleekdesign50 ml,  1.7oz Clear glass bottle  withivory vintage style bulb sprayerwithshiny gold collar cap.For use with cologne, Eau de Parfum, air freshner, face and body spray, or room spray. Antique or vintage bulb sprayers enhance the beauty of your product.Sleek design bottle is a family of bottles available in 5ml, 8ml, 30m, 50ml and 100ml.Price each",Missing
GBSlk50AnSpBlk,GBSlk50AnSpBlk,$5.27,"Sleek design 50 ml, 1.7oz clear glass bottle with black vintage style bulb sprayer with shiny silver collar cap. For use with cologne, Eau de Parfum, air freshner, face and body spray, or room spray. Antique or vintage bulb sprayers enhance the beauty",Found
GBSlk50AnSpWht,,,"Sleekdesign50 ml,  1.7oz Clear glass bottle  withwhite vintage style bulb sprayerwithshiny silver collar cap.For use with cologne, Eau de Parfum, air freshner, face and body spray, or room spray. Antique or vintage bulb sprayers enhance the beauty of your product.Sleek design bottle is a family of bottles available in 5ml, 8ml, 30m, 50ml and 100ml.Price each",Missing
GBSlk50AnSpRed,,,"Sleekdesign50 ml,  1.7oz Clear glass bottle  withred vintage style bulb sprayerwithshiny silver collar cap.For use with cologne, Eau de Parfum, air freshner, face and body spray, or room spray. Antique or vintage bulb sprayers enhance the beauty of your product.Sleek design bottle is a family of bottles available in 5ml, 8ml, 30m, 50ml and 100ml.Price each",Missing
GBSlk50AnSpTslLvn,,,"Sleekdesign50 ml,  1.7oz Clear glass bottle  withLavender vintage style bulb sprayer with Tasselandshiny silver collar cap.For use with cologne, Eau de Parfum, air freshner, face and body spray, or room spray. Antique or vintage bulb sprayers enhance the beauty of your product.Sleek design bottle is a family of bottles available in 5ml, 8ml, 30m, 50ml and 100ml.Price each",Missing
GBSlk50AnSpTslIvyGl,,,"Sleekdesign50 ml,  1.7oz Clear glass bottle  withIvory vintage style bulb sprayer with tasselandshiny gold collar cap.For use with cologne, Eau de Parfum, air freshner, face and body spray, or room spray. Antique or vintage bulb sprayers enhance the beauty of your product.Sleek design bottle is a family of bottles available in 5ml, 8ml, 30m, 50ml and 100ml.Price each",Missing
GBSlk50AnSpTslIvySl,,,"Sleekdesign50 ml,  1.7oz Clear glass bottle  withIvory vintage style bulb sprayer with tasselandshiny silver collar cap.For use with cologne, Eau de Parfum, air freshner, face and body spray, or room spray. Antique or vintage bulb sprayers enhance the beauty of your product.Sleek design bottle is a family of bottles available in 5ml, 8ml, 30m, 50ml and 100ml.Price each",Missing
GBSlk50AnSpTslWht,,,"Sleekdesign50 ml,  1.7oz Clear glass bottle  withWhite vintage style bulb sprayer with tasselandshiny silver collar cap.For use with cologne, Eau de Parfum, air freshner, face and body spray, or room spray. Antique or vintage bulb sprayers enhance the beauty of your product.Sleek design bottle is a family of bottles available in 5ml, 8ml, 30m, 50ml and 100ml.Price each",Missing
GBSlk50AnSpTslPnk,,,"Sleekdesign50 ml,  1.7oz Clear glass bottle  withPink vintage style bulb sprayer with tasselandshiny gold collar cap.For use with cologne, Eau de Parfum, air freshner, face and body spray, or room spray. Antique or vintage bulb sprayers enhance the beauty of your product.Sleek design bottle is a family of bottles available in 5ml, 8ml, 30m, 50ml and 100ml.Price each",Missing
GBSlk50AnSpTslRed,,,"Sleekdesign50 ml,  1.7oz Clear glass bottle  withRed vintage style bulb sprayer with tasselandshiny silver collar cap.For use with cologne, Eau de Parfum, air freshner, face and body spray, or room spray. Antique or vintage bulb sprayers enhance the beauty of your product.Sleek design bottle is a family of bottles available in 5ml, 8ml, 30m, 50ml and 100ml.Price each",Missing
GBSlk50AnSpTslBlk,GBSlk50AnSpTslBlk,$5.99,"Sleek design 50 ml, 1.7oz clear glass bottle with Black vintage style bulb sprayer with tasseland shiny silver collar cap. For use with cologne, Eau de Parfum, air freshner, face and body spray, or room spray. Antique or vintage bulb sprayers enhance t",Found
GBSlk50AnSpTslMtSl,,,"Sleekdesign50 ml,  1.7oz Clear glass bottle  withSilver vintage style bulb sprayer with tasselandmatte silver collar cap.For use with cologne, Eau de Parfum, air freshner, face and body spray, or room spray. Antique or vintage bulb sprayers enhance the beauty of your product.Sleek design bottle is a family of bottles available in 5ml, 8ml, 30m, 50ml and 100ml.Price each",Missing
GBSlk50AnSpTslGl,,,"Sleekdesign50 ml,  1.7oz Clear glass bottle  withGold vintage style bulb sprayer with tasselandshiny gold collar cap.For use with cologne, Eau de Parfum, air freshner, face and body spray, or room spray. Antique or vintage bulb sprayers enhance the beauty of your product.Sleek design bottle is a family of bottles available in 5ml, 8ml, 30m, 50ml and 100ml.Price each",Missing
LBSlk50WhtRectClOverCap,,,"Sleekdesign50 ml,  1.7oz Clear glass bottle  withwhite rectangularwithclear over the cap.For use with lotions, moisturizer, and serums.Sleek design bottle is a family of bottles available in 5ml, 8ml, 30m, 50ml and 100ml.Price each",Missing
GBSlk50RdcrPnkLthr,,,"Sleekdesign50 ml,  1.7oz Clear glass bottle  withreducerandpink faux leather cap.For use with cologne, aftershave, splash on, and perfume or fragrance oil, beard oils.Sleek design bottle is a family of bottles available in 5ml, 8ml, 30m, 50ml and 100ml.Price each",Missing
GBSlk50RdcrIvyLthr,,,"Sleekdesign50 ml,  1.7oz Clear glass bottle  withreducerandivory faux leather cap.For use with cologne, aftershave, splash on, and perfume or fragrance oil, beard oils.Sleek design bottle is a family of bottles available in 5ml, 8ml, 30m, 50ml and 100ml.Price each",Missing
GBSlk50SpryCu,GBSlk50SpryCu,$2.57,"Sleek design 50 ml, 1.7oz clear glass bottle with matte copper spray pump. For use with cologne, Eau de Parfum, air freshner, face and body spray, or room spray. Sleek design bottle is a family of bottles available in 5ml, 8ml, 30m, 50ml and 100ml. Pric",Found
LBSlk50LtnCu,,,"Sleekdesign50 ml,  1.7oz Clear glass bottle  withmatte copper lotion pump0.For use with lotions, moisturizer, and serums.Sleek design bottle is a family of bottles available in 5ml, 8ml, 30m, 50ml and 100ml.Price each",Missing
GBSlk100RdcrShnGl,,,"Sleekdesign100 ml,  3 1/2oz Clear glass bottle  withreducerandshiny gold cap.For use with cologne, aftershave, splash on, and perfume or fragrance oil, beard oils.Sleek design bottle is a family of bottles available in 5ml, 8ml, 30m, 50ml and 100ml.Price each",Missing
GBSlk100RdcrShnBlkTall,,,"Sleekdesign100 ml,  3 1/2oz Clear glass bottle  withreducerandtall black shiny cap.For use with cologne, aftershave, splash on, and perfume or fragrance oil, beard oils.Sleek design bottle is a family of bottles available in 5ml, 8ml, 30m, 50ml and 100ml.Price each",Missing
GBSlk100RdcrShnBlk,,,"Sleekdesign100 ml,  3 1/2oz Clear glass bottle  withreducerandblack shiny cap.For use with cologne, aftershave, splash on, and perfume or fragrance oil, beard oils.Sleek design bottle is a family of bottles available in 5ml, 8ml, 30m, 50ml and 100ml.Price each",Missing
GBSlk100RdcrBlkLthr,GBSlk100RdcrBlkLthr,$2.19,"Sleek design 100 ml, 3 1/2oz clear glass bottle with reducer and black faux leather cap. For use with cologne, aftershave, splash on, and perfume or fragrance oil, beard oils. Sleek design bottle is a family of bottles available in 5ml, 8ml, 30m, 50ml a",Found
GBSlk100RdcrBrwnLthr,,,"Sleekdesign100 ml,  3 1/2oz Clear glass bottle  withreducerandbrown faux leather cap.For use with cologne, aftershave, splash on, and perfume or fragrance oil, beard oils.Sleek design bottle is a family of bottles available in 5ml, 8ml, 30m, 50ml and 100ml.Price each",Missing
GBSlk100RdcrLBrwnLthr,,,"Sleekdesign100 ml,  3 1/2oz Clear glass bottle  withreducerandlight brown faux leather cap.For use with cologne, aftershave, splash on, and perfume or fragrance oil, beard oils.Sleek design bottle is a family of bottles available in 5ml, 8ml, 30m, 50ml and 100ml.Price each",Missing
GBSlk100RdcrShnSl,,,"Sleekdesign100 ml,  3 1/2oz Clear glass bottle  withreducerandshiny silver cap.For use with cologne, aftershave, splash on, and perfume or fragrance oil, beard oils.Sleek design bottle is a family of bottles available in 5ml, 8ml, 30m, 50ml and 100ml.Price each",Missing
GBSlk100RdcrMtSlTall,,,"Sleekdesign100 ml,  3 1/2oz Clear glass bottle  withreducerandtall silver matte cap.For use with cologne, aftershave, splash on, and perfume or fragrance oil, beard oils.Sleek design bottle is a family of bottles available in 5ml, 8ml, 30m, 50ml and 100ml.Price each",Missing
GBSlk100RdcrMtSl,,,"Sleekdesign100 ml,  3 1/2oz Clear glass bottle  withreducerandsilver matte cap.For use with cologne, aftershave, splash on, and perfume or fragrance oil, beard oils.Sleek design bottle is a family of bottles available in 5ml, 8ml, 30m, 50ml and 100ml.Price each",Missing
GBSlk100RdcrWht,,,"Sleekdesign100 ml,  3 1/2oz Clear glass bottle  withreducerandwhite cap.For use with cologne, aftershave, splash on, and perfume or fragrance oil, beard oils.Sleek design bottle is a family of bottles available in 5ml, 8ml, 30m, 50ml and 100ml.Price each",Missing
GBSlk100SpryMtGl,,,"Sleekdesign100 ml,  3 1/2oz Clear glass bottle  withmatte gold spray pump0.For use with cologne, Eau de Parfum, air freshner, face and body spray, or room spray.Sleek design bottle is a family of bottles available in 5ml, 8ml, 30m, 50ml and 100ml.Price each",Missing
LBSlk100LtnMtGl,,,"Sleekdesign100 ml,  3 1/2oz Clear glass bottle  withmatte gold lotion pump.For use with lotions, moisturizer, and serums.Sleek design bottle is a family of bottles available in 5ml, 8ml, 30m, 50ml and 100ml.Price each",Missing
GBSlk100SpryShnGl,,,"Sleekdesign100 ml,  3 1/2oz Clear glass bottle  withshiny gold spray pump.For use with cologne, Eau de Parfum, air freshner, face and body spray, or room spray.Sleek design bottle is a family of bottles available in 5ml, 8ml, 30m, 50ml and 100ml.Price each",Missing
LBSlk100LtnShnGl,,,"Sleekdesign100 ml,  3 1/2oz Clear glass bottle  withshiny gold lotion pump0.For use with lotions, moisturizer, and serums.Sleek design bottle is a family of bottles available in 5ml, 8ml, 30m, 50ml and 100ml.Price each",Missing
GBSlk100SpryShnBlk,,,"Sleekdesign100 ml,  3 1/2oz Clear glass bottle  withshiny black spray pump0.For use with cologne, Eau de Parfum, air freshner, face and body spray, or room spray.Sleek design bottle is a family of bottles available in 5ml, 8ml, 30m, 50ml and 100ml.Price each",Missing
LBSlk100LtnShnBlk,,,"Sleekdesign100 ml,  3 1/2oz Clear glass bottle  withshiny black lotion pump0.For use with lotions, moisturizer, and serums.Sleek design bottle is a family of bottles available in 5ml, 8ml, 30m, 50ml and 100ml.Price each",Missing
GBSlk100SpryMtSl,,,"Sleekdesign100 ml,  3 1/2oz Clear glass bottle  withmatte silver spray pump.For use with cologne, Eau de Parfum, air freshner, face and body spray, or room spray.Sleek design bottle is a family of bottles available in 5ml, 8ml, 30m, 50ml and 100ml.Price each",Missing
LBSlk100LtnMtSl,,,"Sleekdesign100 ml,  3 1/2oz Clear glass bottle  withmatte silver lotion pump.For use with lotions, moisturizer, and serums.Sleek design bottle is a family of bottles available in 5ml, 8ml, 30m, 50ml and 100ml.Price each",Missing
LBSlk100LtnClOvrCap,LBSlk100LtnClOvrCap,$2.90,"Sleek design 100 ml, 3 1/2oz clear glass bottle with with a matte silver collar treatment pump and clear overcap. For use with serums, light creams, moisturizers, facial oils or face oils, beard oils, body lotions, body wash, and hair products. Sleek desi",Found
GBSlk100SpryShnSl,,,"Sleekdesign100 ml,  3 1/2oz Clear glass bottle  withshiny silver spray pump.For use with cologne, Eau de Parfum, air freshner, face and body spray, or room spray.Sleek design bottle is a family of bottles available in 5ml, 8ml, 30m, 50ml and 100ml.Price each",Missing
LBSlk100LtnShnSl,,,"Sleekdesign100 ml,  3 1/2oz Clear glass bottle  withshiny silver lotion pump0.For use with lotions, moisturizer, and serums.Sleek design bottle is a family of bottles available in 5ml, 8ml, 30m, 50ml and 100ml.Price each",Missing
GBSlk100AnSpLvn,,,"Sleekdesign100 ml,  3 1/2oz Clear glass bottle  withlavender vintage style bulb sprayerwithshiny silver collar cap.For use with cologne, Eau de Parfum, air freshner, face and body spray, or room spray. Antique or vintage bulb sprayers enhance the beauty of your product.Sleek design bottle is a family of bottles available in 5ml, 8ml, 30m, 50ml and 100ml.Price each",Missing
GBSlk100AnSpPnk,,,"Sleekdesign100 ml,  3 1/2oz Clear glass bottle  withpink vintage style bulb sprayerwithshiny gold collar cap.For use with cologne, Eau de Parfum, air freshner, face and body spray, or room spray. Antique or vintage bulb sprayers enhance the beauty of your product.Sleek design bottle is a family of bottles available in 5ml, 8ml, 30m, 50ml and 100ml.Price each",Missing
GBSlk100AnSpMtSl,,,"Sleekdesign100 ml,  3 1/2oz Clear glass bottle  withmatte silver vintage style sprayerwithmatte silver collar cap.For use with cologne, Eau de Parfum, air freshner, face and body spray, or room spray. Antique or vintage bulb sprayers enhance the beauty of your product.Sleek design bottle is a family of bottles available in 5ml, 8ml, 30m, 50ml and 100ml.Price each",Missing
GBSlk100AnSpIvySl,,,"Sleekdesign100 ml,  3 1/2oz Clear glass bottle  withivory vintage style bulb sprayerwithshiny silver collar cap.For use with cologne, Eau de Parfum, air freshner, face and body spray, or room spray. Antique or vintage bulb sprayers enhance the beauty of your product.Sleek design bottle is a family of bottles available in 5ml, 8ml, 30m, 50ml and 100ml.Price each",Missing
GBSlk100AnSpGl,,,"Sleekdesign100 ml,  3 1/2oz Clear glass bottle  withgold vintage style sprayerwithshiny gold collar cap.For use with cologne, Eau de Parfum, air freshner, face and body spray, or room spray. Antique or vintage bulb sprayers enhance the beauty of your product.Sleek design bottle is a family of bottles available in 5ml, 8ml, 30m, 50ml and 100ml.Price each",Missing
GBSlk100AnSpIvyGl,,,"Sleekdesign100 ml,  3 1/2oz Clear glass bottle  withivory vintage style bulb sprayerwithshiny gold collar cap.For use with cologne, Eau de Parfum, air freshner, face and body spray, or room spray. Antique or vintage bulb sprayers enhance the beauty of your product.Sleek design bottle is a family of bottles available in 5ml, 8ml, 30m, 50ml and 100ml.Price each",Missing
GBSlk100AnSpBlk,GBSlk100AnSpBlk,$5.61,"Sleek design 100 ml, 3 1/2oz clear glass bottle with black vintage style bulb sprayer with shiny silver collar cap. For use with cologne, Eau de Parfum, air freshner, face and body spray, or room spray. Antique or vintage bulb sprayers enhance the beau",Found
GBSlk100AnSpWht,,,"Sleekdesign100 ml,  3 1/2oz Clear glass bottle  withwhite vintage style bulb sprayerwithshiny silver collar cap.For use with cologne, Eau de Parfum, air freshner, face and body spray, or room spray. Antique or vintage bulb sprayers enhance the beauty of your product.Sleek design bottle is a family of bottles available in 5ml, 8ml, 30m, 50ml and 100ml.Price each",Missing
GBSlk100AnSpRed,,,"Sleekdesign100 ml,  3 1/2oz Clear glass bottle  withred vintage style bulb sprayerwithshiny silver collar cap.For use with cologne, Eau de Parfum, air freshner, face and body spray, or room spray. Antique or vintage bulb sprayers enhance the beauty of your product.Sleek design bottle is a family of bottles available in 5ml, 8ml, 30m, 50ml and 100ml.Price each",Missing
GBSlk100AnSpTslLvn,,,"Sleekdesign100 ml,  3 1/2oz Clear glass bottle  withLavender vintage style bulb sprayer with Tasselandshiny silver collar cap.For use with cologne, Eau de Parfum, air freshner, face and body spray, or room spray. Antique or vintage bulb sprayers enhance the beauty of your product.Sleek design bottle is a family of bottles available in 5ml, 8ml, 30m, 50ml and 100ml.Price each",Missing
GBSlk100AnSpTslIvyGl,,,"Sleekdesign100 ml,  3 1/2oz Clear glass bottle  withIvory vintage style bulb sprayer with tasselandshiny gold collar cap.For use with cologne, Eau de Parfum, air freshner, face and body spray, or room spray. Antique or vintage bulb sprayers enhance the beauty of your product.Sleek design bottle is a family of bottles available in 5ml, 8ml, 30m, 50ml and 100ml.Price each",Missing
GBSlk100AnSpTslIvySl,,,"Sleekdesign100 ml,  3 1/2oz Clear glass bottle  withIvory vintage style bulb sprayer with tasselandshiny silver collar cap.For use with cologne, Eau de Parfum, air freshner, face and body spray, or room spray. Antique or vintage bulb sprayers enhance the beauty of your product.Sleek design bottle is a family of bottles available in 5ml, 8ml, 30m, 50ml and 100ml.Price each",Missing
GBSlk100AnSpTslWht,,,"Sleekdesign100 ml,  3 1/2oz Clear glass bottle  withWhite vintage style bulb sprayer with tasselandshiny silver collar cap.For use with cologne, Eau de Parfum, air freshner, face and body spray, or room spray. Antique or vintage bulb sprayers enhance the beauty of your product.Sleek design bottle is a family of bottles available in 5ml, 8ml, 30m, 50ml and 100ml.Price each",Missing
GBSlk100AnSpTslPnk,,,"Sleekdesign100 ml,  3 1/2oz Clear glass bottle  withPink vintage style bulb sprayer with tasselandshiny gold collar cap.For use with cologne, Eau de Parfum, air freshner, face and body spray, or room spray. Antique or vintage bulb sprayers enhance the beauty of your product.Sleek design bottle is a family of bottles available in 5ml, 8ml, 30m, 50ml and 100ml.Price each",Missing
GBSlk100AnSpTslRed,,,"Sleekdesign100 ml,  3 1/2oz Clear glass bottle  withRed vintage style bulb sprayer with tasselandshiny silver collar cap.For use with cologne, Eau de Parfum, air freshner, face and body spray, or room spray. Antique or vintage bulb sprayers enhance the beauty of your product.Sleek design bottle is a family of bottles available in 5ml, 8ml, 30m, 50ml and 100ml.Price each",Missing
GBSlk100AnSpTslBlk,GBSlk100AnSpTslBlk,$6.32,"Sleek design 100 ml, 3 1/2oz clear glass bottle with Black vintage style bulb sprayer with tasseland shiny silver collar cap. For use with cologne, Eau de Parfum, air freshner, face and body spray, or room spray. Antique or vintage bulb sprayers enhanc",Found
GBSlk100AnSpTslMtSl,,,"Sleekdesign100 ml,  3 1/2oz Clear glass bottle  withSilver vintage style bulb sprayer with tasselandmatte silver collar cap.For use with cologne, Eau de Parfum, air freshner, face and body spray, or room spray. Antique or vintage bulb sprayers enhance the beauty of your product.Sleek design bottle is a family of bottles available in 5ml, 8ml, 30m, 50ml and 100ml.Price each",Missing
GBSlk100AnSpTslGl,,,"Sleekdesign100 ml,  3 1/2oz Clear glass bottle  withGold vintage style bulb sprayer with tasselandshiny gold collar cap.For use with cologne, Eau de Parfum, air freshner, face and body spray, or room spray. Antique or vintage bulb sprayers enhance the beauty of your product.Sleek design bottle is a family of bottles available in 5ml, 8ml, 30m, 50ml and 100ml.Price each",Missing
LBSlk100WhtRectClOverCap,,,"Sleekdesign100 ml,  3 1/2oz Clear glass bottle  withwhite rectangularwithclear over the cap.For use with lotions, moisturizer, and serums.Sleek design bottle is a family of bottles available in 5ml, 8ml, 30m, 50ml and 100ml.Price each",Missing
GBSlk100RdcrPnkLthr,,,"Sleekdesign100 ml,  3 1/2oz Clear glass bottle  withreducerandpink faux leather cap.For use with cologne, aftershave, splash on, and perfume or fragrance oil, beard oils.Sleek design bottle is a family of bottles available in 5ml, 8ml, 30m, 50ml and 100ml.Price each",Missing
GBSlk100RdcrIvyLthr,,,"Sleekdesign100 ml,  3 1/2oz Clear glass bottle  withreducerandivory faux leather cap.For use with cologne, aftershave, splash on, and perfume or fragrance oil, beard oils.Sleek design bottle is a family of bottles available in 5ml, 8ml, 30m, 50ml and 100ml.Price each",Missing
GBSlk100SpryCu,GBSlk100SpryCu,$2.90,"Sleek design 100 ml, 3 1/2oz clear glass bottle with matte copper spray pump. For use with cologne, Eau de Parfum, air freshner, face and body spray, or room spray. Sleek design bottle is a family of bottles available in 5ml, 8ml, 30m, 50ml and 100ml. P",Found
LBSlk100LtnCu,,,"Sleekdesign100 ml,  3 1/2oz Clear glass bottle  withmatte copper lotion pump0.For use with lotions, moisturizer, and serums.Sleek design bottle is a family of bottles available in 5ml, 8ml, 30m, 50ml and 100ml.Price each",Missing
GBSlm30RdcrShnGl,,,"Slimdesign30 ml,  1oz Clear glass bottle  withreducerandshiny gold cap.For use with cologne, aftershave, splash on, and perfume or fragrance oil, beard oils.Slim design bottle is a family of bottles available 30ml, 50ml and 100ml.Price each",Missing
GBSlm30RdcrShnBlkTall,,,"Slimdesign30 ml,  1oz Clear glass bottle  withreducerandtall black shiny cap.For use with cologne, aftershave, splash on, and perfume or fragrance oil, beard oils.Slim design bottle is a family of bottles available 30ml, 50ml and 100ml.Price each",Missing
GBSlm30RdcrShnBlk,,,"Slimdesign30 ml,  1oz Clear glass bottle  withreducerandblack shiny cap.For use with cologne, aftershave, splash on, and perfume or fragrance oil, beard oils.Slim design bottle is a family of bottles available 30ml, 50ml and 100ml.Price each",Missing
GBSlm30RdcrBlkLthr,GBSlm30RdcrBlkLthr,$1.66,"Slim design 30 ml, 1oz clear glass bottle with reducer and black faux leather cap. For use with cologne, aftershave, splash on, and perfume or fragrance oil, beard oils. Slim design bottle is a family of bottles available 30ml, 50ml and 100ml.",Found
GBSlm30RdcrBrwnLthr,,,"Slimdesign30 ml,  1oz Clear glass bottle  withreducerandbrown faux leather cap.For use with cologne, aftershave, splash on, and perfume or fragrance oil, beard oils.Slim design bottle is a family of bottles available 30ml, 50ml and 100ml.Price each",Missing
GBSlm30RdcrLBrwnLthr,,,"Slimdesign30 ml,  1oz Clear glass bottle  withreducerandlight brown faux leather cap.For use with cologne, aftershave, splash on, and perfume or fragrance oil, beard oils.Slim design bottle is a family of bottles available 30ml, 50ml and 100ml.Price each",Missing
GBSlm30RdcrShnSl,,,"Slimdesign30 ml,  1oz Clear glass bottle  withreducerandshiny silver cap.For use with cologne, aftershave, splash on, and perfume or fragrance oil, beard oils.Slim design bottle is a family of bottles available 30ml, 50ml and 100ml.Price each",Missing
GBSlm30RdcrMtSlTall,,,"Slimdesign30 ml,  1oz Clear glass bottle  withreducerandtall silver matte cap.For use with cologne, aftershave, splash on, and perfume or fragrance oil, beard oils.Slim design bottle is a family of bottles available 30ml, 50ml and 100ml.Price each",Missing
GBSlm30RdcrMtSl,,,"Slimdesign30 ml,  1oz Clear glass bottle  withreducerandsilver matte cap.For use with cologne, aftershave, splash on, and perfume or fragrance oil, beard oils.Slim design bottle is a family of bottles available 30ml, 50ml and 100ml.Price each",Missing
GBSlm30RdcrWht,,,"Slimdesign30 ml,  1oz Clear glass bottle  withreducerandwhite cap.For use with cologne, aftershave, splash on, and perfume or fragrance oil, beard oils.Slim design bottle is a family of bottles available 30ml, 50ml and 100ml.Price each",Missing
GBSlm30SpryMtGl,,,"Slimdesign30 ml,  1oz Clear glass bottle  withmatte gold spray pump0.For use with cologne, Eau de Parfum, air freshner, face and body spray, or room spray.Slim design bottle is a family of bottles available 30ml, 50ml and 100ml.Price each",Missing
LBSlm30LtnMtGl,,,"Slimdesign30 ml,  1oz Clear glass bottle  withmatte gold lotion pump0.For use with lotions, moisturizer, and serums.Slim design bottle is a family of bottles available 30ml, 50ml and 100ml.Price each",Missing
GBSlm30SpryShnGl,,,"Slimdesign30 ml,  1oz Clear glass bottle  withshiny gold spray pump0.For use with cologne, Eau de Parfum, air freshner, face and body spray, or room spray.Slim design bottle is a family of bottles available 30ml, 50ml and 100ml.Price each",Missing
LBSlm30LtnShnGl,,,"Slimdesign30 ml,  1oz Clear glass bottle  withshiny gold lotion pump0.For use with lotions, moisturizer, and serums.Slim design bottle is a family of bottles available 30ml, 50ml and 100ml.Price each",Missing
GBSlm30SpryShnBlk,,,"Slimdesign30 ml,  1oz Clear glass bottle  withshiny black spray pump0.For use with cologne, Eau de Parfum, air freshner, face and body spray, or room spray.Slim design bottle is a family of bottles available 30ml, 50ml and 100ml.Price each",Missing
LBSlm30LtnShnBlk,,,"Slimdesign30 ml,  1oz Clear glass bottle  withshiny black lotion pump0.For use with lotions, moisturizer, and serums.Slim design bottle is a family of bottles available 30ml, 50ml and 100ml.Price each",Missing
GBSlm30SpryMtSl,,,"Slimdesign30 ml,  1oz Clear glass bottle  withmatte silver spray pump0.For use with cologne, Eau de Parfum, air freshner, face and body spray, or room spray.Slim design bottle is a family of bottles available 30ml, 50ml and 100ml.Price each",Missing
LBSlm30LtnMtSl,,,"Slimdesign30 ml,  1oz Clear glass bottle  withmatte silver lotion pump0.For use with lotions, moisturizer, and serums.Slim design bottle is a family of bottles available 30ml, 50ml and 100ml.Price each",Missing
LBSlm30LtnClOvrCap,LBSlm30LtnClOvrCap,$2.38,"Slim design 30 ml, 1oz clear glass bottle with with a matte silver collar treatment pump and clear overcap. For use with serums, light creams, moisturizers, facial oils or face oils, beard oils, body lotions, body wash, and hair products. Slim design bott",Found
GBSlm30SpryShnSl,,,"Slimdesign30 ml,  1oz Clear glass bottle  withshiny silver spray pump0.For use with cologne, Eau de Parfum, air freshner, face and body spray, or room spray.Slim design bottle is a family of bottles available 30ml, 50ml and 100ml.Price each",Missing
LBSlm30LtnShnSl,,,"Slimdesign30 ml,  1oz Clear glass bottle  withshiny silver lotion pump.For use with lotions, moisturizer, and serums.Slim design bottle is a family of bottles available 30ml, 50ml and 100ml.Price each",Missing
GBSlm30AnSpLvn,,,"Slimdesign30 ml,  1oz Clear glass bottle  withlavender vintage style bulb sprayerwithshiny silver collar cap.For use with cologne, Eau de Parfum, air freshner, face and body spray, or room spray. Antique or vintage bulb sprayers enhance the beauty of your product.Slim design bottle is a family of bottles available 30ml, 50ml and 100ml.Price each",Missing
GBSlm30AnSpPnk,,,"Slimdesign30 ml,  1oz Clear glass bottle  withpink vintage style bulb sprayerwithshiny gold collar cap.For use with cologne, Eau de Parfum, air freshner, face and body spray, or room spray. Antique or vintage bulb sprayers enhance the beauty of your product.Slim design bottle is a family of bottles available 30ml, 50ml and 100ml.Price each",Missing
GBSlm30AnSpMtSl,,,"Slimdesign30 ml,  1oz Clear glass bottle  withmatte silver vintage style sprayerwithmatte silver collar cap.For use with cologne, Eau de Parfum, air freshner, face and body spray, or room spray. Antique or vintage bulb sprayers enhance the beauty of your product.Slim design bottle is a family of bottles available 30ml, 50ml and 100ml.Price each",Missing
GBSlm30AnSpIvySl,,,"Slimdesign30 ml,  1oz Clear glass bottle  withivory vintage style bulb sprayerwithshiny silver collar cap.For use with cologne, Eau de Parfum, air freshner, face and body spray, or room spray. Antique or vintage bulb sprayers enhance the beauty of your product.Slim design bottle is a family of bottles available 30ml, 50ml and 100ml.Price each",Missing
GBSlm30AnSpGl,,,"Slimdesign30 ml,  1oz Clear glass bottle  withgold vintage style sprayerwithshiny gold collar cap.For use with cologne, Eau de Parfum, air freshner, face and body spray, or room spray. Antique or vintage bulb sprayers enhance the beauty of your product.Slim design bottle is a family of bottles available 30ml, 50ml and 100ml.Price each",Missing
GBSlm30AnSpIvyGl,,,"Slimdesign30 ml,  1oz Clear glass bottle  withivory vintage style bulb sprayerwithshiny gold collar cap.For use with cologne, Eau de Parfum, air freshner, face and body spray, or room spray. Antique or vintage bulb sprayers enhance the beauty of your product.Slim design bottle is a family of bottles available 30ml, 50ml and 100ml.Price each",Missing
GBSlm30AnSpBlk,GBSlm30AnSpBlk,$5.08,"Slim design 30 ml, 1oz clear glass bottle with black vintage style bulb sprayer with shiny silver collar cap. For use with cologne, Eau de Parfum, air freshner, face and body spray, or room spray. Antique or vintage bulb sprayers enhance the beauty of",Found
GBSlm30AnSpWht,,,"Slimdesign30 ml,  1oz Clear glass bottle  withwhite vintage style bulb sprayerwithshiny silver collar cap.For use with cologne, Eau de Parfum, air freshner, face and body spray, or room spray. Antique or vintage bulb sprayers enhance the beauty of your product.Slim design bottle is a family of bottles available 30ml, 50ml and 100ml.Price each",Missing
GBSlm30AnSpRed,,,"Slimdesign30 ml,  1oz Clear glass bottle  withred vintage style bulb sprayerwithshiny silver collar cap.For use with cologne, Eau de Parfum, air freshner, face and body spray, or room spray. Antique or vintage bulb sprayers enhance the beauty of your product.Slim design bottle is a family of bottles available 30ml, 50ml and 100ml.Price each",Missing
GBSlm30DrpSl,,,"Slimdesign30 ml,  1oz Clear glass bottle  withwhite dropperwithshiny silver collar cap.For use with perfume oils, diffuser oils, serums, primers, facial oils or face oils, moisturizer, and beard oils.Slim design bottle is a family of bottles available 30ml, 50ml and 100ml.Price each",Missing
GBSlm30DrpGl,,,"Slimdesign30 ml,  1oz Clear glass bottle  withwhite dropperwithshiny gold collar cap.For use with perfume oils, diffuser oils, serums, primers, facial oils or face oils, moisturizer, and beard oils.Slim design bottle is a family of bottles available 30ml, 50ml and 100ml.Price each",Missing
GBSlm30DrpCu,GBSlm30DrpCu,$1.57,"Slim design 30 ml, 1oz clear glass bottle with white dropper with shiny copper collar cap. For use with perfume oils, diffuser oils, serums, primers, facial oils or face oils, moisturizer, and beard oils.Slim design bottle is a family of bottles availab",Found
GBSlm30RdcrPnkLthr,,,"Slimdesign30 ml,  1oz Clear glass bottle  withreducerandpink faux leather cap.For use with cologne, aftershave, splash on, and perfume or fragrance oil, beard oils.Slim design bottle is a family of bottles available 30ml, 50ml and 100ml.Price each",Missing
GBSlm30RdcrIvyLthr,,,"Slimdesign30 ml,  1oz Clear glass bottle  withreducerandivory faux leather cap.For use with cologne, aftershave, splash on, and perfume or fragrance oil, beard oils.Slim design bottle is a family of bottles available 30ml, 50ml and 100ml.Price each",Missing
GBSlm30SpryCu,GBSlm30SpryCu,$2.38,"Slim design 30 ml, 1oz clear glass bottle with matte copper spray pump. For use with cologne, Eau de Parfum, air freshner, face and body spray, or room spray. Slim design bottle is a family of bottles available 30ml, 50ml and 100ml.",Found
LBSlm30LtnCu,,,"Slimdesign30 ml,  1oz Clear glass bottle  withmatte copper lotion pump0.For use with lotions, moisturizer, and serums.Slim design bottle is a family of bottles available 30ml, 50ml and 100ml.Price each",Missing
GBSlm50RdcrShnGl,,,"Slimdesign50 ml,  1.7oz Clear glass bottle  withreducerandshiny gold cap.For use with cologne, aftershave, splash on, and perfume or fragrance oil, beard oils.Slim design bottle is a family of bottles available 30ml, 50ml and 100ml.Price each",Missing
GBSlm50RdcrShnBlkTall,,,"Slimdesign50 ml,  1.7oz Clear glass bottle  withreducerandtall black shiny cap.For use with cologne, aftershave, splash on, and perfume or fragrance oil, beard oils.Slim design bottle is a family of bottles available 30ml, 50ml and 100ml.Price each",Missing
GBSlm50RdcrShnBlk,,,"Slimdesign50 ml,  1.7oz Clear glass bottle  withreducerandblack shiny cap.For use with cologne, aftershave, splash on, and perfume or fragrance oil, beard oils.Slim design bottle is a family of bottles available 30ml, 50ml and 100ml.Price each",Missing
GBSlm50RdcrBlkLthr,GBSlm50RdcrBlkLthr,$1.85,"Slim design 50 ml, 1.7oz clear glass bottle with reducer and black faux leather cap. For use with cologne, aftershave, splash on, and perfume or fragrance oil, beard oils. Slim design bottle is a family of bottles available 30ml, 50ml and 100ml.",Found
GBSlm50RdcrBrwnLthr,,,"Slimdesign50 ml,  1.7oz Clear glass bottle  withreducerandbrown faux leather cap.For use with cologne, aftershave, splash on, and perfume or fragrance oil, beard oils.Slim design bottle is a family of bottles available 30ml, 50ml and 100ml.Price each",Missing
GBSlm50RdcrLBrwnLthr,,,"Slimdesign50 ml,  1.7oz Clear glass bottle  withreducerandlight brown faux leather cap.For use with cologne, aftershave, splash on, and perfume or fragrance oil, beard oils.Slim design bottle is a family of bottles available 30ml, 50ml and 100ml.Price each",Missing
GBSlm50RdcrShnSl,,,"Slimdesign50 ml,  1.7oz Clear glass bottle  withreducerandshiny silver cap.For use with cologne, aftershave, splash on, and perfume or fragrance oil, beard oils.Slim design bottle is a family of bottles available 30ml, 50ml and 100ml.Price each",Missing
GBSlm50RdcrMtSlTall,,,"Slimdesign50 ml,  1.7oz Clear glass bottle  withreducerandtall silver matte cap.For use with cologne, aftershave, splash on, and perfume or fragrance oil, beard oils.Slim design bottle is a family of bottles available 30ml, 50ml and 100ml.Price each",Missing
GBSlm50RdcrMtSl,,,"Slimdesign50 ml,  1.7oz Clear glass bottle  withreducerandsilver matte cap.For use with cologne, aftershave, splash on, and perfume or fragrance oil, beard oils.Slim design bottle is a family of bottles available 30ml, 50ml and 100ml.Price each",Missing
GBSlm50RdcrWht,,,"Slimdesign50 ml,  1.7oz Clear glass bottle  withreducerandwhite cap.For use with cologne, aftershave, splash on, and perfume or fragrance oil, beard oils.Slim design bottle is a family of bottles available 30ml, 50ml and 100ml.Price each",Missing
GBSlm50SpryMtGl,,,"Slimdesign50 ml,  1.7oz Clear glass bottle  withmatte gold spray pump0.For use with cologne, Eau de Parfum, air freshner, face and body spray, or room spray.Slim design bottle is a family of bottles available 30ml, 50ml and 100ml.Price each",Missing
LBSlm50LtnMtGl,,,"Slimdesign50 ml,  1.7oz Clear glass bottle  withmatte gold lotion pump00.For use with lotions, moisturizer, and serums.Slim design bottle is a family of bottles available 30ml, 50ml and 100ml.Price each",Missing
GBSlm50SpryShnGl,,,"Slimdesign50 ml,  1.7oz Clear glass bottle  withshiny gold spray pump0.For use with cologne, Eau de Parfum, air freshner, face and body spray, or room spray.Slim design bottle is a family of bottles available 30ml, 50ml and 100ml.Price each",Missing
LBSlm50LtnShnGl,,,"Slimdesign50 ml,  1.7oz Clear glass bottle  withshiny gold lotion pump0.For use with lotions, moisturizer, and serums.Slim design bottle is a family of bottles available 30ml, 50ml and 100ml.Price each",Missing
GBSlm50SpryShnBlk,,,"Slimdesign50 ml,  1.7oz Clear glass bottle  withshiny black spray pump.For use with cologne, Eau de Parfum, air freshner, face and body spray, or room spray.Slim design bottle is a family of bottles available 30ml, 50ml and 100ml.Price each",Missing
LBSlm50LtnShnBlk,,,"Slimdesign50 ml,  1.7oz Clear glass bottle  withshiny black lotion pump.For use with lotions, moisturizer, and serums.Slim design bottle is a family of bottles available 30ml, 50ml and 100ml.Price each",Missing
GBSlm50SpryMtSl,,,"Slimdesign50 ml,  1.7oz Clear glass bottle  withmatte silver spray pump.For use with cologne, Eau de Parfum, air freshner, face and body spray, or room spray.Slim design bottle is a family of bottles available 30ml, 50ml and 100ml.Price each",Missing
LBSlm50LtnMtSl,,,"Slimdesign50 ml,  1.7oz Clear glass bottle  withmatte silver lotion pump.For use with lotions, moisturizer, and serums.Slim design bottle is a family of bottles available 30ml, 50ml and 100ml.Price each",Missing
LBSlm50LtnClOvrCap,LBSlm50LtnClOvrCap,$2.57,"Slim design 50 ml, 1.7oz clear glass bottle with with a matte silver collar treatment pump and clear overcap. For use with serums, light creams, moisturizers, facial oils or face oils, beard oils, body lotions, body wash, and hair products. Slim design bo",Found
GBSlm50SpryShnSl,,,"Slimdesign50 ml,  1.7oz Clear glass bottle  withshiny silver spray pump0.For use with cologne, Eau de Parfum, air freshner, face and body spray, or room spray.Slim design bottle is a family of bottles available 30ml, 50ml and 100ml.Price each",Missing
LBSlm50LtnShnSl,,,"Slimdesign50 ml,  1.7oz Clear glass bottle  withshiny silver lotion pump0.For use with lotions, moisturizer, and serums.Slim design bottle is a family of bottles available 30ml, 50ml and 100ml.Price each",Missing
GBSlm50AnSpLvn,,,"Slimdesign50 ml,  1.7oz Clear glass bottle  withlavender vintage style bulb sprayerwithshiny silver collar cap.For use with cologne, Eau de Parfum, air freshner, face and body spray, or room spray. Antique or vintage bulb sprayers enhance the beauty of your product.Slim design bottle is a family of bottles available 30ml, 50ml and 100ml.Price each",Missing
GBSlm50AnSpPnk,,,"Slimdesign50 ml,  1.7oz Clear glass bottle  withpink vintage style bulb sprayerwithshiny gold collar cap.For use with cologne, Eau de Parfum, air freshner, face and body spray, or room spray. Antique or vintage bulb sprayers enhance the beauty of your product.Slim design bottle is a family of bottles available 30ml, 50ml and 100ml.Price each",Missing
GBSlm50AnSpMtSl,,,"Slimdesign50 ml,  1.7oz Clear glass bottle  withmatte silver vintage style sprayerwithmatte silver collar cap.For use with cologne, Eau de Parfum, air freshner, face and body spray, or room spray. Antique or vintage bulb sprayers enhance the beauty of your product.Slim design bottle is a family of bottles available 30ml, 50ml and 100ml.Price each",Missing
GBSlm50AnSpIvySl,,,"Slimdesign50 ml,  1.7oz Clear glass bottle  withivory vintage style bulb sprayerwithshiny silver collar cap.For use with cologne, Eau de Parfum, air freshner, face and body spray, or room spray. Antique or vintage bulb sprayers enhance the beauty of your product.Slim design bottle is a family of bottles available 30ml, 50ml and 100ml.Price each",Missing
GBSlm50AnSpGl,,,"Slimdesign50 ml,  1.7oz Clear glass bottle  withgold vintage style sprayerwithshiny gold collar cap.For use with cologne, Eau de Parfum, air freshner, face and body spray, or room spray. Antique or vintage bulb sprayers enhance the beauty of your product.Slim design bottle is a family of bottles available 30ml, 50ml and 100ml.Price each",Missing
GBSlm50AnSpIvyGl,,,"Slimdesign50 ml,  1.7oz Clear glass bottle  withivory vintage style bulb sprayerwithshiny gold collar cap.For use with cologne, Eau de Parfum, air freshner, face and body spray, or room spray. Antique or vintage bulb sprayers enhance the beauty of your product.Slim design bottle is a family of bottles available 30ml, 50ml and 100ml.Price each",Missing
GBSlm50AnSpBlk,GBSlm50AnSpBlk,$5.27,"Slim design 50 ml, 1.7oz clear glass bottle with black vintage style bulb sprayer with shiny silver collar cap. For use with cologne, Eau de Parfum, air freshner, face and body spray, or room spray. Antique or vintage bulb sprayers enhance the beauty o",Found
GBSlm50AnSpWht,,,"Slimdesign50 ml,  1.7oz Clear glass bottle  withwhite vintage style bulb sprayerwithshiny silver collar cap.For use with cologne, Eau de Parfum, air freshner, face and body spray, or room spray. Antique or vintage bulb sprayers enhance the beauty of your product.Slim design bottle is a family of bottles available 30ml, 50ml and 100ml.Price each",Missing
GBSlm50AnSpRed,,,"Slimdesign50 ml,  1.7oz Clear glass bottle  withred vintage style bulb sprayerwithshiny silver collar cap.For use with cologne, Eau de Parfum, air freshner, face and body spray, or room spray. Antique or vintage bulb sprayers enhance the beauty of your product.Slim design bottle is a family of bottles available 30ml, 50ml and 100ml.Price each",Missing
GBSlm50AnSpTslLvn,,,"Slimdesign50 ml,  1.7oz Clear glass bottle  withLavender vintage style bulb sprayer with Tasselandshiny silver collar cap.For use with cologne, Eau de Parfum, air freshner, face and body spray, or room spray. Antique or vintage bulb sprayers enhance the beauty of your product.Slim design bottle is a family of bottles available 30ml, 50ml and 100ml.Price each",Missing
GBSlm50AnSpTslIvyGl,,,"Slimdesign50 ml,  1.7oz Clear glass bottle  withIvory vintage style bulb sprayer with tasselandshiny gold collar cap.For use with cologne, Eau de Parfum, air freshner, face and body spray, or room spray. Antique or vintage bulb sprayers enhance the beauty of your product.Slim design bottle is a family of bottles available 30ml, 50ml and 100ml.Price each",Missing
GBSlm50AnSpTslIvySl,,,"Slimdesign50 ml,  1.7oz Clear glass bottle  withIvory vintage style bulb sprayer with tasselandshiny silver collar cap.For use with cologne, Eau de Parfum, air freshner, face and body spray, or room spray. Antique or vintage bulb sprayers enhance the beauty of your product.Slim design bottle is a family of bottles available 30ml, 50ml and 100ml.Price each",Missing
GBSlm50AnSpTslWht,,,"Slimdesign50 ml,  1.7oz Clear glass bottle  withWhite vintage style bulb sprayer with tasselandshiny silver collar cap.For use with cologne, Eau de Parfum, air freshner, face and body spray, or room spray. Antique or vintage bulb sprayers enhance the beauty of your product.Slim design bottle is a family of bottles available 30ml, 50ml and 100ml.Price each",Missing
GBSlm50AnSpTslPnk,,,"Slimdesign50 ml,  1.7oz Clear glass bottle  withPink vintage style bulb sprayer with tasselandshiny gold collar cap.For use with cologne, Eau de Parfum, air freshner, face and body spray, or room spray. Antique or vintage bulb sprayers enhance the beauty of your product.Slim design bottle is a family of bottles available 30ml, 50ml and 100ml.Price each",Missing
GBSlm50AnSpTslRed,,,"Slimdesign50 ml,  1.7oz Clear glass bottle  withRed vintage style bulb sprayer with tasselandshiny silver collar cap.For use with cologne, Eau de Parfum, air freshner, face and body spray, or room spray. Antique or vintage bulb sprayers enhance the beauty of your product.Slim design bottle is a family of bottles available 30ml, 50ml and 100ml.Price each",Missing
GBSlm50AnSpTslBlk,GBSlm50AnSpTslBlk,$5.99,"Slim design 50 ml, 1.7oz clear glass bottle with Black vintage style bulb sprayer with tasseland shiny silver collar cap. For use with cologne, Eau de Parfum, air freshner, face and body spray, or room spray. Antique or vintage bulb sprayers enhance th",Found
GBSlm50AnSpTslMtSl,,,"Slimdesign50 ml,  1.7oz Clear glass bottle  withSilver vintage style bulb sprayer with tasselandmatte silver collar cap.For use with cologne, Eau de Parfum, air freshner, face and body spray, or room spray. Antique or vintage bulb sprayers enhance the beauty of your product.Slim design bottle is a family of bottles available 30ml, 50ml and 100ml.Price each",Missing
GBSlm50AnSpTslGl,,,"Slimdesign50 ml,  1.7oz Clear glass bottle  withGold vintage style bulb sprayer with tasselandshiny gold collar cap.For use with cologne, Eau de Parfum, air freshner, face and body spray, or room spray. Antique or vintage bulb sprayers enhance the beauty of your product.Slim design bottle is a family of bottles available 30ml, 50ml and 100ml.Price each",Missing
GBSlm50RdcrPnkLthr,,,"Slimdesign50 ml,  1.7oz Clear glass bottle  withreducerandpink faux leather cap.For use with cologne, aftershave, splash on, and perfume or fragrance oil, beard oils.Slim design bottle is a family of bottles available 30ml, 50ml and 100ml.Price each",Missing
GBSlm50RdcrIvyLthr,,,"Slimdesign50 ml,  1.7oz Clear glass bottle  withreducerandivory faux leather cap.For use with cologne, aftershave, splash on, and perfume or fragrance oil, beard oils.Slim design bottle is a family of bottles available 30ml, 50ml and 100ml.Price each",Missing
GBSlm50SpryCu,GBSlm50SpryCu,$2.57,"Slim design 50 ml, 1.7oz clear glass bottle with matte copper spray pump. For use with cologne, Eau de Parfum, air freshner, face and body spray, or room spray. Slim design bottle is a family of bottles available 30ml, 50ml and 100ml.",Found
LBSlm50LtnCu,,,"Slimdesign50 ml,  1.7oz Clear glass bottle  withmatte copper lotion pump0.For use with lotions, moisturizer, and serums.Slim design bottle is a family of bottles available 30ml, 50ml and 100ml.Price each",Missing
GBSlm100RdcrShnGl,,,"Slimdesign100 ml,  3 1/2oz Clear glass bottle  withreducerandshiny gold cap.For use with cologne, aftershave, splash on, and perfume or fragrance oil, beard oils.Slim design bottle is a family of bottles available 30ml, 50ml and 100ml.Price each",Missing
GBSlm100RdcrShnBlkTall,,,"Slimdesign100 ml,  3 1/2oz Clear glass bottle  withreducerandtall black shiny cap.For use with cologne, aftershave, splash on, and perfume or fragrance oil, beard oils.Slim design bottle is a family of bottles available 30ml, 50ml and 100ml.Price each",Missing
GBSlm100RdcrShnBlk,,,"Slimdesign100 ml,  3 1/2oz Clear glass bottle  withreducerandblack shiny cap.For use with cologne, aftershave, splash on, and perfume or fragrance oil, beard oils.Slim design bottle is a family of bottles available 30ml, 50ml and 100ml.Price each",Missing
GBSlm100RdcrBlkLthr,GBSlm100RdcrBlkLthr,$2.19,"Slim design 100 ml, 3 1/2oz clear glass bottle with reducer and black faux leather cap. For use with cologne, aftershave, splash on, and perfume or fragrance oil, beard oils. Slim design bottle is a family of bottles available 30ml, 50ml and 100ml. Pric",Found
GBSlm100RdcrBrwnLthr,,,"Slimdesign100 ml,  3 1/2oz Clear glass bottle  withreducerandbrown faux leather cap.For use with cologne, aftershave, splash on, and perfume or fragrance oil, beard oils.Slim design bottle is a family of bottles available 30ml, 50ml and 100ml.Price each",Missing
GBSlm100RdcrLBrwnLthr,,,"Slimdesign100 ml,  3 1/2oz Clear glass bottle  withreducerandlight brown faux leather cap.For use with cologne, aftershave, splash on, and perfume or fragrance oil, beard oils.Slim design bottle is a family of bottles available 30ml, 50ml and 100ml.Price each",Missing
GBSlm100RdcrShnSl,,,"Slimdesign100 ml,  3 1/2oz Clear glass bottle  withreducerandshiny silver cap.For use with cologne, aftershave, splash on, and perfume or fragrance oil, beard oils.Slim design bottle is a family of bottles available 30ml, 50ml and 100ml.Price each",Missing
GBSlm100RdcrMtSlTall,,,"Slimdesign100 ml,  3 1/2oz Clear glass bottle  withreducerandtall silver matte cap.For use with cologne, aftershave, splash on, and perfume or fragrance oil, beard oils.Slim design bottle is a family of bottles available 30ml, 50ml and 100ml.Price each",Missing
GBSlm100RdcrMtSl,,,"Slimdesign100 ml,  3 1/2oz Clear glass bottle  withreducerandsilver matte cap.For use with cologne, aftershave, splash on, and perfume or fragrance oil, beard oils.Slim design bottle is a family of bottles available 30ml, 50ml and 100ml.Price each",Missing
GBSlm100RdcrWht,,,"Slimdesign100 ml,  3 1/2oz Clear glass bottle  withreducerandwhite cap.For use with cologne, aftershave, splash on, and perfume or fragrance oil, beard oils.Slim design bottle is a family of bottles available 30ml, 50ml and 100ml.Price each",Missing
GBSlm100SpryMtGl,,,"Slimdesign100 ml,  3 1/2oz Clear glass bottle  withmatte gold spray pump0.For use with cologne, Eau de Parfum, air freshner, face and body spray, or room spray.Slim design bottle is a family of bottles available 30ml, 50ml and 100ml.Price each",Missing
LBSlm100LtnMtGl,,,"Slimdesign100 ml,  3 1/2oz Clear glass bottle  withmatte gold lotion pump00.For use with lotions, moisturizer, and serums.Slim design bottle is a family of bottles available 30ml, 50ml and 100ml.Price each",Missing
GBSlm100SpryShnGl,,,"Slimdesign100 ml,  3 1/2oz Clear glass bottle  withshiny gold spray pump0.For use with cologne, Eau de Parfum, air freshner, face and body spray, or room spray.Slim design bottle is a family of bottles available 30ml, 50ml and 100ml.Price each",Missing
LBSlm100LtnShnGl,,,"Slimdesign100 ml,  3 1/2oz Clear glass bottle  withshiny gold lotion pump.For use with lotions, moisturizer, and serums.Slim design bottle is a family of bottles available 30ml, 50ml and 100ml.Price each",Missing
GBSlm100SpryShnBlk,,,"Slimdesign100 ml,  3 1/2oz Clear glass bottle  withshiny black spray pump.For use with cologne, Eau de Parfum, air freshner, face and body spray, or room spray.Slim design bottle is a family of bottles available 30ml, 50ml and 100ml.Price each",Missing
LBSlm100LtnShnBlk,,,"Slimdesign100 ml,  3 1/2oz Clear glass bottle  withshiny black lotion pump.For use with lotions, moisturizer, and serums.Slim design bottle is a family of bottles available 30ml, 50ml and 100ml.Price each",Missing
GBSlm100SpryMtSl,,,"Slimdesign100 ml,  3 1/2oz Clear glass bottle  withmatte silver spray pump.For use with cologne, Eau de Parfum, air freshner, face and body spray, or room spray.Slim design bottle is a family of bottles available 30ml, 50ml and 100ml.Price each",Missing
LBSlm100LtnMtSl,,,"Slimdesign100 ml,  3 1/2oz Clear glass bottle  withmatte silver lotion pump.For use with lotions, moisturizer, and serums.Slim design bottle is a family of bottles available 30ml, 50ml and 100ml.Price each",Missing
LBSlm100LtnClOvrCap,,,"Slimdesign100 ml,  3 1/2oz Clear glass bottle  withwith a matte silver collar treatment pump and clear overcap.0.For use with lotions, moisturizer, and serums.Slim design bottle is a family of bottles available 30ml, 50ml and 100ml.Price each",Missing
GBSlm100SpryShnSl,,,"Slimdesign100 ml,  3 1/2oz Clear glass bottle  withshiny silver spray pump0.For use with cologne, Eau de Parfum, air freshner, face and body spray, or room spray.Slim design bottle is a family of bottles available 30ml, 50ml and 100ml.Price each",Missing
LBSlm100LtnShnSl,,,"Slimdesign100 ml,  3 1/2oz Clear glass bottle  withshiny silver lotion pump0.For use with lotions, moisturizer, and serums.Slim design bottle is a family of bottles available 30ml, 50ml and 100ml.Price each",Missing
GBSlm100AnSpLvn,,,"Slimdesign100 ml,  3 1/2oz Clear glass bottle  withlavender vintage style bulb sprayerwithshiny silver collar cap.For use with cologne, Eau de Parfum, air freshner, face and body spray, or room spray. Antique or vintage bulb sprayers enhance the beauty of your product.Slim design bottle is a family of bottles available 30ml, 50ml and 100ml.Price each",Missing
GBSlm100AnSpPnk,,,"Slimdesign100 ml,  3 1/2oz Clear glass bottle  withpink vintage style bulb sprayerwithshiny gold collar cap.For use with cologne, Eau de Parfum, air freshner, face and body spray, or room spray. Antique or vintage bulb sprayers enhance the beauty of your product.Slim design bottle is a family of bottles available 30ml, 50ml and 100ml.Price each",Missing
GBSlm100AnSpMtSl,,,"Slimdesign100 ml,  3 1/2oz Clear glass bottle  withmatte silver vintage style sprayerwithmatte silver collar cap.For use with cologne, Eau de Parfum, air freshner, face and body spray, or room spray. Antique or vintage bulb sprayers enhance the beauty of your product.Slim design bottle is a family of bottles available 30ml, 50ml and 100ml.Price each",Missing
GBSlm100AnSpIvySl,,,"Slimdesign100 ml,  3 1/2oz Clear glass bottle  withivory vintage style bulb sprayerwithshiny silver collar cap.For use with cologne, Eau de Parfum, air freshner, face and body spray, or room spray. Antique or vintage bulb sprayers enhance the beauty of your product.Slim design bottle is a family of bottles available 30ml, 50ml and 100ml.Price each",Missing
GBSlm100AnSpGl,,,"Slimdesign100 ml,  3 1/2oz Clear glass bottle  withgold vintage style sprayerwithshiny gold collar cap.For use with cologne, Eau de Parfum, air freshner, face and body spray, or room spray. Antique or vintage bulb sprayers enhance the beauty of your product.Slim design bottle is a family of bottles available 30ml, 50ml and 100ml.Price each",Missing
GBSlm100AnSpIvyGl,,,"Slimdesign100 ml,  3 1/2oz Clear glass bottle  withivory vintage style bulb sprayerwithshiny gold collar cap.For use with cologne, Eau de Parfum, air freshner, face and body spray, or room spray. Antique or vintage bulb sprayers enhance the beauty of your product.Slim design bottle is a family of bottles available 30ml, 50ml and 100ml.Price each",Missing
GBSlm100AnSpBlk,GBSlm100AnSpBlk,$5.61,"Slim design 100 ml, 3 1/2oz clear glass bottle with black vintage style bulb sprayer with shiny silver collar cap. For use with cologne, Eau de Parfum, air freshner, face and body spray, or room spray. Antique or vintage bulb sprayers enhance the beaut",Found
GBSlm100AnSpWht,,,"Slimdesign100 ml,  3 1/2oz Clear glass bottle  withwhite vintage style bulb sprayerwithshiny silver collar cap.For use with cologne, Eau de Parfum, air freshner, face and body spray, or room spray. Antique or vintage bulb sprayers enhance the beauty of your product.Slim design bottle is a family of bottles available 30ml, 50ml and 100ml.Price each",Missing
GBSlm100AnSpRed,,,"Slimdesign100 ml,  3 1/2oz Clear glass bottle  withred vintage style bulb sprayerwithshiny silver collar cap.For use with cologne, Eau de Parfum, air freshner, face and body spray, or room spray. Antique or vintage bulb sprayers enhance the beauty of your product.Slim design bottle is a family of bottles available 30ml, 50ml and 100ml.Price each",Missing
GBSlm100AnSpTslLvn,,,"Slimdesign100 ml,  3 1/2oz Clear glass bottle  withLavender vintage style bulb sprayer with Tasselwithshiny silver collar cap.For use with cologne, Eau de Parfum, air freshner, face and body spray, or room spray. Antique or vintage bulb sprayers enhance the beauty of your product.Slim design bottle is a family of bottles available 30ml, 50ml and 100ml.Price each",Missing
GBSlm100AnSpTslIvyGl,,,"Slimdesign100 ml,  3 1/2oz Clear glass bottle  withIvory vintage style bulb sprayer with tasselwithshiny gold collar cap.For use with cologne, Eau de Parfum, air freshner, face and body spray, or room spray. Antique or vintage bulb sprayers enhance the beauty of your product.Slim design bottle is a family of bottles available 30ml, 50ml and 100ml.Price each",Missing
GBSlm100AnSpTslIvySl,,,"Slimdesign100 ml,  3 1/2oz Clear glass bottle  withIvory vintage style bulb sprayer with tasselwithshiny silver collar cap.For use with cologne, Eau de Parfum, air freshner, face and body spray, or room spray. Antique or vintage bulb sprayers enhance the beauty of your product.Slim design bottle is a family of bottles available 30ml, 50ml and 100ml.Price each",Missing
GBSlm100AnSpTslWht,,,"Slimdesign100 ml,  3 1/2oz Clear glass bottle  withWhite vintage style bulb sprayer with tasselwithshiny silver collar cap.For use with cologne, Eau de Parfum, air freshner, face and body spray, or room spray. Antique or vintage bulb sprayers enhance the beauty of your product.Slim design bottle is a family of bottles available 30ml, 50ml and 100ml.Price each",Missing
GBSlm100AnSpTslPnk,,,"Slimdesign100 ml,  3 1/2oz Clear glass bottle  withPink vintage style bulb sprayer with tasselwithshiny gold collar cap.For use with cologne, Eau de Parfum, air freshner, face and body spray, or room spray. Antique or vintage bulb sprayers enhance the beauty of your product.Slim design bottle is a family of bottles available 30ml, 50ml and 100ml.Price each",Missing
GBSlm100AnSpTslRed,,,"Slimdesign100 ml,  3 1/2oz Clear glass bottle  withRed vintage style bulb sprayer with tasselwithshiny silver collar cap.For use with cologne, Eau de Parfum, air freshner, face and body spray, or room spray. Antique or vintage bulb sprayers enhance the beauty of your product.Slim design bottle is a family of bottles available 30ml, 50ml and 100ml.Price each",Missing
GBSlm100AnSpTslBlk,GBSlm100AnSpTslBlk,$6.32,"Slim design 100 ml, 3 1/2oz clear glass bottle with Black vintage style bulb sprayer with tassel with shiny silver collar cap. For use with cologne, Eau de Parfum, air freshner, face and body spray, or room spray. Antique or vintage bulb sprayers enhan",Found
GBSlm100AnSpTslMtSl,,,"Slimdesign100 ml,  3 1/2oz Clear glass bottle  withSilver vintage style bulb sprayer with tasselwithmatte silver collar cap.For use with cologne, Eau de Parfum, air freshner, face and body spray, or room spray. Antique or vintage bulb sprayers enhance the beauty of your product.Slim design bottle is a family of bottles available 30ml, 50ml and 100ml.Price each",Missing
GBSlm100AnSpTslGl,,,"Slimdesign100 ml,  3 1/2oz Clear glass bottle  withGold vintage style bulb sprayer with tasselwithshiny gold collar cap.For use with cologne, Eau de Parfum, air freshner, face and body spray, or room spray. Antique or vintage bulb sprayers enhance the beauty of your product.Slim design bottle is a family of bottles available 30ml, 50ml and 100ml.Price each",Missing
LBSlm100WhtClOvrCp,,,"Slimdesign100 ml,  3 1/2oz Clear glass bottle  withwhite rectangularwithclear over the cap.For use with lotions, moisturizer, and serums.Slim design bottle is a family of bottles available 30ml, 50ml and 100ml.Price each",Missing
GBSlm100RdcrPnkLthr,,,"Slimdesign100 ml,  3 1/2oz Clear glass bottle  withreducerwithpink faux leather cap.For use with cologne, aftershave, splash on, and perfume or fragrance oil, beard oils.Slim design bottle is a family of bottles available 30ml, 50ml and 100ml.Price each",Missing
GBSlm100RdcrIvyLthr,,,"Slimdesign100 ml,  3 1/2oz Clear glass bottle  withreducerwithivory faux leather cap.For use with cologne, aftershave, splash on, and perfume or fragrance oil, beard oils.Slim design bottle is a family of bottles available 30ml, 50ml and 100ml.Price each",Missing
GBSlm100SpryCu,GBSlm100SpryCu,$2.90,"Slim design 100 ml, 3 1/2oz clear glass bottle with matte copper spray pump. For use with cologne, Eau de Parfum, air freshner, face and body spray, or room spray. Slim design bottle is a family of bottles available 30ml, 50ml and 100ml.",Found
LBSlm100LtnCu,LBSlm100LtnCu,$2.90,"Slim design 100 ml, 3 1/2oz clear glass bottle with matte copper lotion pump. For use with serums, light creams, moisturizers, facial oils or face oils, beard oils, body lotions, body wash, and hair products. Slim design bottle is a family of bottles avai",Found
GBElg60RdcrShnGl,,,"Elegantdesign60 ml,  2oz Clear glass bottle  withreducerandshiny gold cap.For use with cologne, aftershave, splash on, and perfume or fragrance oil, beard oils.Elegant bottle is a family of bottles available in 5ml , 15ml, 30ml, 60ml and 100ml.Price each",Missing
GBElg60RdcrShnBlkTall,,,"Elegantdesign60 ml,  2oz Clear glass bottle  withreducerandtall black shiny cap.For use with cologne, aftershave, splash on, and perfume or fragrance oil, beard oils.Elegant bottle is a family of bottles available in 5ml , 15ml, 30ml, 60ml and 100ml.Price each",Missing
GBElg60RdcrShnBlk,,,"Elegantdesign60 ml,  2oz Clear glass bottle  withreducerandblack shiny cap.For use with cologne, aftershave, splash on, and perfume or fragrance oil, beard oils.Elegant bottle is a family of bottles available in 5ml , 15ml, 30ml, 60ml and 100ml.Price each",Missing
GBElg60RdcrBlkLthr,GBElg60RdcrBlkLthr,$1.90,"Elegant design 60 ml, 2oz clear glass bottle with reducer and black faux leather cap. For use with cologne, aftershave, splash on, and perfume or fragrance oil, beard oils. Elegant bottle is a family of bottles available in 5ml, 15ml, 30ml, 60ml and 100",Found
GBElg60RdcrBrwnLthr,,,"Elegantdesign60 ml,  2oz Clear glass bottle  withreducerandbrown faux leather cap.For use with cologne, aftershave, splash on, and perfume or fragrance oil, beard oils.Elegant bottle is a family of bottles available in 5ml , 15ml, 30ml, 60ml and 100ml.Price each",Missing
GBElg60RdcrLBrwnLthr,,,"Elegantdesign60 ml,  2oz Clear glass bottle  withreducerandlight brown faux leather cap.For use with cologne, aftershave, splash on, and perfume or fragrance oil, beard oils.Elegant bottle is a family of bottles available in 5ml , 15ml, 30ml, 60ml and 100ml.Price each",Missing
GBElg60RdcrShnSl,,,"Elegantdesign60 ml,  2oz Clear glass bottle  withreducerandshiny silver cap.For use with cologne, aftershave, splash on, and perfume or fragrance oil, beard oils.Elegant bottle is a family of bottles available in 5ml , 15ml, 30ml, 60ml and 100ml.Price each",Missing
GBElg60RdcrMtSlTall,,,"Elegantdesign60 ml,  2oz Clear glass bottle  withreducerandtall silver matte cap.For use with cologne, aftershave, splash on, and perfume or fragrance oil, beard oils.Elegant bottle is a family of bottles available in 5ml , 15ml, 30ml, 60ml and 100ml.Price each",Missing
GBElg60RdcrMtSl,,,"Elegantdesign60 ml,  2oz Clear glass bottle  withreducerandsilver matte cap.For use with cologne, aftershave, splash on, and perfume or fragrance oil, beard oils.Elegant bottle is a family of bottles available in 5ml , 15ml, 30ml, 60ml and 100ml.Price each",Missing
GBElg60RdcrWht,,,"Elegantdesign60 ml,  2oz Clear glass bottle  withreducerandwhite cap.For use with cologne, aftershave, splash on, and perfume or fragrance oil, beard oils.Elegant bottle is a family of bottles available in 5ml , 15ml, 30ml, 60ml and 100ml.Price each",Missing
GBElg60SpryMtGl,,,"Elegantdesign60 ml,  2oz Clear glass bottle  withmatte gold spray pump.For use with cologne, Eau de Parfum, air freshner, face and body spray, or room spray.Elegant bottle is a family of bottles available in 5ml , 15ml, 30ml, 60ml and 100ml.Price each",Missing
LBElg60LtnMtGl,,,"Elegantdesign60 ml,  2oz Clear glass bottle  withmatte gold lotion pump0.For use with lotions, moisturizer, and serums.Elegant bottle is a family of bottles available in 5ml , 15ml, 30ml, 60ml and 100ml.Price each",Missing
GBElg60SpryShnGl,,,"Elegantdesign60 ml,  2oz Clear glass bottle  withshiny gold spray pump.For use with cologne, Eau de Parfum, air freshner, face and body spray, or room spray.Elegant bottle is a family of bottles available in 5ml , 15ml, 30ml, 60ml and 100ml.Price each",Missing
LBElg60LtnShnGl,,,"Elegantdesign60 ml,  2oz Clear glass bottle  withshiny gold lotion pump.For use with lotions, moisturizer, and serums.Elegant bottle is a family of bottles available in 5ml , 15ml, 30ml, 60ml and 100ml.Price each",Missing
GBElg60SpryShnBlk,,,"Elegantdesign60 ml,  2oz Clear glass bottle  withshiny black spray pump.For use with cologne, Eau de Parfum, air freshner, face and body spray, or room spray.Elegant bottle is a family of bottles available in 5ml , 15ml, 30ml, 60ml and 100ml.Price each",Missing
LBElg60LtnShnBlk,,,"Elegantdesign60 ml,  2oz Clear glass bottle  withshiny black lotion pump.For use with lotions, moisturizer, and serums.Elegant bottle is a family of bottles available in 5ml , 15ml, 30ml, 60ml and 100ml.Price each",Missing
GBElg60SpryMtSl,,,"Elegantdesign60 ml,  2oz Clear glass bottle  withmatte silver spray pump.For use with cologne, Eau de Parfum, air freshner, face and body spray, or room spray.Elegant bottle is a family of bottles available in 5ml , 15ml, 30ml, 60ml and 100ml.Price each",Missing
LBElg60LtnMtSl,,,"Elegantdesign60 ml,  2oz Clear glass bottle  withmatte silver lotion pump.For use with lotions, moisturizer, and serums.Elegant bottle is a family of bottles available in 5ml , 15ml, 30ml, 60ml and 100ml.Price each",Missing
LBElg60LtnClrOvrCap,LBElg60LtnClrOvrCap,$2.61,"Elegant design 60 ml, 2oz clear glass bottle with with a matte silver collar treatment pump and clear overcap. For use with serums, light creams, moisturizers, facial oils or face oils, beard oils, body lotions, body wash, and hair products. Elegant bottl",Found
GBElg60SpryShnSl,,,"Elegantdesign60 ml,  2oz Clear glass bottle  withshiny silver spray pump.For use with cologne, Eau de Parfum, air freshner, face and body spray, or room spray.Elegant bottle is a family of bottles available in 5ml , 15ml, 30ml, 60ml and 100ml.Price each",Missing
LBElg60LtnShnSl,,,"Elegantdesign60 ml,  2oz Clear glass bottle  withshiny silver lotion pump.For use with lotions, moisturizer, and serums.Elegant bottle is a family of bottles available in 5ml , 15ml, 30ml, 60ml and 100ml.Price each",Missing
GBElg60AnSpLvn,,,"Elegantdesign60 ml,  2oz Clear glass bottle  withlavender vintage style bulb sprayerwithshiny silver collar cap.For use with cologne, Eau de Parfum, air freshner, face and body spray, or room spray. Antique or vintage bulb sprayers enhance the beauty of your product.Elegant bottle is a family of bottles available in 5ml , 15ml, 30ml, 60ml and 100ml.Price each",Missing
GBElg60AnSpPnk,,,"Elegantdesign60 ml,  2oz Clear glass bottle  withpink vintage style bulb sprayerwithshiny gold collar cap.For use with cologne, Eau de Parfum, air freshner, face and body spray, or room spray. Antique or vintage bulb sprayers enhance the beauty of your product.Elegant bottle is a family of bottles available in 5ml , 15ml, 30ml, 60ml and 100ml.Price each",Missing
GBElg60AnSpMtSl,,,"Elegantdesign60 ml,  2oz Clear glass bottle  withmatte silver vintage style sprayerwithmatte silver collar cap.For use with cologne, Eau de Parfum, air freshner, face and body spray, or room spray. Antique or vintage bulb sprayers enhance the beauty of your product.Elegant bottle is a family of bottles available in 5ml , 15ml, 30ml, 60ml and 100ml.Price each",Missing
GBElg60AnSpIvySl,,,"Elegantdesign60 ml,  2oz Clear glass bottle  withivory vintage style bulb sprayerwithshiny silver collar cap.For use with cologne, Eau de Parfum, air freshner, face and body spray, or room spray. Antique or vintage bulb sprayers enhance the beauty of your product.Elegant bottle is a family of bottles available in 5ml , 15ml, 30ml, 60ml and 100ml.Price each",Missing
GBElg60AnSpGl,,,"Elegantdesign60 ml,  2oz Clear glass bottle  withgold vintage style sprayerwithshiny gold collar cap.For use with cologne, Eau de Parfum, air freshner, face and body spray, or room spray. Antique or vintage bulb sprayers enhance the beauty of your product.Elegant bottle is a family of bottles available in 5ml , 15ml, 30ml, 60ml and 100ml.Price each",Missing
GBElg60AnSpIvyGl,,,"Elegantdesign60 ml,  2oz Clear glass bottle  withivory vintage style bulb sprayerwithshiny gold collar cap.For use with cologne, Eau de Parfum, air freshner, face and body spray, or room spray. Antique or vintage bulb sprayers enhance the beauty of your product.Elegant bottle is a family of bottles available in 5ml , 15ml, 30ml, 60ml and 100ml.Price each",Missing
GBElg60AnSpBlk,GBElg60AnSpBlk,$5.32,"Elegant design 60 ml, 2oz clear glass bottle with black vintage style bulb sprayer with shiny silver collar cap. For use with cologne, Eau de Parfum, air freshner, face and body spray, or room spray. Antique or vintage bulb sprayers enhance the beauty",Found
GBElg60AnSpWht,,,"Elegantdesign60 ml,  2oz Clear glass bottle  withwhite vintage style bulb sprayerwithshiny silver collar cap.For use with cologne, Eau de Parfum, air freshner, face and body spray, or room spray. Antique or vintage bulb sprayers enhance the beauty of your product.Elegant bottle is a family of bottles available in 5ml , 15ml, 30ml, 60ml and 100ml.Price each",Missing
GBElg60AnSpRed,,,"Elegantdesign60 ml,  2oz Clear glass bottle  withred vintage style bulb sprayerwithshiny silver collar cap.For use with cologne, Eau de Parfum, air freshner, face and body spray, or room spray. Antique or vintage bulb sprayers enhance the beauty of your product.Elegant bottle is a family of bottles available in 5ml , 15ml, 30ml, 60ml and 100ml.Price each",Missing
GBElg60AnSpTslLvn,,,"Elegantdesign60 ml,  2oz Clear glass bottle  withLavender vintage style bulb sprayer with Tasselwithshiny silver collar cap.For use with cologne, Eau de Parfum, air freshner, face and body spray, or room spray. Antique or vintage bulb sprayers enhance the beauty of your product.Elegant bottle is a family of bottles available in 5ml , 15ml, 30ml, 60ml and 100ml.Price each",Missing
GBElg60AnSpTslIvyGl,,,"Elegantdesign60 ml,  2oz Clear glass bottle  withIvory vintage style bulb sprayer with tasselwithshiny gold collar cap.For use with cologne, Eau de Parfum, air freshner, face and body spray, or room spray. Antique or vintage bulb sprayers enhance the beauty of your product.Elegant bottle is a family of bottles available in 5ml , 15ml, 30ml, 60ml and 100ml.Price each",Missing
GBElg60AnSpTslIvySl,,,"Elegantdesign60 ml,  2oz Clear glass bottle  withIvory vintage style bulb sprayer with tasselwithshiny silver collar cap.For use with cologne, Eau de Parfum, air freshner, face and body spray, or room spray. Antique or vintage bulb sprayers enhance the beauty of your product.Elegant bottle is a family of bottles available in 5ml , 15ml, 30ml, 60ml and 100ml.Price each",Missing
GBElg60AnSpTslWht,,,"Elegantdesign60 ml,  2oz Clear glass bottle  withWhite vintage style bulb sprayer with tasselwithshiny silver collar cap.For use with cologne, Eau de Parfum, air freshner, face and body spray, or room spray. Antique or vintage bulb sprayers enhance the beauty of your product.Elegant bottle is a family of bottles available in 5ml , 15ml, 30ml, 60ml and 100ml.Price each",Missing
GBElg60AnSpTslPnk,,,"Elegantdesign60 ml,  2oz Clear glass bottle  withPink vintage style bulb sprayer with tasselwithshiny gold collar cap.For use with cologne, Eau de Parfum, air freshner, face and body spray, or room spray. Antique or vintage bulb sprayers enhance the beauty of your product.Elegant bottle is a family of bottles available in 5ml , 15ml, 30ml, 60ml and 100ml.Price each",Missing
GBElg60AnSpTslRed,,,"Elegantdesign60 ml,  2oz Clear glass bottle  withRed vintage style bulb sprayer with tasselwithshiny silver collar cap.For use with cologne, Eau de Parfum, air freshner, face and body spray, or room spray. Antique or vintage bulb sprayers enhance the beauty of your product.Elegant bottle is a family of bottles available in 5ml , 15ml, 30ml, 60ml and 100ml.Price each",Missing
GBElg60AnSpTslBlk,GBElg60AnSpTslBlk,$6.03,"Elegant design 60 ml, 2oz clear glass bottle with Black vintage style bulb sprayer with tassel with shiny silver collar cap. For use with cologne, Eau de Parfum, air freshner, face and body spray, or room spray. Antique or vintage bulb sprayers enhance",Found
GBElg60AnSpTslMtSl,,,"Elegantdesign60 ml,  2oz Clear glass bottle  withSilver vintage style bulb sprayer with tasselwithmatte silver collar cap.For use with cologne, Eau de Parfum, air freshner, face and body spray, or room spray. Antique or vintage bulb sprayers enhance the beauty of your product.Elegant bottle is a family of bottles available in 5ml , 15ml, 30ml, 60ml and 100ml.Price each",Missing
GBElg60AnSpTslGl,,,"Elegantdesign60 ml,  2oz Clear glass bottle  withGold vintage style bulb sprayer with tasselwithshiny gold collar cap.For use with cologne, Eau de Parfum, air freshner, face and body spray, or room spray. Antique or vintage bulb sprayers enhance the beauty of your product.Elegant bottle is a family of bottles available in 5ml , 15ml, 30ml, 60ml and 100ml.Price each",Missing
GBElg60DrpSl,,,"Elegantdesign60 ml,  2oz Clear glass bottle  withwhite dropperwithshiny silver collar cap.For use with perfume oils, diffuser oils, serums, primers, facial oils or face oils, moisturizer, and beard oils.Elegant bottle is a family of bottles available in 5ml , 15ml, 30ml, 60ml and 100ml.Price each",Missing
GBElg60DrpGl,,,"Elegantdesign60 ml,  2oz Clear glass bottle  withwhite dropperwithshiny gold collar cap.For use with perfume oils, diffuser oils, serums, primers, facial oils or face oils, moisturizer, and beard oils.Elegant bottle is a family of bottles available in 5ml , 15ml, 30ml, 60ml and 100ml.Price each",Missing
GBElg60DrpCu,GBElg60DrpCu,$1.81,"Elegant design 60 ml, 2oz clear glass bottle with white dropper with shiny copper collar cap. For use with perfume oils, diffuser oils, serums, primers, facial oils or face oils, moisturizer, and beard oils. Elegant bottle is a family of bottles availab",Found
LBElg60WhtClOvrCp,,,"Elegantdesign60 ml,  2oz Clear glass bottle  withwhite rectangularwithclear over the cap.For use with lotions, moisturizer, and serums.Elegant bottle is a family of bottles available in 5ml , 15ml, 30ml, 60ml and 100ml.Price each",Missing
GBElg60RdcrPnkLthr,,,"Elegantdesign60 ml,  2oz Clear glass bottle  withreducerandpink faux leather cap.For use with cologne, aftershave, splash on, and perfume or fragrance oil, beard oils.Elegant bottle is a family of bottles available in 5ml , 15ml, 30ml, 60ml and 100ml.Price each",Missing
GBElg60RdcrIvyLthr,,,"Elegantdesign60 ml,  2oz Clear glass bottle  withreducerandivory faux leather cap.For use with cologne, aftershave, splash on, and perfume or fragrance oil, beard oils.Elegant bottle is a family of bottles available in 5ml , 15ml, 30ml, 60ml and 100ml.Price each",Missing
GBElg60SpryCu,GBElg60SpryCu,$2.61,"Elegant design 60 ml, 2oz clear glass bottle with matte copper spray pump. For use with cologne, Eau de Parfum, air freshner, face and body spray, or room spray. Elegant bottle is a family of bottles available in 5ml, 15ml, 30ml, 60ml and 100ml.",Found
LBElg60LtnCu,,,"Elegantdesign60 ml,  2oz Clear glass bottle  withmatte copper lotion pump0.For use with lotions, moisturizer, and serums.Elegant bottle is a family of bottles available in 5ml , 15ml, 30ml, 60ml and 100ml.Price each",Missing
GBElg100RdcrShnGl,,,"Elegantdesign100 ml,  3 1/2oz Clear glass bottle  withreducerandshiny gold cap.For use with cologne, aftershave, splash on, and perfume or fragrance oil, beard oils.Elegant bottle is a family of bottles available in 5ml , 15ml, 30ml, 60ml and 100ml.Price each",Missing
GBElg100RdcrShnBlkTall,,,"Elegantdesign100 ml,  3 1/2oz Clear glass bottle  withreducerandtall black shiny cap.For use with cologne, aftershave, splash on, and perfume or fragrance oil, beard oils.Elegant bottle is a family of bottles available in 5ml , 15ml, 30ml, 60ml and 100ml.Price each",Missing
GBElg100RdcrShnBlk,,,"Elegantdesign100 ml,  3 1/2oz Clear glass bottle  withreducerandblack shiny cap.For use with cologne, aftershave, splash on, and perfume or fragrance oil, beard oils.Elegant bottle is a family of bottles available in 5ml , 15ml, 30ml, 60ml and 100ml.Price each",Missing
GBElg100RdcrBlkLthr,GBElg100RdcrBlkLthr,$2.42,"Elegant design 100 ml, 3 1/2oz clear glass bottle with reducer and black faux leather cap. For use with cologne, aftershave, splash on, and perfume or fragrance oil, beard oils. Elegant bottle is a family of bottles available in 5ml, 15ml, 30ml, 60ml an",Found
GBElg100RdcrBrwnLthr,,,"Elegantdesign100 ml,  3 1/2oz Clear glass bottle  withreducerandbrown faux leather cap.For use with cologne, aftershave, splash on, and perfume or fragrance oil, beard oils.Elegant bottle is a family of bottles available in 5ml , 15ml, 30ml, 60ml and 100ml.Price each",Missing
GBElg100RdcrLBrwnLthr,,,"Elegantdesign100 ml,  3 1/2oz Clear glass bottle  withreducerandlight brown faux leather cap.For use with cologne, aftershave, splash on, and perfume or fragrance oil, beard oils.Elegant bottle is a family of bottles available in 5ml , 15ml, 30ml, 60ml and 100ml.Price each",Missing
GBElg100RdcrShnSl,,,"Elegantdesign100 ml,  3 1/2oz Clear glass bottle  withreducerandshiny silver cap.For use with cologne, aftershave, splash on, and perfume or fragrance oil, beard oils.Elegant bottle is a family of bottles available in 5ml , 15ml, 30ml, 60ml and 100ml.Price each",Missing
GBElg100RdcrMtSlTall,,,"Elegantdesign100 ml,  3 1/2oz Clear glass bottle  withreducerandtall silver matte cap.For use with cologne, aftershave, splash on, and perfume or fragrance oil, beard oils.Elegant bottle is a family of bottles available in 5ml , 15ml, 30ml, 60ml and 100ml.Price each",Missing
GBElg100RdcrMtSl,,,"Elegantdesign100 ml,  3 1/2oz Clear glass bottle  withreducerandsilver matte cap.For use with cologne, aftershave, splash on, and perfume or fragrance oil, beard oils.Elegant bottle is a family of bottles available in 5ml , 15ml, 30ml, 60ml and 100ml.Price each",Missing
GBElg100RdcrWht,,,"Elegantdesign100 ml,  3 1/2oz Clear glass bottle  withreducerandwhite cap.For use with cologne, aftershave, splash on, and perfume or fragrance oil, beard oils.Elegant bottle is a family of bottles available in 5ml , 15ml, 30ml, 60ml and 100ml.Price each",Missing
GBElg100SpryMtGl,,,"Elegantdesign100 ml,  3 1/2oz Clear glass bottle  withmatte gold spray pump0.For use with cologne, Eau de Parfum, air freshner, face and body spray, or room spray.Elegant bottle is a family of bottles available in 5ml , 15ml, 30ml, 60ml and 100ml.Price each",Missing
LBElg100LtnMtGl,,,"Elegantdesign100 ml,  3 1/2oz Clear glass bottle  withmatte gold lotion pump00.For use with lotions, moisturizer, and serums.Elegant bottle is a family of bottles available in 5ml , 15ml, 30ml, 60ml and 100ml.Price each",Missing
GBElg100SpryShnGl,,,"Elegantdesign100 ml,  3 1/2oz Clear glass bottle  withshiny gold spray pump.For use with cologne, Eau de Parfum, air freshner, face and body spray, or room spray.Elegant bottle is a family of bottles available in 5ml , 15ml, 30ml, 60ml and 100ml.Price each",Missing
LBElg100LtnShnGl,,,"Elegantdesign100 ml,  3 1/2oz Clear glass bottle  withshiny gold lotion pump.For use with lotions, moisturizer, and serums.Elegant bottle is a family of bottles available in 5ml , 15ml, 30ml, 60ml and 100ml.Price each",Missing
GBElg100SpryShnBlk,,,"Elegantdesign100 ml,  3 1/2oz Clear glass bottle  withshiny black spray pump.For use with cologne, Eau de Parfum, air freshner, face and body spray, or room spray.Elegant bottle is a family of bottles available in 5ml , 15ml, 30ml, 60ml and 100ml.Price each",Missing
LBElg100LtnShnBlk,,,"Elegantdesign100 ml,  3 1/2oz Clear glass bottle  withshiny black lotion pump.For use with lotions, moisturizer, and serums.Elegant bottle is a family of bottles available in 5ml , 15ml, 30ml, 60ml and 100ml.Price each",Missing
GBElg100SpryMtSl,,,"Elegantdesign100 ml,  3 1/2oz Clear glass bottle  withmatte silver spray pump.For use with cologne, Eau de Parfum, air freshner, face and body spray, or room spray.Elegant bottle is a family of bottles available in 5ml , 15ml, 30ml, 60ml and 100ml.Price each",Missing
LBElg100LtnMtSl,,,"Elegantdesign100 ml,  3 1/2oz Clear glass bottle  withmatte silver lotion pump.For use with lotions, moisturizer, and serums.Elegant bottle is a family of bottles available in 5ml , 15ml, 30ml, 60ml and 100ml.Price each",Missing
LBElg100LtnClOvrCap,LBElg100LtnClOvrCap,$3.14,"Elegant design 100 ml, 3 1/2oz clear glass bottle with with a matte silver collar treatment pump and clear overcap. For use with serums, light creams, moisturizers, facial oils or face oils, beard oils, body lotions, body wash, and hair products. Elegant",Found
GBElg100SpryShnSl,,,"Elegantdesign100 ml,  3 1/2oz Clear glass bottle  withshiny silver spray pump.For use with cologne, Eau de Parfum, air freshner, face and body spray, or room spray.Elegant bottle is a family of bottles available in 5ml , 15ml, 30ml, 60ml and 100ml.Price each",Missing
LBElg100LtnShnSl,,,"Elegantdesign100 ml,  3 1/2oz Clear glass bottle  withshiny silver lotion pump.For use with lotions, moisturizer, and serums.Elegant bottle is a family of bottles available in 5ml , 15ml, 30ml, 60ml and 100ml.Price each",Missing
GBElg100AnSpLvn,,,"Elegantdesign100 ml,  3 1/2oz Clear glass bottle  withlavender vintage style bulb sprayerwithshiny silver collar cap.For use with cologne, Eau de Parfum, air freshner, face and body spray, or room spray. Antique or vintage bulb sprayers enhance the beauty of your product.Elegant bottle is a family of bottles available in 5ml , 15ml, 30ml, 60ml and 100ml.Price each",Missing
GBElg100AnSpPnk,,,"Elegantdesign100 ml,  3 1/2oz Clear glass bottle  withpink vintage style bulb sprayerwithshiny gold collar cap.For use with cologne, Eau de Parfum, air freshner, face and body spray, or room spray. Antique or vintage bulb sprayers enhance the beauty of your product.Elegant bottle is a family of bottles available in 5ml , 15ml, 30ml, 60ml and 100ml.Price each",Missing
GBElg100AnSpMtSl,,,"Elegantdesign100 ml,  3 1/2oz Clear glass bottle  withmatte silver vintage style sprayerwithmatte silver collar cap.For use with cologne, Eau de Parfum, air freshner, face and body spray, or room spray. Antique or vintage bulb sprayers enhance the beauty of your product.Elegant bottle is a family of bottles available in 5ml , 15ml, 30ml, 60ml and 100ml.Price each",Missing
GBElg100AnSpIvySl,,,"Elegantdesign100 ml,  3 1/2oz Clear glass bottle  withivory vintage style bulb sprayerwithshiny silver collar cap.For use with cologne, Eau de Parfum, air freshner, face and body spray, or room spray. Antique or vintage bulb sprayers enhance the beauty of your product.Elegant bottle is a family of bottles available in 5ml , 15ml, 30ml, 60ml and 100ml.Price each",Missing
GBElg100AnSpGl,,,"Elegantdesign100 ml,  3 1/2oz Clear glass bottle  withgold vintage style sprayerwithshiny gold collar cap.For use with cologne, Eau de Parfum, air freshner, face and body spray, or room spray. Antique or vintage bulb sprayers enhance the beauty of your product.Elegant bottle is a family of bottles available in 5ml , 15ml, 30ml, 60ml and 100ml.Price each",Missing
GBElg100AnSpIvyGl,,,"Elegantdesign100 ml,  3 1/2oz Clear glass bottle  withivory vintage style bulb sprayerwithshiny gold collar cap.For use with cologne, Eau de Parfum, air freshner, face and body spray, or room spray. Antique or vintage bulb sprayers enhance the beauty of your product.Elegant bottle is a family of bottles available in 5ml , 15ml, 30ml, 60ml and 100ml.Price each",Missing
GBElg100AnSpBlk,GBElg100AnSpBlk,$5.84,"Elegant design 100 ml, 3 1/2oz clear glass bottle with black vintage style bulb sprayer with shiny silver collar cap. For use with cologne, Eau de Parfum, air freshner, face and body spray, or room spray. Antique or vintage bulb sprayers enhance the be",Found
GBElg100AnSpWht,,,"Elegantdesign100 ml,  3 1/2oz Clear glass bottle  withwhite vintage style bulb sprayerwithshiny silver collar cap.For use with cologne, Eau de Parfum, air freshner, face and body spray, or room spray. Antique or vintage bulb sprayers enhance the beauty of your product.Elegant bottle is a family of bottles available in 5ml , 15ml, 30ml, 60ml and 100ml.Price each",Missing
GBElg100AnSpRed,,,"Elegantdesign100 ml,  3 1/2oz Clear glass bottle  withred vintage style bulb sprayerwithshiny silver collar cap.For use with cologne, Eau de Parfum, air freshner, face and body spray, or room spray. Antique or vintage bulb sprayers enhance the beauty of your product.Elegant bottle is a family of bottles available in 5ml , 15ml, 30ml, 60ml and 100ml.Price each",Missing
GBElg100AnSpTslLvn,,,"Elegantdesign100 ml,  3 1/2oz Clear glass bottle  withLavender vintage style bulb sprayer with Tasselwithshiny silver collar cap.For use with cologne, Eau de Parfum, air freshner, face and body spray, or room spray. Antique or vintage bulb sprayers enhance the beauty of your product.Elegant bottle is a family of bottles available in 5ml , 15ml, 30ml, 60ml and 100ml.Price each",Missing
GBElg100AnSpTslIvyGl,,,"Elegantdesign100 ml,  3 1/2oz Clear glass bottle  withIvory vintage style bulb sprayer with tasselwithshiny gold collar cap.For use with cologne, Eau de Parfum, air freshner, face and body spray, or room spray. Antique or vintage bulb sprayers enhance the beauty of your product.Elegant bottle is a family of bottles available in 5ml , 15ml, 30ml, 60ml and 100ml.Price each",Missing
GBElg100AnSpTslIvySl,,,"Elegantdesign100 ml,  3 1/2oz Clear glass bottle  withIvory vintage style bulb sprayer with tasselwithshiny silver collar cap.For use with cologne, Eau de Parfum, air freshner, face and body spray, or room spray. Antique or vintage bulb sprayers enhance the beauty of your product.Elegant bottle is a family of bottles available in 5ml , 15ml, 30ml, 60ml and 100ml.Price each",Missing
GBElg100AnSpTslWht,,,"Elegantdesign100 ml,  3 1/2oz Clear glass bottle  withWhite vintage style bulb sprayer with tasselwithshiny silver collar cap.For use with cologne, Eau de Parfum, air freshner, face and body spray, or room spray. Antique or vintage bulb sprayers enhance the beauty of your product.Elegant bottle is a family of bottles available in 5ml , 15ml, 30ml, 60ml and 100ml.Price each",Missing
GBElg100AnSpTslPnk,,,"Elegantdesign100 ml,  3 1/2oz Clear glass bottle  withPink vintage style bulb sprayer with tasselwithshiny gold collar cap.For use with cologne, Eau de Parfum, air freshner, face and body spray, or room spray. Antique or vintage bulb sprayers enhance the beauty of your product.Elegant bottle is a family of bottles available in 5ml , 15ml, 30ml, 60ml and 100ml.Price each",Missing
GBElg100AnSpTslRed,,,"Elegantdesign100 ml,  3 1/2oz Clear glass bottle  withRed vintage style bulb sprayer with tasselwithshiny silver collar cap.For use with cologne, Eau de Parfum, air freshner, face and body spray, or room spray. Antique or vintage bulb sprayers enhance the beauty of your product.Elegant bottle is a family of bottles available in 5ml , 15ml, 30ml, 60ml and 100ml.Price each",Missing
GBElg100AnSpTslBlk,GBElg100AnSpTslBlk,$6.56,"Elegant design 100 ml, 3 1/2oz clear glass bottle with Black vintage style bulb sprayer with tassel with shiny silver collar cap. For use with cologne, Eau de Parfum, air freshner, face and body spray, or room spray. Antique or vintage bulb sprayers en",Found
GBElg100AnSpTslMtSl,,,"Elegantdesign100 ml,  3 1/2oz Clear glass bottle  withSilver vintage style bulb sprayer with tasselwithmatte silver collar cap.For use with cologne, Eau de Parfum, air freshner, face and body spray, or room spray. Antique or vintage bulb sprayers enhance the beauty of your product.Elegant bottle is a family of bottles available in 5ml , 15ml, 30ml, 60ml and 100ml.Price each",Missing
GBElg100AnSpTslGl,,,"Elegantdesign100 ml,  3 1/2oz Clear glass bottle  withGold vintage style bulb sprayer with tasselwithshiny gold collar cap.For use with cologne, Eau de Parfum, air freshner, face and body spray, or room spray. Antique or vintage bulb sprayers enhance the beauty of your product.Elegant bottle is a family of bottles available in 5ml , 15ml, 30ml, 60ml and 100ml.Price each",Missing
GBElg100RdcrPnkLthr,,,"Elegantdesign100 ml,  3 1/2oz Clear glass bottle  withreducerandpink faux leather cap.For use with cologne, aftershave, splash on, and perfume or fragrance oil, beard oils.Elegant bottle is a family of bottles available in 5ml , 15ml, 30ml, 60ml and 100ml.Price each",Missing
GBElg100RdcrIvyLthr,,,"Elegantdesign100 ml,  3 1/2oz Clear glass bottle  withreducerandivory faux leather cap.For use with cologne, aftershave, splash on, and perfume or fragrance oil, beard oils.Elegant bottle is a family of bottles available in 5ml , 15ml, 30ml, 60ml and 100ml.Price each",Missing
LBElg100WhtClOvrCp,,,"Elegantdesign100 ml,  3 1/2oz Clear glass bottle  withwhite rectangularwithclear over the cap.For use with lotions, moisturizer, and serums.Elegant bottle is a family of bottles available in 5ml , 15ml, 30ml, 60ml and 100ml.Price each",Missing
GBElg100SpryCu,GBElg100SpryCu,$3.14,"Elegant design 100 ml, 3 1/2oz clear glass bottle with matte copper spray pump. For use with cologne, Eau de Parfum, air freshner, face and body spray, or room spray. Elegant bottle is a family of bottles available in 5ml, 15ml, 30ml, 60ml and 100ml. P",Found
LBElg100LtnCu,,,"Elegantdesign100 ml,  3 1/2oz Clear glass bottle  withmatte copper lotion pump0.For use with lotions, moisturizer, and serums.Elegant bottle is a family of bottles available in 5ml , 15ml, 30ml, 60ml and 100ml.Price each",Missing
GBElgFrst60RdcrShnGl,,,"Elegantdesign60 ml,  2ozFrosted glass bottlewithreducerandshiny gold cap.For use with cologne, aftershave, splash on, and perfume or fragrance oil, beard oils.Elegant bottle is a family of bottles available in 5ml , 15ml, 30ml, 60ml and 100ml.Price each",Missing
GBElgFrst60RdcrShnBlkTall,,,"Elegantdesign60 ml,  2ozFrosted glass bottlewithreducerandtall black shiny cap.For use with cologne, aftershave, splash on, and perfume or fragrance oil, beard oils.Elegant bottle is a family of bottles available in 5ml , 15ml, 30ml, 60ml and 100ml.Price each",Missing
GBElgFrst60RdcrShnBlk,,,"Elegantdesign60 ml,  2ozFrosted glass bottlewithreducerandblack shiny cap.For use with cologne, aftershave, splash on, and perfume or fragrance oil, beard oils.Elegant bottle is a family of bottles available in 5ml , 15ml, 30ml, 60ml and 100ml.Price each",Missing
GBElgFrst60RdcrBlkLthr,GBElgFrst60RdcrBlkLthr,$2.38,"Elegant design 60 ml, 2oz frosted glass bottle with reducer and black faux leather cap. For use with cologne, aftershave, splash on, and perfume or fragrance oil, beard oils. Elegant bottle is a family of bottles available in 5ml, 15ml, 30ml, 60ml and 100",Found
GBElgFrst60RdcrBrwnLthr,,,"Elegantdesign60 ml,  2ozFrosted glass bottlewithreducerandbrown faux leather cap.For use with cologne, aftershave, splash on, and perfume or fragrance oil, beard oils.Elegant bottle is a family of bottles available in 5ml , 15ml, 30ml, 60ml and 100ml.Price each",Missing
GBElgFrst60RdcrLBrwnLthr,,,"Elegantdesign60 ml,  2ozFrosted glass bottlewithreducerandlight brown faux leather cap.For use with cologne, aftershave, splash on, and perfume or fragrance oil, beard oils.Elegant bottle is a family of bottles available in 5ml , 15ml, 30ml, 60ml and 100ml.Price each",Missing
GBElgFrst60RdcrShnSl,,,"Elegantdesign60 ml,  2ozFrosted glass bottlewithreducerandshiny silver cap.For use with cologne, aftershave, splash on, and perfume or fragrance oil, beard oils.Elegant bottle is a family of bottles available in 5ml , 15ml, 30ml, 60ml and 100ml.Price each",Missing
GBElgFrst60RdcrMtSlTall,,,"Elegantdesign60 ml,  2ozFrosted glass bottlewithreducerandtall silver matte cap.For use with cologne, aftershave, splash on, and perfume or fragrance oil, beard oils.Elegant bottle is a family of bottles available in 5ml , 15ml, 30ml, 60ml and 100ml.Price each",Missing
GBElgFrst60RdcrMtSl,,,"Elegantdesign60 ml,  2ozFrosted glass bottlewithreducerandsilver matte cap.For use with cologne, aftershave, splash on, and perfume or fragrance oil, beard oils.Elegant bottle is a family of bottles available in 5ml , 15ml, 30ml, 60ml and 100ml.Price each",Missing
GBElgFrst60RdcrWht,,,"Elegantdesign60 ml,  2ozFrosted glass bottlewithreducerandwhite cap.For use with cologne, aftershave, splash on, and perfume or fragrance oil, beard oils.Elegant bottle is a family of bottles available in 5ml , 15ml, 30ml, 60ml and 100ml.Price each",Missing
GBElgFrst60SpryMtGl,,,"Elegantdesign60 ml,  2ozFrosted glass bottlewithmatte gold spray pump.For use with cologne, Eau de Parfum, air freshner, face and body spray, or room spray.Elegant bottle is a family of bottles available in 5ml , 15ml, 30ml, 60ml and 100ml.Price each",Missing
LBElgFrst60LtnMtGl,,,"Elegantdesign60 ml,  2ozFrosted glass bottlewithmatte gold lotion pump0.For use with lotions, moisturizer, and serums.Elegant bottle is a family of bottles available in 5ml , 15ml, 30ml, 60ml and 100ml.Price each",Missing
GBElgFrst60SpryShnGl,,,"Elegantdesign60 ml,  2ozFrosted glass bottlewithshiny gold spray pump.For use with cologne, Eau de Parfum, air freshner, face and body spray, or room spray.Elegant bottle is a family of bottles available in 5ml , 15ml, 30ml, 60ml and 100ml.Price each",Missing
LBElgFrst60LtnShnGl,,,"Elegantdesign60 ml,  2ozFrosted glass bottlewithshiny gold lotion pump.For use with lotions, moisturizer, and serums.Elegant bottle is a family of bottles available in 5ml , 15ml, 30ml, 60ml and 100ml.Price each",Missing
LBElgFrst60LtnShnBlk,,,"Elegantdesign60 ml,  2ozFrosted glass bottlewithshiny black spray pump.For use with cologne, Eau de Parfum, air freshner, face and body spray, or room spray.Elegant bottle is a family of bottles available in 5ml , 15ml, 30ml, 60ml and 100ml.Price each",Missing
GBElgFrst60SpryShnBlk,,,"Elegantdesign60 ml,  2ozFrosted glass bottlewithshiny black lotion pump.For use with lotions, moisturizer, and serums.Elegant bottle is a family of bottles available in 5ml , 15ml, 30ml, 60ml and 100ml.Price each",Missing
GBElgFrst60SpryMtSl,,,"Elegantdesign60 ml,  2ozFrosted glass bottlewithmatte silver spray pump.For use with cologne, Eau de Parfum, air freshner, face and body spray, or room spray.Elegant bottle is a family of bottles available in 5ml , 15ml, 30ml, 60ml and 100ml.Price each",Missing
LBElgFrst60LtnMtSl,,,"Elegantdesign60 ml,  2ozFrosted glass bottlewithmatte silver lotion pump.For use with lotions, moisturizer, and serums.Elegant bottle is a family of bottles available in 5ml , 15ml, 30ml, 60ml and 100ml.Price each",Missing
LBElgFrst60LtnClOvrCap,LBElgFrst60LtnClOvrCap,$3.61,"Elegant design 60 ml, 2oz frosted glass bottle with with a matte silver collar treatment pump and clear overcap. For use with serums, light creams, moisturizers, facial oils or face oils, beard oils, body lotions, body wash, and hair products. Elegant bot",Found
GBElgFrst60SpryShnSl,,,"Elegantdesign60 ml,  2ozFrosted glass bottlewithshiny silver spray pump.For use with cologne, Eau de Parfum, air freshner, face and body spray, or room spray.Elegant bottle is a family of bottles available in 5ml , 15ml, 30ml, 60ml and 100ml.Price each",Missing
LBElgFrst60LtnShnSl,,,"Elegantdesign60 ml,  2ozFrosted glass bottlewithshiny silver lotion pump.For use with lotions, moisturizer, and serums.Elegant bottle is a family of bottles available in 5ml , 15ml, 30ml, 60ml and 100ml.Price each",Missing
GBElgFrst60AnSpLvn,,,"Elegantdesign60 ml,  2ozFrosted glass bottlewithlavender vintage style bulb sprayerwithshiny silver collar cap.For use with cologne, Eau de Parfum, air freshner, face and body spray, or room spray. Antique or vintage bulb sprayers enhance the beauty of your product.Elegant bottle is a family of bottles available in 5ml , 15ml, 30ml, 60ml and 100ml.Price each",Missing
GBElgFrst60AnSpPnk,,,"Elegantdesign60 ml,  2ozFrosted glass bottlewithpink vintage style bulb sprayerwithshiny gold collar cap.For use with cologne, Eau de Parfum, air freshner, face and body spray, or room spray. Antique or vintage bulb sprayers enhance the beauty of your product.Elegant bottle is a family of bottles available in 5ml , 15ml, 30ml, 60ml and 100ml.Price each",Missing
GBElgFrst60AnSpMtSl,,,"Elegantdesign60 ml,  2ozFrosted glass bottlewithmatte silver vintage style sprayerwithmatte silver collar cap.For use with cologne, Eau de Parfum, air freshner, face and body spray, or room spray. Antique or vintage bulb sprayers enhance the beauty of your product.Elegant bottle is a family of bottles available in 5ml , 15ml, 30ml, 60ml and 100ml.Price each",Missing
GBElgFrst60AnSpIvySl,,,"Elegantdesign60 ml,  2ozFrosted glass bottlewithivory vintage style bulb sprayerwithshiny silver collar cap.For use with cologne, Eau de Parfum, air freshner, face and body spray, or room spray. Antique or vintage bulb sprayers enhance the beauty of your product.Elegant bottle is a family of bottles available in 5ml , 15ml, 30ml, 60ml and 100ml.Price each",Missing
GBElgFrst60AnSpGl,,,"Elegantdesign60 ml,  2ozFrosted glass bottlewithgold vintage style sprayerwithshiny gold collar cap.For use with cologne, Eau de Parfum, air freshner, face and body spray, or room spray. Antique or vintage bulb sprayers enhance the beauty of your product.Elegant bottle is a family of bottles available in 5ml , 15ml, 30ml, 60ml and 100ml.Price each",Missing
GBElgFrst60AnSpIvyGl,,,"Elegantdesign60 ml,  2ozFrosted glass bottlewithivory vintage style bulb sprayerwithshiny gold collar cap.For use with cologne, Eau de Parfum, air freshner, face and body spray, or room spray. Antique or vintage bulb sprayers enhance the beauty of your product.Elegant bottle is a family of bottles available in 5ml , 15ml, 30ml, 60ml and 100ml.Price each",Missing
GBElgFrst60AnSpBlk,GBElgFrst60AnSpBlk,$5.80,"Elegant design 60 ml, 2oz frosted glass bottle with black vintage style bulb sprayer with shiny silver collar cap. For use with cologne, Eau de Parfum, air freshner, face and body spray, or room spray. Antique or vintage bulb sprayers enhance the beauty",Found
GBElgFrst60AnSpWht,,,"Elegantdesign60 ml,  2ozFrosted glass bottlewithwhite vintage style bulb sprayerwithshiny silver collar cap.For use with cologne, Eau de Parfum, air freshner, face and body spray, or room spray. Antique or vintage bulb sprayers enhance the beauty of your product.Elegant bottle is a family of bottles available in 5ml , 15ml, 30ml, 60ml and 100ml.Price each",Missing
GBElgFrst60AnSpRed,,,"Elegantdesign60 ml,  2ozFrosted glass bottlewithred vintage style bulb sprayerwithshiny silver collar cap.For use with cologne, Eau de Parfum, air freshner, face and body spray, or room spray. Antique or vintage bulb sprayers enhance the beauty of your product.Elegant bottle is a family of bottles available in 5ml , 15ml, 30ml, 60ml and 100ml.Price each",Missing
GBElgFrst60AnSpTslLvn,,,"Elegantdesign60 ml,  2ozFrosted glass bottlewithLavender vintage style bulb sprayer with Tasselwithshiny silver collar cap.For use with cologne, Eau de Parfum, air freshner, face and body spray, or room spray. Antique or vintage bulb sprayers enhance the beauty of your product.Elegant bottle is a family of bottles available in 5ml , 15ml, 30ml, 60ml and 100ml.Price each",Missing
GBElgFrst60AnSpTslIvyGl,,,"Elegantdesign60 ml,  2ozFrosted glass bottlewithIvory vintage style bulb sprayer with tasselwithshiny gold collar cap.For use with cologne, Eau de Parfum, air freshner, face and body spray, or room spray. Antique or vintage bulb sprayers enhance the beauty of your product.Elegant bottle is a family of bottles available in 5ml , 15ml, 30ml, 60ml and 100ml.Price each",Missing
GBElgFrst60AnSpTslIvySl,,,"Elegantdesign60 ml,  2ozFrosted glass bottlewithIvory vintage style bulb sprayer with tasselwithshiny silver collar cap.For use with cologne, Eau de Parfum, air freshner, face and body spray, or room spray. Antique or vintage bulb sprayers enhance the beauty of your product.Elegant bottle is a family of bottles available in 5ml , 15ml, 30ml, 60ml and 100ml.Price each",Missing
GBElgFrst60AnSpTslWht,,,"Elegantdesign60 ml,  2ozFrosted glass bottlewithWhite vintage style bulb sprayer with tasselwithshiny silver collar cap.For use with cologne, Eau de Parfum, air freshner, face and body spray, or room spray. Antique or vintage bulb sprayers enhance the beauty of your product.Elegant bottle is a family of bottles available in 5ml , 15ml, 30ml, 60ml and 100ml.Price each",Missing
GBElgFrst60AnSpTslPnk,,,"Elegantdesign60 ml,  2ozFrosted glass bottlewithPink vintage style bulb sprayer with tasselwithshiny gold collar cap.For use with cologne, Eau de Parfum, air freshner, face and body spray, or room spray. Antique or vintage bulb sprayers enhance the beauty of your product.Elegant bottle is a family of bottles available in 5ml , 15ml, 30ml, 60ml and 100ml.Price each",Missing
GBElgFrst60AnSpTslRed,,,"Elegantdesign60 ml,  2ozFrosted glass bottlewithRed vintage style bulb sprayer with tasselwithshiny silver collar cap.For use with cologne, Eau de Parfum, air freshner, face and body spray, or room spray. Antique or vintage bulb sprayers enhance the beauty of your product.Elegant bottle is a family of bottles available in 5ml , 15ml, 30ml, 60ml and 100ml.Price each",Missing
GBElgFrst60AnSpTslBlk,GBElgFrst60AnSpTslBlk,$6.51,"Elegant design 60 ml, 2oz frosted glass bottle with Black vintage style bulb sprayer with tassel with shiny silver collar cap. For use with cologne, Eau de Parfum, air freshner, face and body spray, or room spray. Antique or vintage bulb sprayers enhance",Found
GBElgFrst60AnSpTslMtSl,,,"Elegantdesign60 ml,  2ozFrosted glass bottlewithSilver vintage style bulb sprayer with tasselwithmatte silver collar cap.For use with cologne, Eau de Parfum, air freshner, face and body spray, or room spray. Antique or vintage bulb sprayers enhance the beauty of your product.Elegant bottle is a family of bottles available in 5ml , 15ml, 30ml, 60ml and 100ml.Price each",Missing
GBElgFrst60AnSpTslGl,,,"Elegantdesign60 ml,  2ozFrosted glass bottlewithGold vintage style bulb sprayer with tasselwithshiny gold collar cap.For use with cologne, Eau de Parfum, air freshner, face and body spray, or room spray. Antique or vintage bulb sprayers enhance the beauty of your product.Elegant bottle is a family of bottles available in 5ml , 15ml, 30ml, 60ml and 100ml.Price each",Missing
GBElgFrst60DrpSl,,,"Elegantdesign60 ml,  2ozFrosted glass bottlewithwhite dropperwithshiny silver collar cap.For use with perfume oils, diffuser oils, serums, primers, facial oils or face oils, moisturizer, and beard oils.Elegant bottle is a family of bottles available in 5ml , 15ml, 30ml, 60ml and 100ml.Price each",Missing
GBElgFrst60DrpGl,,,"Elegantdesign60 ml,  2ozFrosted glass bottlewithwhite dropperwithshiny gold collar cap.For use with perfume oils, diffuser oils, serums, primers, facial oils or face oils, moisturizer, and beard oils.Elegant bottle is a family of bottles available in 5ml , 15ml, 30ml, 60ml and 100ml.Price each",Missing
GBElgFrst60DrpCu,GBElgFrst60DrpCu,$2.28,"Elegant design 60 ml, 2oz frosted glass bottle with white dropper with shiny copper collar cap. For use with perfume oils, diffuser oils, serums, primers, facial oils or face oils, moisturizer, and beard oils. Elegant bottle is a family of bottles availab",Found
LBElgFrst60WhtClOvrCp,,,"Elegantdesign60 ml,  2ozFrosted glass bottlewithwhite rectangularwithclear over the cap.For use with lotions, moisturizer, and serums.Elegant bottle is a family of bottles available in 5ml , 15ml, 30ml, 60ml and 100ml.Price each",Missing
GBElgFrst60RdcrPnkLthr,,,"Elegantdesign60 ml,  2ozFrosted glass bottlewithreducerandpink faux leather cap.For use with cologne, aftershave, splash on, and perfume or fragrance oil, beard oils.Elegant bottle is a family of bottles available in 5ml , 15ml, 30ml, 60ml and 100ml.Price each",Missing
GBElgFrst60RdcrIvyLthr,,,"Elegantdesign60 ml,  2ozFrosted glass bottlewithreducerandivory faux leather cap.For use with cologne, aftershave, splash on, and perfume or fragrance oil, beard oils.Elegant bottle is a family of bottles available in 5ml , 15ml, 30ml, 60ml and 100ml.Price each",Missing
GBElgFrst60SpryCu,GBElgFrst60SpryCu,$3.09,"Elegant design 60 ml, 2oz frosted glass bottle with matte copper spray pump. For use with cologne, Eau de Parfum, air freshner, face and body spray, or room spray. Elegant bottle is a family of bottles available in 5ml, 15ml, 30ml, 60ml and 100ml.",Found
LBElgFrst60LtnCu,,,"Elegantdesign60 ml,  2ozFrosted glass bottlewithmatte copper lotion pump0.For use with lotions, moisturizer, and serums.Elegant bottle is a family of bottles available in 5ml , 15ml, 30ml, 60ml and 100ml.Price each",Missing
GBElgFrst100RdcrShnGl,,,"Elegantdesign100 ml,  3 1/2ozFrosted glass bottlewithreducerandshiny gold cap.For use with cologne, aftershave, splash on, and perfume or fragrance oil, beard oils.Elegant bottle is a family of bottles available in 5ml , 15ml, 30ml, 60ml and 100ml.Price each",Missing
GBElgFrst100RdcrShnBlkTall,,,"Elegantdesign100 ml,  3 1/2ozFrosted glass bottlewithreducerandtall black shiny cap.For use with cologne, aftershave, splash on, and perfume or fragrance oil, beard oils.Elegant bottle is a family of bottles available in 5ml , 15ml, 30ml, 60ml and 100ml.Price each",Missing
GBElgFrst100RdcrShnBlk,,,"Elegantdesign100 ml,  3 1/2ozFrosted glass bottlewithreducerandblack shiny cap.For use with cologne, aftershave, splash on, and perfume or fragrance oil, beard oils.Elegant bottle is a family of bottles available in 5ml , 15ml, 30ml, 60ml and 100ml.Price each",Missing
GBElgFrst100RdcrBlkLthr,GBElgFrst100RdcrBlkLthr,$2.90,"Elegant design 100 ml, 3 1/2oz frosted glass bottle with reducer and black faux leather cap. For use with cologne, aftershave, splash on, and perfume or fragrance oil, beard oils. Elegant bottle is a family of bottles available in 5ml, 15ml, 30ml, 60ml an",Found
GBElgFrst100RdcrBrwnLthr,,,"Elegantdesign100 ml,  3 1/2ozFrosted glass bottlewithreducerandbrown faux leather cap.For use with cologne, aftershave, splash on, and perfume or fragrance oil, beard oils.Elegant bottle is a family of bottles available in 5ml , 15ml, 30ml, 60ml and 100ml.Price each",Missing
GBElgFrst100RdcrLBrwnLthr,,,"Elegantdesign100 ml,  3 1/2ozFrosted glass bottlewithreducerandlight brown faux leather cap.For use with cologne, aftershave, splash on, and perfume or fragrance oil, beard oils.Elegant bottle is a family of bottles available in 5ml , 15ml, 30ml, 60ml and 100ml.Price each",Missing
GBElgFrst100RdcrShnSl,,,"Elegantdesign100 ml,  3 1/2ozFrosted glass bottlewithreducerandshiny silver cap.For use with cologne, aftershave, splash on, and perfume or fragrance oil, beard oils.Elegant bottle is a family of bottles available in 5ml , 15ml, 30ml, 60ml and 100ml.Price each",Missing
GBElgFrst100RdcrMtSlTall,,,"Elegantdesign100 ml,  3 1/2ozFrosted glass bottlewithreducerandtall silver matte cap.For use with cologne, aftershave, splash on, and perfume or fragrance oil, beard oils.Elegant bottle is a family of bottles available in 5ml , 15ml, 30ml, 60ml and 100ml.Price each",Missing
GBElgFrst100RdcrMtSl,,,"Elegantdesign100 ml,  3 1/2ozFrosted glass bottlewithreducerandsilver matte cap.For use with cologne, aftershave, splash on, and perfume or fragrance oil, beard oils.Elegant bottle is a family of bottles available in 5ml , 15ml, 30ml, 60ml and 100ml.Price each",Missing
GBElgFrst100RdcrWht,,,"Elegantdesign100 ml,  3 1/2ozFrosted glass bottlewithreducerandwhite cap.For use with cologne, aftershave, splash on, and perfume or fragrance oil, beard oils.Elegant bottle is a family of bottles available in 5ml , 15ml, 30ml, 60ml and 100ml.Price each",Missing
GBElgFrst100SpryMtGl,,,"Elegantdesign100 ml,  3 1/2ozFrosted glass bottlewithmatte gold spray pump0.For use with cologne, Eau de Parfum, air freshner, face and body spray, or room spray.Elegant bottle is a family of bottles available in 5ml , 15ml, 30ml, 60ml and 100ml.Price each",Missing
LBElgFrst100LtnMtGl,,,"Elegantdesign100 ml,  3 1/2ozFrosted glass bottlewithmatte gold lotion pump00.For use with lotions, moisturizer, and serums.Elegant bottle is a family of bottles available in 5ml , 15ml, 30ml, 60ml and 100ml.Price each",Missing
GBElgFrst100SpryShnGl,,,"Elegantdesign100 ml,  3 1/2ozFrosted glass bottlewithshiny gold spray pump.For use with cologne, Eau de Parfum, air freshner, face and body spray, or room spray.Elegant bottle is a family of bottles available in 5ml , 15ml, 30ml, 60ml and 100ml.Price each",Missing
LBElgFrst100LtnShnGl,,,"Elegantdesign100 ml,  3 1/2ozFrosted glass bottlewithshiny gold lotion pump.For use with lotions, moisturizer, and serums.Elegant bottle is a family of bottles available in 5ml , 15ml, 30ml, 60ml and 100ml.Price each",Missing
GBElgFrst100SpryShnBlk,,,"Elegantdesign100 ml,  3 1/2ozFrosted glass bottlewithshiny black spray pump.For use with cologne, Eau de Parfum, air freshner, face and body spray, or room spray.Elegant bottle is a family of bottles available in 5ml , 15ml, 30ml, 60ml and 100ml.Price each",Missing
LBElgFrst100LtnShnBlk,,,"Elegantdesign100 ml,  3 1/2ozFrosted glass bottlewithshiny black lotion pump.For use with lotions, moisturizer, and serums.Elegant bottle is a family of bottles available in 5ml , 15ml, 30ml, 60ml and 100ml.Price each",Missing
GBElgFrst100SpryMtSl,,,"Elegantdesign100 ml,  3 1/2ozFrosted glass bottlewithmatte silver spray pump.For use with cologne, Eau de Parfum, air freshner, face and body spray, or room spray.Elegant bottle is a family of bottles available in 5ml , 15ml, 30ml, 60ml and 100ml.Price each",Missing
LBElgFrst100LtnMtSl,,,"Elegantdesign100 ml,  3 1/2ozFrosted glass bottlewithmatte silver lotion pump.For use with lotions, moisturizer, and serums.Elegant bottle is a family of bottles available in 5ml , 15ml, 30ml, 60ml and 100ml.Price each",Missing
LBElgFrst100LtnClOvrCap,LBElgFrst100LtnClOvrCap,$3.61,"Elegant design 100 ml, 3 1/2oz frosted glass bottle with with a matte silver collar treatment pump and clear overcap. For use with serums, light creams, moisturizers, facial oils or face oils, beard oils, body lotions, body wash, and hair products. Elegan",Found
GBElgFrst100SpryShnSl,,,"Elegantdesign100 ml,  3 1/2ozFrosted glass bottlewithshiny silver spray pump.For use with cologne, Eau de Parfum, air freshner, face and body spray, or room spray.Elegant bottle is a family of bottles available in 5ml , 15ml, 30ml, 60ml and 100ml.Price each",Missing
LBElgFrst100LtnShnSl,,,"Elegantdesign100 ml,  3 1/2ozFrosted glass bottlewithshiny silver lotion pump.For use with lotions, moisturizer, and serums.Elegant bottle is a family of bottles available in 5ml , 15ml, 30ml, 60ml and 100ml.Price each",Missing
GBElgFrst100AnSpLvn,,,"Elegantdesign100 ml,  3 1/2ozFrosted glass bottlewithlavender vintage style bulb sprayerwithshiny silver collar cap.For use with cologne, Eau de Parfum, air freshner, face and body spray, or room spray. Antique or vintage bulb sprayers enhance the beauty of your product.Elegant bottle is a family of bottles available in 5ml , 15ml, 30ml, 60ml and 100ml.Price each",Missing
GBElgFrst100AnSpPnk,,,"Elegantdesign100 ml,  3 1/2ozFrosted glass bottlewithpink vintage style bulb sprayerwithshiny gold collar cap.For use with cologne, Eau de Parfum, air freshner, face and body spray, or room spray. Antique or vintage bulb sprayers enhance the beauty of your product.Elegant bottle is a family of bottles available in 5ml , 15ml, 30ml, 60ml and 100ml.Price each",Missing
GBElgFrst100AnSpMtSl,,,"Elegantdesign100 ml,  3 1/2ozFrosted glass bottlewithmatte silver vintage style sprayerwithmatte silver collar cap.For use with cologne, Eau de Parfum, air freshner, face and body spray, or room spray. Antique or vintage bulb sprayers enhance the beauty of your product.Elegant bottle is a family of bottles available in 5ml , 15ml, 30ml, 60ml and 100ml.Price each",Missing
GBElgFrst100AnSpIvySl,,,"Elegantdesign100 ml,  3 1/2ozFrosted glass bottlewithivory vintage style bulb sprayerwithshiny silver collar cap.For use with cologne, Eau de Parfum, air freshner, face and body spray, or room spray. Antique or vintage bulb sprayers enhance the beauty of your product.Elegant bottle is a family of bottles available in 5ml , 15ml, 30ml, 60ml and 100ml.Price each",Missing
GBElgFrst100AnSpGl,,,"Elegantdesign100 ml,  3 1/2ozFrosted glass bottlewithgold vintage style sprayerwithshiny gold collar cap.For use with cologne, Eau de Parfum, air freshner, face and body spray, or room spray. Antique or vintage bulb sprayers enhance the beauty of your product.Elegant bottle is a family of bottles available in 5ml , 15ml, 30ml, 60ml and 100ml.Price each",Missing
GBElgFrst100AnSpIvyGl,,,"Elegantdesign100 ml,  3 1/2ozFrosted glass bottlewithivory vintage style bulb sprayerwithshiny gold collar cap.For use with cologne, Eau de Parfum, air freshner, face and body spray, or room spray. Antique or vintage bulb sprayers enhance the beauty of your product.Elegant bottle is a family of bottles available in 5ml , 15ml, 30ml, 60ml and 100ml.Price each",Missing
GBElgFrst100AnSpBlk,GBElgFrst100AnSpBlk,$6.32,"Elegant design 100 ml, 3 1/2oz frosted glass bottle with black vintage style bulb sprayer with shiny silver collar cap. For use with cologne, Eau de Parfum, air freshner, face and body spray, or room spray. Antique or vintage bulb sprayers enhance the be",Found
GBElgFrst100AnSpWht,,,"Elegantdesign100 ml,  3 1/2ozFrosted glass bottlewithwhite vintage style bulb sprayerwithshiny silver collar cap.For use with cologne, Eau de Parfum, air freshner, face and body spray, or room spray. Antique or vintage bulb sprayers enhance the beauty of your product.Elegant bottle is a family of bottles available in 5ml , 15ml, 30ml, 60ml and 100ml.Price each",Missing
GBElgFrst100AnSpRed,,,"Elegantdesign100 ml,  3 1/2ozFrosted glass bottlewithred vintage style bulb sprayerwithshiny silver collar cap.For use with cologne, Eau de Parfum, air freshner, face and body spray, or room spray. Antique or vintage bulb sprayers enhance the beauty of your product.Elegant bottle is a family of bottles available in 5ml , 15ml, 30ml, 60ml and 100ml.Price each",Missing
GBElgFrst100AnSpTslLvn,,,"Elegantdesign100 ml,  3 1/2ozFrosted glass bottlewithLavender vintage style bulb sprayer with Tasselwithshiny silver collar cap.For use with cologne, Eau de Parfum, air freshner, face and body spray, or room spray. Antique or vintage bulb sprayers enhance the beauty of your product.Elegant bottle is a family of bottles available in 5ml , 15ml, 30ml, 60ml and 100ml.Price each",Missing
GBElgFrst100AnSpTslIvyGl,,,"Elegantdesign100 ml,  3 1/2ozFrosted glass bottlewithIvory vintage style bulb sprayer with tasselwithshiny gold collar cap.For use with cologne, Eau de Parfum, air freshner, face and body spray, or room spray. Antique or vintage bulb sprayers enhance the beauty of your product.Elegant bottle is a family of bottles available in 5ml , 15ml, 30ml, 60ml and 100ml.Price each",Missing
GBElgFrst100AnSpTslIvySl,,,"Elegantdesign100 ml,  3 1/2ozFrosted glass bottlewithIvory vintage style bulb sprayer with tasselwithshiny silver collar cap.For use with cologne, Eau de Parfum, air freshner, face and body spray, or room spray. Antique or vintage bulb sprayers enhance the beauty of your product.Elegant bottle is a family of bottles available in 5ml , 15ml, 30ml, 60ml and 100ml.Price each",Missing
GBElgFrst100AnSpTslWht,,,"Elegantdesign100 ml,  3 1/2ozFrosted glass bottlewithWhite vintage style bulb sprayer with tasselwithshiny silver collar cap.For use with cologne, Eau de Parfum, air freshner, face and body spray, or room spray. Antique or vintage bulb sprayers enhance the beauty of your product.Elegant bottle is a family of bottles available in 5ml , 15ml, 30ml, 60ml and 100ml.Price each",Missing
GBElgFrst100AnSpTslPnk,,,"Elegantdesign100 ml,  3 1/2ozFrosted glass bottlewithPink vintage style bulb sprayer with tasselwithshiny gold collar cap.For use with cologne, Eau de Parfum, air freshner, face and body spray, or room spray. Antique or vintage bulb sprayers enhance the beauty of your product.Elegant bottle is a family of bottles available in 5ml , 15ml, 30ml, 60ml and 100ml.Price each",Missing
GBElgFrst100AnSpTslRed,,,"Elegantdesign100 ml,  3 1/2ozFrosted glass bottlewithRed vintage style bulb sprayer with tasselwithshiny silver collar cap.For use with cologne, Eau de Parfum, air freshner, face and body spray, or room spray. Antique or vintage bulb sprayers enhance the beauty of your product.Elegant bottle is a family of bottles available in 5ml , 15ml, 30ml, 60ml and 100ml.Price each",Missing
GBElgFrst100AnSpTslBlk,GBElgFrst100AnSpTslBlk,$7.03,"Elegant design 100 ml, 3 1/2oz frosted glass bottle with Black vintage style bulb sprayer with tassel with shiny silver collar cap. For use with cologne, Eau de Parfum, air freshner, face and body spray, or room spray. Antique or vintage bulb sprayers en",Found
GBElgFrst100AnSpTslMtSl,,,"Elegantdesign100 ml,  3 1/2ozFrosted glass bottlewithSilver vintage style bulb sprayer with tasselwithmatte silver collar cap.For use with cologne, Eau de Parfum, air freshner, face and body spray, or room spray. Antique or vintage bulb sprayers enhance the beauty of your product.Elegant bottle is a family of bottles available in 5ml , 15ml, 30ml, 60ml and 100ml.Price each",Missing
GBElgFrst100AnSpTslGl,,,"Elegantdesign100 ml,  3 1/2ozFrosted glass bottlewithGold vintage style bulb sprayer with tasselwithshiny gold collar cap.For use with cologne, Eau de Parfum, air freshner, face and body spray, or room spray. Antique or vintage bulb sprayers enhance the beauty of your product.Elegant bottle is a family of bottles available in 5ml , 15ml, 30ml, 60ml and 100ml.Price each",Missing
GBElgFrst100RdcrPnkLthr,,,"Elegantdesign100 ml,  3 1/2ozFrosted glass bottlewithreducerandpink faux leather cap.For use with cologne, aftershave, splash on, and perfume or fragrance oil, beard oils.Elegant bottle is a family of bottles available in 5ml , 15ml, 30ml, 60ml and 100ml.Price each",Missing
GBElgFrst100RdcrIvyLthr,,,"Elegantdesign100 ml,  3 1/2ozFrosted glass bottlewithreducerandivory faux leather cap.For use with cologne, aftershave, splash on, and perfume or fragrance oil, beard oils.Elegant bottle is a family of bottles available in 5ml , 15ml, 30ml, 60ml and 100ml.Price each",Missing
LBElgFrst100WhtClOvrCp,,,"Elegantdesign100 ml,  3 1/2ozFrosted glass bottlewithwhite rectangularwithclear over the cap.For use with lotions, moisturizer, and serums.Elegant bottle is a family of bottles available in 5ml , 15ml, 30ml, 60ml and 100ml.Price each",Missing
GBElgFrst100SpryCu,GBElgFrst100SpryCu,$3.61,"Elegant design 100 ml, 3 1/2oz frosted glass bottle with matte copper spray pump. For use with cologne, Eau de Parfum, air freshner, face and body spray, or room spray. Elegant bottle is a family of bottles available in 5ml, 15ml, 30ml, 60ml and 100ml. P",Found
LBElgFrst100LtnCu,,,"Elegantdesign100 ml,  3 1/2ozFrosted glass bottlewithmatte copper lotion pump0.For use with lotions, moisturizer, and serums.Elegant bottle is a family of bottles available in 5ml , 15ml, 30ml, 60ml and 100ml.Price each",Missing
GBEmp50RdcrShnGl,,,"Empiredesign50 ml,  1.7oz Clear glass bottle  withreducerandshiny gold cap.For use with cologne, aftershave, splash on, and perfume or fragrance oil, beard oils.Empire design bottle is available in 2 sizes, 50ml and 100ml.Price each",Missing
GBEmp50RdcrShnBlkTall,,,"Empiredesign50 ml,  1.7oz Clear glass bottle  withreducerandtall black shiny cap.For use with cologne, aftershave, splash on, and perfume or fragrance oil, beard oils.Empire design bottle is available in 2 sizes, 50ml and 100ml.Price each",Missing
GBEmp50RdcrShnBlk,,,"Empiredesign50 ml,  1.7oz Clear glass bottle  withreducerandblack shiny cap.For use with cologne, aftershave, splash on, and perfume or fragrance oil, beard oils.Empire design bottle is available in 2 sizes, 50ml and 100ml.Price each",Missing
GBEmp50RdcrBlkLthr,GBEmp50RdcrBlkLthr,$2.42,"Empire design 50 ml, 1.7oz clear glass bottle with reducer and black faux leather cap. For use with cologne, aftershave, splash on, and perfume or fragrance oil, beard oils. Empire design bottle is available in 2 sizes, 50ml and 100ml.",Found
GBEmp50RdcrBrwnLthr,,,"Empiredesign50 ml,  1.7oz Clear glass bottle  withreducerandbrown faux leather cap.For use with cologne, aftershave, splash on, and perfume or fragrance oil, beard oils.Empire design bottle is available in 2 sizes, 50ml and 100ml.Price each",Missing
GBEmp50RdcrLBrwnLthr,,,"Empiredesign50 ml,  1.7oz Clear glass bottle  withreducerandlight brown faux leather cap.For use with cologne, aftershave, splash on, and perfume or fragrance oil, beard oils.Empire design bottle is available in 2 sizes, 50ml and 100ml.Price each",Missing
GBEmp50RdcrShnSl,,,"Empiredesign50 ml,  1.7oz Clear glass bottle  withreducerandshiny silver cap.For use with cologne, aftershave, splash on, and perfume or fragrance oil, beard oils.Empire design bottle is available in 2 sizes, 50ml and 100ml.Price each",Missing
GBEmp50RdcrMtSlTall,,,"Empiredesign50 ml,  1.7oz Clear glass bottle  withreducerandtall silver matte cap.For use with cologne, aftershave, splash on, and perfume or fragrance oil, beard oils.Empire design bottle is available in 2 sizes, 50ml and 100ml.Price each",Missing
GBEmp50RdcrMtSl,,,"Empiredesign50 ml,  1.7oz Clear glass bottle  withreducerandsilver matte cap.For use with cologne, aftershave, splash on, and perfume or fragrance oil, beard oils.Empire design bottle is available in 2 sizes, 50ml and 100ml.Price each",Missing
GBEmp50RdcrWht,,,"Empiredesign50 ml,  1.7oz Clear glass bottle  withreducerandwhite cap.For use with cologne, aftershave, splash on, and perfume or fragrance oil, beard oils.Empire design bottle is available in 2 sizes, 50ml and 100ml.Price each",Missing
GBEmp50SpryMtGl,,,"Empiredesign50 ml,  1.7oz Clear glass bottle  withmatte gold spray pump0.For use with cologne, Eau de Parfum, air freshner, face and body spray, or room spray.Empire design bottle is available in 2 sizes, 50ml and 100ml.Price each",Missing
LBEmp50LtnMtGl,,,"Empiredesign50 ml,  1.7oz Clear glass bottle  withmatte gold lotion pump00.For use with lotions, moisturizer, and serums.Empire design bottle is available in 2 sizes, 50ml and 100ml.Price each",Missing
GBEmp50SpryShnGl,,,"Empiredesign50 ml,  1.7oz Clear glass bottle  withshiny gold spray pump0.For use with cologne, Eau de Parfum, air freshner, face and body spray, or room spray.Empire design bottle is available in 2 sizes, 50ml and 100ml.Price each",Missing
LBEmp50LtnShnGl,,,"Empiredesign50 ml,  1.7oz Clear glass bottle  withshiny gold lotion pump0.For use with lotions, moisturizer, and serums.Empire design bottle is available in 2 sizes, 50ml and 100ml.Price each",Missing
GBEmp50SpryShnBlk,,,"Empiredesign50 ml,  1.7oz Clear glass bottle  withshiny black spray pump0.For use with cologne, Eau de Parfum, air freshner, face and body spray, or room spray.Empire design bottle is available in 2 sizes, 50ml and 100ml.Price each",Missing
LBEmp50LtnShnBlk,,,"Empiredesign50 ml,  1.7oz Clear glass bottle  withshiny black lotion pump0.For use with lotions, moisturizer, and serums.Empire design bottle is available in 2 sizes, 50ml and 100ml.Price each",Missing
GBEmp50SpryMtSl,,,"Empiredesign50 ml,  1.7oz Clear glass bottle  withmatte silver spray pump0.For use with cologne, Eau de Parfum, air freshner, face and body spray, or room spray.Empire design bottle is available in 2 sizes, 50ml and 100ml.Price each",Missing
LBEmp50LtnMtSl,,,"Empiredesign50 ml,  1.7oz Clear glass bottle  withmatte silver lotion pump0.For use with lotions, moisturizer, and serums.Empire design bottle is available in 2 sizes, 50ml and 100ml.Price each",Missing
LBEmp50LtnClOvrCap,LBEmp50LtnClOvrCap,$3.14,"Empire design 50 ml, 1.7oz clear glass bottle with with a matte silver collar treatment pump and clear overcap. For use with serums, light creams, moisturizers, facial oils or face oils, beard oils, body lotions, body wash, and hair products. Empire desig",Found
GBEmp50SpryShnSl,,,"Empiredesign50 ml,  1.7oz Clear glass bottle  withshiny silver spray pump0.For use with cologne, Eau de Parfum, air freshner, face and body spray, or room spray.Empire design bottle is available in 2 sizes, 50ml and 100ml.Price each",Missing
LBEmp50LtnShnSl,,,"Empiredesign50 ml,  1.7oz Clear glass bottle  withshiny silver lotion pump0.For use with lotions, moisturizer, and serums.Empire design bottle is available in 2 sizes, 50ml and 100ml.Price each",Missing
GBEmp50AnSpLvn,,,"Empiredesign50 ml,  1.7oz Clear glass bottle  withlavender vintage style bulb sprayerwithshiny silver collar cap.For use with cologne, Eau de Parfum, air freshner, face and body spray, or room spray. Antique or vintage bulb sprayers enhance the beauty of your product.Empire design bottle is available in 2 sizes, 50ml and 100ml.Price each",Missing
GBEmp50AnSpPnk,,,"Empiredesign50 ml,  1.7oz Clear glass bottle  withpink vintage style bulb sprayerwithshiny gold collar cap.For use with cologne, Eau de Parfum, air freshner, face and body spray, or room spray. Antique or vintage bulb sprayers enhance the beauty of your product.Empire design bottle is available in 2 sizes, 50ml and 100ml.Price each",Missing
GBEmp50AnSpMtSl,,,"Empiredesign50 ml,  1.7oz Clear glass bottle  withmatte silver vintage style sprayerwithmatte silver collar cap.For use with cologne, Eau de Parfum, air freshner, face and body spray, or room spray. Antique or vintage bulb sprayers enhance the beauty of your product.Empire design bottle is available in 2 sizes, 50ml and 100ml.Price each",Missing
GBEmp50AnSpIvySl,,,"Empiredesign50 ml,  1.7oz Clear glass bottle  withivory vintage style bulb sprayerwithshiny silver collar cap.For use with cologne, Eau de Parfum, air freshner, face and body spray, or room spray. Antique or vintage bulb sprayers enhance the beauty of your product.Empire design bottle is available in 2 sizes, 50ml and 100ml.Price each",Missing
GBEmp50AnSpGl,,,"Empiredesign50 ml,  1.7oz Clear glass bottle  withgold vintage style sprayerwithshiny gold collar cap.For use with cologne, Eau de Parfum, air freshner, face and body spray, or room spray. Antique or vintage bulb sprayers enhance the beauty of your product.Empire design bottle is available in 2 sizes, 50ml and 100ml.Price each",Missing
GBEmp50AnSpIvyGl,,,"Empiredesign50 ml,  1.7oz Clear glass bottle  withivory vintage style bulb sprayerwithshiny gold collar cap.For use with cologne, Eau de Parfum, air freshner, face and body spray, or room spray. Antique or vintage bulb sprayers enhance the beauty of your product.Empire design bottle is available in 2 sizes, 50ml and 100ml.Price each",Missing
GBEmp50AnSpBlk,GBEmp50AnSpBlk,$5.84,"Empire design 50 ml, 1.7oz clear glass bottle with black vintage style bulb sprayer with shiny silver collar cap. For use with cologne, Eau de Parfum, air freshner, face and body spray, or room spray. Antique or vintage bulb sprayers enhance the beauty",Found
GBEmp50AnSpWht,,,"Empiredesign50 ml,  1.7oz Clear glass bottle  withwhite vintage style bulb sprayerwithshiny silver collar cap.For use with cologne, Eau de Parfum, air freshner, face and body spray, or room spray. Antique or vintage bulb sprayers enhance the beauty of your product.Empire design bottle is available in 2 sizes, 50ml and 100ml.Price each",Missing
GBEmp50AnSpRed,,,"Empiredesign50 ml,  1.7oz Clear glass bottle  withred vintage style bulb sprayerwithshiny silver collar cap.For use with cologne, Eau de Parfum, air freshner, face and body spray, or room spray. Antique or vintage bulb sprayers enhance the beauty of your product.Empire design bottle is available in 2 sizes, 50ml and 100ml.Price each",Missing
GBEmp50AnSpTslLvn,,,"Empiredesign50 ml,  1.7oz Clear glass bottle  withLavender vintage style bulb sprayer with Tasselwithshiny silver collar cap.For use with cologne, Eau de Parfum, air freshner, face and body spray, or room spray. Antique or vintage bulb sprayers enhance the beauty of your product.Empire design bottle is available in 2 sizes, 50ml and 100ml.Price each",Missing
GBEmp50AnSpTslIvyGl,,,"Empiredesign50 ml,  1.7oz Clear glass bottle  withIvory vintage style bulb sprayer with tasselwithshiny gold collar cap.For use with cologne, Eau de Parfum, air freshner, face and body spray, or room spray. Antique or vintage bulb sprayers enhance the beauty of your product.Empire design bottle is available in 2 sizes, 50ml and 100ml.Price each",Missing
GBEmp50AnSpTslIvySl,,,"Empiredesign50 ml,  1.7oz Clear glass bottle  withIvory vintage style bulb sprayer with tasselwithshiny silver collar cap.For use with cologne, Eau de Parfum, air freshner, face and body spray, or room spray. Antique or vintage bulb sprayers enhance the beauty of your product.Empire design bottle is available in 2 sizes, 50ml and 100ml.Price each",Missing
GBEmp50AnSpTslWht,,,"Empiredesign50 ml,  1.7oz Clear glass bottle  withWhite vintage style bulb sprayer with tasselwithshiny silver collar cap.For use with cologne, Eau de Parfum, air freshner, face and body spray, or room spray. Antique or vintage bulb sprayers enhance the beauty of your product.Empire design bottle is available in 2 sizes, 50ml and 100ml.Price each",Missing
GBEmp50AnSpTslPnk,,,"Empiredesign50 ml,  1.7oz Clear glass bottle  withPink vintage style bulb sprayer with tasselwithshiny gold collar cap.For use with cologne, Eau de Parfum, air freshner, face and body spray, or room spray. Antique or vintage bulb sprayers enhance the beauty of your product.Empire design bottle is available in 2 sizes, 50ml and 100ml.Price each",Missing
GBEmp50AnSpTslRed,,,"Empiredesign50 ml,  1.7oz Clear glass bottle  withRed vintage style bulb sprayer with tasselwithshiny silver collar cap.For use with cologne, Eau de Parfum, air freshner, face and body spray, or room spray. Antique or vintage bulb sprayers enhance the beauty of your product.Empire design bottle is available in 2 sizes, 50ml and 100ml.Price each",Missing
GBEmp50AnSpTslBlk,GBEmp50AnSpTslBlk,$6.56,"Empire design 50 ml, 1.7oz clear glass bottle with Black vintage style bulb sprayer with tassel with shiny silver collar cap. For use with cologne, Eau de Parfum, air freshner, face and body spray, or room spray. Antique or vintage bulb sprayers enhanc",Found
GBEmp50AnSpTslMtSl,,,"Empiredesign50 ml,  1.7oz Clear glass bottle  withSilver vintage style bulb sprayer with tasselwithmatte silver collar cap.For use with cologne, Eau de Parfum, air freshner, face and body spray, or room spray. Antique or vintage bulb sprayers enhance the beauty of your product.Empire design bottle is available in 2 sizes, 50ml and 100ml.Price each",Missing
GBEmp50AnSpTslGl,,,"Empiredesign50 ml,  1.7oz Clear glass bottle  withGold vintage style bulb sprayer with tasselwithshiny gold collar cap.For use with cologne, Eau de Parfum, air freshner, face and body spray, or room spray. Antique or vintage bulb sprayers enhance the beauty of your product.Empire design bottle is available in 2 sizes, 50ml and 100ml.Price each",Missing
GBEmp50DrpSl,,,"Empiredesign50 ml,  1.7oz Clear glass bottle  withwhite dropperwithshiny silver collar cap.For use with perfume oils, diffuser oils, serums, primers, facial oils or face oils, moisturizer, and beard oils.Empire design bottle is available in 2 sizes, 50ml and 100ml.Price each",Missing
GBEmp50DrpGl,,,"Empiredesign50 ml,  1.7oz Clear glass bottle  withwhite dropperwithshiny gold collar cap.For use with perfume oils, diffuser oils, serums, primers, facial oils or face oils, moisturizer, and beard oils.Empire design bottle is available in 2 sizes, 50ml and 100ml.Price each",Missing
GBEmp50DrpCu,GBEmp50DrpCu,$2.33,"Empire design 50 ml, 1.7oz clear glass bottle with white dropper with shiny copper collar cap. For use with perfume oils, diffuser oils, serums, primers, facial oils or face oils, moisturizer, and beard oils. Empire design bottle is available in 2 sizes",Found
GBEmp50RdcrPnkLthr,,,"Empiredesign50 ml,  1.7oz Clear glass bottle  withreducerandpink faux leather cap.For use with cologne, aftershave, splash on, and perfume or fragrance oil, beard oils.Empire design bottle is available in 2 sizes, 50ml and 100ml.Price each",Missing
GBEmp50RdcrIvyLthr,,,"Empiredesign50 ml,  1.7oz Clear glass bottle  withreducerandivory faux leather cap.For use with cologne, aftershave, splash on, and perfume or fragrance oil, beard oils.Empire design bottle is available in 2 sizes, 50ml and 100ml.Price each",Missing
LBEmp50WhtClOvrCp,,,"Empiredesign50 ml,  1.7oz Clear glass bottle  withwhite rectangularandclear over the cap.For use with lotions, moisturizer, and serums.Empire design bottle is available in 2 sizes, 50ml and 100ml.Price each",Missing
GBEmp50SpryCu,GBEmp50SpryCu,$3.14,"Empire design 50 ml, 1.7oz clear glass bottle with matte copper spray pump & cap. For use with cologne, Eau de Parfum, air freshner, face and body spray, or room spray. Empire design bottle is available in 2 sizes, 50ml and 100ml.",Found
LBEmp50LtnCu,,,"Empiredesign50 ml,  1.7oz Clear glass bottle  withmatte copper lotion pump0.For use with lotions, moisturizer, and serums.Empire design bottle is available in 2 sizes, 50ml and 100ml.Price each",Missing
GBEmp100RdcrShnGl,,,"Empiredesign100 ml,  3 1/2oz Clear glass bottle  withreducerandshiny gold cap.For use with cologne, aftershave, splash on, and perfume or fragrance oil, beard oils.Empire design bottle is available in 2 sizes, 50ml and 100ml.Price each",Missing
GBEmp100RdcrShnBlkTall,,,"Empiredesign100 ml,  3 1/2oz Clear glass bottle  withreducerandtall black shiny cap.For use with cologne, aftershave, splash on, and perfume or fragrance oil, beard oils.Empire design bottle is available in 2 sizes, 50ml and 100ml.Price each",Missing
GBEmp100RdcrShnBlk,,,"Empiredesign100 ml,  3 1/2oz Clear glass bottle  withreducerandblack shiny cap.For use with cologne, aftershave, splash on, and perfume or fragrance oil, beard oils.Empire design bottle is available in 2 sizes, 50ml and 100ml.Price each",Missing
GBEmp100RdcrBlkLthr,GBEmp100RdcrBlkLthr,$2.61,"Empire design 100 ml, 3 1/2oz clear glass bottle with reducer and black faux leather cap. For use with cologne, aftershave, splash on, and perfume or fragrance oil, beard oils. Empire design bottle is available in 2 sizes, 50ml and 100ml.",Found
GBEmp100RdcrBrwnLthr,,,"Empiredesign100 ml,  3 1/2oz Clear glass bottle  withreducerandbrown faux leather cap.For use with cologne, aftershave, splash on, and perfume or fragrance oil, beard oils.Empire design bottle is available in 2 sizes, 50ml and 100ml.Price each",Missing
GBEmp100RdcrLBrwnLthr,,,"Empiredesign100 ml,  3 1/2oz Clear glass bottle  withreducerandlight brown faux leather cap.For use with cologne, aftershave, splash on, and perfume or fragrance oil, beard oils.Empire design bottle is available in 2 sizes, 50ml and 100ml.Price each",Missing
GBEmp100RdcrShnSl,,,"Empiredesign100 ml,  3 1/2oz Clear glass bottle  withreducerandshiny silver cap.For use with cologne, aftershave, splash on, and perfume or fragrance oil, beard oils.Empire design bottle is available in 2 sizes, 50ml and 100ml.Price each",Missing
GBEmp100RdcrMtSlTall,,,"Empiredesign100 ml,  3 1/2oz Clear glass bottle  withreducerandtall silver matte cap.For use with cologne, aftershave, splash on, and perfume or fragrance oil, beard oils.Empire design bottle is available in 2 sizes, 50ml and 100ml.Price each",Missing
GBEmp100RdcrMtSl,,,"Empiredesign100 ml,  3 1/2oz Clear glass bottle  withreducerandsilver matte cap.For use with cologne, aftershave, splash on, and perfume or fragrance oil, beard oils.Empire design bottle is available in 2 sizes, 50ml and 100ml.Price each",Missing
GBEmp100RdcrWht,,,"Empiredesign100 ml,  3 1/2oz Clear glass bottle  withreducerandwhite cap.For use with cologne, aftershave, splash on, and perfume or fragrance oil, beard oils.Empire design bottle is available in 2 sizes, 50ml and 100ml.Price each",Missing
GBEmp100SpryMtGl,,,"Empiredesign100 ml,  3 1/2oz Clear glass bottle  withmatte gold spray pump0.For use with cologne, Eau de Parfum, air freshner, face and body spray, or room spray.Empire design bottle is available in 2 sizes, 50ml and 100ml.Price each",Missing
LBEmp100LtnMtGl,,,"Empiredesign100 ml,  3 1/2oz Clear glass bottle  withmatte gold lotion pump0.For use with lotions, moisturizer, and serums.Empire design bottle is available in 2 sizes, 50ml and 100ml.Price each",Missing
GBEmp100SpryShnGl,,,"Empiredesign100 ml,  3 1/2oz Clear glass bottle  withshiny gold spray pump0.For use with cologne, Eau de Parfum, air freshner, face and body spray, or room spray.Empire design bottle is available in 2 sizes, 50ml and 100ml.Price each",Missing
LBEmp100LtnShnGl,,,"Empiredesign100 ml,  3 1/2oz Clear glass bottle  withshiny gold lotion pump0.For use with lotions, moisturizer, and serums.Empire design bottle is available in 2 sizes, 50ml and 100ml.Price each",Missing
GBEmp100SpryShnBlk,,,"Empiredesign100 ml,  3 1/2oz Clear glass bottle  withshiny black spray pump0.For use with cologne, Eau de Parfum, air freshner, face and body spray, or room spray.Empire design bottle is available in 2 sizes, 50ml and 100ml.Price each",Missing
LBEmp100LtnShnBlk,,,"Empiredesign100 ml,  3 1/2oz Clear glass bottle  withshiny black lotion pump0.For use with lotions, moisturizer, and serums.Empire design bottle is available in 2 sizes, 50ml and 100ml.Price each",Missing
GBEmp100SpryMtSl,,,"Empiredesign100 ml,  3 1/2oz Clear glass bottle  withmatte silver spray pump0.For use with cologne, Eau de Parfum, air freshner, face and body spray, or room spray.Empire design bottle is available in 2 sizes, 50ml and 100ml.Price each",Missing
LBEmp100LtnMtSl,,,"Empiredesign100 ml,  3 1/2oz Clear glass bottle  withmatte silver lotion pump0.For use with lotions, moisturizer, and serums.Empire design bottle is available in 2 sizes, 50ml and 100ml.Price each",Missing
LBEmp100LtnClOvrCap,LBEmp100LtnClOvrCap,$3.33,"Empire design 100 ml, 3 1/2oz clear glass bottle with with a matte silver collar treatment pump and clear overcap. For use with serums, light creams, moisturizers, facial oils or face oils, beard oils, body lotions, body wash, and hair products. Empire de",Found
GBEmp100SpryShnSl,,,"Empiredesign100 ml,  3 1/2oz Clear glass bottle  withshiny silver spray pump0.For use with cologne, Eau de Parfum, air freshner, face and body spray, or room spray.Empire design bottle is available in 2 sizes, 50ml and 100ml.Price each",Missing
LBEmp100LtnShnSl,,,"Empiredesign100 ml,  3 1/2oz Clear glass bottle  withshiny silver lotion pump0.For use with lotions, moisturizer, and serums.Empire design bottle is available in 2 sizes, 50ml and 100ml.Price each",Missing
GBEmp100AnSpLvn,,,"Empiredesign100 ml,  3 1/2oz Clear glass bottle  withlavender vintage style bulb sprayerwithshiny silver collar cap.For use with cologne, Eau de Parfum, air freshner, face and body spray, or room spray. Antique or vintage bulb sprayers enhance the beauty of your product.Empire design bottle is available in 2 sizes, 50ml and 100ml.Price each",Missing
GBEmp100AnSpPnk,,,"Empiredesign100 ml,  3 1/2oz Clear glass bottle  withpink vintage style bulb sprayerwithshiny gold collar cap.For use with cologne, Eau de Parfum, air freshner, face and body spray, or room spray. Antique or vintage bulb sprayers enhance the beauty of your product.Empire design bottle is available in 2 sizes, 50ml and 100ml.Price each",Missing
GBEmp100AnSpMtSl,,,"Empiredesign100 ml,  3 1/2oz Clear glass bottle  withmatte silver vintage style sprayerwithmatte silver collar cap.For use with cologne, Eau de Parfum, air freshner, face and body spray, or room spray. Antique or vintage bulb sprayers enhance the beauty of your product.Empire design bottle is available in 2 sizes, 50ml and 100ml.Price each",Missing
GBEmp100AnSpIvySl,,,"Empiredesign100 ml,  3 1/2oz Clear glass bottle  withivory vintage style bulb sprayerwithshiny silver collar cap.For use with cologne, Eau de Parfum, air freshner, face and body spray, or room spray. Antique or vintage bulb sprayers enhance the beauty of your product.Empire design bottle is available in 2 sizes, 50ml and 100ml.Price each",Missing
GBEmp100AnSpGl,,,"Empiredesign100 ml,  3 1/2oz Clear glass bottle  withgold vintage style sprayerwithshiny gold collar cap.For use with cologne, Eau de Parfum, air freshner, face and body spray, or room spray. Antique or vintage bulb sprayers enhance the beauty of your product.Empire design bottle is available in 2 sizes, 50ml and 100ml.Price each",Missing
GBEmp100AnSpIvyGl,,,"Empiredesign100 ml,  3 1/2oz Clear glass bottle  withivory vintage style bulb sprayerwithshiny gold collar cap.For use with cologne, Eau de Parfum, air freshner, face and body spray, or room spray. Antique or vintage bulb sprayers enhance the beauty of your product.Empire design bottle is available in 2 sizes, 50ml and 100ml.Price each",Missing
GBEmp100AnSpBlk,GBEmp100AnSpBlk,$6.03,"Empire design 100 ml, 3 1/2oz clear glass bottle with black vintage style bulb sprayer with shiny silver collar cap. For use with cologne, Eau de Parfum, air freshner, face and body spray, or room spray. Antique or vintage bulb sprayers enhance the bea",Found
GBEmp100AnSpWht,,,"Empiredesign100 ml,  3 1/2oz Clear glass bottle  withwhite vintage style bulb sprayerwithshiny silver collar cap.For use with cologne, Eau de Parfum, air freshner, face and body spray, or room spray. Antique or vintage bulb sprayers enhance the beauty of your product.Empire design bottle is available in 2 sizes, 50ml and 100ml.Price each",Missing
GBEmp100AnSpRed,,,"Empiredesign100 ml,  3 1/2oz Clear glass bottle  withred vintage style bulb sprayerwithshiny silver collar cap.For use with cologne, Eau de Parfum, air freshner, face and body spray, or room spray. Antique or vintage bulb sprayers enhance the beauty of your product.Empire design bottle is available in 2 sizes, 50ml and 100ml.Price each",Missing
GBEmp100AnSpTslLvn,,,"Empiredesign100 ml,  3 1/2oz Clear glass bottle  withLavender vintage style bulb sprayer with Tasselwithshiny silver collar cap.For use with cologne, Eau de Parfum, air freshner, face and body spray, or room spray. Antique or vintage bulb sprayers enhance the beauty of your product.Empire design bottle is available in 2 sizes, 50ml and 100ml.Price each",Missing
GBEmp100AnSpTslIvyGl,,,"Empiredesign100 ml,  3 1/2oz Clear glass bottle  withIvory vintage style bulb sprayer with tasselwithshiny gold collar cap.For use with cologne, Eau de Parfum, air freshner, face and body spray, or room spray. Antique or vintage bulb sprayers enhance the beauty of your product.Empire design bottle is available in 2 sizes, 50ml and 100ml.Price each",Missing
GBEmp100AnSpTslIvySl,,,"Empiredesign100 ml,  3 1/2oz Clear glass bottle  withIvory vintage style bulb sprayer with tasselwithshiny silver collar cap.For use with cologne, Eau de Parfum, air freshner, face and body spray, or room spray. Antique or vintage bulb sprayers enhance the beauty of your product.Empire design bottle is available in 2 sizes, 50ml and 100ml.Price each",Missing
GBEmp100AnSpTslWht,,,"Empiredesign100 ml,  3 1/2oz Clear glass bottle  withWhite vintage style bulb sprayer with tasselwithshiny silver collar cap.For use with cologne, Eau de Parfum, air freshner, face and body spray, or room spray. Antique or vintage bulb sprayers enhance the beauty of your product.Empire design bottle is available in 2 sizes, 50ml and 100ml.Price each",Missing
GBEmp100AnSpTslPnk,,,"Empiredesign100 ml,  3 1/2oz Clear glass bottle  withPink vintage style bulb sprayer with tasselwithshiny gold collar cap.For use with cologne, Eau de Parfum, air freshner, face and body spray, or room spray. Antique or vintage bulb sprayers enhance the beauty of your product.Empire design bottle is available in 2 sizes, 50ml and 100ml.Price each",Missing
GBEmp100AnSpTslRed,,,"Empiredesign100 ml,  3 1/2oz Clear glass bottle  withRed vintage style bulb sprayer with tasselwithshiny silver collar cap.For use with cologne, Eau de Parfum, air freshner, face and body spray, or room spray. Antique or vintage bulb sprayers enhance the beauty of your product.Empire design bottle is available in 2 sizes, 50ml and 100ml.Price each",Missing
GBEmp100AnSpTslBlk,GBEmp100AnSpTslBlk,$6.75,"Empire design 100 ml, 3 1/2oz clear glass bottle with Black vintage style bulb sprayer with tassel with shiny silver collar cap. For use with cologne, Eau de Parfum, air freshner, face and body spray, or room spray. Antique or vintage bulb sprayers enh",Found
GBEmp100AnSpTslMtSl,,,"Empiredesign100 ml,  3 1/2oz Clear glass bottle  withSilver vintage style bulb sprayer with tasselwithmatte silver collar cap.For use with cologne, Eau de Parfum, air freshner, face and body spray, or room spray. Antique or vintage bulb sprayers enhance the beauty of your product.Empire design bottle is available in 2 sizes, 50ml and 100ml.Price each",Missing
GBEmp100AnSpTslGl,,,"Empiredesign100 ml,  3 1/2oz Clear glass bottle  withGold vintage style bulb sprayer with tasselwithshiny gold collar cap.For use with cologne, Eau de Parfum, air freshner, face and body spray, or room spray. Antique or vintage bulb sprayers enhance the beauty of your product.Empire design bottle is available in 2 sizes, 50ml and 100ml.Price each",Missing
LBEmp100WhtClOvrCp,,,"Empiredesign100 ml,  3 1/2oz Clear glass bottle  withwhite rectangularwithclear over the cap.For use with lotions, moisturizer, and serums.Empire design bottle is available in 2 sizes, 50ml and 100ml.Price each",Missing
GBEmp100RdcrPnkLthr,,,"Empiredesign100 ml,  3 1/2oz Clear glass bottle  withreducerandpink faux leather cap.For use with cologne, aftershave, splash on, and perfume or fragrance oil, beard oils.Empire design bottle is available in 2 sizes, 50ml and 100ml.Price each",Missing
GBEmp100RdcrIvyLthr,,,,Missing
GBEmp100SpryCu,GBEmp100SpryCu,$3.33,"Empire design 100 ml, 3 1/2oz clear glass bottle with matte copper spray pump. For use with cologne, Eau de Parfum, air freshner, face and body spray, or room spray. Empire design bottle is available in 2 sizes, 50ml and 100ml.",Found
LBEmp100LtnCu,,,"Empiredesign100 ml,  3 1/2oz Clear glass bottle  withmatte copper lotion pump0.For use with lotions, moisturizer, and serums.Empire design bottle is available in 2 sizes, 50ml and 100ml.Price each",Missing
GBDiva30RdcrShnGl,,,"Divadesign30 ml,  1oz Clear glass bottle  withreducerandshiny gold cap.For use with cologne, aftershave, splash on, and perfume or fragrance oil, beard oils.Our Classic Diva bottle family is available in 30ml, 46ml and 100ml.Price each",Missing
GBDiva30RdcrShnBlkTall,,,"Divadesign30 ml,  1oz Clear glass bottle  withreducerandtall black shiny cap.For use with cologne, aftershave, splash on, and perfume or fragrance oil, beard oils.Our Classic Diva bottle family is available in 30ml, 46ml and 100ml.Price each",Missing
GBDiva30RdcrShnBlk,,,"Divadesign30 ml,  1oz Clear glass bottle  withreducerandblack shiny cap.For use with cologne, aftershave, splash on, and perfume or fragrance oil, beard oils.Our Classic Diva bottle family is available in 30ml, 46ml and 100ml.Price each",Missing
GBDiva30RdcrBlkLthr,GBDiva30RdcrBlkLthr,$2.19,"Diva design 30 ml, 1oz clear glass bottle with reducer and black faux leather cap. For use with cologne, aftershave, splash on, and perfume or fragrance oil, beard oils. Our Classic Diva bottle family is available in 30ml, 46ml and 100ml.",Found
GBDiva30RdcrBrwnLthr,,,"Divadesign30 ml,  1oz Clear glass bottle  withreducerandbrown faux leather cap.For use with cologne, aftershave, splash on, and perfume or fragrance oil, beard oils.Our Classic Diva bottle family is available in 30ml, 46ml and 100ml.Price each",Missing
GBDiva30RdcrLBrwnLthr,,,"Divadesign30 ml,  1oz Clear glass bottle  withreducerandlight brown faux leather cap.For use with cologne, aftershave, splash on, and perfume or fragrance oil, beard oils.Our Classic Diva bottle family is available in 30ml, 46ml and 100ml.Price each",Missing
GBDiva30RdcrShnSl,,,"Divadesign30 ml,  1oz Clear glass bottle  withreducerandshiny silver cap.For use with cologne, aftershave, splash on, and perfume or fragrance oil, beard oils.Our Classic Diva bottle family is available in 30ml, 46ml and 100ml.Price each",Missing
GBDiva30RdcrMtSlTall,,,"Divadesign30 ml,  1oz Clear glass bottle  withreducerandtall silver matte cap.For use with cologne, aftershave, splash on, and perfume or fragrance oil, beard oils.Our Classic Diva bottle family is available in 30ml, 46ml and 100ml.Price each",Missing
GBDiva30RdcrMtSl,,,"Divadesign30 ml,  1oz Clear glass bottle  withreducerandsilver matte cap.For use with cologne, aftershave, splash on, and perfume or fragrance oil, beard oils.Our Classic Diva bottle family is available in 30ml, 46ml and 100ml.Price each",Missing
GBDiva30RdcrWht,,,"Divadesign30 ml,  1oz Clear glass bottle  withreducerandwhite cap.For use with cologne, aftershave, splash on, and perfume or fragrance oil, beard oils.Our Classic Diva bottle family is available in 30ml, 46ml and 100ml.Price each",Missing
GBDiva30SpryMtGl,,,"Divadesign30 ml,  1oz Clear glass bottle  withmatte gold spray pump0.For use with cologne, Eau de Parfum, air freshner, face and body spray, or room spray.Our Classic Diva bottle family is available in 30ml, 46ml and 100ml.Price each",Missing
LBDiva30LtnMtGl,,,"Divadesign30 ml,  1oz Clear glass bottle  withmatte gold lotion pump00.For use with lotions, moisturizer, and serums.Our Classic Diva bottle family is available in 30ml, 46ml and 100ml.Price each",Missing
GBDiva30SpryShnGl,,,"Divadesign30 ml,  1oz Clear glass bottle  withshiny gold spray pump0.For use with cologne, Eau de Parfum, air freshner, face and body spray, or room spray.Our Classic Diva bottle family is available in 30ml, 46ml and 100ml.Price each",Missing
LBDiva30LtnShnGl,,,"Divadesign30 ml,  1oz Clear glass bottle  withshiny gold lotion pump0.For use with lotions, moisturizer, and serums.Our Classic Diva bottle family is available in 30ml, 46ml and 100ml.Price each",Missing
GBDiva30SpryShnBlk,,,"Divadesign30 ml,  1oz Clear glass bottle  withshiny black spray pump0.For use with cologne, Eau de Parfum, air freshner, face and body spray, or room spray.Our Classic Diva bottle family is available in 30ml, 46ml and 100ml.Price each",Missing
LBDiva30LtnShnBlk,,,"Divadesign30 ml,  1oz Clear glass bottle  withshiny black lotion pump0.For use with lotions, moisturizer, and serums.Our Classic Diva bottle family is available in 30ml, 46ml and 100ml.Price each",Missing
GBDiva30SpryMtSl,,,"Divadesign30 ml,  1oz Clear glass bottle  withmatte silver spray pump0.For use with cologne, Eau de Parfum, air freshner, face and body spray, or room spray.Our Classic Diva bottle family is available in 30ml, 46ml and 100ml.Price each",Missing
LBDiva30LtnMtSl,,,"Divadesign30 ml,  1oz Clear glass bottle  withmatte silver lotion pump0.For use with lotions, moisturizer, and serums.Our Classic Diva bottle family is available in 30ml, 46ml and 100ml.Price each",Missing
LBDiva30LtnClOvrCap,LBDiva30LtnClOvrCap,$2.90,"Diva design 30 ml, 1oz clear glass bottle with with a matte silver collar treatment pump and clear overcap. For use with serums, light creams, moisturizers, facial oils or face oils, beard oils, body lotions, body wash, and hair products. Our Classic Diva",Found
GBDiva30SpryShnSl,,,"Divadesign30 ml,  1oz Clear glass bottle  withshiny silver spray pump.For use with cologne, Eau de Parfum, air freshner, face and body spray, or room spray.Our Classic Diva bottle family is available in 30ml, 46ml and 100ml.Price each",Missing
LBDiva30LtnShnSl,,,"Divadesign30 ml,  1oz Clear glass bottle  withshiny silver lotion pump.For use with lotions, moisturizer, and serums.Our Classic Diva bottle family is available in 30ml, 46ml and 100ml.Price each",Missing
GBDiva30AnSpLvn,,,"Divadesign30 ml,  1oz Clear glass bottle  withlavender vintage style bulb sprayerwithshiny silver collar cap.For use with cologne, Eau de Parfum, air freshner, face and body spray, or room spray. Antique or vintage bulb sprayers enhance the beauty of your product.Our Classic Diva bottle family is available in 30ml, 46ml and 100ml.Price each",Missing
GBDiva30AnSpPnk,,,"Divadesign30 ml,  1oz Clear glass bottle  withpink vintage style bulb sprayerwithshiny gold collar cap.For use with cologne, Eau de Parfum, air freshner, face and body spray, or room spray. Antique or vintage bulb sprayers enhance the beauty of your product.Our Classic Diva bottle family is available in 30ml, 46ml and 100ml.Price each",Missing
GBDiva30AnSpMtSl,,,"Divadesign30 ml,  1oz Clear glass bottle  withmatte silver vintage style sprayerwithmatte silver collar cap.For use with cologne, Eau de Parfum, air freshner, face and body spray, or room spray. Antique or vintage bulb sprayers enhance the beauty of your product.Our Classic Diva bottle family is available in 30ml, 46ml and 100ml.Price each",Missing
GBDiva30AnSpIvySl,,,"Divadesign30 ml,  1oz Clear glass bottle  withivory vintage style bulb sprayerwithshiny silver collar cap.For use with cologne, Eau de Parfum, air freshner, face and body spray, or room spray. Antique or vintage bulb sprayers enhance the beauty of your product.Our Classic Diva bottle family is available in 30ml, 46ml and 100ml.Price each",Missing
GBDiva30AnSpGl,,,"Divadesign30 ml,  1oz Clear glass bottle  withgold vintage style sprayerwithshiny gold collar cap.For use with cologne, Eau de Parfum, air freshner, face and body spray, or room spray. Antique or vintage bulb sprayers enhance the beauty of your product.Our Classic Diva bottle family is available in 30ml, 46ml and 100ml.Price each",Missing
GBDiva30AnSpIvyGl,,,"Divadesign30 ml,  1oz Clear glass bottle  withivory vintage style bulb sprayerwithshiny gold collar cap.For use with cologne, Eau de Parfum, air freshner, face and body spray, or room spray. Antique or vintage bulb sprayers enhance the beauty of your product.Our Classic Diva bottle family is available in 30ml, 46ml and 100ml.Price each",Missing
GBDiva30AnSpBlk,GBDiva30AnSpBlk,$5.61,"Diva design 30 ml, 1oz clear glass bottle with black vintage style bulb sprayer with shiny silver collar cap. For use with cologne, Eau de Parfum, air freshner, face and body spray, or room spray. Antique or vintage bulb sprayers enhance the beauty of",Found
GBDiva30AnSpWht,,,"Divadesign30 ml,  1oz Clear glass bottle  withwhite vintage style bulb sprayerwithshiny silver collar cap.For use with cologne, Eau de Parfum, air freshner, face and body spray, or room spray. Antique or vintage bulb sprayers enhance the beauty of your product.Our Classic Diva bottle family is available in 30ml, 46ml and 100ml.Price each",Missing
GBDiva30AnSpRed,,,"Divadesign30 ml,  1oz Clear glass bottle  withred vintage style bulb sprayerwithshiny silver collar cap.For use with cologne, Eau de Parfum, air freshner, face and body spray, or room spray. Antique or vintage bulb sprayers enhance the beauty of your product.Our Classic Diva bottle family is available in 30ml, 46ml and 100ml.Price each",Missing
GBDiva30RdcrPnkLthr,,,"Divadesign30 ml,  1oz Clear glass bottle  withreducerandpink faux leather cap.For use with cologne, aftershave, splash on, and perfume or fragrance oil, beard oils.Our Classic Diva bottle family is available in 30ml, 46ml and 100ml.Price each",Missing
GBDiva30RdcrIvyLthr,,,"Divadesign30 ml,  1oz Clear glass bottle  withreducerandivory faux leather cap.For use with cologne, aftershave, splash on, and perfume or fragrance oil, beard oils.Our Classic Diva bottle family is available in 30ml, 46ml and 100ml.Price each",Missing
GBDiva30SpryCu,GBDiva30SpryCu,$2.90,"Diva design 30 ml, 1oz clear glass bottle with matte copper spray pump. For use with cologne, Eau de Parfum, air freshner, face and body spray, or room spray. Our Classic Diva bottle family is available in 30ml, 46ml and 100ml.",Found
LBDiva30LtnCu,,,"Divadesign30 ml,  1oz Clear glass bottle  withmatte copper lotion pump0.For use with lotions, moisturizer, and serums.Our Classic Diva bottle family is available in 30ml, 46ml and 100ml.Price each",Missing
GBDivaFrst30RdcrShnGl,,,"Divadesign30 ml,  1ozFrosted glass bottlewithreducerandshiny gold cap.For use with cologne, aftershave, splash on, and perfume or fragrance oil, beard oils.Our Classic Diva bottle family is available in 30ml, 46ml and 100ml.Price each",Missing
GBDivaFrst30RdcrShnBlkTall,,,"Divadesign30 ml,  1ozFrosted glass bottlewithreducerandtall black shiny cap.For use with cologne, aftershave, splash on, and perfume or fragrance oil, beard oils.Our Classic Diva bottle family is available in 30ml, 46ml and 100ml.Price each",Missing
GBDivaFrst30RdcrShnBlk,,,"Divadesign30 ml,  1ozFrosted glass bottlewithreducerandblack shiny cap.For use with cologne, aftershave, splash on, and perfume or fragrance oil, beard oils.Our Classic Diva bottle family is available in 30ml, 46ml and 100ml.Price each",Missing
GBDivaFrst30RdcrBlkLthr,,,"Divadesign30 ml,  1ozFrosted glass bottlewithreducerandblack faux leather cap.For use with cologne, aftershave, splash on, and perfume or fragrance oil, beard oils.Our Classic Diva bottle family is available in 30ml, 46ml and 100ml.Price each",Missing
GBDivaFrst30RdcrBrwnLthr,,,"Divadesign30 ml,  1ozFrosted glass bottlewithreducerandbrown faux leather cap.For use with cologne, aftershave, splash on, and perfume or fragrance oil, beard oils.Our Classic Diva bottle family is available in 30ml, 46ml and 100ml.Price each",Missing
GBDivaFrst30RdcrLBrwnLthr,,,"Divadesign30 ml,  1ozFrosted glass bottlewithreducerandlight brown faux leather cap.For use with cologne, aftershave, splash on, and perfume or fragrance oil, beard oils.Our Classic Diva bottle family is available in 30ml, 46ml and 100ml.Price each",Missing
GBDivaFrst30RdcrShnSl,,,"Divadesign30 ml,  1ozFrosted glass bottlewithreducerandshiny silver cap.For use with cologne, aftershave, splash on, and perfume or fragrance oil, beard oils.Our Classic Diva bottle family is available in 30ml, 46ml and 100ml.Price each",Missing
GBDivaFrst30RdcrMtSlTall,,,"Divadesign30 ml,  1ozFrosted glass bottlewithreducerandtall silver matte cap.For use with cologne, aftershave, splash on, and perfume or fragrance oil, beard oils.Our Classic Diva bottle family is available in 30ml, 46ml and 100ml.Price each",Missing
GBDivaFrst30RdcrMtSl,,,"Divadesign30 ml,  1ozFrosted glass bottlewithreducerandsilver matte cap.For use with cologne, aftershave, splash on, and perfume or fragrance oil, beard oils.Our Classic Diva bottle family is available in 30ml, 46ml and 100ml.Price each",Missing
GBDivaFrst30RdcrWht,,,"Divadesign30 ml,  1ozFrosted glass bottlewithreducerandwhite cap.For use with cologne, aftershave, splash on, and perfume or fragrance oil, beard oils.Our Classic Diva bottle family is available in 30ml, 46ml and 100ml.Price each",Missing
GBDivaFrst30SpryMtGl,,,"Divadesign30 ml,  1ozFrosted glass bottlewithmatte gold spray pump0.For use with cologne, Eau de Parfum, air freshner, face and body spray, or room spray.Our Classic Diva bottle family is available in 30ml, 46ml and 100ml.Price each",Missing
LBDivaFrst30LtnMtGl,,,"Divadesign30 ml,  1ozFrosted glass bottlewithmatte gold lotion pump.For use with lotions, moisturizer, and serums.Our Classic Diva bottle family is available in 30ml, 46ml and 100ml.Price each",Missing
GBDivaFrst30SpryShnGl,,,"Divadesign30 ml,  1ozFrosted glass bottlewithshiny gold spray pump.For use with cologne, Eau de Parfum, air freshner, face and body spray, or room spray.Our Classic Diva bottle family is available in 30ml, 46ml and 100ml.Price each",Missing
LBDivaFrst30LtnShnGl,,,"Divadesign30 ml,  1ozFrosted glass bottlewithshiny gold lotion pump.For use with lotions, moisturizer, and serums.Our Classic Diva bottle family is available in 30ml, 46ml and 100ml.Price each",Missing
GBDivaFrst30SpryShnBlk,,,"Divadesign30 ml,  1ozFrosted glass bottlewithshiny black spray pump.For use with cologne, Eau de Parfum, air freshner, face and body spray, or room spray.Our Classic Diva bottle family is available in 30ml, 46ml and 100ml.Price each",Missing
LBDivaFrst30LtnShnBlk,,,"Divadesign30 ml,  1ozFrosted glass bottlewithshiny black lotion pump.For use with lotions, moisturizer, and serums.Our Classic Diva bottle family is available in 30ml, 46ml and 100ml.Price each",Missing
GBDivaFrst30SpryMtSl,,,"Divadesign30 ml,  1ozFrosted glass bottlewithmatte silver spray pump.For use with cologne, Eau de Parfum, air freshner, face and body spray, or room spray.Our Classic Diva bottle family is available in 30ml, 46ml and 100ml.Price each",Missing
LBDivaFrst30LtnMtSl,,,"Divadesign30 ml,  1ozFrosted glass bottlewithmatte silver lotion pump.For use with lotions, moisturizer, and serums.Our Classic Diva bottle family is available in 30ml, 46ml and 100ml.Price each",Missing
LBDivaFrst30LtnClOvrCap,,,"Divadesign30 ml,  1ozFrosted glass bottlewithwith a matte silver collar treatment pump and clear overcap..For use with lotions, moisturizer, and serums.Our Classic Diva bottle family is available in 30ml, 46ml and 100ml.Price each",Missing
GBDivaFrst30SpryShnSl,,,"Divadesign30 ml,  1ozFrosted glass bottlewithshiny silver spray pump.For use with cologne, Eau de Parfum, air freshner, face and body spray, or room spray.Our Classic Diva bottle family is available in 30ml, 46ml and 100ml.Price each",Missing
LBDivaFrst30LtnShnSl,,,"Divadesign30 ml,  1ozFrosted glass bottlewithshiny silver lotion pump.For use with lotions, moisturizer, and serums.Our Classic Diva bottle family is available in 30ml, 46ml and 100ml.Price each",Missing
GBDivaFrst30AnSpLvn,,,"Divadesign30 ml,  1ozFrosted glass bottlewithlavender vintage style bulb sprayerwithshiny silver collar cap.For use with cologne, Eau de Parfum, air freshner, face and body spray, or room spray. Antique or vintage bulb sprayers enhance the beauty of your product.Our Classic Diva bottle family is available in 30ml, 46ml and 100ml.Price each",Missing
GBDivaFrst30AnSpPnk,,,"Divadesign30 ml,  1ozFrosted glass bottlewithpink vintage style bulb sprayerwithshiny gold collar cap.For use with cologne, Eau de Parfum, air freshner, face and body spray, or room spray. Antique or vintage bulb sprayers enhance the beauty of your product.Our Classic Diva bottle family is available in 30ml, 46ml and 100ml.Price each",Missing
GBDivaFrst30AnSpMtSl,,,"Divadesign30 ml,  1ozFrosted glass bottlewithmatte silver vintage style sprayerwithmatte silver collar cap.For use with cologne, Eau de Parfum, air freshner, face and body spray, or room spray. Antique or vintage bulb sprayers enhance the beauty of your product.Our Classic Diva bottle family is available in 30ml, 46ml and 100ml.Price each",Missing
GBDivaFrst30AnSpIvySl,,,"Divadesign30 ml,  1ozFrosted glass bottlewithivory vintage style bulb sprayerwithshiny silver collar cap.For use with cologne, Eau de Parfum, air freshner, face and body spray, or room spray. Antique or vintage bulb sprayers enhance the beauty of your product.Our Classic Diva bottle family is available in 30ml, 46ml and 100ml.Price each",Missing
GBDivaFrst30AnSpGl,,,"Divadesign30 ml,  1ozFrosted glass bottlewithgold vintage style sprayerwithshiny gold collar cap.For use with cologne, Eau de Parfum, air freshner, face and body spray, or room spray. Antique or vintage bulb sprayers enhance the beauty of your product.Our Classic Diva bottle family is available in 30ml, 46ml and 100ml.Price each",Missing
GBDivaFrst30AnSpIvyGl,,,"Divadesign30 ml,  1ozFrosted glass bottlewithivory vintage style bulb sprayerwithshiny gold collar cap.For use with cologne, Eau de Parfum, air freshner, face and body spray, or room spray. Antique or vintage bulb sprayers enhance the beauty of your product.Our Classic Diva bottle family is available in 30ml, 46ml and 100ml.Price each",Missing
GBDivaFrst30AnSpBlk,,,"Divadesign30 ml,  1ozFrosted glass bottlewithblack vintage style bulb sprayerwithshiny silver collar cap.For use with cologne, Eau de Parfum, air freshner, face and body spray, or room spray. Antique or vintage bulb sprayers enhance the beauty of your product.Our Classic Diva bottle family is available in 30ml, 46ml and 100ml.Price each",Missing
GBDivaFrst30AnSpWht,,,"Divadesign30 ml,  1ozFrosted glass bottlewithwhite vintage style bulb sprayerwithshiny silver collar cap.For use with cologne, Eau de Parfum, air freshner, face and body spray, or room spray. Antique or vintage bulb sprayers enhance the beauty of your product.Our Classic Diva bottle family is available in 30ml, 46ml and 100ml.Price each",Missing
GBDivaFrst30AnSpRed,,,"Divadesign30 ml,  1ozFrosted glass bottlewithred vintage style bulb sprayerwithshiny silver collar cap.For use with cologne, Eau de Parfum, air freshner, face and body spray, or room spray. Antique or vintage bulb sprayers enhance the beauty of your product.Our Classic Diva bottle family is available in 30ml, 46ml and 100ml.Price each",Missing
GBDivaFrst30RdcrPnkLthr,,,"Divadesign30 ml,  1ozFrosted glass bottlewithreducerandpink faux leather cap.For use with cologne, aftershave, splash on, and perfume or fragrance oil, beard oils.Our Classic Diva bottle family is available in 30ml, 46ml and 100ml.Price each",Missing
GBDivaFrst30RdcrIvyLthr,,,"Divadesign30 ml,  1ozFrosted glass bottlewithreducerandivory faux leather cap.For use with cologne, aftershave, splash on, and perfume or fragrance oil, beard oils.Our Classic Diva bottle family is available in 30ml, 46ml and 100ml.Price each",Missing
GBDivaFrst30SpryCu,,,"Divadesign30 ml,  1ozFrosted glass bottlewithmatte copper spray pump.For use with cologne, Eau de Parfum, air freshner, face and body spray, or room spray.Our Classic Diva bottle family is available in 30ml, 46ml and 100ml.Price each",Missing
LBDivaFrst30LtnCu,,,"Divadesign30 ml,  1ozFrosted glass bottlewithmatte copper lotion pump0.For use with lotions, moisturizer, and serums.Our Classic Diva bottle family is available in 30ml, 46ml and 100ml.Price each",Missing
GBDiva46RdcrShnGl,,,"Divadesign46 ml,  1.64oz Clear glass bottle  withreducerandshiny gold cap.For use with cologne, aftershave, splash on, and perfume or fragrance oil, beard oils.Our Classic Diva bottle family is available in 30ml, 46ml and 100ml.Price each",Missing
GBDiva46RdcrShnBlkTall,,,"Divadesign46 ml,  1.64oz Clear glass bottle  withreducerandtall black shiny cap.For use with cologne, aftershave, splash on, and perfume or fragrance oil, beard oils.Our Classic Diva bottle family is available in 30ml, 46ml and 100ml.Price each",Missing
GBDiva46RdcrShnBlk,,,"Divadesign46 ml,  1.64oz Clear glass bottle  withreducerandblack shiny cap.For use with cologne, aftershave, splash on, and perfume or fragrance oil, beard oils.Our Classic Diva bottle family is available in 30ml, 46ml and 100ml.Price each",Missing
GBDiva46RdcrBlkLthr,GBDiva46RdcrBlkLthr,$2.38,"Diva design 46 ml, 1.64oz clear glass bottle with reducer and black faux leather cap. For use with cologne, aftershave, splash on, and perfume or fragrance oil, beard oils. Our Classic Diva bottle family is available in 30ml, 46ml and 100ml.",Found
GBDiva46RdcrBrwnLthr,,,"Divadesign46 ml,  1.64oz Clear glass bottle  withreducerandbrown faux leather cap.For use with cologne, aftershave, splash on, and perfume or fragrance oil, beard oils.Our Classic Diva bottle family is available in 30ml, 46ml and 100ml.Price each",Missing
GBDiva46RdcrLBrwnLthr,,,"Divadesign46 ml,  1.64oz Clear glass bottle  withreducerandlight brown faux leather cap.For use with cologne, aftershave, splash on, and perfume or fragrance oil, beard oils.Our Classic Diva bottle family is available in 30ml, 46ml and 100ml.Price each",Missing
GBDiva46RdcrShnSl,,,"Divadesign46 ml,  1.64oz Clear glass bottle  withreducerandshiny silver cap.For use with cologne, aftershave, splash on, and perfume or fragrance oil, beard oils.Our Classic Diva bottle family is available in 30ml, 46ml and 100ml.Price each",Missing
GBDiva46RdcrMtSlTall,,,"Divadesign46 ml,  1.64oz Clear glass bottle  withreducerandtall silver matte cap.For use with cologne, aftershave, splash on, and perfume or fragrance oil, beard oils.Our Classic Diva bottle family is available in 30ml, 46ml and 100ml.Price each",Missing
GBDiva46RdcrMtSl,,,"Divadesign46 ml,  1.64oz Clear glass bottle  withreducerandsilver matte cap.For use with cologne, aftershave, splash on, and perfume or fragrance oil, beard oils.Our Classic Diva bottle family is available in 30ml, 46ml and 100ml.Price each",Missing
GBDiva46RdcrWht,,,"Divadesign46 ml,  1.64oz Clear glass bottle  withreducerandwhite cap.For use with cologne, aftershave, splash on, and perfume or fragrance oil, beard oils.Our Classic Diva bottle family is available in 30ml, 46ml and 100ml.Price each",Missing
GBDiva46SpryMtGl,,,"Divadesign46 ml,  1.64oz Clear glass bottle  withmatte gold spray pump0.For use with cologne, Eau de Parfum, air freshner, face and body spray, or room spray.Our Classic Diva bottle family is available in 30ml, 46ml and 100ml.Price each",Missing
LBDiva46LtnMtGl,,,"Divadesign46 ml,  1.64oz Clear glass bottle  withmatte gold lotion pump00.For use with lotions, moisturizer, and serums.Our Classic Diva bottle family is available in 30ml, 46ml and 100ml.Price each",Missing
GBDiva46SpryShnGl,,,"Divadesign46 ml,  1.64oz Clear glass bottle  withshiny gold spray pump0.For use with cologne, Eau de Parfum, air freshner, face and body spray, or room spray.Our Classic Diva bottle family is available in 30ml, 46ml and 100ml.Price each",Missing
LBDiva46LtnShnGl,,,"Divadesign46 ml,  1.64oz Clear glass bottle  withshiny gold lotion pump.For use with lotions, moisturizer, and serums.Our Classic Diva bottle family is available in 30ml, 46ml and 100ml.Price each",Missing
GBDiva46SpryShnBlk,,,"Divadesign46 ml,  1.64oz Clear glass bottle  withshiny black spray pump.For use with cologne, Eau de Parfum, air freshner, face and body spray, or room spray.Our Classic Diva bottle family is available in 30ml, 46ml and 100ml.Price each",Missing
LBDiva46LtnShnBlk,,,"Divadesign46 ml,  1.64oz Clear glass bottle  withshiny black lotion pump.For use with lotions, moisturizer, and serums.Our Classic Diva bottle family is available in 30ml, 46ml and 100ml.Price each",Missing
GBDiva46SpryMtSl,,,"Divadesign46 ml,  1.64oz Clear glass bottle  withmatte silver spray pump.For use with cologne, Eau de Parfum, air freshner, face and body spray, or room spray.Our Classic Diva bottle family is available in 30ml, 46ml and 100ml.Price each",Missing
LBDiva46LtnMtSl,,,"Divadesign46 ml,  1.64oz Clear glass bottle  withmatte silver lotion pump.For use with lotions, moisturizer, and serums.Our Classic Diva bottle family is available in 30ml, 46ml and 100ml.Price each",Missing
LBDiva46LtnClOvrCap,LBDiva46LtnClOvrCap,$3.09,"Diva design 46 ml, 1.64oz clear glass bottle with with a matte silver collar treatment pump and clear overcap. For use with serums, light creams, moisturizers, facial oils or face oils, beard oils, body lotions, body wash, and hair products. Our Classic D",Found
GBDiva46SpryShnSl,,,"Divadesign46 ml,  1.64oz Clear glass bottle  withshiny silver spray pump.For use with cologne, Eau de Parfum, air freshner, face and body spray, or room spray.Our Classic Diva bottle family is available in 30ml, 46ml and 100ml.Price each",Missing
LBDiva46LtnShnSl,,,"Divadesign46 ml,  1.64oz Clear glass bottle  withshiny silver lotion pump.For use with lotions, moisturizer, and serums.Our Classic Diva bottle family is available in 30ml, 46ml and 100ml.Price each",Missing
GBDiva46AnSpPnk,,,"Divadesign46 ml,  1.64oz Clear glass bottle  withlavender vintage style bulb sprayerwithshiny silver collar cap.For use with cologne, Eau de Parfum, air freshner, face and body spray, or room spray. Antique or vintage bulb sprayers enhance the beauty of your product.Our Classic Diva bottle family is available in 30ml, 46ml and 100ml.Price each",Missing
GBDiva46AnSpMtSl,,,"Divadesign46 ml,  1.64oz Clear glass bottle  withpink vintage style bulb sprayerwithshiny gold collar cap.For use with cologne, Eau de Parfum, air freshner, face and body spray, or room spray. Antique or vintage bulb sprayers enhance the beauty of your product.Our Classic Diva bottle family is available in 30ml, 46ml and 100ml.Price each",Missing
GBDiva46AnSpIvySl,,,"Divadesign46 ml,  1.64oz Clear glass bottle  withmatte silver vintage style sprayerwithmatte silver collar cap.For use with cologne, Eau de Parfum, air freshner, face and body spray, or room spray. Antique or vintage bulb sprayers enhance the beauty of your product.Our Classic Diva bottle family is available in 30ml, 46ml and 100ml.Price each",Missing
GBDiva46AnSpIvyGl,,,"Divadesign46 ml,  1.64oz Clear glass bottle  withivory vintage style bulb sprayerwithshiny silver collar cap.For use with cologne, Eau de Parfum, air freshner, face and body spray, or room spray. Antique or vintage bulb sprayers enhance the beauty of your product.Our Classic Diva bottle family is available in 30ml, 46ml and 100ml.Price each",Missing
GBDiva46AnSpGl,,,"Divadesign46 ml,  1.64oz Clear glass bottle  withgold vintage style sprayerwithshiny gold collar cap.For use with cologne, Eau de Parfum, air freshner, face and body spray, or room spray. Antique or vintage bulb sprayers enhance the beauty of your product.Our Classic Diva bottle family is available in 30ml, 46ml and 100ml.Price each",Missing
GBDiva46AnSpBlk,GBDiva46AnSpBlk,$5.80,"Diva design 46 ml, 1.64oz clear glass bottle with black vintage style bulb sprayer with shiny silver collar cap. For use with cologne, Eau de Parfum, air freshner, face and body spray, or room spray. Antique or vintage bulb sprayers enhance the beauty",Found
GBDiva46AnSpWht,,,"Divadesign46 ml,  1.64oz Clear glass bottle  withblack vintage style bulb sprayerwithshiny silver collar cap.For use with cologne, Eau de Parfum, air freshner, face and body spray, or room spray. Antique or vintage bulb sprayers enhance the beauty of your product.Our Classic Diva bottle family is available in 30ml, 46ml and 100ml.Price each",Missing
GBDiva46AnSpRed,,,"Divadesign46 ml,  1.64oz Clear glass bottle  withwhite vintage style bulb sprayerwithshiny silver collar cap.For use with cologne, Eau de Parfum, air freshner, face and body spray, or room spray. Antique or vintage bulb sprayers enhance the beauty of your product.Our Classic Diva bottle family is available in 30ml, 46ml and 100ml.Price each",Missing
GBDiva46AnSpTslLvn,,,"Divadesign46 ml,  1.64oz Clear glass bottle  withred vintage style bulb sprayerwithshiny silver collar cap.For use with cologne, Eau de Parfum, air freshner, face and body spray, or room spray. Antique or vintage bulb sprayers enhance the beauty of your product.Our Classic Diva bottle family is available in 30ml, 46ml and 100ml.Price each",Missing
GBDiva46AnSpTslIvyGl,,,"Divadesign46 ml,  1.64oz Clear glass bottle  withLavender vintage style bulb sprayer with Tasselwithshiny silver collar cap.For use with cologne, Eau de Parfum, air freshner, face and body spray, or room spray. Antique or vintage bulb sprayers enhance the beauty of your product.Our Classic Diva bottle family is available in 30ml, 46ml and 100ml.Price each",Missing
GBDiva46AnSpTslIvySl,,,"Divadesign46 ml,  1.64oz Clear glass bottle  withIvory vintage style bulb sprayer with tasselwithshiny gold collar cap.For use with cologne, Eau de Parfum, air freshner, face and body spray, or room spray. Antique or vintage bulb sprayers enhance the beauty of your product.Our Classic Diva bottle family is available in 30ml, 46ml and 100ml.Price each",Missing
GBDiva46AnSpTslWht,,,"Divadesign46 ml,  1.64oz Clear glass bottle  withIvory vintage style bulb sprayer with tasselwithshiny silver collar cap.For use with cologne, Eau de Parfum, air freshner, face and body spray, or room spray. Antique or vintage bulb sprayers enhance the beauty of your product.Our Classic Diva bottle family is available in 30ml, 46ml and 100ml.Price each",Missing
GBDiva46AnSpTslPnk,,,"Divadesign46 ml,  1.64oz Clear glass bottle  withWhite vintage style bulb sprayer with tasselwithshiny silver collar cap.For use with cologne, Eau de Parfum, air freshner, face and body spray, or room spray. Antique or vintage bulb sprayers enhance the beauty of your product.Our Classic Diva bottle family is available in 30ml, 46ml and 100ml.Price each",Missing
GBDiva46AnSpTslRed,,,"Divadesign46 ml,  1.64oz Clear glass bottle  withPink vintage style bulb sprayer with tasselwithshiny gold collar cap.For use with cologne, Eau de Parfum, air freshner, face and body spray, or room spray. Antique or vintage bulb sprayers enhance the beauty of your product.Our Classic Diva bottle family is available in 30ml, 46ml and 100ml.Price each",Missing
GBDiva46AnSpTslBlk,GBDiva46AnSpTslBlk,$6.51,"Diva design 46 ml, 1.64oz clear glass bottle with black vintage style bulb sprayer with tassel with shiny silver collar cap. For use with cologne, Eau de Parfum, air freshner, face and body spray, or room spray. Antique or vintage bulb sprayers enhance",Found
GBDiva46AnSpTslMtSl,,,"Divadesign46 ml,  1.64oz Clear glass bottle  withBlack vintage style bulb sprayer with tasselwithshiny silver collar cap.For use with cologne, Eau de Parfum, air freshner, face and body spray, or room spray. Antique or vintage bulb sprayers enhance the beauty of your product.Our Classic Diva bottle family is available in 30ml, 46ml and 100ml.Price each",Missing
GBDiva46AnSpTslGl,,,"Divadesign46 ml,  1.64oz Clear glass bottle  withSilver vintage style bulb sprayer with tasselwithmatte silver collar cap.For use with cologne, Eau de Parfum, air freshner, face and body spray, or room spray. Antique or vintage bulb sprayers enhance the beauty of your product.Our Classic Diva bottle family is available in 30ml, 46ml and 100ml.Price each",Missing
GBDiva46DrpSl,,,"Divadesign46 ml,  1.64oz Clear glass bottle  withGold vintage style bulb sprayer with tasselwithshiny gold collar cap.For use with cologne, Eau de Parfum, air freshner, face and body spray, or room spray. Antique or vintage bulb sprayers enhance the beauty of your product.Our Classic Diva bottle family is available in 30ml, 46ml and 100ml.Price each",Missing
GBDiva46DrpGl,,,"Divadesign46 ml,  1.64oz Clear glass bottle  withwhite dropperwithshiny gold collar cap.For use with perfume oils, diffuser oils, serums, primers, facial oils or face oils, moisturizer, and beard oils.Our Classic Diva bottle family is available in 30ml, 46ml and 100ml.Price each",Missing
GBDiva46DrpCu,GBDiva46DrpCu,$2.28,"Diva design 46 ml, 1.64oz clear glass bottle with white dropper with shiny copper collar cap. For use with perfume oils, diffuser oils, serums, primers, facial oils or face oils, moisturizer, and beard oils.Our Classic Diva bottle family is available in",Found
GBDiva46RdcrPnkLthr,,,"Divadesign46 ml,  1.64oz Clear glass bottle  withreducerandpink faux leather cap.For use with cologne, aftershave, splash on, and perfume or fragrance oil, beard oils.Our Classic Diva bottle family is available in 30ml, 46ml and 100ml.Price each",Missing
GBDiva46RdcrIvyLthr,,,"Divadesign46 ml,  1.64oz Clear glass bottle  withreducerandivory faux leather cap.For use with cologne, aftershave, splash on, and perfume or fragrance oil, beard oils.Our Classic Diva bottle family is available in 30ml, 46ml and 100ml.Price each",Missing
GBDiva46SpryCu,GBDiva46SpryCu,$3.09,"Diva design 46 ml, 1.64oz clear glass bottle with matte copper spray pump. For use with cologne, Eau de Parfum, air freshner, face and body spray, or room spray. Our Classic Diva bottle family is available in 30ml, 46ml and 100ml.",Found
LBDiva46LtnCu,,,"Divadesign46 ml,  1.64oz Clear glass bottle  withmatte copper lotion pump0.For use with lotions, moisturizer, and serums.Our Classic Diva bottle family is available in 30ml, 46ml and 100ml.Price each",Missing
GBDivaFrst46RdcrShnGl,,,"Divadesign46 ml,  1.64ozFrosted glass bottlewithreducerandshiny gold cap.For use with cologne, aftershave, splash on, and perfume or fragrance oil, beard oils.Our Classic Diva bottle family is available in 30ml, 46ml and 100ml.Price each",Missing
GBDivaFrst46RdcrShnBlkTall,,,"Divadesign46 ml,  1.64ozFrosted glass bottlewithreducerandtall black shiny cap.For use with cologne, aftershave, splash on, and perfume or fragrance oil, beard oils.Our Classic Diva bottle family is available in 30ml, 46ml and 100ml.Price each",Missing
GBDivaFrst46RdcrShnBlk,,,"Divadesign46 ml,  1.64ozFrosted glass bottlewithreducerandblack shiny cap.For use with cologne, aftershave, splash on, and perfume or fragrance oil, beard oils.Our Classic Diva bottle family is available in 30ml, 46ml and 100ml.Price each",Missing
GBDivaFrst46RdcrBlkLthr,GBDivaFrst46RdcrBlkLthr,$2.85,"Diva design 46 ml, 1.64oz frosted glass bottle with reducer and black faux leather cap. For use with cologne, aftershave, splash on, and perfume or fragrance oil, beard oils. Our Classic Diva bottle family is available in 30ml, 46ml and 100ml.",Found
GBDivaFrst46RdcrBrwnLthr,,,"Divadesign46 ml,  1.64ozFrosted glass bottlewithreducerandbrown faux leather cap.For use with cologne, aftershave, splash on, and perfume or fragrance oil, beard oils.Our Classic Diva bottle family is available in 30ml, 46ml and 100ml.Price each",Missing
GBDivaFrst46RdcrLBrwnLthr,,,"Divadesign46 ml,  1.64ozFrosted glass bottlewithreducerandlight brown faux leather cap.For use with cologne, aftershave, splash on, and perfume or fragrance oil, beard oils.Our Classic Diva bottle family is available in 30ml, 46ml and 100ml.Price each",Missing
GBDivaFrst46RdcrShnSl,,,"Divadesign46 ml,  1.64ozFrosted glass bottlewithreducerandshiny silver cap.For use with cologne, aftershave, splash on, and perfume or fragrance oil, beard oils.Our Classic Diva bottle family is available in 30ml, 46ml and 100ml.Price each",Missing
GBDivaFrst46RdcrMtSlTall,,,"Divadesign46 ml,  1.64ozFrosted glass bottlewithreducerandtall silver matte cap.For use with cologne, aftershave, splash on, and perfume or fragrance oil, beard oils.Our Classic Diva bottle family is available in 30ml, 46ml and 100ml.Price each",Missing
GBDivaFrst46RdcrMtSl,,,"Divadesign46 ml,  1.64ozFrosted glass bottlewithreducerandsilver matte cap.For use with cologne, aftershave, splash on, and perfume or fragrance oil, beard oils.Our Classic Diva bottle family is available in 30ml, 46ml and 100ml.Price each",Missing
GBDivaFrst46RdcrWht,,,"Divadesign46 ml,  1.64ozFrosted glass bottlewithreducerandwhite cap.For use with cologne, aftershave, splash on, and perfume or fragrance oil, beard oils.Our Classic Diva bottle family is available in 30ml, 46ml and 100ml.Price each",Missing
GBDivaFrst46SpryMtGl,,,"Divadesign46 ml,  1.64ozFrosted glass bottlewithmatte gold spray pump0.For use with cologne, Eau de Parfum, air freshner, face and body spray, or room spray.Our Classic Diva bottle family is available in 30ml, 46ml and 100ml.Price each",Missing
LBDivaFrst46LtnMtGl,,,"Divadesign46 ml,  1.64ozFrosted glass bottlewithmatte gold lotion pump00.For use with lotions, moisturizer, and serums.Our Classic Diva bottle family is available in 30ml, 46ml and 100ml.Price each",Missing
GBDivaFrst46SpryShnGl,,,"Divadesign46 ml,  1.64ozFrosted glass bottlewithshiny gold spray pump0.For use with cologne, Eau de Parfum, air freshner, face and body spray, or room spray.Our Classic Diva bottle family is available in 30ml, 46ml and 100ml.Price each",Missing
LBDivaFrst46LtnShnGl,,,"Divadesign46 ml,  1.64ozFrosted glass bottlewithshiny gold lotion pump0.For use with lotions, moisturizer, and serums.Our Classic Diva bottle family is available in 30ml, 46ml and 100ml.Price each",Missing
GBDivaFrst46SpryShnBlk,,,"Divadesign46 ml,  1.64ozFrosted glass bottlewithshiny black spray pump0.For use with cologne, Eau de Parfum, air freshner, face and body spray, or room spray.Our Classic Diva bottle family is available in 30ml, 46ml and 100ml.Price each",Missing
LBDivaFrst46LtnShnBlk,,,"Divadesign46 ml,  1.64ozFrosted glass bottlewithshiny black lotion pump0.For use with lotions, moisturizer, and serums.Our Classic Diva bottle family is available in 30ml, 46ml and 100ml.Price each",Missing
GBDivaFrst46SpryMtSl,,,"Divadesign46 ml,  1.64ozFrosted glass bottlewithmatte silver spray pump0.For use with cologne, Eau de Parfum, air freshner, face and body spray, or room spray.Our Classic Diva bottle family is available in 30ml, 46ml and 100ml.Price each",Missing
LBDivaFrst46LtnMtSl,,,"Divadesign46 ml,  1.64ozFrosted glass bottlewithmatte silver lotion pump0.For use with lotions, moisturizer, and serums.Our Classic Diva bottle family is available in 30ml, 46ml and 100ml.Price each",Missing
LBDivaFrst46LtnClOvrCap,LBDivaFrst46LtnClOvrCap,$3.56,"Diva design 46 ml, 1.64oz frosted glass bottle with with a matte silver collar treatment pump and clear overcap. For use with serums, light creams, moisturizers, facial oils or face oils, beard oils, body lotions, body wash, and hair products. Our Classic",Found
GBDivaFrst46SpryShnSl,,,"Divadesign46 ml,  1.64ozFrosted glass bottlewithshiny silver spray pump0.For use with cologne, Eau de Parfum, air freshner, face and body spray, or room spray.Our Classic Diva bottle family is available in 30ml, 46ml and 100ml.Price each",Missing
LBDivaFrst46LtnShnSl,,,"Divadesign46 ml,  1.64ozFrosted glass bottlewithshiny silver lotion pump0.For use with lotions, moisturizer, and serums.Our Classic Diva bottle family is available in 30ml, 46ml and 100ml.Price each",Missing
GBDivaFrst46AnSpLvn,,,"Divadesign46 ml,  1.64ozFrosted glass bottlewithlavender vintage style bulb sprayerwithshiny silver collar cap.For use with cologne, Eau de Parfum, air freshner, face and body spray, or room spray. Antique or vintage bulb sprayers enhance the beauty of your product.Our Classic Diva bottle family is available in 30ml, 46ml and 100ml.Price each",Missing
GBDivaFrst46AnSpPnk,,,"Divadesign46 ml,  1.64ozFrosted glass bottlewithpink vintage style bulb sprayerwithshiny gold collar cap.For use with cologne, Eau de Parfum, air freshner, face and body spray, or room spray. Antique or vintage bulb sprayers enhance the beauty of your product.Our Classic Diva bottle family is available in 30ml, 46ml and 100ml.Price each",Missing
GBDivaFrst46AnSpMtSl,,,"Divadesign46 ml,  1.64ozFrosted glass bottlewithmatte silver vintage style sprayerwithmatte silver collar cap.For use with cologne, Eau de Parfum, air freshner, face and body spray, or room spray. Antique or vintage bulb sprayers enhance the beauty of your product.Our Classic Diva bottle family is available in 30ml, 46ml and 100ml.Price each",Missing
GBDivaFrst46AnSpIvySl,,,"Divadesign46 ml,  1.64ozFrosted glass bottlewithivory vintage style bulb sprayerwithshiny silver collar cap.For use with cologne, Eau de Parfum, air freshner, face and body spray, or room spray. Antique or vintage bulb sprayers enhance the beauty of your product.Our Classic Diva bottle family is available in 30ml, 46ml and 100ml.Price each",Missing
GBDivaFrst46AnSpGl,,,"Divadesign46 ml,  1.64ozFrosted glass bottlewithgold vintage style sprayerwithshiny gold collar cap.For use with cologne, Eau de Parfum, air freshner, face and body spray, or room spray. Antique or vintage bulb sprayers enhance the beauty of your product.Our Classic Diva bottle family is available in 30ml, 46ml and 100ml.Price each",Missing
GBDivaFrst46AnSpIvyGl,,,"Divadesign46 ml,  1.64ozFrosted glass bottlewithivory vintage style bulb sprayerwithshiny gold collar cap.For use with cologne, Eau de Parfum, air freshner, face and body spray, or room spray. Antique or vintage bulb sprayers enhance the beauty of your product.Our Classic Diva bottle family is available in 30ml, 46ml and 100ml.Price each",Missing
GBDivaFrst46AnSpBlk,GBDivaFrst46AnSpBlk,$6.27,"Diva design 46 ml, 1.64oz frosted glass bottle with black vintage style bulb sprayer with shiny silver collar cap. For use with cologne, Eau de Parfum, air freshner, face and body spray, or room spray. Antique or vintage bulb sprayers enhance the beauty",Found
GBDivaFrst46AnSpWht,,,"Divadesign46 ml,  1.64ozFrosted glass bottlewithwhite vintage style bulb sprayerwithshiny silver collar cap.For use with cologne, Eau de Parfum, air freshner, face and body spray, or room spray. Antique or vintage bulb sprayers enhance the beauty of your product.Our Classic Diva bottle family is available in 30ml, 46ml and 100ml.Price each",Missing
GBDivaFrst46AnSpRed,,,"Divadesign46 ml,  1.64ozFrosted glass bottlewithred vintage style bulb sprayerwithshiny silver collar cap.For use with cologne, Eau de Parfum, air freshner, face and body spray, or room spray. Antique or vintage bulb sprayers enhance the beauty of your product.Our Classic Diva bottle family is available in 30ml, 46ml and 100ml.Price each",Missing
GBDivaFrst46AnSpTslLvn,,,"Divadesign46 ml,  1.64ozFrosted glass bottlewithLavender vintage style bulb sprayer with Tasselwithshiny silver collar cap.For use with cologne, Eau de Parfum, air freshner, face and body spray, or room spray. Antique or vintage bulb sprayers enhance the beauty of your product.Our Classic Diva bottle family is available in 30ml, 46ml and 100ml.Price each",Missing
GBDivaFrst46AnSpTslIvyGl,,,"Divadesign46 ml,  1.64ozFrosted glass bottlewithIvory vintage style bulb sprayer with tasselwithshiny gold collar cap.For use with cologne, Eau de Parfum, air freshner, face and body spray, or room spray. Antique or vintage bulb sprayers enhance the beauty of your product.Our Classic Diva bottle family is available in 30ml, 46ml and 100ml.Price each",Missing
GBDivaFrst46AnSpTslIvySl,,,"Divadesign46 ml,  1.64ozFrosted glass bottlewithIvory vintage style bulb sprayer with tasselwithshiny silver collar cap.For use with cologne, Eau de Parfum, air freshner, face and body spray, or room spray. Antique or vintage bulb sprayers enhance the beauty of your product.Our Classic Diva bottle family is available in 30ml, 46ml and 100ml.Price each",Missing
GBDivaFrst46AnSpTslWht,,,"Divadesign46 ml,  1.64ozFrosted glass bottlewithWhite vintage style bulb sprayer with tasselwithshiny silver collar cap.For use with cologne, Eau de Parfum, air freshner, face and body spray, or room spray. Antique or vintage bulb sprayers enhance the beauty of your product.Our Classic Diva bottle family is available in 30ml, 46ml and 100ml.Price each",Missing
GBDivaFrst46AnSpTslPnk,,,"Divadesign46 ml,  1.64ozFrosted glass bottlewithPink vintage style bulb sprayer with tasselwithshiny gold collar cap.For use with cologne, Eau de Parfum, air freshner, face and body spray, or room spray. Antique or vintage bulb sprayers enhance the beauty of your product.Our Classic Diva bottle family is available in 30ml, 46ml and 100ml.Price each",Missing
GBDivaFrst46AnSpTslRed,,,"Divadesign46 ml,  1.64ozFrosted glass bottlewithRed vintage style bulb sprayer with tasselwithshiny silver collar cap.For use with cologne, Eau de Parfum, air freshner, face and body spray, or room spray. Antique or vintage bulb sprayers enhance the beauty of your product.Our Classic Diva bottle family is available in 30ml, 46ml and 100ml.Price each",Missing
GBDivaFrst46AnSpTslBlk,GBDivaFrst46AnSpTslBlk,$6.98,"Diva design 46 ml, 1.64oz frosted glass bottle with Black vintage style bulb sprayer with tassel with shiny silver collar cap. For use with cologne, Eau de Parfum, air freshner, face and body spray, or room spray. Antique or vintage bulb sprayers enhance",Found
GBDivaFrst46AnSpTslMtSl,,,"Divadesign46 ml,  1.64ozFrosted glass bottlewithSilver vintage style bulb sprayer with tasselwithmatte silver collar cap.For use with cologne, Eau de Parfum, air freshner, face and body spray, or room spray. Antique or vintage bulb sprayers enhance the beauty of your product.Our Classic Diva bottle family is available in 30ml, 46ml and 100ml.Price each",Missing
GBDivaFrst46AnSpTslGl,,,"Divadesign46 ml,  1.64ozFrosted glass bottlewithGold vintage style bulb sprayer with tasselwithshiny gold collar cap.For use with cologne, Eau de Parfum, air freshner, face and body spray, or room spray. Antique or vintage bulb sprayers enhance the beauty of your product.Our Classic Diva bottle family is available in 30ml, 46ml and 100ml.Price each",Missing
GBDiva46DrpSl,,,"Divadesign46 ml,  1.64ozFrosted glass bottlewithwhite dropperwithshiny gold collar cap.For use with perfume oils, diffuser oils, serums, primers, facial oils or face oils, moisturizer, and beard oils.Our Classic Diva bottle family is available in 30ml, 46ml and 100ml.Price each",Missing
GBDiva46DrpGl,,,"Divadesign46 ml,  1.64ozFrosted glass bottlewithwhite dropperwithshiny gold collar cap.For use with perfume oils, diffuser oils, serums, primers, facial oils or face oils, moisturizer, and beard oils.Our Classic Diva bottle family is available in 30ml, 46ml and 100ml.Price each",Missing
GBDiva46DrpCu,GBDiva46DrpCu,$2.28,"Diva design 46 ml, 1.64oz clear glass bottle with white dropper with shiny copper collar cap. For use with perfume oils, diffuser oils, serums, primers, facial oils or face oils, moisturizer, and beard oils.Our Classic Diva bottle family is available in",Found
GBDivaFrst46RdcrPnkLthr,,,"Divadesign46 ml,  1.64ozFrosted glass bottlewithreducerandpink faux leather cap.For use with cologne, aftershave, splash on, and perfume or fragrance oil, beard oils.Our Classic Diva bottle family is available in 30ml, 46ml and 100ml.Price each",Missing
GBDivaFrst46RdcrIvyLthr,,,"Divadesign46 ml,  1.64ozFrosted glass bottlewithreducerandivory faux leather cap.For use with cologne, aftershave, splash on, and perfume or fragrance oil, beard oils.Our Classic Diva bottle family is available in 30ml, 46ml and 100ml.Price each",Missing
GBDivaFrst46SpryCu,GBDivaFrst46SpryCu,$3.56,"Diva design 46 ml, 1.64oz frosted glass bottle with matte copper spray pump. For use with cologne, Eau de Parfum, air freshner, face and body spray, or room spray. Our Classic Diva bottle family is available in 30ml, 46ml and 100ml.",Found
LBDivaFrst46LtnCu,,,"Divadesign46 ml,  1.64ozFrosted glass bottlewithmatte copper lotion pump0.For use with lotions, moisturizer, and serums.Our Classic Diva bottle family is available in 30ml, 46ml and 100ml.Price each",Missing
GBDiva100RdcrShnGl,,,"Divadesign100 ml,  3 1/2oz Clear glass bottle  withreducerandshiny gold cap.For use with cologne, aftershave, splash on, and perfume or fragrance oil, beard oils.Our Classic Diva bottle family is available in 30ml, 46ml and 100ml.Price each",Missing
GBDiva100RdcrShnBlkTall,,,"Divadesign100 ml,  3 1/2oz Clear glass bottle  withreducerandtall black shiny cap.For use with cologne, aftershave, splash on, and perfume or fragrance oil, beard oils.Our Classic Diva bottle family is available in 30ml, 46ml and 100ml.Price each",Missing
GBDiva100RdcrShnBlk,,,"Divadesign100 ml,  3 1/2oz Clear glass bottle  withreducerandblack shiny cap.For use with cologne, aftershave, splash on, and perfume or fragrance oil, beard oils.Our Classic Diva bottle family is available in 30ml, 46ml and 100ml.Price each",Missing
GBDiva100RdcrBlkLthr,GBDiva100RdcrBlkLthr,$2.57,"Diva design 100 ml, 3 1/2oz clear glass bottle with reducer and black faux leather cap. For use with cologne, aftershave, splash on, and perfume or fragrance oil, beard oils. Our Classic Diva bottle family is available in 30ml, 46ml and 100ml.",Found
GBDiva100RdcrBrwnLthr,,,"Divadesign100 ml,  3 1/2oz Clear glass bottle  withreducerandbrown faux leather cap.For use with cologne, aftershave, splash on, and perfume or fragrance oil, beard oils.Our Classic Diva bottle family is available in 30ml, 46ml and 100ml.Price each",Missing
GBDiva100RdcrLBrwnLthr,,,"Divadesign100 ml,  3 1/2oz Clear glass bottle  withreducerandlight brown faux leather cap.For use with cologne, aftershave, splash on, and perfume or fragrance oil, beard oils.Our Classic Diva bottle family is available in 30ml, 46ml and 100ml.Price each",Missing
GBDiva100RdcrShnSl,,,"Divadesign100 ml,  3 1/2oz Clear glass bottle  withreducerandshiny silver cap.For use with cologne, aftershave, splash on, and perfume or fragrance oil, beard oils.Our Classic Diva bottle family is available in 30ml, 46ml and 100ml.Price each",Missing
GBDiva100RdcrMtSlTall,,,"Divadesign100 ml,  3 1/2oz Clear glass bottle  withreducerandtall silver matte cap.For use with cologne, aftershave, splash on, and perfume or fragrance oil, beard oils.Our Classic Diva bottle family is available in 30ml, 46ml and 100ml.Price each",Missing
GBDiva100RdcrMtSl,,,"Divadesign100 ml,  3 1/2oz Clear glass bottle  withreducerandsilver matte cap.For use with cologne, aftershave, splash on, and perfume or fragrance oil, beard oils.Our Classic Diva bottle family is available in 30ml, 46ml and 100ml.Price each",Missing
GBDiva100RdcrWht,,,"Divadesign100 ml,  3 1/2oz Clear glass bottle  withreducerandwhite cap.For use with cologne, aftershave, splash on, and perfume or fragrance oil, beard oils.Our Classic Diva bottle family is available in 30ml, 46ml and 100ml.Price each",Missing
GBDiva100SpryMtGl,,,"Divadesign100 ml,  3 1/2oz Clear glass bottle  withmatte gold spray pump0.For use with cologne, Eau de Parfum, air freshner, face and body spray, or room spray.Our Classic Diva bottle family is available in 30ml, 46ml and 100ml.Price each",Missing
LBDiva100LtnMtGl,,,"Divadesign100 ml,  3 1/2oz Clear glass bottle  withmatte gold lotion pump0.For use with lotions, moisturizer, and serums.Our Classic Diva bottle family is available in 30ml, 46ml and 100ml.Price each",Missing
GBDiva100SpryShnGl,,,"Divadesign100 ml,  3 1/2oz Clear glass bottle  withshiny gold spray pump.For use with cologne, Eau de Parfum, air freshner, face and body spray, or room spray.Our Classic Diva bottle family is available in 30ml, 46ml and 100ml.Price each",Missing
LBDiva100LtnShnGl,,,"Divadesign100 ml,  3 1/2oz Clear glass bottle  withshiny gold lotion pump.For use with lotions, moisturizer, and serums.Our Classic Diva bottle family is available in 30ml, 46ml and 100ml.Price each",Missing
GBDiva100SpryShnBlk,,,"Divadesign100 ml,  3 1/2oz Clear glass bottle  withshiny black spray pump.For use with cologne, Eau de Parfum, air freshner, face and body spray, or room spray.Our Classic Diva bottle family is available in 30ml, 46ml and 100ml.Price each",Missing
LBDiva100LtnShnBlk,,,"Divadesign100 ml,  3 1/2oz Clear glass bottle  withshiny black lotion pump.For use with lotions, moisturizer, and serums.Our Classic Diva bottle family is available in 30ml, 46ml and 100ml.Price each",Missing
GBDiva100SpryMtSl,,,"Divadesign100 ml,  3 1/2oz Clear glass bottle  withmatte silver spray pump.For use with cologne, Eau de Parfum, air freshner, face and body spray, or room spray.Our Classic Diva bottle family is available in 30ml, 46ml and 100ml.Price each",Missing
LBDiva100LtnMtSl,,,"Divadesign100 ml,  3 1/2oz Clear glass bottle  withmatte silver lotion pump.For use with lotions, moisturizer, and serums.Our Classic Diva bottle family is available in 30ml, 46ml and 100ml.Price each",Missing
LBDiva100LtnClOvrCap,LBDiva100LtnClOvrCap,$3.28,"Diva design 100 ml, 3 1/2oz clear glass bottle with with a matte silver collar treatment pump and clear overcap. For use with serums, light creams, moisturizers, facial oils or face oils, beard oils, body lotions, body wash, and hair products. Our Classic",Found
GBDiva100SpryShnSl,,,"Divadesign100 ml,  3 1/2oz Clear glass bottle  withshiny silver spray pump0.For use with cologne, Eau de Parfum, air freshner, face and body spray, or room spray.Our Classic Diva bottle family is available in 30ml, 46ml and 100ml.Price each",Missing
LBDiva100LtnShnSl,,,"Divadesign100 ml,  3 1/2oz Clear glass bottle  withshiny silver lotion pump0.For use with lotions, moisturizer, and serums.Our Classic Diva bottle family is available in 30ml, 46ml and 100ml.Price each",Missing
GBDiva100AnSpLvn,,,"Divadesign100 ml,  3 1/2oz Clear glass bottle  withlavender vintage style bulb sprayerwithshiny silver collar cap.For use with cologne, Eau de Parfum, air freshner, face and body spray, or room spray. Antique or vintage bulb sprayers enhance the beauty of your product.Our Classic Diva bottle family is available in 30ml, 46ml and 100ml.Price each",Missing
GBDiva100AnSpPnk,,,"Divadesign100 ml,  3 1/2oz Clear glass bottle  withpink vintage style bulb sprayerwithshiny gold collar cap.For use with cologne, Eau de Parfum, air freshner, face and body spray, or room spray. Antique or vintage bulb sprayers enhance the beauty of your product.Our Classic Diva bottle family is available in 30ml, 46ml and 100ml.Price each",Missing
GBDiva100AnSpMtSl,,,"Divadesign100 ml,  3 1/2oz Clear glass bottle  withmatte silver vintage style sprayerwithmatte silver collar cap.For use with cologne, Eau de Parfum, air freshner, face and body spray, or room spray. Antique or vintage bulb sprayers enhance the beauty of your product.Our Classic Diva bottle family is available in 30ml, 46ml and 100ml.Price each",Missing
GBDiva100AnSpIvySl,,,"Divadesign100 ml,  3 1/2oz Clear glass bottle  withivory vintage style bulb sprayerwithshiny silver collar cap.For use with cologne, Eau de Parfum, air freshner, face and body spray, or room spray. Antique or vintage bulb sprayers enhance the beauty of your product.Our Classic Diva bottle family is available in 30ml, 46ml and 100ml.Price each",Missing
GBDiva100AnSpGl,,,"Divadesign100 ml,  3 1/2oz Clear glass bottle  withgold vintage style sprayerwithshiny gold collar cap.For use with cologne, Eau de Parfum, air freshner, face and body spray, or room spray. Antique or vintage bulb sprayers enhance the beauty of your product.Our Classic Diva bottle family is available in 30ml, 46ml and 100ml.Price each",Missing
GBDiva100AnSpIvyGl,,,"Divadesign100 ml,  3 1/2oz Clear glass bottle  withivory vintage style bulb sprayerwithshiny gold collar cap.For use with cologne, Eau de Parfum, air freshner, face and body spray, or room spray. Antique or vintage bulb sprayers enhance the beauty of your product.Our Classic Diva bottle family is available in 30ml, 46ml and 100ml.Price each",Missing
GBDiva100AnSpBlk,GBDiva100AnSpBlk,$5.99,"Diva design 100 ml, 3 1/2oz clear glass bottle with black vintage style bulb sprayer with shiny silver collar cap. For use with cologne, Eau de Parfum, air freshner, face and body spray, or room spray. Antique or vintage bulb sprayers enhance the beaut",Found
GBDiva100AnSpWht,,,"Divadesign100 ml,  3 1/2oz Clear glass bottle  withwhite vintage style bulb sprayerwithshiny silver collar cap.For use with cologne, Eau de Parfum, air freshner, face and body spray, or room spray. Antique or vintage bulb sprayers enhance the beauty of your product.Our Classic Diva bottle family is available in 30ml, 46ml and 100ml.Price each",Missing
GBDiva100AnSpRed,,,"Divadesign100 ml,  3 1/2oz Clear glass bottle  withred vintage style bulb sprayerwithshiny silver collar cap.For use with cologne, Eau de Parfum, air freshner, face and body spray, or room spray. Antique or vintage bulb sprayers enhance the beauty of your product.Our Classic Diva bottle family is available in 30ml, 46ml and 100ml.Price each",Missing
GBDiva100AnSpTslLvn,,,"Divadesign100 ml,  3 1/2oz Clear glass bottle  withLavender vintage style bulb sprayer with Tasselwithshiny silver collar cap.For use with cologne, Eau de Parfum, air freshner, face and body spray, or room spray. Antique or vintage bulb sprayers enhance the beauty of your product.Our Classic Diva bottle family is available in 30ml, 46ml and 100ml.Price each",Missing
GBDiva100AnSpTslIvyGl,,,"Divadesign100 ml,  3 1/2oz Clear glass bottle  withIvory vintage style bulb sprayer with tasselwithshiny gold collar cap.For use with cologne, Eau de Parfum, air freshner, face and body spray, or room spray. Antique or vintage bulb sprayers enhance the beauty of your product.Our Classic Diva bottle family is available in 30ml, 46ml and 100ml.Price each",Missing
GBDiva100AnSpTslIvySl,,,"Divadesign100 ml,  3 1/2oz Clear glass bottle  withIvory vintage style bulb sprayer with tasselwithshiny silver collar cap.For use with cologne, Eau de Parfum, air freshner, face and body spray, or room spray. Antique or vintage bulb sprayers enhance the beauty of your product.Our Classic Diva bottle family is available in 30ml, 46ml and 100ml.Price each",Missing
GBDiva100AnSpTslWht,,,"Divadesign100 ml,  3 1/2oz Clear glass bottle  withWhite vintage style bulb sprayer with tasselwithshiny silver collar cap.For use with cologne, Eau de Parfum, air freshner, face and body spray, or room spray. Antique or vintage bulb sprayers enhance the beauty of your product.Our Classic Diva bottle family is available in 30ml, 46ml and 100ml.Price each",Missing
GBDiva100AnSpTslPnk,,,"Divadesign100 ml,  3 1/2oz Clear glass bottle  withPink vintage style bulb sprayer with tasselwithshiny gold collar cap.For use with cologne, Eau de Parfum, air freshner, face and body spray, or room spray. Antique or vintage bulb sprayers enhance the beauty of your product.Our Classic Diva bottle family is available in 30ml, 46ml and 100ml.Price each",Missing
GBDiva100AnSpTslRed,,,"Divadesign100 ml,  3 1/2oz Clear glass bottle  withRed vintage style bulb sprayer with tasselwithshiny silver collar cap.For use with cologne, Eau de Parfum, air freshner, face and body spray, or room spray. Antique or vintage bulb sprayers enhance the beauty of your product.Our Classic Diva bottle family is available in 30ml, 46ml and 100ml.Price each",Missing
GBDiva100AnSpTslBlk,GBDiva100AnSpTslBlk,$6.70,"Diva design 100 ml, 3 1/2oz clear glass bottle with Black vintage style bulb sprayer with tassel with shiny silver collar cap. For use with cologne, Eau de Parfum, air freshner, face and body spray, or room spray. Antique or vintage bulb sprayers enhan",Found
GBDiva100AnSpTslMtSl,,,"Divadesign100 ml,  3 1/2oz Clear glass bottle  withSilver vintage style bulb sprayer with tasselwithmatte silver collar cap.For use with cologne, Eau de Parfum, air freshner, face and body spray, or room spray. Antique or vintage bulb sprayers enhance the beauty of your product.Our Classic Diva bottle family is available in 30ml, 46ml and 100ml.Price each",Missing
GBDiva100AnSpTslGl,,,"Divadesign100 ml,  3 1/2oz Clear glass bottle  withGold vintage style bulb sprayer with tasselwithshiny gold collar cap.For use with cologne, Eau de Parfum, air freshner, face and body spray, or room spray. Antique or vintage bulb sprayers enhance the beauty of your product.Our Classic Diva bottle family is available in 30ml, 46ml and 100ml.Price each",Missing
GBDiva100RdcrPnkLthr,,,"Divadesign100 ml,  3 1/2oz Clear glass bottle  withreducerwithpink faux leather cap.For use with cologne, aftershave, splash on, and perfume or fragrance oil, beard oils.Our Classic Diva bottle family is available in 30ml, 46ml and 100ml.Price each",Missing
GBDiva100RdcrIvyLthr,,,"Divadesign100 ml,  3 1/2oz Clear glass bottle  withreducerwithivory faux leather cap.For use with cologne, aftershave, splash on, and perfume or fragrance oil, beard oils.Our Classic Diva bottle family is available in 30ml, 46ml and 100ml.Price each",Missing
GBDiva100SpryCu,GBDiva100SpryCu,$3.28,"Diva design 100 ml, 3 1/2oz clear glass bottle with matte copper spray pump. For use with cologne, Eau de Parfum, air freshner, face and body spray, or room spray. Our Classic Diva bottle family is available in 30ml, 46ml and 100ml.",Found
LBDiva100LtnCu,,,"Divadesign100 ml,  3 1/2oz Clear glass bottle  withmatte copper lotion pump0.For use with lotions, moisturizer, and serums.Our Classic Diva bottle family is available in 30ml, 46ml and 100ml.Price each",Missing
GBDmnd2ozRdcrShnGl,,,"Diamonddesign60ml,2 ounce Clear glass bottle  withreducerandshiny gold cap.For use with cologne, aftershave, splash on, and perfume or fragrance oil, beard oils.A classic, multi-faceted bottle.Price each",Missing
GBDmnd2ozRdcrShnBlkTall,,,"Diamonddesign60ml,2 ounce Clear glass bottle  withreducerandtall black shiny cap.For use with cologne, aftershave, splash on, and perfume or fragrance oil, beard oils.A classic, multi-faceted bottle.Price each",Missing
GBDmnd2ozRdcrShnBlk,,,"Diamonddesign60ml,2 ounce Clear glass bottle  withreducerandblack shiny cap.For use with cologne, aftershave, splash on, and perfume or fragrance oil, beard oils.A classic, multi-faceted bottle.Price each",Missing
GBDmnd2ozRdcrBlkLthr,GBDmnd2ozRdcrBlkLthr,$2.04,"Diamond design 60ml, 2 ounce clear glass bottle with reducer and black faux leather cap. For use with cologne, aftershave, splash on, and perfume or fragrance oil, beard oils. A classic, multi-faceted bottle.",Found
GBDmnd2ozRdcrBrwnLthr,,,"Diamonddesign60ml,2 ounce Clear glass bottle  withreducerandbrown faux leather cap.For use with cologne, aftershave, splash on, and perfume or fragrance oil, beard oils.A classic, multi-faceted bottle.Price each",Missing
GBDmnd2ozRdcrLBrwnLthr,,,"Diamonddesign60ml,2 ounce Clear glass bottle  withreducerandlight brown faux leather cap.For use with cologne, aftershave, splash on, and perfume or fragrance oil, beard oils.A classic, multi-faceted bottle.Price each",Missing
GBDmnd2ozRdcrShnSl,,,"Diamonddesign60ml,2 ounce Clear glass bottle  withreducerandshiny silver cap.For use with cologne, aftershave, splash on, and perfume or fragrance oil, beard oils.A classic, multi-faceted bottle.Price each",Missing
GBDmnd2ozRdcrMtSlTall,,,"Diamonddesign60ml,2 ounce Clear glass bottle  withreducerandtall silver matte cap.For use with cologne, aftershave, splash on, and perfume or fragrance oil, beard oils.A classic, multi-faceted bottle.Price each",Missing
GBDmnd2ozRdcrMtSl,,,"Diamonddesign60ml,2 ounce Clear glass bottle  withreducerandsilver matte cap.For use with cologne, aftershave, splash on, and perfume or fragrance oil, beard oils.A classic, multi-faceted bottle.Price each",Missing
GBDmnd2ozRdcrWht,,,"Diamonddesign60ml,2 ounce Clear glass bottle  withreducerandwhite cap.For use with cologne, aftershave, splash on, and perfume or fragrance oil, beard oils.A classic, multi-faceted bottle.Price each",Missing
GBDmnd2ozSpryMtGl,,,"Diamonddesign60ml,2 ounce Clear glass bottle  withmatte gold spray pump0.For use with cologne, Eau de Parfum, air freshner, face and body spray, or room spray.A classic, multi-faceted bottle.Price each",Missing
LBDmnd2ozLtnMtGl,,,"Diamonddesign60ml,2 ounce Clear glass bottle  withmatte gold lotion pump00.For use with lotions, moisturizer, and serums.A classic, multi-faceted bottle.Price each",Missing
GBDmnd2ozSpryShnGl,,,"Diamonddesign60ml,2 ounce Clear glass bottle  withshiny gold spray pump0.For use with cologne, Eau de Parfum, air freshner, face and body spray, or room spray.A classic, multi-faceted bottle.Price each",Missing
LBDmnd2ozLtnShnGl,,,"Diamonddesign60ml,2 ounce Clear glass bottle  withshiny gold lotion pump.For use with lotions, moisturizer, and serums.A classic, multi-faceted bottle.Price each",Missing
GBDmnd2ozSpryShnBlk,,,"Diamonddesign60ml,2 ounce Clear glass bottle  withshiny black spray pump.For use with cologne, Eau de Parfum, air freshner, face and body spray, or room spray.A classic, multi-faceted bottle.Price each",Missing
LBDmnd2ozLtnShnBlk,,,"Diamonddesign60ml,2 ounce Clear glass bottle  withshiny black lotion pump.For use with lotions, moisturizer, and serums.A classic, multi-faceted bottle.Price each",Missing
GBDmnd2ozSpryMtSl,,,"Diamonddesign60ml,2 ounce Clear glass bottle  withmatte silver spray pump.For use with cologne, Eau de Parfum, air freshner, face and body spray, or room spray.A classic, multi-faceted bottle.Price each",Missing
LBDmnd2ozLtnMtSl,,,"Diamonddesign60ml,2 ounce Clear glass bottle  withmatte silver lotion pump.For use with lotions, moisturizer, and serums.A classic, multi-faceted bottle.Price each",Missing
LBDmnd2ozLtnClOvrCap,LBDmnd2ozLtnClOvrCap,$2.76,"Diamond design 60ml, 2 ounce clear glass bottle with with a matte silver collar treatment pump and clear overcap. For use with serums, light creams, moisturizers, facial oils or face oils, beard oils, body lotions, body wash, and hair products. A classic,",Found
GBDmnd2ozSpryShnSl,,,"Diamonddesign60ml,2 ounce Clear glass bottle  withshiny silver spray pump.For use with cologne, Eau de Parfum, air freshner, face and body spray, or room spray.A classic, multi-faceted bottle.Price each",Missing
LBDmnd2ozLtnShnSl,,,"Diamonddesign60ml,2 ounce Clear glass bottle  withshiny silver lotion pump.For use with lotions, moisturizer, and serums.A classic, multi-faceted bottle.Price each",Missing
GBDmnd2ozAnSpLvn,,,"Diamonddesign60ml,2 ounce Clear glass bottle  withlavender vintage style bulb sprayerwithshiny silver collar cap.For use with cologne, Eau de Parfum, air freshner, face and body spray, or room spray. Antique or vintage bulb sprayers enhance the beauty of your product.A classic, multi-faceted bottle.Price each",Missing
GBDmnd2ozAnSpPnk,,,"Diamonddesign60ml,2 ounce Clear glass bottle  withpink vintage style bulb sprayerwithshiny gold collar cap.For use with cologne, Eau de Parfum, air freshner, face and body spray, or room spray. Antique or vintage bulb sprayers enhance the beauty of your product.A classic, multi-faceted bottle.Price each",Missing
GBDmnd2ozAnSpMtSl,,,"Diamonddesign60ml,2 ounce Clear glass bottle  withmatte silver vintage style sprayerwithmatte silver collar cap.For use with cologne, Eau de Parfum, air freshner, face and body spray, or room spray. Antique or vintage bulb sprayers enhance the beauty of your product.A classic, multi-faceted bottle.Price each",Missing
GBDmnd2ozAnSpIvySl,,,"Diamonddesign60ml,2 ounce Clear glass bottle  withivory vintage style bulb sprayerwithshiny silver collar cap.For use with cologne, Eau de Parfum, air freshner, face and body spray, or room spray. Antique or vintage bulb sprayers enhance the beauty of your product.A classic, multi-faceted bottle.Price each",Missing
GBDmnd2ozAnSpGl,,,"Diamonddesign60ml,2 ounce Clear glass bottle  withgold vintage style sprayerwithshiny gold collar cap.For use with cologne, Eau de Parfum, air freshner, face and body spray, or room spray. Antique or vintage bulb sprayers enhance the beauty of your product.A classic, multi-faceted bottle.Price each",Missing
GBDmnd2ozAnSpIvyGl,,,"Diamonddesign60ml,2 ounce Clear glass bottle  withivory vintage style bulb sprayerwithshiny gold collar cap.For use with cologne, Eau de Parfum, air freshner, face and body spray, or room spray. Antique or vintage bulb sprayers enhance the beauty of your product.A classic, multi-faceted bottle.Price each",Missing
GBDmnd2ozAnSpBlk,GBDmnd2ozAnSpBlk,$5.46,"Diamond design 60ml, 2 ounce clear glass bottle with black vintage style bulb sprayer with shiny silver collar cap. For use with cologne, Eau de Parfum, air freshner, face and body spray, or room spray. Antique or vintage bulb sprayers enhance the beau",Found
GBDmnd2ozAnSpWht,,,"Diamonddesign60ml,2 ounce Clear glass bottle  withwhite vintage style bulb sprayerwithshiny silver collar cap.For use with cologne, Eau de Parfum, air freshner, face and body spray, or room spray. Antique or vintage bulb sprayers enhance the beauty of your product.A classic, multi-faceted bottle.Price each",Missing
GBDmnd2ozAnSpRed,,,"Diamonddesign60ml,2 ounce Clear glass bottle  withred vintage style bulb sprayerwithshiny silver collar cap.For use with cologne, Eau de Parfum, air freshner, face and body spray, or room spray. Antique or vintage bulb sprayers enhance the beauty of your product.A classic, multi-faceted bottle.Price each",Missing
GBDmnd2ozAnSpTslLvn,,,"Diamonddesign60ml,2 ounce Clear glass bottle  withLavender vintage style bulb sprayer with Tasselwithshiny silver collar cap.For use with cologne, Eau de Parfum, air freshner, face and body spray, or room spray. Antique or vintage bulb sprayers enhance the beauty of your product.A classic, multi-faceted bottle.Price each",Missing
GBDmnd2ozAnSpTslIvyGl,,,"Diamonddesign60ml,2 ounce Clear glass bottle  withIvory vintage style bulb sprayer with tasselwithshiny gold collar cap.For use with cologne, Eau de Parfum, air freshner, face and body spray, or room spray. Antique or vintage bulb sprayers enhance the beauty of your product.A classic, multi-faceted bottle.Price each",Missing
GBDmnd2ozAnSpTslIvySl,,,"Diamonddesign60ml,2 ounce Clear glass bottle  withIvory vintage style bulb sprayer with tasselwithshiny silver collar cap.For use with cologne, Eau de Parfum, air freshner, face and body spray, or room spray. Antique or vintage bulb sprayers enhance the beauty of your product.A classic, multi-faceted bottle.Price each",Missing
GBDmnd2ozAnSpTslWht,,,"Diamonddesign60ml,2 ounce Clear glass bottle  withWhite vintage style bulb sprayer with tasselwithshiny silver collar cap.For use with cologne, Eau de Parfum, air freshner, face and body spray, or room spray. Antique or vintage bulb sprayers enhance the beauty of your product.A classic, multi-faceted bottle.Price each",Missing
GBDmnd2ozAnSpTslPnk,,,"Diamonddesign60ml,2 ounce Clear glass bottle  withPink vintage style bulb sprayer with tasselwithshiny gold collar cap.For use with cologne, Eau de Parfum, air freshner, face and body spray, or room spray. Antique or vintage bulb sprayers enhance the beauty of your product.A classic, multi-faceted bottle.Price each",Missing
GBDmnd2ozAnSpTslRed,,,"Diamonddesign60ml,2 ounce Clear glass bottle  withRed vintage style bulb sprayer with tasselwithshiny silver collar cap.For use with cologne, Eau de Parfum, air freshner, face and body spray, or room spray. Antique or vintage bulb sprayers enhance the beauty of your product.A classic, multi-faceted bottle.Price each",Missing
GBDmnd2ozAnSpTslBlk,GBDmnd2ozAnSpTslBlk,$6.18,"Diamond design 60ml, 2 ounce clear glass bottle with Black vintage style bulb sprayer with tassel with shiny silver collar cap. For use with cologne, Eau de Parfum, air freshner, face and body spray, or room spray. Antique or vintage bulb sprayers enha",Found
GBDmnd2ozAnSpTslMtSl,,,"Diamonddesign60ml,2 ounce Clear glass bottle  withSilver vintage style bulb sprayer with tasselwithmatte silver collar cap.For use with cologne, Eau de Parfum, air freshner, face and body spray, or room spray. Antique or vintage bulb sprayers enhance the beauty of your product.A classic, multi-faceted bottle.Price each",Missing
GBDmnd2ozAnSpTslGl,,,"Diamonddesign60ml,2 ounce Clear glass bottle  withGold vintage style bulb sprayer with tasselwithshiny gold collar cap.For use with cologne, Eau de Parfum, air freshner, face and body spray, or room spray. Antique or vintage bulb sprayers enhance the beauty of your product.A classic, multi-faceted bottle.Price each",Missing
GBDmnd2ozRdcrPnkLthr,,,"Diamonddesign60ml,2 ounce Clear glass bottle  withreducerandpink faux leather cap.For use with cologne, aftershave, splash on, and perfume or fragrance oil, beard oils.A classic, multi-faceted bottle.Price each",Missing
GBDmnd2ozRdcrIvyLthr,,,"Diamonddesign60ml,2 ounce Clear glass bottle  withreducerandivory faux leather cap.For use with cologne, aftershave, splash on, and perfume or fragrance oil, beard oils.A classic, multi-faceted bottle.Price each",Missing
GBDmnd2ozSpryCu,GBDmnd2ozSpryCu,$2.76,"Diamond design 60ml, 2 ounce clear glass bottle with matte copper spray pump. For use with cologne, Eau de Parfum, air freshner, face and body spray, or room spray. A classic, multi-faceted bottle.",Found
LBDmnd2ozLtnCu,,,"Diamonddesign60ml,2 ounce Clear glass bottle  withmatte copper lotion pump0.For use with lotions, moisturizer, and serums.A classic, multi-faceted bottle.Price each",Missing
GBGrce55RdcrShnGl,,,"Gracedesign55 ml,  1.85oz Clear glass bottle  withreducerandshiny gold cap.For use with cologne, aftershave, splash on, and perfume or fragrance oil, beard oils.A unique design to enhance your product.Price each",Missing
GBGrce55RdcrShnBlkTall,,,"Gracedesign55 ml,  1.85oz Clear glass bottle  withreducerandtall black shiny cap.For use with cologne, aftershave, splash on, and perfume or fragrance oil, beard oils.A unique design to enhance your product.Price each",Missing
GBGrce55RdcrShnBlk,,,"Gracedesign55 ml,  1.85oz Clear glass bottle  withreducerandblack shiny cap.For use with cologne, aftershave, splash on, and perfume or fragrance oil, beard oils.A unique design to enhance your product.Price each",Missing
GBGrce55RdcrBlkLthr,GBGrce55RdcrBlkLthr,$1.85,"Grace design 55 ml, 1.85oz clear glass bottle with reducer and black faux leather cap. For use with cologne, aftershave, splash on, and perfume or fragrance oil, beard oils. A unique design to enhance your product.",Found
GBGrce55RdcrBrwnLthr,,,"Gracedesign55 ml,  1.85oz Clear glass bottle  withreducerandbrown faux leather cap.For use with cologne, aftershave, splash on, and perfume or fragrance oil, beard oils.A unique design to enhance your product.Price each",Missing
GBGrce55RdcrLBrwnLthr,,,"Gracedesign55 ml,  1.85oz Clear glass bottle  withreducerandlight brown faux leather cap.For use with cologne, aftershave, splash on, and perfume or fragrance oil, beard oils.A unique design to enhance your product.Price each",Missing
GBGrce55RdcrShnSl,,,"Gracedesign55 ml,  1.85oz Clear glass bottle  withreducerandshiny silver cap.For use with cologne, aftershave, splash on, and perfume or fragrance oil, beard oils.A unique design to enhance your product.Price each",Missing
GBGrce55RdcrMtSlTall,,,"Gracedesign55 ml,  1.85oz Clear glass bottle  withreducerandtall silver matte cap.For use with cologne, aftershave, splash on, and perfume or fragrance oil, beard oils.A unique design to enhance your product.Price each",Missing
GBGrce55RdcrMtSl,,,"Gracedesign55 ml,  1.85oz Clear glass bottle  withreducerandsilver matte cap.For use with cologne, aftershave, splash on, and perfume or fragrance oil, beard oils.A unique design to enhance your product.Price each",Missing
GBGrce55RdcrWht,,,"Gracedesign55 ml,  1.85oz Clear glass bottle  withreducerandwhite cap.For use with cologne, aftershave, splash on, and perfume or fragrance oil, beard oils.A unique design to enhance your product.Price each",Missing
GBGrce55SpryMtGl,,,"Gracedesign55 ml,  1.85oz Clear glass bottle  withmatte gold spray pump0.For use with cologne, Eau de Parfum, air freshner, face and body spray, or room spray.A unique design to enhance your product.Price each",Missing
LBGrce55LtnMtGl,,,"Gracedesign55 ml,  1.85oz Clear glass bottle  withmatte gold lotion pump00.For use with lotions, moisturizer, and serums.A unique design to enhance your product.Price each",Missing
GBGrce55SpryShnGl,,,"Gracedesign55 ml,  1.85oz Clear glass bottle  withshiny gold spray pump0.For use with cologne, Eau de Parfum, air freshner, face and body spray, or room spray.A unique design to enhance your product.Price each",Missing
LBGrce55LtnShnGl,,,"Gracedesign55 ml,  1.85oz Clear glass bottle  withshiny gold lotion pump0.For use with lotions, moisturizer, and serums.A unique design to enhance your product.Price each",Missing
GBGrce55SpryShnBlk,,,"Gracedesign55 ml,  1.85oz Clear glass bottle  withshiny black spray pump0.For use with cologne, Eau de Parfum, air freshner, face and body spray, or room spray.A unique design to enhance your product.Price each",Missing
LBGrce55LtnShnBlk,,,"Gracedesign55 ml,  1.85oz Clear glass bottle  withshiny black lotion pump0.For use with lotions, moisturizer, and serums.A unique design to enhance your product.Price each",Missing
GBGrce55SpryMtSl,,,"Gracedesign55 ml,  1.85oz Clear glass bottle  withmatte silver spray pump0.For use with cologne, Eau de Parfum, air freshner, face and body spray, or room spray.A unique design to enhance your product.Price each",Missing
LBGrce55LtnMtSl,,,"Gracedesign55 ml,  1.85oz Clear glass bottle  withmatte silver lotion pump0.For use with lotions, moisturizer, and serums.A unique design to enhance your product.Price each",Missing
LBGrce55LtnClOvrCap,LBGrce55LtnClOvrCap,$2.57,"Grace design 55 ml, 1.85oz clear glass bottle with with a matte silver collar treatment pump and clear overcap. For use with serums, light creams, moisturizers, facial oils or face oils, beard oils, body lotions, body wash, and hair products. A unique des",Found
GBGrce55SpryShnSl,,,"Gracedesign55 ml,  1.85oz Clear glass bottle  withshiny silver spray pump0.For use with cologne, Eau de Parfum, air freshner, face and body spray, or room spray.A unique design to enhance your product.Price each",Missing
LBGrce55LtnShnSl,,,"Gracedesign55 ml,  1.85oz Clear glass bottle  withshiny silver lotion pump0.For use with lotions, moisturizer, and serums.A unique design to enhance your product.Price each",Missing
GBGrce55AnSpLvn,,,"Gracedesign55 ml,  1.85oz Clear glass bottle  withlavender vintage style bulb sprayerwithshiny silver collar cap.For use with cologne, Eau de Parfum, air freshner, face and body spray, or room spray. Antique or vintage bulb sprayers enhance the beauty of your product.A unique design to enhance your product.Price each",Missing
GBGrce55AnSpPnk,,,"Gracedesign55 ml,  1.85oz Clear glass bottle  withpink vintage style bulb sprayerwithshiny gold collar cap.For use with cologne, Eau de Parfum, air freshner, face and body spray, or room spray. Antique or vintage bulb sprayers enhance the beauty of your product.A unique design to enhance your product.Price each",Missing
GBGrce55AnSpMtSl,,,"Gracedesign55 ml,  1.85oz Clear glass bottle  withmatte silver vintage style sprayerwithmatte silver collar cap.For use with cologne, Eau de Parfum, air freshner, face and body spray, or room spray. Antique or vintage bulb sprayers enhance the beauty of your product.A unique design to enhance your product.Price each",Missing
GBGrce55AnSpIvySl,,,"Gracedesign55 ml,  1.85oz Clear glass bottle  withivory vintage style bulb sprayerwithshiny silver collar cap.For use with cologne, Eau de Parfum, air freshner, face and body spray, or room spray. Antique or vintage bulb sprayers enhance the beauty of your product.A unique design to enhance your product.Price each",Missing
GBGrce55AnSpGl,,,"Gracedesign55 ml,  1.85oz Clear glass bottle  withgold vintage style sprayerwithshiny gold collar cap.For use with cologne, Eau de Parfum, air freshner, face and body spray, or room spray. Antique or vintage bulb sprayers enhance the beauty of your product.A unique design to enhance your product.Price each",Missing
GBGrce55AnSpIvyGl,,,"Gracedesign55 ml,  1.85oz Clear glass bottle  withivory vintage style bulb sprayerwithshiny gold collar cap.For use with cologne, Eau de Parfum, air freshner, face and body spray, or room spray. Antique or vintage bulb sprayers enhance the beauty of your product.A unique design to enhance your product.Price each",Missing
GBGrce55AnSpBlk,GBGrce55AnSpBlk,$5.27,"Grace design 55 ml, 1.85oz clear glass bottle with black vintage style bulb sprayer with shiny silver collar cap. For use with cologne, Eau de Parfum, air freshner, face and body spray, or room spray. Antique or vintage bulb sprayers enhance the beauty",Found
GBGrce55AnSpWht,,,"Gracedesign55 ml,  1.85oz Clear glass bottle  withwhite vintage style bulb sprayerwithshiny silver collar cap.For use with cologne, Eau de Parfum, air freshner, face and body spray, or room spray. Antique or vintage bulb sprayers enhance the beauty of your product.A unique design to enhance your product.Price each",Missing
GBGrce55AnSpRed,,,"Gracedesign55 ml,  1.85oz Clear glass bottle  withred vintage style bulb sprayerwithshiny silver collar cap.For use with cologne, Eau de Parfum, air freshner, face and body spray, or room spray. Antique or vintage bulb sprayers enhance the beauty of your product.A unique design to enhance your product.Price each",Missing
GBGrce55AnSpTslLvn,,,"Gracedesign55 ml,  1.85oz Clear glass bottle  withLavender vintage style bulb sprayer with Tasselwithshiny silver collar cap.For use with cologne, Eau de Parfum, air freshner, face and body spray, or room spray. Antique or vintage bulb sprayers enhance the beauty of your product.A unique design to enhance your product.Price each",Missing
GBGrce55AnSpTslIvyGl,,,"Gracedesign55 ml,  1.85oz Clear glass bottle  withIvory vintage style bulb sprayer with tasselwithshiny gold collar cap.For use with cologne, Eau de Parfum, air freshner, face and body spray, or room spray. Antique or vintage bulb sprayers enhance the beauty of your product.A unique design to enhance your product.Price each",Missing
GBGrce55AnSpTslIvySl,,,"Gracedesign55 ml,  1.85oz Clear glass bottle  withIvory vintage style bulb sprayer with tasselwithshiny silver collar cap.For use with cologne, Eau de Parfum, air freshner, face and body spray, or room spray. Antique or vintage bulb sprayers enhance the beauty of your product.A unique design to enhance your product.Price each",Missing
GBGrce55AnSpTslWht,,,"Gracedesign55 ml,  1.85oz Clear glass bottle  withWhite vintage style bulb sprayer with tasselwithshiny silver collar cap.For use with cologne, Eau de Parfum, air freshner, face and body spray, or room spray. Antique or vintage bulb sprayers enhance the beauty of your product.A unique design to enhance your product.Price each",Missing
GBGrce55AnSpTslPnk,,,"Gracedesign55 ml,  1.85oz Clear glass bottle  withPink vintage style bulb sprayer with tasselwithshiny gold collar cap.For use with cologne, Eau de Parfum, air freshner, face and body spray, or room spray. Antique or vintage bulb sprayers enhance the beauty of your product.A unique design to enhance your product.Price each",Missing
GBGrce55AnSpTslRed,,,"Gracedesign55 ml,  1.85oz Clear glass bottle  withRed vintage style bulb sprayer with tasselwithshiny silver collar cap.For use with cologne, Eau de Parfum, air freshner, face and body spray, or room spray. Antique or vintage bulb sprayers enhance the beauty of your product.A unique design to enhance your product.Price each",Missing
GBGrce55AnSpTslBlk,GBGrce55AnSpTslBlk,$5.99,"Grace design 55 ml, 1.85oz clear glass bottle with Black vintage style bulb sprayer with tassel with shiny silver collar cap. For use with cologne, Eau de Parfum, air freshner, face and body spray, or room spray. Antique or vintage bulb sprayers enhanc",Found
GBGrce55AnSpTslMtSl,,,"Gracedesign55 ml,  1.85oz Clear glass bottle  withSilver vintage style bulb sprayer with tasselwithmatte silver collar cap.For use with cologne, Eau de Parfum, air freshner, face and body spray, or room spray. Antique or vintage bulb sprayers enhance the beauty of your product.A unique design to enhance your product.Price each",Missing
GBGrce55AnSpTslGl,,,"Gracedesign55 ml,  1.85oz Clear glass bottle  withGold vintage style bulb sprayer with tasselwithshiny gold collar cap.For use with cologne, Eau de Parfum, air freshner, face and body spray, or room spray. Antique or vintage bulb sprayers enhance the beauty of your product.A unique design to enhance your product.Price each",Missing
GBGrce55RdcrPnkLthr,,,"Gracedesign55 ml,  1.85oz Clear glass bottle  withreducerandpink faux leather cap.For use with cologne, aftershave, splash on, and perfume or fragrance oil, beard oils.A unique design to enhance your product.Price each",Missing
GBGrce55RdcrIvyLthr,,,"Gracedesign55 ml,  1.85oz Clear glass bottle  withreducerandivory faux leather cap.For use with cologne, aftershave, splash on, and perfume or fragrance oil, beard oils.A unique design to enhance your product.Price each",Missing
GBGrce55SpryCu,GBGrce55SpryCu,$2.57,"Grace design 55 ml, 1.85oz clear glass bottle with matte copper spray pump. For use with cologne, Eau de Parfum, air freshner, face and body spray, or room spray. A unique design to enhance your product.",Found
LBGrce55LtnCu,,,"Gracedesign55 ml,  1.85oz Clear glass bottle  withmatte copper lotion pump0.For use with lotions, moisturizer, and serums.A unique design to enhance your product.Price each",Missing
GBCylBlu9MtlRollMattSl,,,,Missing
GBCylBlu9MtlRollBlkDot,GBCylBlu9MtlRollBlkDot,$0.81,"Cylinder design 9ml,1/3 oz Cobalt blue glass bottle with metal roller ball plug and black dot cap. For use with perfume or fragrance oil, essential oils, aromatic oils and aromatherapy. Refillable, Small sized bottle for promotion samples and travel. Pric",Found
GBCylBlu9MtlRollSlDot,,,,Missing
GBCylBlu9MtlRollPnkDot,,,,Missing
GBCylBlu9MtlRollMattGl,,,,Missing
GBCylBlu9MtlRollShnGl,,,,Missing
GBCylBlu9MtlRollShnSl,,,,Missing
GBCylBlu9MtlRollMattCu,,,,Missing
GBCylBlu9MtlRollShBlk,,,,Missing
GBCylBlu9MtlRollWht,,,,Missing
GBCylBlu9RollMattSl,,,,Missing
GBCylBlu9RollBlkDot,GBCylBlu9RollBlkDot,$0.72,"Cylinder design 9ml,1/3 oz Cobalt blue glass bottle with plastic roller ball plug and black dot cap. For use with perfume or fragrance oil, essential oils, aromatic oils and aromatherapy. Refillable, Small sized bottle for promotion samples and travel. Pr",Found
GBCylBlu9RollSlDot,,,,Missing
GBCylBlu9RollPnkDot,,,,Missing
GBCylBlu9RollMattGl,,,,Missing
GBCylBlu9RollShnGl,,,,Missing
GBCylBlu9RollShnSl,,,,Missing
GBCylBlu9RollMattCu,,,,Missing
GBCylBlu9RollShBlk,,,,Missing
GBCylBlu9RollWht,,,,Missing
GBCylBlu9SpryGl,,,,Missing
GBCylBlu9SpryMattSl,,,,Missing
GBCylBlu9SpryBlk,GBCylBlu9SpryBlk,$0.88,"cylinder design 9ml, blue glass bottle with sprayer and shiny black trim. Fine mist sprayer for use with perfumes and colognes. Refillable, classic style bottle good for promotions and decants.",Found
GBCylBlu9SpryShSl,,,,Missing
GBCylBlu9SpryRd,,,,Missing
GBCylBlu9SpryTur,,,,Missing
LBCylBlu9LtnMattSl,,,,Missing
LBCylBlu9LtnGl,,,,Missing
LBCylBlu9LtnBlk,LBCylBlu9LtnBlk,$0.88,"Cylinder design 9ml,1/3 oz Cobalt blue glass bottle with treatment pump with black trim and plastic overcap. For use with serums, light creams, moisturizers, facial oils or face oils, beard oils, body lotions, body wash, and hair products. Refillable, Sma",Found
GBCylAmb9MtlRollMattSl,,,,Missing
GBCylAmb9MtlRollBlkDot,GBCylAmb9MtlRollBlkDot,$0.78,"Cylinder design 9ml,1/3 oz amber glass bottle with metal roller ball plug and black dot cap. For use with perfume or fragrance oil, essential oils, aromatic oils and aromatherapy.",Found
GBCylAmb9MtlRollSlDot,,,,Missing
GBCylAmb9MtlRollPnkDot,,,,Missing
GBCylAmb9MtlRollMattGl,,,,Missing
GBCylAmb9MtlRollShnGl,,,,Missing
GBCylAmb9MtlRollShnSl,,,,Missing
GBCylAmb9MtlRollMattCu,,,,Missing
GBCylAmb9MtlRollShBlk,,,,Missing
GBCylAmb9MtlRollWht,,,,Missing
GBCylAmb9RollMattSl,,,,Missing
GBCylAmb9RollBlkDot,GBCylAmb9RollBlkDot,$0.69,"Cylinder design 9ml,1/3 oz amber glass bottle with plastic roller ball plug and black dot cap. For use with perfume or fragrance oil, essential oils, aromatic oils and aromatherapy.",Found
GBCylAmb9RollSlDot,,,,Missing
GBCylAmb9RollPnkDot,,,,Missing
GBCylAmb9RollMattGl,,,,Missing
GBCylAmb9RollShnGl,,,,Missing
GBCylAmb9RollShnSl,,,,Missing
GBCylAmb9RollMattCu,,,,Missing
GBCylAmb9RollShBlk,,,,Missing
GBCylAmb9RollWht,,,,Missing
GBCylAmb9SpryGl,,,,Missing
GBCylAmb9SpryMattSl,,,,Missing
GBCylAmb9SpryBlk,GBCylAmb9SpryBlk,$0.86,"Cylinder design 9ml,1/3 oz amber glass bottle with fine mist sprayer with black trim and plastic overcap. For use with perfume or fragrance oil, essential oils, aromatic oils and aromatherapy.",Found
GBCylAmb9SpryShSl,,,,Missing
GBCylAmb9SpryRd,,,,Missing
GBCylAmb9SpryTur,,,,Missing
LBCylAmb9LtnMtSl,,,,Missing
LBCylAmb9LtnGl,,,,Missing
LBCylAmb9LtnBlk,LBCylAmb9LtnBlk,$0.84,"Cylinder design 9ml,1/3 oz amber glass bottle with treatment pump with black trim and plastic overcap. For use with serums, light creams, moisturizers, facial oils or face oils, beard oils, body lotions, body wash, and hair products.",Found
GBCylFrst9MtlRollMattSl,,,,Missing
GBCylFrst9MtlRollBlkDot,GBCylFrst9MtlRollBlkDot,$0.86,"Cylinder design 9ml,1/3 oz frosted glass bottle with metal roller ball plug and black dot cap. For use with perfume or fragrance oil, essential oils, aromatic oils and aromatherapy.",Found
GBCylFrst9MtlRollSlDot,,,,Missing
GBCylFrst9MtlRollPnkDot,,,,Missing
GBCylFrst9MtlRollMattGl,,,,Missing
GBCylFrst9MtlRollShnGl,,,,Missing
GBCylFrst9MtlRollShnSl,,,,Missing
GBCylFrst9MtlRollMattCu,,,,Missing
GBCylFrst9MtlRollShBlk,,,,Missing
GBCylFrst9MtlRollWht,,,,Missing
GBCylFrst9RollMattSl,,,,Missing
GBCylFrst9RollBlkDot,GBCylFrst9RollBlkDot,$0.77,"Cylinder design 9ml,1/3 oz frosted glass bottle with plastic roller ball plug and black dot cap. For use with perfume or fragrance oil, essential oils, aromatic oils and aromatherapy.",Found
GBCylFrst9RollSlDot,,,,Missing
GBCylFrst9RollPnkDot,,,,Missing
GBCylFrst9RollMattGl,,,,Missing
GBCylFrst9RollShnGl,,,,Missing
GBCylFrst9RollShnSl,,,,Missing
GBCylFrst9RollMattCu,,,,Missing
GBCylFrst9RollShBlk,,,,Missing
GBCylFrst9RollWht,,,,Missing
GBCylFrst9SpryGl,,,,Missing
GBCylFrst9SpryMattSl,,,,Missing
GBCylFrst9SpryBlk,GBCylFrst9SpryBlk,$0.93,"Cylinder design 9ml,1/3 oz frosted glass bottle with fine mist sprayer with black trim and plastic overcap. For use with perfume or fragrance oil, essential oils, aromatic oils and aromatherapy.",Found
GBCylFrst9SpryShSl,,,,Missing
GBCylFrst9SpryRd,,,,Missing
GBCylFrst9SpryTur,,,,Missing
LBCylFrst9LtnMtSl,,,,Missing
LBCylFrst9LtnGl,,,,Missing
LBCylFrst9LtnBlk,LBCylFrst9LtnBlk,$0.93,"Cylinder design 9ml,1/3 oz frosted glass bottle with treatment pump with black trim and plastic overcap. For use with serums, light creams, moisturizers, facial oils or face oils, beard oils, body lotions, body wash, and hair products.",Found
GBCylSwrl9MtlRollMattSl,,,,Missing
GBCylSwrl9MtlRollBlkDot,GBCylSwrl9MtlRollBlkDot,$0.87,"Cylinder swirl design 9ml,1/3 oz glass bottle with metal roller ball plug and black dot cap. For use with perfume or fragrance oil, essential oils, aromatic oils and aromatherapy.",Found
GBCylSwrl9MtlRollSlDot,,,,Missing
GBCylSwrl9MtlRollPnkDot,,,,Missing
GBCylSwrl9MtlRollMattGl,,,,Missing
GBCylSwrl9MtlRollShnGl,,,,Missing
GBCylSwrl9MtlRollShnSl,,,,Missing
GBCylSwrl9MtlRollMattCu,,,,Missing
GBCylSwrl9MtlRollShBlk,,,,Missing
GBCylSwrl9MtlRollWht,,,,Missing
GBCylSwrl9RollMattSl,,,,Missing
GBCylSwrl9RollBlkDot,GBCylSwrl9RollBlkDot,$0.79,"Cylinder swirl design 9ml,1/3 oz glass bottle with plastic roller ball plug and black dot cap. For use with perfume or fragrance oil, essential oils, aromatic oils and aromatherapy.",Found
GBCylSwrl9RollSlDot,,,,Missing
GBCylSwrl9RollPnkDot,,,,Missing
GBCylSwrl9RollMattGl,,,,Missing
GBCylSwrl9RollShnGl,,,,Missing
GBCylSwrl9RollShnSl,,,,Missing
GBCylSwrl9RollMattCu,,,,Missing
GBCylSwrl9RollShBlk,,,,Missing
GBCylSwrl9RollWht,,,,Missing
GBCylSwrl9SpryGl,,,,Missing
GBCylSwrl9SpryMattSl,,,,Missing
GBCylSwrl9SpryBlk,GBCylSwrl9SpryBlk,$0.95,"Cylinder swirl design 9ml,1/3 oz glass bottle with fine mist sprayer with black trim and plastic overcap. For use with perfume or fragrance oil, essential oils, aromatic oils and aromatherapy.",Found
GBCylSwrl9SpryShSl,,,,Missing
GBCylSwrl9SpryRd,,,,Missing
GBCylSwrl9SpryTur,,,,Missing
LBCylSwrl9LtnMtSl,,,,Missing
LBCylSwrl9LtnGl,,,,Missing
LBCylSwrl9LtnBlk,LBCylSwrl9LtnBlk,$0.95,"Cylinder swirl design 9ml,1/3 oz glass bottle with treatment pump with black trim and plastic overcap. For use with serums, light creams, moisturizers, facial oils or face oils, beard oils, body lotions, body wash, and hair products.",Found
GBCyl9MtlRollMattSl,,,,Missing
GBCyl09MtlRollBlkDot,,,,Missing
GBCyl09MtlRollSlDot,,,,Missing
GBCyl09MtlRollPnkDot,,,,Missing
GBCyl09MtlRollMattGl,,,,Missing
GBCyl09MtlRollShnGl,,,,Missing
GBCyl09MtlRollShnSl,,,,Missing
GBCyl09MtlRollMattCu,,,,Missing
GBCyl09MtlRollShBlk,,,,Missing
GBCyl09MtlRollWht,,,,Missing
GBCyl09RollMattSl,,,,Missing
GBCyl09RollBlkDot,,,,Missing
GBCyl09RollSlDot,,,,Missing
GBCyl09RollPnkDot,,,,Missing
GBCyl09RollMattGl,,,,Missing
GBCyl09RollShnGl,,,,Missing
GBCyl09RollShnSl,,,,Missing
GBCyl09RollMattCu,,,,Missing
GBCyl09RollShBlk,,,,Missing
GBCyl09RollWht,,,,Missing
GBCyl09SpryGl,,,,Missing
GBCyl09SpryMattSl,,,,Missing
GBCyl09SpryBlk,,,,Missing
GBCyl09SpryShSl,,,,Missing
GBCyl09SpryRd,,,,Missing
GBCyl09SpryTur,,,,Missing
LBCyl09LtnMtSl,,,,Missing
LBCyl09LtnGl,,,,Missing
LBCyl09LtnBlk,,,,Missing
GBCylBlk9MtlRollMattSl,,,,Missing
GBCylBlk9MtlRollBlkDot,,,,Missing
GBCylBlk9MtlRollSlDot,,,,Missing
GBCylBlk9MtlRollPnkDot,,,,Missing
GBCylBlk9MtlRollMattGl,,,,Missing
GBCylBlk9MtlRollShnGl,,,,Missing
GBCylBlk9MtlRollShnSl,,,,Missing
GBCylBlk9MtlRollMattCu,,,,Missing
GBCylBlk9MtlRollShBlk,,,,Missing
GBCylBlk9MtlRollWht,,,,Missing
GBCylBlk9RollMattSl,,,,Missing
GBCylBlk9RollBlkDot,,,,Missing
GBCylBlk9RollSlDot,,,,Missing
GBCylBlk9RollPnkDot,,,,Missing
GBCylBlk9RollMattGl,,,,Missing
GBCylBlk9RollShnGl,,,,Missing
GBCylBlk9RollShnSl,,,,Missing
GBCylBlk9RollMattCu,,,,Missing
GBCylBlk9RollShBlk,,,,Missing
GBCylBlk9RollWht,,,,Missing
GBCylBlk9SpryGl,,,,Missing
GBCylBlk9SpryMattSl,,,,Missing
GBCylBlk9SpryBlk,,,,Missing
GBCylBlk9SpryShSl,,,,Missing
GBCylBlk9SpryRd,,,,Missing
GBCylBlk9SpryTur,,,,Missing
LBCylBlk9LtnMtSl,,,,Missing
LBCylBlk9LtnGl,,,,Missing
LBCylBlk9LtnBlk,,,,Missing
GBCrcl30SpryBlk,GBCrcl30SpryBlk,$2.14,"Circle design 30 ml, clear glass bottle with sprayer and black cap. For use with cologne, perfume, air freshner, face and body spray, or room spray. Classic, Circle design is a family of bottles availabel in many sizes.",Found
GBCrcl30SpryShnGl,,,,Missing
GBCrcl30SpryShSl,,,,Missing
GBCrcl30SpryMattSl,,,,Missing
GBCrcl30SpryMattGl,,,,Missing
GBCrcl30SlCap,,,,Missing
GBCrcl30GlCap,GBCrcl30GlCap,$1.33,"Circle design 30 ml, clear glass bottle with shiny gold and cap. For use with cologne, perfume or fragrance oil, after shave and beard oils.",Found
GBCrclFrst30SpryBlk,,,,Missing
GBCrclFrst30SpryShnGl,,,,Missing
GBCrclFrst30SpryShSl,,,,Missing
GBCrclFrst30SpryMattSl,,,,Missing
GBCrclFrst30SpryMattGl,,,,Missing
GBCrclFrst30SlCap,,,,Missing
GBCrclFrst30GlCap,,,,Missing
GBElg30SpryBlk,GBElg30SpryBlk,$2.14,"Elegant design 30 ml, clear glass bottle with sprayer and black cap. For use with cologne, perfume, air freshner, face and body spray, or room spray. Classic, Elegant design is a family of bottles availabel in many sizes.",Found
GBElg030SpryShnGl,,,,Missing
GBElg030SpryShSl,,,,Missing
GBElg030SpryMattSl,,,,Missing
GBElg30SpryMattGl,,,,Missing
GBElg030SlCap,,,,Missing
GBElg030GlCap,,,,Missing
GBElgFrst30SpryBlk,GBElgFrst30SpryBlk,$2.61,"Elegant design 30 ml, Frosted glass bottle with sprayer and black cap. For use with cologne, perfume, air freshner, face and body spray, or room spray. Classic, Elegant design is a family of bottles availabel in many sizes.",Found
GBElgFrst30SpryShnGl,,,,Missing
GBElgFrst30SpryShSl,,,,Missing
GBElgFrst30SpryMattSl,,,,Missing
GBElgFrst30SpryMattGl,,,,Missing
GBElgFrst30SlCap,,,,Missing
GBElgFrst30GlCap,GBElgFrst30GlCap,$1.81,"Elegant design 30 ml, Frosted glass bottle with shiny gold and cap. For use with cologne, perfume or fragrance oil, aftershave and beard oils.",Found
GBCylAmb5BlkSht,,,,Missing
GBCylAmb5WhtSht,,,,Missing
GBCylAmb5SpryBlkMatt,,,,Missing
GBCylAmb5SpryBlkSh,,,,Missing
GBCylAmb5SpryBluMatt,,,,Missing
GBCylAmb5SpryGlSh,,,,Missing
GBCylAmb5SpryGlMatt,,,,Missing
GBCylAmb5SprySlMatt,,,,Missing
GBCylAmb5SprySlSh,,,,Missing
GBCylAmb5MtlRollSlDot,,,,Missing
GBCylAmb5RollSlDot,,,,Missing
GBCylAmb5MtlRollPinkDot,,,,Missing
GBCylAmb5RollPinkDot,,,,Missing
GBCylAmb5MtlRollSlMatt,,,,Missing
GBCylAmb5RollSlMatt,,,,Missing
GBCylAmb5MtlRollGlMatt,,,,Missing
GBCylAmb5RollGlMatt,,,,Missing
GBCylAmb5MtlRollGlSh,,,,Missing
GBCylAmb5RollGlSh,,,,Missing
GBCylAmb5MtlRollSlSh,,,,Missing
GBCylAmb5RollSlSh,,,,Missing
GBCylAmb5MtlRollCuMatt,,,,Missing
GBCylAmb5RollCuMatt,,,,Missing
GBCylAmb5MtlRollBlkSh,,,,Missing
GBCylAmb5MtlRollBlkSh,,,,Missing
GBCylAmb5MtlRollBlkDot,,,,Missing
GBCylAmb5RollBlkDot,,,,Missing
GBCylAmb5Gl,,,,Missing
GBCylAmb5Sl,,,,Missing
GBCylAmb5SpryCuMatt,,,,Missing
GBCyl5BlkSht,,,,Missing
GBCyl5WhtSht,,,,Missing
GBCyl5SpryBlkMatt,GBCyl5SpryBlkMatt,$0.72,"Cylinder design 5.5ml, 1/6oz Clear glass bottle with matte black spray. Fine mist sprayer for use with perfumes and colognes. Refillable, Small sized bottle for decants, promotion, samples and travel accessory.",Found
GBCyl5SpryBlkSh,,,,Missing
GBCyl5SpryBluMatt,,,,Missing
GBCyl5SpryGlSh,,,,Missing
GBCyl5SpryGlMatt,,,,Missing
GBCyl5SprySlMatt,,,,Missing
GBCyl5SprySlSh,,,,Missing
GBCyl5MtlRollSlDot,,,,Missing
GBCyl5RollSlDot,,,,Missing
GBCyl5MtlRollPinkDot,,,,Missing
GBCyl5RollPinkDot,,,,Missing
GBCyl5MtlRollSlMatt,,,,Missing
GBCyl5RollSlMatt,,,,Missing
GBCyl5MtlRollGlMatt,,,,Missing
GBCyl5RollGlMatt,,,,Missing
GBCyl5MtlRollGlSh,,,,Missing
GBCyl5RollGlSh,,,,Missing
GBCyl5MtlRollSlSh,,,,Missing
GBCyl5RollSlSh,,,,Missing
GBCyl5MtlRollCuMatt,,,,Missing
GBCyl5RollCuMatt,,,,Missing
GBCyl5MtlRollBlkSh,,,,Missing
GBCyl5RollBlkSh,,,,Missing
GBCyl5MtlRollBlkDot,GBCyl5MtlRollBlkDot,$0.65,"Cylinder design 5.5ml, 1/6oz Clear glass bottle with metal roller ball plug and black shiny cap with dots. For use with perfume or fragrance oil, essential oils, aromatic oils and aromatherapy. Refillable, Small sized bottle for decants, promotion, sample",Found
GBCyl5RollBlkDot,GBCyl5RollBlkDot,$0.57,"Cylinder design 5.5ml, 1/6oz Clear glass bottle with plastic roller ball plug and black shiny cap with dots. For use with perfume or fragrance oil, essential oils, aromatic oils and aromatherapy. Refillable, Small sized bottle for decants, promotion, samp",Found
GBCyl5Gl,,,,Missing
GBCyl5Sl,,,,Missing
GBCyl5SpryCuMatt,,,,Missing
GBCylBlu5BlkSht,,,,Missing
GBCylBlu5WhtSht,,,,Missing
GBCylBlu5SpryBlkMatt,,,,Missing
GBCylBlu5SpryBlkSh,GBCylBlu5SpryBlkSh,$0.83,"Cylinder design 5ml, 1/6oz Blue glass bottle with shiny black spray. Fine mist sprayer for use with perfumes and colognes. Refillable, Small sized bottle for decants, promotion, samples and travel accessory.",Found
GBCylBlu5SpryBluMatt,,,,Missing
GBCylBlu5SpryGlSh,,,,Missing
GBCylBlu5SpryGlMatt,,,,Missing
GBCylBlu5SprySlMatt,,,,Missing
GBCylBlu5SprySlSh,,,,Missing
GBCylBlu5MtlRollSlDot,,,,Missing
GBCylBlu5RollSlDot,,,,Missing
GBCylBlu5MtlRollPinkDot,,,,Missing
GBCylBlu5RollPinkDot,,,,Missing
GBCylBlu5MtlRollSlMatt,,,,Missing
GBCylBlu5RollSlMatt,,,,Missing
GBCylBlu5MtlRollGlMatt,,,,Missing
GBCylBlu5RollGlMatt,,,,Missing
GBCylBlu5MtlRollGlSh,,,,Missing
GBCylBlu5RollGlSh,,,,Missing
GBCylBlu5MtlRollSlSh,,,,Missing
GBCylBlu5RollSlSh,,,,Missing
GBCylBlu5MtlRollCuMatt,,,,Missing
GBCylBlu5RollCuMatt,,,,Missing
GBCylBlu5MtlRollBlkSh,,,,Missing
GBCylBlu5RollBlkSh,,,,Missing
GBCylBlu5MtlRollBlkDot,GBCylBlu5MtlRollBlkDot,$0.68,"Cylinder design 5ml, 1/6oz Blue glass bottle with metal roller ball plug and black shiny cap with dots. For use with perfume or fragrance oil, essential oils, aromatic oils and aromatherapy. Refillable, Small sized bottle for decants, promotion, samples a",Found
GBCylBlu5RollBlkDot,GBCylBlu5RollBlkDot,$0.67,"Cylinder design 5ml, 1/6oz Blue glass bottle with plastic roller ball plug and black shiny cap with dots. For use with perfume or fragrance oil, essential oils, aromatic oils and aromatherapy. Refillable, Small sized bottle for decants, promotion, samples",Found
GBCylBlu5Gl,,,,Missing
GBCylBlu5Sl,,,,Missing
GBCylBlu5SpryCuMatt,,,,Missing
GBTulipAmb5BlkSht,,,,Missing
GBTulipAmb5WhtSht,,,,Missing
GBTulipAmb5SpryBlkMatt,GBTulipAmb5SpryBlkMatt,$0.92,"Tulip design 5ml, 1/6 oz Amber glass bottle with matte black spray. Fine mist sprayer for use with perfumes and colognes. Refillable, Small sized bottle for decants, promotion, samples and travel accessory.",Found
GBTulipAmb5SpryBlkSh,,,,Missing
GBTulipAmb5SpryBluMatt,,,,Missing
GBTulipAmb5SpryGlSh,,,,Missing
GBTulipAmb5SpryGlMatt,,,,Missing
GBTulipAmb5SprySlMatt,,,,Missing
GBTulipAmb5SprySlSh,,,,Missing
GBTulipAmb5MtlRollSlDot,,,,Missing
GBTulipAmb5RollSlDot,,,,Missing
GBTulipAmb5MtlRollPinkDot,,,,Missing
GBTulipAmb5RollPinkDot,,,,Missing
GBTulipAmb5MtlRollSlMatt,,,,Missing
GBTulipAmb5RollSlMatt,,,,Missing
GBTulipAmb5MtlRollGlMatt,,,,Missing
GBTulipAmb5RollGlMatt,,,,Missing
GBTulipAmb5MtlRollGlSh,,,,Missing
GBTulipAmb5RollGlSh,,,,Missing
GBTulipAmb5MtlRollSlSh,,,,Missing
GBTulipAmb5RollSlSh,,,,Missing
GBTulipAmb5MtlRollCuMatt,,,,Missing
GBTulipAmb5RollCuMatt,,,,Missing
GBTulipAmb5MtlRollBlkSh,,,,Missing
GBTulipAmb5RollBlkSh,,,,Missing
GBTulipAmb5MtlRollBlkDot,GBTulipAmb5MtlRollBlkDot,$0.85,"Tulip design 5ml, 1/6 oz Amber glass bottle with metal roller ball plug and black shiny cap with dots. For use with perfume or fragrance oil, essential oils, aromatic oils and aromatherapy. Refillable, Small sized bottle for decants, promotion, samples an",Found
GBTulipAmb5RollBlkDot,GBTulipAmb5RollBlkDot,$0.77,"Tulip design 5ml, 1/6 oz Amber glass bottle with plastic roller ball plug and black shiny cap with dots. For use with perfume or fragrance oil, essential oils, aromatic oils and aromatherapy. Refillable, Small sized bottle for decants, promotion, samples",Found
GBTulipAmb5Gl,,,,Missing
GBTulipAmb5Sl,,,,Missing
GBTulipAmb5SpryCuMatt,,,,Missing
GBSleek5BlkSht,,,,Missing
GBSleek5WhtSht,,,,Missing
GBSleek5SpryBlkMatt,GBSleek5SpryBlkMatt,$0.90,"Sleek design 5ml, 1/6oz Clear glass bottle with matte black spray. Fine mist sprayer for use with perfumes and colognes. Refillable, Small sized bottle for decants, promotion, samples and travel accessory.",Found
GBSleek5SpryBlkSh,,,,Missing
GBSleek5SpryBluMatt,,,,Missing
GBSleek5SpryGlSh,,,,Missing
GBSleek5SpryGlMatt,,,,Missing
GBSleek5SprySlMatt,,,,Missing
GBSleek5SprySlSh,,,,Missing
GBSleek5MtlRollSlDot,,,,Missing
GBSleek5RollSlDot,,,,Missing
GBSleek5MtlRollPinkDot,,,,Missing
GBSleek5RollPinkDot,,,,Missing
GBSleek5MtlRollSlMatt,,,,Missing
GBSleek5RollSlMatt,,,,Missing
GBSleek5MtlRollGlMatt,,,,Missing
GBSleek5RollGlMatt,,,,Missing
GBSleek5MtlRollGlSh,,,,Missing
GBSleek5RollGlSh,,,,Missing
GBSleek5MtlRollSlSh,,,,Missing
GBSleek5RollSlSh,,,,Missing
GBSleek5MtlRollCuMatt,,,,Missing
GBSleek5RollCuMatt,,,,Missing
GBSleek5MtlRollBlkSh,,,,Missing
GBSleek5RollBlkSh,,,,Missing
GBSleek5MtlRollBlkDot,GBSleek5MtlRollBlkDot,$0.83,"Sleek design 5ml, 1/6oz Clear glass bottle with metal roller ball plug and black shiny cap with dots. For use with perfume or fragrance oil, essential oils, aromatic oils and aromatherapy. Refillable, Small sized bottle for decants, promotion, samples and",Found
GBSleek5RollBlkDot,GBSleek5RollBlkDot,$0.75,"Sleek design 5ml, 1/6oz Clear glass bottle with plastic roller ball plug and black shiny cap with dots. For use with perfume or fragrance oil, essential oils, aromatic oils and aromatherapy. Refillable, Small sized bottle for decants, promotion, samples a",Found
GBSleek5Gl,,,,Missing
GBSleek5Sl,,,,Missing
GBSleek5SpryCuMatt,,,,Missing
GBSleek8BlkSht,,,,Missing
GBSleek8WhtSht,,,,Missing
GBSleek8SpryBlkMatt,GBSleek8SpryBlkMatt,$0.92,"Sleek design 8ml, 1/3oz Clear glass bottle with matte black spray. Fine mist sprayer for use with perfumes and colognes. Refillable, Small sized bottle for decants, promotion, samples and travel accessory.",Found
GBSleek8SpryBlkSh,,,,Missing
GBSleek8SpryBluMatt,,,,Missing
GBSleek8SpryGlSh,,,,Missing
GBSleek8SpryGlMatt,,,,Missing
GBSleek8SprySlMatt,,,,Missing
GBSleek8SprySlSh,,,,Missing
GBSleek8MtlRollSlDot,,,,Missing
GBSleek8RollSlDot,,,,Missing
GBSleek8MtlRollPinkDot,,,,Missing
GBSleek8RollPinkDot,,,,Missing
GBSleek8MtlRollSlMatt,,,,Missing
GBSleek8RollSlMatt,,,,Missing
GBSleek8MtlRollGlMatt,,,,Missing
GBSleek8RollGlMatt,,,,Missing
GBSleek8MtlRollGlSh,,,,Missing
GBSleek8RollGlSh,,,,Missing
GBSleek8MtlRollSlSh,,,,Missing
GBSleek8RollSlSh,,,,Missing
GBSleek8MtlRollCuMatt,,,,Missing
GBSleek8RollCuMatt,,,,Missing
GBSleek8MtlRollBlkSh,,,,Missing
GBSleek8RollBlkSh,,,,Missing
GBSleek8MtlRollBlkDot,GBSleek8MtlRollBlkDot,$0.85,"Sleek design 8ml, 1/3oz Clear glass bottle with metal roller ball plug and black shiny cap with dots. For use with perfume or fragrance oil, essential oils, aromatic oils and aromatherapy. Refillable, Small sized bottle for decants, promotion, samples and",Found
GBSleek8RollBlkDot,GBSleek8RollBlkDot,$0.77,"Sleek design 8ml, 1/3oz Clear glass bottle with plastic roller ball plug and black shiny cap with dots. For use with perfume or fragrance oil, essential oils, aromatic oils and aromatherapy. Refillable, Small sized bottle for decants, promotion, samples a",Found
GBSleek8Gl,,,,Missing
GBSleek8Sl,,,,Missing
GBSleek8SpryCuMatt,,,,Missing
GBBell12BlkSht,,,,Missing
GBBell12WhtSht,,,,Missing
GBBell12SpryBlkMatt,,,,Missing
GBBell12SpryBlkSh,,,,Missing
GBBell12SpryBluMatt,,,,Missing
GBBell12SpryGlSh,,,,Missing
GBBell12SpryGlMatt,,,,Missing
GBBell12SprySlMatt,,,,Missing
GBBell12SprySlSh,,,,Missing
GBBell12MtlRollSlDot,,,,Missing
GBBell12RollSlDot,,,,Missing
GBBell12MtlRollPinkDot,,,,Missing
GBBell12RollPinkDot,,,,Missing
GBBell12MtlRollSlMatt,,,,Missing
GBBell12RollSlMatt,,,,Missing
GBBell12MtlRollGlMatt,,,,Missing
GBBell12RollGlMatt,,,,Missing
GBBell12MtlRollGlSh,,,,Missing
GBBell12RollGlSh,,,,Missing
GBBell12MtlRollSlSh,,,,Missing
GBBell12RollSlSh,,,,Missing
GBBell12MtlRollCuMatt,,,,Missing
GBBell12RollCuMatt,,,,Missing
GBBell12MtlRollBlkSh,,,,Missing
GBBell12RollBlkSh,,,,Missing
GBBell12MtlRollBlkDot,,,,Missing
GBBell12RollBlkDot,,,,Missing
GBBell12Gl,,,,Missing
GBBell12Sl,,,,Missing
GBBell12SpryCuMatt,,,,Missing
GBElg15BlkSht,,,,Missing
GBElg15WhtSht,,,,Missing
GBElg15SpryBlkMatt,GBElg15SpryBlkMatt,$1.04,"Elegant design 15ml, 1/2oz Clear glass bottle with matte black spray. Fine mist sprayer for use with perfumes and colognes. Refillable, classic style bottle good for promotions and decants.",Found
GBElg15SpryBlkSh,,,,Missing
GBElg15SpryBluMatt,,,,Missing
GBElg15SpryGlSh,,,,Missing
GBElg15SpryGlMatt,,,,Missing
GBElg15SprySlMatt,,,,Missing
GBElg15SprySlSh,,,,Missing
GBElg15MtlRollSlDot,,,,Missing
GBElg15RollSlDot,,,,Missing
GBElg15MtlRollPinkDot,,,,Missing
GBElg15RollPinkDot,,,,Missing
GBElg15MtlRollSlMatt,,,,Missing
GBElg15RollSlMatt,,,,Missing
GBElg15MtlRollGlMatt,,,,Missing
GBElg15RollGlMatt,,,,Missing
GBElg15MtlRollGlSh,,,,Missing
GBElg15RollGlSh,,,,Missing
GBElg15MtlRollSlSh,,,,Missing
GBElg15RollSlSh,,,,Missing
GBElg15MtlRollCuMatt,,,,Missing
GBElg15RollCuMatt,,,,Missing
GBElg15MtlRollBlkSh,,,,Missing
GBElg15RollBlkSh,,,,Missing
GBElg15MtlRollBlkDot,GBElg15MtlRollBlkDot,$0.90,"Elegant design 15ml, 1/2oz Clear glass bottle with metal roller ball plug and black shiny cap with dots. For use with perfume or fragrance oil, essential oils, aromatic oils and aromatherapy. Refillable, classic style bottle good for promotions and decant",Found
GBElg15RollBlkDot,GBElg15RollBlkDot,$0.83,"Elegant design 15ml, 1/2oz Clear glass bottle with plastic roller ball plug and black shiny cap with dots. For use with perfume or fragrance oil, essential oils, aromatic oils and aromatherapy. Refillable, classic style bottle good for promotions and deca",Found
GBElg15Gl,,,,Missing
GBElg15Sl,,,,Missing
GBElg15SpryCuMatt,,,,Missing
GBQueen10BlkSht,,,,Missing
GBQueen10WhtSht,,,,Missing
GBQueen10SpryBlkMatt,,,,Missing
GBQueen10SpryBlkSh,,,,Missing
GBQueen10SpryBluMatt,,,,Missing
GBQueen10SpryGlSh,,,,Missing
GBQueen10SpryGlMatt,,,,Missing
GBQueen10SprySlMatt,,,,Missing
GBQueen10SprySlSh,,,,Missing
GBQueen10MtlRollSlDot,,,,Missing
GBQueen10RollSlDot,,,,Missing
GBQueen10MtlRollPinkDot,,,,Missing
GBQueen10RollPinkDot,,,,Missing
GBQueen10MtlRollSlMatt,,,,Missing
GBQueen10RollSlMatt,,,,Missing
GBQueen10MtlRollGlMatt,,,,Missing
GBQueen10RollGlMatt,,,,Missing
GBQueen10MtlRollGlSh,,,,Missing
GBQueen10RollGlSh,,,,Missing
GBQueen10MtlRollSlSh,,,,Missing
GBQueen10RollSlSh,,,,Missing
GBQueen10MtlRollCuMatt,,,,Missing
GBQueen10RollCuMatt,,,,Missing
GBQueen10MtlRollBlkSh,,,,Missing
GBQueen10RollBlkSh,,,,Missing
GBQueen10MtlRollBlkDot,,,,Missing
GBQueen10RollBlkDot,,,,Missing
GBQueen10Gl,,,,Missing
GBQueen10Sl,,,,Missing
GBQueen10SpryCuMatt,,,,Missing
GBRoyal13BlkSht,,,,Missing
GBRoyal13WhtSht,,,,Missing
GBRoyal13SpryBlkMatt,,,,Missing
GBRoyal13SpryBlkSh,GBRoyal13SpryBlkSh,$0.92,"Royal design 13ml, 1/2oz Clear glass bottle with shiny black spray. Fine mist sprayer for use with perfumes and colognes. Refillable, classic style bottle good for promotions and decants.",Found
GBRoyal13SpryBluMatt,,,,Missing
GBRoyal13SpryGlSh,,,,Missing
GBRoyal13SpryGlMatt,,,,Missing
GBRoyal13SprySlMatt,,,,Missing
GBRoyal13SprySlSh,,,,Missing
GBRoyal13MtlRollSlDot,,,,Missing
GBRoyal13RollSlDot,,,,Missing
GBRoyal13MtlRollPinkDot,,,,Missing
GBRoyal13RollPinkDot,,,,Missing
GBRoyal13MtlRollSlMatt,,,,Missing
GBRoyal13RollSlMatt,,,,Missing
GBRoyal13MtlRollGlMatt,,,,Missing
GBRoyal13RollGlMatt,,,,Missing
GBRoyal13MtlRollGlSh,,,,Missing
GBRoyal13RollGlSh,,,,Missing
GBRoyal13MtlRollSlSh,,,,Missing
GBRoyal13RollSlSh,,,,Missing
GBRoyal13MtlRollCuMatt,,,,Missing
GBRoyal13RollCuMatt,,,,Missing
GBRoyal13MtlRollBlkSh,,,,Missing
GBRoyal13RollBlkSh,,,,Missing
GBRoyal13MtlRollBlkDot,GBRoyal13MtlRollBlkDot,$0.85,"Royal design 13ml, 1/2oz Clear glass bottle with metal roller ball plug and black shiny cap with dots. For use with perfume or fragrance oil, essential oils, aromatic oils and aromatherapy. Refillable, classic style bottle good for promotions and decants.",Found
GBRoyal13RollBlkDot,GBRoyal13RollBlkDot,$0.77,"Royal design 13ml, 1/2oz Clear glass bottle with plastic roller ball plug and black shiny cap with dots. For use with perfume or fragrance oil, essential oils, aromatic oils and aromatherapy. Refillable, classic style bottle good for promotions and decant",Found
GBRoyal13Gl,,,,Missing
GBRoyal13Sl,,,,Missing
GBRoyal13SpryCuMatt,,,,Missing
GBFlair15BlkSht,,,,Missing
GBFlair15WhtSht,,,,Missing
GBFlair15SpryBlkMatt,GBFlair15SpryBlkMatt,$0.92,"Flair design 15ml, 1/2oz Clear glass bottle with matte black spray. Fine mist sprayer for use with perfumes and colognes. Refillable, classic style bottle good for promotions and decants.",Found
GBFlair15SpryBlkSh,,,,Missing
GBFlair15SpryBluMatt,,,,Missing
GBFlair15SpryGlSh,,,,Missing
GBFlair15SpryGlMatt,,,,Missing
GBFlair15SprySlMatt,,,,Missing
GBFlair15SprySlSh,,,,Missing
GBFlair15MtlRollSlDot,,,,Missing
GBFlair15RollSlDot,,,,Missing
GBFlair15MtlRollPinkDot,,,,Missing
GBFlair15RollPinkDot,,,,Missing
GBFlair15MtlRollSlMatt,,,,Missing
GBFlair15RollSlMatt,,,,Missing
GBFlair15MtlRollGlMatt,,,,Missing
GBFlair15RollGlMatt,,,,Missing
GBFlair15MtlRollGlSh,,,,Missing
GBFlair15RollGlSh,,,,Missing
GBFlair15MtlRollSlSh,,,,Missing
GBFlair15RollSlSh,,,,Missing
GBFlair15MtlRollCuMatt,,,,Missing
GBFlair15RollCuMatt,,,,Missing
GBFlair15MtlRollBlkSh,,,,Missing
GBFlair15RollBlkSh,,,,Missing
GBFlair15MtlRollBlkDot,GBFlair15MtlRollBlkDot,$0.85,"Flair design 15ml, 1/2oz Clear glass bottle with metal roller ball plug and black shiny cap with dots. For use with perfume or fragrance oil, essential oils, aromatic oils and aromatherapy. Refillable, classic style bottle good for promotions and decants.",Found
GBFlair15RollBlkDot,GBFlair15RollBlkDot,$0.77,"Flair design 15ml, 1/2oz Clear glass bottle with plastic roller ball plug and black shiny cap with dots. For use with perfume or fragrance oil, essential oils, aromatic oils and aromatherapy. Refillable, classic style bottle good for promotions and decant",Found
GBFlair15Gl,,,,Missing
GBFlair15Sl,,,,Missing
GBFlair15SpryCuMatt,,,,Missing
GBSqr15BlkSht,,,,Missing
GBSqr15WhtSht,,,,Missing
GBSqr15SpryBlkMatt,,,,Missing
GBSqr15SpryBlkSh,GBSqr15SpryBlkSh,$0.92,"Square design 15ml, 1/2oz Clear glass bottle with shiny black spray. Fine mist sprayer for use with perfumes and colognes. Refillable, classic style bottle good for promotions and decants.",Found
GBSqr15SpryBluMatt,,,,Missing
GBSqr15SpryGlSh,,,,Missing
GBSqr15SpryGlMatt,,,,Missing
GBSqr15SprySlMatt,,,,Missing
GBSqr15SprySlSh,,,,Missing
GBSqr15MtlRollSlDot,,,,Missing
GBSqr15RollSlDot,,,,Missing
GBSqr15MtlRollPinkDot,,,,Missing
GBSqr15RollPinkDot,,,,Missing
GBSqr15MtlRollSlMatt,,,,Missing
GBSqr15RollSlMatt,,,,Missing
GBSqr15MtlRollGlMatt,,,,Missing
GBSqr15RollGlMatt,,,,Missing
GBSqr15MtlRollGlSh,,,,Missing
GBSqr15RollGlSh,,,,Missing
GBSqr15MtlRollSlSh,,,,Missing
GBSqr15RollSlSh,,,,Missing
GBSqr15MtlRollCuMatt,,,,Missing
GBSqr15RollCuMatt,,,,Missing
GBSqr15MtlRollBlkSh,,,,Missing
GBSqr15RollBlkSh,,,,Missing
GBSqr15MtlRollBlkDot,GBSqr15MtlRollBlkDot,$0.87,"Square design 15ml, 1/2oz Clear glass bottle with metal roller ball plug and black shiny cap with dots. For use with perfume or fragrance oil, essential oils, aromatic oils and aromatherapy. Refillable, classic style bottle good for promotions and decants",Found
GBSqr15RollBlkDot,GBSqr15RollBlkDot,$0.80,"Square design 15ml, 1/2oz Clear glass bottle with plastic roller ball plug and black shiny cap with dots. For use with perfume or fragrance oil, essential oils, aromatic oils and aromatherapy. Refillable, classic style bottle good for promotions and decan",Found
GBSqr15Gl,,,,Missing
GBSqr15Sl,,,,Missing
GBSqr15SpryCuMatt,,,,Missing
GBTallCyl9BlkSht,,,,Missing
GBTallCyl9WhtSht,,,,Missing
GBTallCyl9SpryBlkMatt,GBTallCyl9SpryBlkMatt,$1.14,"Tall cylinder design 9ml, 1/3oz Clear glass bottle with matte black spray. Fine mist sprayer for use with perfumes and colognes. Refillable, slender bottle with attractive heavy base.",Found
GBTallCyl9SpryBlkSh,,,,Missing
GBTallCyl9SpryBluMatt,,,,Missing
GBTallCyl9SpryGlSh,,,,Missing
GBTallCyl9SpryGlMatt,,,,Missing
GBTallCyl9SprySlMatt,,,,Missing
GBTallCyl9SprySlSh,,,,Missing
GBTallCyl9MtlRollSlDot,,,,Missing
GBTallCyl9RollSlDot,,,,Missing
GBTallCyl9MtlRollPinkDot,,,,Missing
GBTallCyl9RollPinkDot,,,,Missing
GBTallCyl9MtlRollSlMatt,,,,Missing
GBTallCyl9RollSlMatt,,,,Missing
GBTallCyl9MtlRollGlMatt,,,,Missing
GBTallCyl9RollGlMatt,,,,Missing
GBTallCyl9MtlRollGlSh,,,,Missing
GBTallCyl9RollGlSh,,,,Missing
GBTallCyl9MtlRollSlSh,,,,Missing
GBTallCyl9RollSlSh,,,,Missing
GBTallCyl9MtlRollCuMatt,,,,Missing
GBTallCyl9RollCuMatt,,,,Missing
GBTallCyl9MtlRollBlkSh,,,,Missing
GBTallCyl9RollBlkSh,,,,Missing
GBTallCyl9MtlRollBlkDot,GBTallCyl9MtlRollBlkDot,$1.06,"Tall cylinder design 9ml, 1/3oz Clear glass bottle with metal roller ball plug and black shiny cap with dots. For use with perfume or fragrance oil, essential oils, aromatic oils and aromatherapy. Refillable, slender bottle with attractive heavy base. Pri",Found
GBTallCyl9RollBlkDot,GBTallCyl9RollBlkDot,$0.99,"Tall cylinder design 9ml, 1/3oz Clear glass bottle with plastic roller ball plug and black shiny cap with dots. For use with perfume or fragrance oil, essential oils, aromatic oils and aromatherapy. Refillable, slender bottle with attractive heavy base. P",Found
GBTallCyl9Gl,,,,Missing
GBTallCyl9Sl,,,,Missing
GBTallCyl9SpryCuMatt,,,,Missing
GBDaisy10BlkSht,,,,Missing
GBDaisy10WhtSht,,,,Missing
GBDaisy10SpryBlkMatt,,,,Missing
GBDaisy10SpryBlkSh,,,,Missing
GBDaisy10SpryBluMatt,,,,Missing
GBDaisy10SpryGlSh,,,,Missing
GBDaisy10SpryGlMatt,,,,Missing
GBDaisy10SprySlMatt,,,,Missing
GBDaisy10SprySlSh,,,,Missing
GBDaisy10MtlRollSlDot,,,,Missing
GBDaisy10RollSlDot,,,,Missing
GBDaisy10MtlRollPinkDot,,,,Missing
GBDaisy10RollPinkDot,,,,Missing
GBDaisy10MtlRollSlMatt,,,,Missing
GBDaisy10RollSlMatt,,,,Missing
GBDaisy10MtlRollGlMatt,,,,Missing
GBDaisy10RollGlMatt,,,,Missing
GBDaisy10MtlRollGlSh,,,,Missing
GBDaisy10RollGlSh,,,,Missing
GBDaisy10MtlRollSlSh,,,,Missing
GBDaisy10RollSlSh,,,,Missing
GBDaisy10MtlRollCuMatt,,,,Missing
GBDaisy10RollCuMatt,,,,Missing
GBDaisy10MtlRollBlkSh,,,,Missing
GBDaisy10RollBlkSh,,,,Missing
GBDaisy10MtlRollBlkDot,,,,Missing
GBDaisy10RollBlkDot,,,,Missing
GBDaisy10Gl,,,,Missing
GBDaisy10Sl,,,,Missing
GBDaisy10SpryCuMatt,,,,Missing
GBRect15BlkSht,,,,Missing
GBRect15WhtSht,,,,Missing
GBRect15SpryBlkMatt,,,,Missing
GBRect15SpryBlkSh,,,,Missing
GBRect15SpryBluMatt,,,,Missing
GBRect15SpryGlSh,,,,Missing
GBRect15SpryGlMatt,,,,Missing
GBRect15SprySlMatt,,,,Missing
GBRect15SprySlSh,,,,Missing
GBRect15MtlRollSlDot,,,,Missing
GBRect15RollSlDot,,,,Missing
GBRect15MtlRollPinkDot,,,,Missing
GBRect15RollPinkDot,,,,Missing
GBRect15MtlRollSlMatt,,,,Missing
GBRect15RollSlMatt,,,,Missing
GBRect15MtlRollGlMatt,,,,Missing
GBRect15RollGlMatt,,,,Missing
GBRect15MtlRollGlSh,,,,Missing
GBRect15RollGlSh,,,,Missing
GBRect15MtlRollSlSh,,,,Missing
GBRect15RollSlSh,,,,Missing
GBRect15MtlRollCuMatt,,,,Missing
GBRect15RollCuMatt,,,,Missing
GBRect15MtlRollBlkSh,,,,Missing
GBRect15RollBlkSh,,,,Missing
GBRect15MtlRollBlkDot,,,,Missing
GBRect15RollBlkDot,,,,Missing
GBRect15Gl,,,,Missing
GBRect15Sl,,,,Missing
GBRect15SpryCuMatt,,,,Missing
GBTallRect10BlkSht,,,,Missing
GBTallRect10WhtSht,,,,Missing
GBTallRect10SpryBlkMatt,GBTallRect10SpryBlkMatt,$1.14,"Tall rectangular design 10ml, 1/3oz Clear glass bottle with matte black spray. Fine mist sprayer for use with perfumes and colognes. Refillable, slender bottle with attractive heavy base.",Found
GBTallRect10SpryBlkSh,,,,Missing
GBTallRect10SpryBluMatt,,,,Missing
GBTallRect10SpryGlSh,,,,Missing
GBTallRect10SpryGlMatt,,,,Missing
GBTallRect10SprySlMatt,,,,Missing
GBTallRect10SprySlSh,,,,Missing
GBTallRect10MtlRollSlDot,,,,Missing
GBTallRect10RollSlDot,,,,Missing
GBTallRect10MtlRollPinkDot,,,,Missing
GBTallRect10RollPinkDot,,,,Missing
GBTallRect10MtlRollSlMatt,,,,Missing
GBTallRect10RollSlMatt,,,,Missing
GBTallRect10MtlRollGlMatt,,,,Missing
GBTallRect10RollGlMatt,,,,Missing
GBTallRect10MtlRollGlSh,,,,Missing
GBTallRect10RollGlSh,,,,Missing
GBTallRect10MtlRollSlSh,,,,Missing
GBTallRect10RollSlSh,,,,Missing
GBTallRect10MtlRollCuMatt,,,,Missing
GBTallRect10RollCuMatt,,,,Missing
GBTallRect10MtlRollBlkSh,,,,Missing
GBTallRect10RollBlkSh,,,,Missing
GBTallRect10MtlRollBlkDot,GBTallRect10MtlRollBlkDot,$1.06,"Tall rectangular design 10ml, 1/3oz Clear glass bottle with metal roller ball plug and black shiny cap with dots. For use with perfume or fragrance oil, essential oils, aromatic oils and aromatherapy. Refillable, slender bottle with attractive heavy base.",Found
GBTallRect10RollBlkDot,GBTallRect10RollBlkDot,$0.99,"Tall rectangular design 10ml, 1/3oz Clear glass bottle with plastic roller ball plug and black shiny cap with dots. For use with perfume or fragrance oil, essential oils, aromatic oils and aromatherapy. Refillable, slender bottle with attractive heavy bas",Found
GBTallRect10Gl,,,,Missing
GBTallRect10Sl,,,,Missing
GBTallRect10SpryCuMatt,,,,Missing
GBCrcl15BlkSht,,,,Missing
GBCrcl15WhtSht,,,,Missing
GBCrcl15SpryBlkMatt,GBCrcl15SpryBlkMatt,$0.92,"Circle design 15ml, 1/2oz Clear glass bottle with matte black spray. Fine mist sprayer for use with perfumes and colognes. Refillable, classic style bottle good for promotions and decants.",Found
GBCrcl15SpryBlkSh,,,,Missing
GBCrcl15SpryBluMatt,,,,Missing
GBCrcl15SpryGlSh,,,,Missing
GBCrcl15SpryGlMatt,,,,Missing
GBCrcl15SprySlMatt,,,,Missing
GBCrcl15SprySlSh,,,,Missing
GBCrcl15MtlRollSlDot,,,,Missing
GBCrcl15RollSlDot,,,,Missing
GBCrcl15MtlRollPinkDot,,,,Missing
GBCrcl15RollPinkDot,,,,Missing
GBCrcl15MtlRollSlMatt,,,,Missing
GBCrcl15RollSlMatt,,,,Missing
GBCrcl15MtlRollGlMatt,,,,Missing
GBCrcl15RollGlMatt,,,,Missing
GBCrcl15MtlRollGlSh,,,,Missing
GBCrcl15RollGlSh,,,,Missing
GBCrcl15MtlRollSlSh,,,,Missing
GBCrcl15RollSlSh,,,,Missing
GBCrcl15MtlRollCuMatt,,,,Missing
GBCrcl15RollCuMatt,,,,Missing
GBCrcl15MtlRollBlkSh,,,,Missing
GBCrcl15RollBlkSh,,,,Missing
GBCrcl15MtlRollBlkDot,GBCrcl15MtlRollBlkDot,$0.85,"Circle design 15ml, 1/2oz Clear glass bottle with metal roller ball plug and black shiny cap with dots. For use with perfume or fragrance oil, essential oils, aromatic oils and aromatherapy. Refillable, classic style bottle good for promotions and decants",Found
GBCrcl15RollBlkDot,GBCrcl15RollBlkDot,$0.77,"Circle design 15ml, 1/2oz Clear glass bottle with plastic roller ball plug and black shiny cap with dots. For use with perfume or fragrance oil, essential oils, aromatic oils and aromatherapy. Refillable, classic style bottle good for promotions and decan",Found
GBCrcl15Gl,,,,Missing
GBCrcl15Sl,,,,Missing
GBCrcl15SpryCuMatt,,,,Missing
GBRect10BlkSht,,,,Missing
GBRect10WhtSht,,,,Missing
GBRect10SpryBlkMatt,GBRect10SpryBlkMatt,$0.92,"Footed rectangular design 10ml, 1/3oz Clear glass bottle with matte black spray. Fine mist sprayer for use with perfumes and colognes. Refillable, classic style bottle good for promotions and decants.",Found
GBRect10SpryBlkSh,,,,Missing
GBRect10SpryBluMatt,,,,Missing
GBRect10SpryGlSh,,,,Missing
GBRect10SpryGlMatt,,,,Missing
GBRect10SprySlMatt,,,,Missing
GBRect10SprySlSh,,,,Missing
GBRect10MtlRollSlDot,,,,Missing
GBRect10RollSlDot,,,,Missing
GBRect10MtlRollPinkDot,,,,Missing
GBRect10RollPinkDot,,,,Missing
GBRect10MtlRollSlMatt,,,,Missing
GBRect10RollSlMatt,,,,Missing
GBRect10MtlRollGlMatt,,,,Missing
GBRect10RollGlMatt,,,,Missing
GBRect10MtlRollGlSh,,,,Missing
GBRect10RollGlSh,,,,Missing
GBRect10MtlRollSlSh,,,,Missing
GBRect10RollSlSh,,,,Missing
GBRect10MtlRollCuMatt,,,,Missing
GBRect10RollCuMatt,,,,Missing
GBRect10MtlRollBlkSh,,,,Missing
GBRect10RollBlkSh,,,,Missing
GBRect10MtlRollBlkDot,GBRect10MtlRollBlkDot,$0.83,"Footed rectangular design 10ml, 1/3oz Clear glass bottle with metal roller ball plug and black shiny cap with dots. For use with perfume or fragrance oil, essential oils, aromatic oils and aromatherapy. Refillable, classic style bottle good for promotions",Found
GBRect10RollBlkDot,GBRect10RollBlkDot,$0.77,"Footed rectangular design 10ml, 1/3oz Clear glass bottle with plastic roller ball plug and black shiny cap with dots. For use with perfume or fragrance oil, essential oils, aromatic oils and aromatherapy. Refillable, classic style bottle good for promotio",Found
GBRect10Gl,,,,Missing
GBRect10Sl,,,,Missing
GBRect10SpryCuMatt,,,,Missing
GBTulip6BlkSht,,,,Missing
GBTulip6WhtSht,,,,Missing
GBTulip6SpryBlkMatt,,,,Missing
GBTulip6SpryBlkSh,GBTulip6SpryBlkSh,$0.86,"Tulip design 6ml, 1/5oz Clear glass bottle with shiny black spray. Fine mist sprayer for use with perfumes and colognes. Refillable, Small sized bottle for decants, promotion, samples and travel accessory.",Found
GBTulip6SpryBluMatt,,,,Missing
GBTulip6SpryGlSh,,,,Missing
GBTulip6SpryGlMatt,,,,Missing
GBTulip6SprySlMatt,,,,Missing
GBTulip6SprySlSh,,,,Missing
GBTulip6MtlRollSlDot,,,,Missing
GBTulip6RollSlDot,,,,Missing
GBTulip6MtlRollPinkDot,,,,Missing
GBTulip6RollPinkDot,,,,Missing
GBTulip6MtlRollSlMatt,,,,Missing
GBTulip6RollSlMatt,,,,Missing
GBTulip6MtlRollGlMatt,,,,Missing
GBTulip6RollGlMatt,,,,Missing
GBTulip6MtlRollGlSh,,,,Missing
GBTulip6RollGlSh,,,,Missing
GBTulip6MtlRollSlSh,,,,Missing
GBTulip6RollSlSh,,,,Missing
GBTulip6MtlRollCuMatt,,,,Missing
GBTulip6RollCuMatt,,,,Missing
GBTulip6MtlRollBlkSh,,,,Missing
GBTulip6RollBlkSh,,,,Missing
GBTulip6MtlRollBlkDot,GBTulip6MtlRollBlkDot,$0.78,"Tulip design 6ml, 1/5oz Clear glass bottle with metal roller ball plug and black shiny cap with dots. For use with perfume or fragrance oil, essential oils, aromatic oils and aromatherapy. Refillable, Small sized bottle for decants, promotion, samples and",Found
GBTulip6RollBlkDot,GBTulip6RollBlkDot,$0.70,"Tulip design 6ml, 1/5oz Clear glass bottle with plastic roller ball plug and black shiny cap with dots. For use with perfume or fragrance oil, essential oils, aromatic oils and aromatherapy. Refillable, Small sized bottle for decants, promotion, samples a",Found
GBTulip6Gl,,,,Missing
GBTulip6Sl,,,,Missing
GBTulip6SpryCuMatt,,,,Missing
GBVialAmb1DrmBlackCapSht,,,,Missing
GBVialAmb1DrmBlkDropper,,,,Missing
GBVialAmb1DrmWhtCapSht,,,,Missing
GBVialBlu1DrmBlackCapSht,,,,Missing
GBVialBlu1DrmBlkDropper,,,,Missing
GBVialBlu1DrmWhtCapSht,,,,Missing
GBVialGr1DrmBlackCapSht,,,,Missing
GBVialGr1DrmBlkDropper,,,,Missing
GBVialGr1DrmWhtCapSht,,,,Missing
GBVial1DrmBlackCapSht,,,,Missing
GBVial01DrmBlkDropper,,,,Missing
GBVial01DrmWhtCapSht,,,,Missing
GBVialGreen2o3BlackCapSht,,,,Missing
GBVialGreen2o3WhtCapSht,,,,Missing
GBVialBlu2o3BlackCapSht,,,,Missing
GBVialBlu2o3WhtCapSht,,,,Missing
GBVialAmb1o5BlackCapSht,,,,Missing
GBVialAmb1o5WhtCapSht,GBVialAmb1o5WhtCapSht,$0.36,"Vial design 1.5ml, Amber glass vial with white short cap. For use with perfume or fragrance oil, essential oil, aromatherapy, sample or trial size. Perfume sample vials for promotions.",Found
GBVialAmb2BlackCap,,,,Missing
GBVialAmb2WhtCap,,,,Missing
GBVialClr2mlBlackCap,GBVialClr2mlBlackCap,$0.36,Vial design 2 ml clear glass vial with short black cap.,Found
GBVialClr2mlWhtCap,,,,Missing
GBElg5Blk,,,,Missing
GBElg05BlkSht,,,,Missing
GBElg05Gl,,,,Missing
GBElg05Sl,,,,Missing
GBElg05WhtSht,,,,Missing
GBAtom5SlimBlk,GBAtom5SlimBlk,$2.14,"Black slim atomizer design 5 ml bottle. For use with perfumes, Colognes, eau de Parfum. Refillable, travel size atomizer. Can be laser engraved and customized. Great for gifts and promotion.",Found
GBAtom5SlimSl,GBAtom5SlimSl,$2.14,"Silver slim atomizer design 5 ml bottle. For use with perfumes, Colognes, eau de Parfum. Refillable, travel size atomizer. Can be laser engraved and customized. Great for gifts and promotion.",Found
GBAtom5SlimGl,GBAtom5SlimGl,$2.14,"Gold slim atomizer design 5 ml bottle. For use with perfumes, Colognes, eau de Parfum. Refillable, travel size atomizer. Can be laser engraved and customized. Great for gifts and promotion.",Found
GBAtom5Blk,GBAtom5Blk,$2.66,"Matte Black atomizer design 5 ml bottle. For use with perfumes, Colognes, eau de Parfum. Refillable, travel size atomizer. Can be laser engraved and customized. Great for gifts and promotion.",Found
GBAtom5Gl,GBAtom5Gl,$2.66,"Gold atomizer design 5 ml bottle. For use with perfumes, Colognes, eau de Parfum. Refillable, travel size atomizer. Can be laser engraved and customized. Great for gifts and promotion.",Found
GBAtom5Blu,GBAtom5Blu,$2.66,"Blue atomizer design 5 ml bottle. For use with perfumes, Colognes, eau de Parfum. Refillable, travel size atomizer. Can be laser engraved and customized. Great for gifts and promotion.",Found
GBAtom5Pnk,,,,Missing
GBAtom5Red,GBAtom5Red,$2.66,"Red atomizer design 5 ml bottle. For use with perfumes, Colognes, eau de Parfum. Refillable, travel size atomizer. Can be laser engraved and customized. Great for gifts and promotion.",Found
GBAtom5Sl,GBAtom5Sl,$2.66,"Silver atomizer design 5 ml bottle. For use with perfumes, Colognes, eau de Parfum. Refillable, travel size atomizer. Can be laser engraved and customized. Great for gifts and promotion.",Found
GBAtom5BlkDot,GBAtom5BlkDot,$2.90,"Black atomizer design 5 ml bottle with dots. For use with perfumes, Colognes, eau de Parfum. Refillable, travel size atomizer. Can be laser engraved and customized. Great for gifts and promotion.",Found
GBAtom5PnkDot,GBAtom5PnkDot,$2.90,"Pink atomizer design 5 ml bottle with dots. For use with perfumes, Colognes, eau de Parfum. Refillable, travel size atomizer. Can be laser engraved and customized. Great for gifts and promotion.",Found
GBAtom5SlDot,GBAtom5SlDot,$2.90,"Silver atomizer and sprayer with dots, design 5 ml bottle with dots. For use with perfumes, Colognes, eau de Parfum. Refillable, travel size atomizer. Can be laser engraved and customized. Great for gifts and promotion.",Found
GBAtom5SlStars,GBAtom5SlStars,$2.90,"Silver atomizer design 5 ml bottle with star patterns. For use with perfumes, Colognes, eau de Parfum. Refillable, travel size atomizer. Can be laser engraved and customized. Great for gifts and promotion.",Found
GBAtom5SlHearts,,,,Missing
GBAtom10Blk,GBAtom10Blk,$2.99,"Black atomizer design 10 ml bottle. For use with perfumes, Colognes, eau de Parfum. Refillable, travel size atomizer. Can be laser engraved and customized. Great for gifts and promotion.",Found
GBAtom10Sl,GBAtom10Sl,$2.99,"Silver atomizer design 10 ml bottle. For use with perfumes, Colognes, eau de Parfum. Refillable, travel size atomizer. Can be laser engraved and customized. Great for gifts and promotion.",Found
GBAtom10Gl,GBAtom10Gl,$2.99,"Gold atomizer design 10 ml bottle. For use with perfumes, Colognes, eau de Parfum. Refillable, travel size atomizer. Can be laser engraved and customized. Great for gifts and promotion.",Found
GBAtom10Blu,GBAtom10Blu,$2.99,"Blue atomizer design 10 ml bottle. For use with perfumes, Colognes, eau de Parfum. Refillable, travel size atomizer. Can be laser engraved and customized. Great for gifts and promotion.",Found
GBAtom10Pnk,GBAtom10Pnk,$2.99,"Pink atomizer design 10 ml bottle. For use with perfumes, Colognes, eau de Parfum. Refillable, travel size atomizer. Can be laser engraved and customized. Great for gifts and promotion.",Found
GBAtom10Red,GBAtom10Red,$2.99,"Red atomizer design 10 ml bottle. For use with perfumes, Colognes, eau de Parfum. Refillable, travel size atomizer. Can be laser engraved and customized. Great for gifts and promotion.",Found
GBAtom10Lv,,,,Missing
GBAtom10BlkDot,GBAtom10BlkDot,$3.23,"Black atomizer design 10 ml bottle with dots. For use with perfumes, Colognes, eau de Parfum. Refillable, travel size atomizer. Can be laser engraved and customized. Great for gifts and promotion.",Found
GBAtom10PnkDot,,,,Missing
GBAtom10SlDot,GBAtom10SlDot,$3.23,"Silver atomizer design 10 ml bottle with dots. For use with perfumes, Colognes, eau de Parfum. Refillable, travel size atomizer. Can be laser engraved and customized. Great for gifts and promotion.",Found
GBAtom10SlStars,GBAtom10SlStars,$3.23,"Silver atomizer design 10 ml bottle with star patterns. For use with perfumes, Colognes, eau de Parfum. Refillable, travel size atomizer. Can be laser engraved and customized. Great for gifts and promotion.",Found
GBAtom10SlHearts,,,,Missing
GBAtom10Gr,GBAtom10Gr,$2.99,"Green atomizer design 10 ml bottle . For use with perfumes, Colognes, eau de Parfum. Refillable, travel size atomizer. Can be laser engraved and customized. Great for gifts and promotion.",Found
GBHeartFrst4TslBlu,,,,Missing
GBHeartFrst4KeyGld,GBHeartFrst4KeyGld,$2.80,"Heart design 4 ml, Frosted glass bottle with gold key chain. For use with perfume or fragrance oil, essential oil. Great for Valentines, gifts, promotions, and wedding and party favors.",Found
GBHeartFrst4KeySl,,,,Missing
GBHeartFrst4TslRed,GBHeartFrst4TslRed,$2.66,"Heart design 4 ml, Frosted glass bottle with red tassel. For use with perfume or fragrance oil, essential oil. Great for Valentines, gifts, promotions, and wedding and party favors.",Found
GBHeart4TslBlu,,,,Missing
GBHeart4KeyGld,,,,Missing
GBHeart4KeySl,,,,Missing
GBHeart4TslRed,,,,Missing
GBHeartBlue5TslBlu,,,,Missing
GBHeartBlue5KeyGld,,,,Missing
GBHeartBlue5KeySl,,,,Missing
GBHeartBlue5TslRed,,,,Missing
GBHeartFrst10TslBlu,,,,Missing
GBHeartFrst10KeyGld,,,,Missing
GBHeartFrst10KeySl,,,,Missing
GBHeartFrst10TslRed,,,,Missing
GBHeartBluFrst10TslBlu,,,,Missing
GBHeartBluFrst10KeyGld,,,,Missing
GBHeartBluFrst10KeySl,,,,Missing
GBHeartBluFrst10TslRed,,,,Missing
GB15ApthBlue,,,,Missing
GB15Apth,,,,Missing
GB15ApthGreen,,,,Missing
GB1ozApthBlue,,,,Missing
GB1ozApth,,,,Missing
GB1ozApthGreen,,,,Missing
GB4ozApthBlue,,,,Missing
GB4ozApthClear,,,,Missing
GB4ozApthGreen,,,,Missing
GB4ozApthPearBlue,,,,Missing
GB4ozApthPearClear,,,,Missing
GB4ozApthRoundBlue,,,,Missing
GB4ozApthRound,,,,Missing
GB10ozApthBlue,,,,Missing
GB10ozApthClear,,,,Missing
GB10ozApthGreen,,,,Missing
GB2ozApthBlue,,,,Missing
GB2ozApth,,,,Missing
GB2ozApthGreen,,,,Missing
Alu250mlSprayBlack,Alu250mlSprayBlack,$1.43,"Cylinder shaped, matte aluminum 250 ml bottle with black sprayer. For use with cologne, perfume, air freshner, face and body spray, or room spray.",Found
Alu125mlLotionPumpWhite,,,,Missing
Alu125mlLotionPumpBlack,,,,Missing
Alu10mlSprayBlack,Alu10mlSprayBlack,$1.19,"Cylinder shaped, matte aluminum 100 ml bottle with black sprayer. For use with cologne, perfume, air freshner, face and body spray, or room spray.",Found
Alu65mlLotionPumpWhite,,,,Missing
Alu65mlLotionPumpBlack,Alu65mlLotionPumpBlack,$1.09,"Cylinder shaped, brushed aluminum 65 ml bottle with lotion black. For use with lotion or treatment pump.",Found
GB1mlAmbVialBlk,,,,Missing
GB1mlAmbVialWht,,,,Missing
GB1mlVialBlk,,,,Missing
GB1mlVialWht,,,,Missing
GBCyl28MtlRollBlk,,,,Missing
GBCyl28MtlRollWht,,,,Missing
GBCyl28RollBlk,,,,Missing
GBCyl28RollWht,,,,Missing
GBCyl50MtlRollBlk,GBCyl50MtlRollBlk,$1.19,"Cylinder style 50 ml bottle with metal roller ball plug and black cap. For use with fragrances, oils, massage oils, light lotions and ointments. Roll-on plug has a large roller ball.",Found
GBCyl50MtlRollWht,,,,Missing
GBCyl50RollBlk,GBCyl50RollBlk,$0.90,"Cylinder style 50 ml bottle with plastic roller ball plug and black cap. For use with fragrances, oils, massage oils, light lotions and ointments. Roll-on plug has a large roller ball.",Found
GBCyl50RollWht,,,,Missing
CreamJarBlu3,,,,Missing
CreamJarClr3,,,,Missing
CreamJarWhite4,,,,Missing
CreamJarWhite20,,,,Missing
CreamJarAmb5mlBlkCap,,,,Missing
CreamJarAmb5mlSlCap,,,,Missing
CreamJarClr5mlClrCap,,,,Missing
CreamJarClr15Pnk,,,,Missing
CreamJarClr15Wht,,,,Missing
CreamJarFrst30BlkCap,,,,Missing
CreamJarFrst30SlCap,,,,Missing
CreamJarAmb30BlkCap,,,,Missing
CreamJarAmb30SlCap,,,,Missing
CreamJarFrst40BlkCap,,,,Missing
CreamJarFrst40SlCap,,,,Missing
CreamJarAmb40BlkCap,,,,Missing
CreamJarAmb40SlCap,,,,Missing
CreamJarFrst63BlkCap,,,,Missing
CreamJarWhite63BlkCap,,,,Missing
GB3TPlShnGlRed,,,,Missing
GB3TPlShnSlBl,,,,Missing
Gb6TPlShnGlRed,,,,Missing
Gb6TPlShnSlBl,,,,Missing
Gb12TPlShnGlRed,,,,Missing
Gb12TPlShnSlBl,,,,Missing
