SKU_Name,Family_Name,Bottle_Shape,Capacity_OZ,Description
GBBstnAmb2ozMtlRollonMattSl,GBBstn,Boston round,2oz,"Boston rounddesign60ml,2oz Amber glass bottlewithmetal roller ball plugandmatte silver cap.For use with perfume, fragrance oil, essential oils, body oils, thin lotions and ointments.Refillable bottle with large, 12mm diameter metal-roller ball.Price each"
GBBstnAmb2ozMtlRollonShnSl,GBBstn,Boston round,2oz,"Boston rounddesign60ml,2oz Amber glass bottlewithmetal roller ball plugandshiny silver cap.For use with perfume, fragrance oil, essential oils, body oils, thin lotions and ointments.Refillable bottle with large, 12mm diameter metal-roller ball.Price each"
GBBstnAmb2ozMtlRollonMattBlk,GBBstn,Boston round,2oz,"Boston rounddesign60ml,2oz Amber glass bottlewithmetal roller ball plugandmatte black cap.For use with perfume, fragrance oil, essential oils, body oils, thin lotions and ointments.Refillable bottle with large, 12mm diameter metal-roller ball.Price each"
GBBstnAmb2ozMtlRollonMattGl,GBBstn,Boston round,2oz,"Boston rounddesign60ml,2oz Amber glass bottlewithmetal roller ball plugandmatte gold cap.For use with perfume, fragrance oil, essential oils, body oils, thin lotions and ointments.Refillable bottle with large, 12mm diameter metal-roller ball.Price each"
GBBstnAmb2ozRollonMattSl,GBBstn,Boston round,2oz,"Boston rounddesign60ml,2oz Amber glass bottlewithplastic roller ball plugandmatte silver cap.For use with perfume, fragrance oil, essential oils, body oils, thin lotions and ointments.Refillable bottle with large, 12mm diameter roller ball.Price each"
GBBstnAmb2ozRollonShnSl,GBBstn,Boston round,2oz,"Boston rounddesign60ml,2oz Amber glass bottlewithplastic roller ball plugandshiny silver cap.For use with perfume, fragrance oil, essential oils, body oils, thin lotions and ointments.Refillable bottle with large, 12mm diameter roller ball.Price each"
GBBstnAmb2ozRollonMattBlk,GBBstn,Boston round,2oz,"Boston rounddesign60ml,2oz Amber glass bottlewithplastic roller ball plugandmatte black cap.For use with perfume, fragrance oil, essential oils, body oils, thin lotions and ointments.Refillable bottle with large, 12mm diameter roller ball.Price each"
GBBstnAmb2ozRollonMattGl,GBBstn,Boston round,2oz,"Boston rounddesign60ml,2oz Amber glass bottlewithplastic roller ball plugandmatte gold cap.For use with perfume, fragrance oil, essential oils, body oils, thin lotions and ointments.Refillable bottle with large, 12mm diameter roller ball.Price each"
GBBstnAmb2ozWhtDropper,GBBstn,Boston round,2oz,"Boston rounddesign60ml,2oz Amber glass bottlewithwhite dropper.For use with perfume oils, diffuser oils, serums, primers, facial oils or face oils, moisturizers, and beard oils.Price each"
GBBstnAmb2ozBlkDropperShnSlTrim,GBBstn,Boston round,2oz,"Boston rounddesign60ml,2oz Amber glass bottleandblack dropperwith ashiny silver trim cap.For use with perfume oils, diffuser oils, serums, primers, facial oils or face oils, moisturizers, and beard oils.Price each"
GBBstnAmb2ozWhtDropperShnGlTrim,GBBstn,Boston round,2oz,"Boston rounddesign60ml,2oz Amber glass bottleandwhite dropperwith ashiny gold trim cap.For use with perfume oils, diffuser oils, serums, primers, facial oils or face oils, moisturizers, and beard oils.Price each"
GBBstnAmb2ozWhtDropperShnSlTrim,GBBstn,Boston round,2oz,"Boston rounddesign60ml,2oz Amber glass bottleandwhite dropperwith ashiny silver trim cap.For use with perfume oils, diffuser oils, serums, primers, facial oils or face oils, moisturizers, and beard oils.Price each"
GBBstnAmb2ozBlkDropperShnGlTrim,GBBstn,Boston round,2oz,"Boston rounddesign60ml,2oz Amber glass bottleandblack dropperwith ashiny gold trim cap.For use with perfume oils, diffuser oils, serums, primers, facial oils or face oils, moisturizers, and beard oils.Price each"
GBBstnAmb2ozBlkDropper,GBBstn,Boston round,2oz,"Boston rounddesign60ml,2oz Amber glass bottlewithblack dropper.For use with perfume oils, diffuser oils, serums, primers, facial oils or face oils, moisturizers, and beard oils.Price each"
GBBstnBlu2ozMtlRollonMattSl,GBBstn,Boston round,2oz,"Boston rounddesign60ml,2oz Cobalt blue glass bottlewithmetal roller ball plugandmatte silver cap.For use with perfume, fragrance oil, essential oils, body oils, thin lotions and ointments.Refillable bottle with large, 12mm diameter metal-roller ball.Price each"
GBBstnBlu2ozMtlRollonShnSl,GBBstn,Boston round,2oz,"Boston rounddesign60ml,2oz Cobalt blue glass bottlewithmetal roller ball plugandshiny silver cap.For use with perfume, fragrance oil, essential oil, or aromatherapy.Refillable bottle with large, 12mm diameter metal-roller ball.Price each"
GBBstnBlu2ozMtlRollonMattBlk,GBBstn,Boston round,2oz,"Boston rounddesign60ml,2oz Cobalt blue glass bottlewithmetal roller ball plugandmatte black cap.For use with perfume, fragrance oil, essential oil, or aromatherapy.Refillable bottle with large, 12mm diameter metal-roller ball.Price each"
GBBstnBlu2ozMtlRollonMattGl,GBBstn,Boston round,2oz,"Boston rounddesign60ml,2oz Cobalt blue glass bottlewithmetal roller ball plugandmatte gold cap.For use with perfume, fragrance oil, essential oil, or aromatherapy.Refillable bottle with large, 12mm diameter metal-roller ball.Price each"
GBBstnBlu2ozRollonMattSl,GBBstn,Boston round,2oz,"Boston rounddesign60ml,2oz Cobalt blue glass bottlewithplastic roller ball plugandmatte silver cap.For use with perfume, fragrance oil, essential oil, or aromatherapy.Refillable bottle with large, 12mm diameter roller ball.Price each"
GBBstnBlu2ozRollonShnSl,GBBstn,Boston round,2oz,"Boston rounddesign60ml,2oz Cobalt blue glass bottlewithplastic roller ball plugandshiny silver cap.For use with perfume, fragrance oil, essential oil, or aromatherapy.Refillable bottle with large, 12mm diameter roller ball.Price each"
GBBstnBlu2ozRollonMattBlk,GBBstn,Boston round,2oz,"Boston rounddesign60ml,2oz Cobalt blue glass bottlewithplastic roller ball plugandmatte black cap.For use with perfume, fragrance oil, essential oil, or aromatherapy.Refillable bottle with large, 12mm diameter roller ball.Price each"
GBBstnBlu2ozRollonMattGl,GBBstn,Boston round,2oz,"Boston rounddesign60ml,2oz Cobalt blue glass bottlewithplastic roller ball plugandmatte gold cap.For use with perfume, fragrance oil, essential oil, or aromatherapy oils.Refillable bottle with large, 12mm diameter roller ball.Price each"
GBBstnBlu2ozWhtDropper,GBBstn,Boston round,2oz,"Boston rounddesign60ml,2oz Cobalt blue glass bottlewithwhite dropper00.For use with perfume oils, diffuser oils, serums, primers, facial oils or face oils, moisturizers, and beard oils.Price each"
GBBstnBlu2ozBlkDropperShnSlTrim,GBBstn,Boston round,2oz,"Boston rounddesign60ml,2oz Cobalt blue glass bottleandblack dropperwith ashiny silver trim cap.For use with perfume oils, diffuser oils, serums, primers, facial oils or face oils, moisturizers, and beard oils.Price each"
GBBstnBlu2ozWhtDropperShnGlTrim,GBBstn,Boston round,2oz,"Boston rounddesign60ml,2oz Cobalt blue glass bottleandwhite dropperwith ashiny gold trim cap.For use with perfume oils, diffuser oils, serums, primers, facial oils or face oils, moisturizers, and beard oils.Price each"
GBBstnBlu2ozWhtDropperShnSlTrim,GBBstn,Boston round,2oz,"Boston rounddesign60ml,2oz Cobalt blue glass bottleandwhite dropperwith ashiny silver trim cap.For use with perfume oils, diffuser oils, serums, primers, facial oils or face oils, moisturizers, and beard oils.Price each"
GBBstnBlu2ozBlkDropperShnGlTrim,GBBstn,Boston round,2oz,"Boston rounddesign60ml,2oz Cobalt blue glass bottleandblack dropperwith ashiny gold trim cap.For use with perfume oils, diffuser oils, serums, primers, facial oils or face oils, moisturizers, and beard oils.Price each"
GBBstn2ozMtlRollonMattSl,GBBstn,Boston round,2oz,"Boston rounddesign60ml,2oz Clear glass bottlewithmetal roller ball plugandmatte silver cap.For use with perfume, fragrance oil, essential oils, body oils, thin lotions and ointments.Refillable bottle with large, 12mm diameter metal-roller ball.Price each"
GBBstn2ozMtlRollonShnSl,GBBstn,Boston round,2oz,"Boston rounddesign60ml,2oz Clear glass bottlewithmetal roller ball plugandshiny silver cap.For use with perfume, fragrance oil, essential oil, or aromatherapy.Refillable bottle with large, 12mm diameter metal-roller ball.Price each"
GBBstn2ozMtlRollonMattBlk,GBBstn,Boston round,2oz,"Boston rounddesign60ml,2oz Clear glass bottlewithmetal roller ball plugandmatte black cap.For use with perfume, fragrance oil, essential oil, or aromatherapy.Refillable bottle with large, 12mm diameter metal-roller ball.Price each"
GBBstn2ozMtlRollonGl,GBBstn,Boston round,2oz,"Boston rounddesign60ml,2oz Clear glass bottlewithmetal roller ball plugandshiny gold cap.For use with perfume, fragrance oil, essential oil, or aromatherapy.Refillable bottle with large, 12mm diameter metal-roller ball.Price each"
GBBstn2ozMtlRollonMattGl,GBBstn,Boston round,2oz,"Boston rounddesign60ml,2oz Clear glass bottlewithmetal roller ball plugandmatte gold cap.For use with perfume, fragrance oil, essential oil, or aromatherapy.Refillable bottle with large, 12mm diameter metal-roller ball.Price each"
GBBstn2ozRollonMattSl,GBBstn,Boston round,2oz,"Boston rounddesign60ml,2oz Clear glass bottlewithplastic roller ball plugandmatte silver cap.For use with perfume, fragrance oil, essential oil, or aromatherapy.Refillable bottle with large, 12mm diameter roller ball.Price each"
GBBstn2ozRollonShnSl,GBBstn,Boston round,2oz,"Boston rounddesign60ml,2oz Clear glass bottlewithplastic roller ball plugandshiny silver cap.For use with perfume, fragrance oil, essential oil, or aromatherapy.Refillable bottle with large, 12mm diameter roller ball.Price each"
GBBstn2ozRollonMattBlk,GBBstn,Boston round,2oz,"Boston rounddesign60ml,2oz Clear glass bottlewithplastic roller ball plugandmatte black cap.For use with perfume, fragrance oil, essential oil, or aromatherapy.Refillable bottle with large, 12mm diameter roller ball.Price each"
GBBstn2ozRollonGl,GBBstn,Boston round,2oz,"Boston rounddesign60ml,2oz Clear glass bottlewithplastic roller ball plugandshiny gold cap.For use with perfume, fragrance oil, essential oil, or aromatherapy.Refillable bottle with large, 12mm diameter roller ball.Price each"
GBBstn2ozRollonMattGl,GBBstn,Boston round,2oz,"Boston rounddesign60ml,2oz Clear glass bottlewithplastic roller ball plugandmatte gold cap.For use with perfume, fragrance oil, essential oil, or aromatherapy.Refillable bottle with large, 12mm diameter roller ball.Price each"
GBBstn2ozWhtDropper,GBBstn,Boston round,2oz,"Boston rounddesign60ml,2oz Clear glass bottlewithwhite dropper00.For use with perfume oils, diffuser oils, serums, primers, facial oils or face oils, moisturizers, and beard oils.Price each"
GBBstn2ozBlkDropperShnSlTrim,GBBstn,Boston round,2oz,"Boston rounddesign60ml,2oz Clear glass bottleandblack dropperwith ashiny silver trim cap.For use with perfume oils, diffuser oils, serums, primers, facial oils or face oils, moisturizers, and beard oils.Price each"
GBBstn2ozWhtDropperShnGlTrim,GBBstn,Boston round,2oz,"Boston rounddesign60ml,2oz Clear glass bottleandwhite dropperwith ashiny gold trim cap.For use with perfume oils, diffuser oils, serums, primers, facial oils or face oils, moisturizers, and beard oils.Price each"
GBBstn2ozWhtDropperShnSlTrim,GBBstn,Boston round,2oz,"Boston rounddesign60ml,2oz Clear glass bottleandwhite dropperwith ashiny silver trim cap.For use with perfume oils, diffuser oils, serums, primers, facial oils or face oils, moisturizers, and beard oils.Price each"
GBBstn2ozBlkDropperShnGlTrim,GBBstn,Boston round,2oz,"Boston rounddesign60ml,2oz Clear glass bottleandblack dropperwith ashiny gold trim cap.For use with perfume oils, diffuser oils, serums, primers, facial oils or face oils, moisturizers, and beard oils.Price each"
GBBstn2ozBlkDrp,GBBstn,Boston round,2oz,"Boston rounddesign60ml,2oz Clear glass bottlewithblack dropper00.For use with perfume oils, diffuser oils, serums, primers, facial oils or face oils, moisturizers, and beard oils.Price each"
GBBstnAmb1ozMtlRollonMattSl,GBBstn,Boston round,1oz,"Boston rounddesign30ml,1oz Amber glass bottlewithmetal roller plugandmatte silver cap.For use with perfume, fragrance oil, essential oils, body oils, thin lotions and ointments.Refillable bottle with large, 12mm diameter metal-roller ball.Price each"
GBBstnAmb1ozMtlRollonShnSl,GBBstn,Boston round,1oz,"Boston rounddesign30ml,1oz Amber glass bottlewithmetal roller plugandshiny silver cap.For use with perfume, fragrance oil, essential oil, or aromatherapy.Refillable bottle with large, 12mm diameter metal-roller ball.Price each"
GBBstnAmb1ozMtlRollonMattBlk,GBBstn,Boston round,1oz,"Boston rounddesign30ml,1oz Amber glass bottlewithmetal roller plugandmatte black cap.For use with perfume, fragrance oil, essential oil, or aromatherapy.Refillable bottle with large, 12mm diameter metal-roller ball.Price each"
GBBstnAmb1ozMtlRollonMattGl,GBBstn,Boston round,1oz,"Boston rounddesign30ml,1oz Amber glass bottlewithmetal roller plugandmatte gold cap.For use with perfume, fragrance oil, essential oil, or aromatherapy.Refillable bottle with large, 12mm diameter metal-roller ball.Price each"
GBBstnAmb1ozRollonMattSl,GBBstn,Boston round,1oz,"Boston rounddesign30ml,1oz Amber glass bottlewithplastic roller ball plugandmatte silver cap.For use with perfume, fragrance oil, essential oil, or aromatherapy.Refillable bottle with large, 12mm diameter roller ball.Price each"
GBBstnAmb1ozRollonShnSl,GBBstn,Boston round,1oz,"Boston rounddesign30ml,1oz Amber glass bottlewithplastic roller ball plugandshiny silver cap.For use with perfume, fragrance oil, essential oil, or aromatherapy.Refillable bottle with large, 12mm diameter roller ball.Price each"
GBBstnAmb1ozRollonMattBlk,GBBstn,Boston round,1oz,"Boston rounddesign30ml,1oz Amber glass bottlewithplastic roller ball plugandmatte black cap.For use with perfume, fragrance oil, essential oil, or aromatherapy.Refillable bottle with large, 12mm diameter roller ball.Price each"
GBBstnAmb1ozRollonMattGl,GBBstn,Boston round,1oz,"Boston rounddesign30ml,1oz Amber glass bottlewithplastic roller ball plugandmatte gold cap.For use with perfume, fragrance oil, essential oil, or aromatherapy.Refillable bottle with large, 12mm diameter roller ball.Price each"
GBBstnAmb1ozWhtDropper,GBBstn,Boston round,1oz,"Boston rounddesign30ml,1oz Amber glass bottlewithwhite dropper.For use with perfume oils, diffuser oils, serums, primers, facial oils or face oils, moisturizers, and beard oils.Price each"
GBBstnAmb1ozBlkDropperShnSlTrim,GBBstn,Boston round,1oz,"Boston rounddesign30ml,1oz Amber glass bottleandblack dropperwith ashiny silver trim cap.For use with perfume oils, diffuser oils, serums, primers, facial oils or face oils, moisturizers, and beard oils.Price each"
GBBstnAmb1ozWhtDropperShnGlTrim,GBBstn,Boston round,1oz,"Boston rounddesign30ml,1oz Amber glass bottleandwhite dropperwith ashiny gold trim cap.For use with perfume oils, diffuser oils, serums, primers, facial oils or face oils, moisturizers, and beard oils.Price each"
GBBstnAmb1ozWhtDropperShnSlTrim,GBBstn,Boston round,1oz,"Boston rounddesign30ml,1oz Amber glass bottleandwhite dropperwith ashiny silver trim cap.For use with perfume oils, diffuser oils, serums, primers, facial oils or face oils, moisturizers, and beard oils.Price each"
GBBstnAmb1ozBlkDropperShnGlTrim,GBBstn,Boston round,1oz,"Boston rounddesign30ml,1oz Amber glass bottleandblack dropperwith ashiny gold trim cap.For use with perfume oils, diffuser oils, serums, primers, facial oils or face oils, moisturizers, and beard oils.Price each"
GBBstnBlu1ozMtlRollonMattSl,GBBstn,Boston round,1oz,"Boston rounddesign30ml,1oz Cobalt blue glass bottlewithmetal roller plugandmatte silver cap.For use with perfume, fragrance oil, essential oils, body oils, thin lotions and ointments.Refillable bottle with large, 12mm diameter metal-roller ball.Price each"
GBBstnBlu1ozMtlRollonShnSl,GBBstn,Boston round,1oz,"Boston rounddesign30ml,1oz Cobalt blue glass bottlewithmetal roller plugandshiny silver cap.For use with perfume, fragrance oil, essential oil, or aromatherapy.Refillable bottle with large, 12mm diameter metal-roller ball.Price each"
GBBstnBlu1ozMtlRollonMattBlk,GBBstn,Boston round,1oz,"Boston rounddesign30ml,1oz Cobalt blue glass bottlewithmetal roller plugandmatte black cap.For use with perfume, fragrance oil, essential oil, or aromatherapy.Refillable bottle with large, 12mm diameter metal-roller ball.Price each"
GBBstnBlu1ozMtlRollonMattGl,GBBstn,Boston round,1oz,"Boston rounddesign30ml,1oz Cobalt blue glass bottlewithmetal roller plugandmatte gold cap.For use with perfume, fragrance oil, essential oil, or aromatherapy.Refillable bottle with large, 12mm diameter metal-roller ball.Price each"
GBBstnBlu1ozRollonMattSl,GBBstn,Boston round,1oz,"Boston rounddesign30ml,1oz Cobalt blue glass bottlewithplastic roller ball plugandmatte silver cap.For use with perfume, fragrance oil, essential oil, or aromatherapy.Refillable bottle with large, 12mm diameter roller ball.Price each"
GBBstnBlu1ozRollonShnSl,GBBstn,Boston round,1oz,"Boston rounddesign30ml,1oz Cobalt blue glass bottlewithplastic roller ball plugandshiny silver cap.For use with perfume, fragrance oil, essential oil, or aromatherapy.Refillable bottle with large, 12mm diameter roller ball.Price each"
GBBstnBlu1ozRollonMattBlk,GBBstn,Boston round,1oz,"Boston rounddesign30ml,1oz Cobalt blue glass bottlewithplastic roller ball plugandmatte black cap.For use with perfume, fragrance oil, essential oil, or aromatherapy.Refillable bottle with large, 12mm diameter roller ball.Price each"
GBBstnBlu1ozRollonMattGl,GBBstn,Boston round,1oz,"Boston rounddesign30ml,1oz Cobalt blue glass bottlewithplastic roller ball plugandmatte gold cap.For use with perfume, fragrance oil, essential oil, or aromatherapy.Refillable bottle with large, 12mm diameter roller ball.Price each"
GBBstnBlu1ozWhtDropper,GBBstn,Boston round,1oz,"Boston rounddesign30ml,1oz Cobalt blue glass bottlewithwhite dropper00.For use with perfume oils, diffuser oils, serums, primers, facial oils or face oils, moisturizers, and beard oils.Price each"
GBBstnBlu1ozBlkDropperShnSlTrim,GBBstn,Boston round,1oz,"Boston rounddesign30ml,1oz Cobalt blue glass bottleandblack dropperwith ashiny silver trim cap.For use with perfume oils, diffuser oils, serums, primers, facial oils or face oils, moisturizers, and beard oils.Price each"
GBBstnBlu1ozWhtDropperShnGlTrim,GBBstn,Boston round,1oz,"Boston rounddesign30ml,1oz Cobalt blue glass bottleandwhite dropperwith ashiny gold trim cap.For use with perfume oils, diffuser oils, serums, primers, facial oils or face oils, moisturizers, and beard oils.Price each"
GBBstnBlu1ozWhtDropperShnSlTrim,GBBstn,Boston round,1oz,"Boston rounddesign30ml,1oz Cobalt blue glass bottleandwhite dropperwith ashiny silver trim cap.For use with perfume oils, diffuser oils, serums, primers, facial oils or face oils, moisturizers, and beard oils.Price each"
GBBstnBlu1ozBlkDropperShnGlTrim,GBBstn,Boston round,1oz,"Boston rounddesign30ml,1oz Cobalt blue glass bottleandblack dropperwith ashiny gold trim cap.For use with perfume oils, diffuser oils, serums, primers, facial oils or face oils, moisturizers, and beard oils.Price each"
GBBstn1ozMtlRollonMattSl,GBBstn,Boston round,1oz,"Boston rounddesign30ml,1oz Clear glass bottlewithmetal roller plugandmatte silver cap.For use with perfume, fragrance oil, essential oils, body oils, thin lotions and ointments.Refillable bottle with large, 12mm diameter metal-roller ball.Price each"
GBBstn1ozMtlRollonShnSl,GBBstn,Boston round,1oz,"Boston rounddesign30ml,1oz Clear glass bottlewithmetal roller plugandshiny silver cap.For use with perfume, fragrance oil, essential oil, or aromatherapy.Refillable bottle with large, 12mm diameter metal-roller ball.Price each"
GBBstn1ozMtlRollonMattBlk,GBBstn,Boston round,1oz,"Boston rounddesign30ml,1oz Clear glass bottlewithmetal roller plugandmatte black cap.For use with perfume, fragrance oil, essential oil, or aromatherapy.Refillable bottle with large, 12mm diameter metal-roller ball.Price each"
GBBstn1ozMtlRollonGl,GBBstn,Boston round,1oz,"Boston rounddesign30ml,1oz Clear glass bottlewithmetal roller plugandshiny gold cap.For use with perfume, fragrance oil, essential oil, or aromatherapy.Refillable bottle with large, 12mm diameter metal-roller ball.Price each"
GBBstn1ozMtlRollonMattGl,GBBstn,Boston round,1oz,"Boston rounddesign30ml,1oz Clear glass bottlewithmetal roller plugandmatte gold cap.For use with perfume, fragrance oil, essential oil, or aromatherapy.Refillable bottle with large, 12mm diameter metal-roller ball.Price each"
GBBstn1ozRollMattSl,GBBstn,Boston round,1oz,"Boston rounddesign30ml,1oz Clear glass bottlewithplastic roller ball plugandmatte silver cap.For use with perfume, fragrance oil, essential oil, or aromatherapy.Refillable bottle with large, 12mm diameter roller ball.Price each"
GBBstn1ozRollShnSl,GBBstn,Boston round,1oz,"Boston rounddesign30ml,1oz Clear glass bottlewithplastic roller ball plugandshiny silver cap.For use with perfume, fragrance oil, essential oil, or aromatherapy.Refillable bottle with large, 12mm diameter roller ball.Price each"
GBBstn1ozRollMattBlk,GBBstn,Boston round,1oz,"Boston rounddesign30ml,1oz Clear glass bottlewithplastic roller ball plugandmatte black cap.For use with perfume, fragrance oil, essential oil, or aromatherapy.Refillable bottle with large, 12mm diameter roller ball.Price each"
GBBstn1ozRollGl,GBBstn,Boston round,1oz,"Boston rounddesign30ml,1oz Clear glass bottlewithplastic roller ball plugandshiny gold cap.For use with perfume, fragrance oil, essential oil, or aromatherapy.Refillable bottle with large, 12mm diameter roller ball.Price each"
GBBstn1ozRollMattGl,GBBstn,Boston round,1oz,"Boston rounddesign30ml,1oz Clear glass bottlewithplastic roller ball plugandmatte gold cap.For use with perfume, fragrance oil, essential oil, or aromatherapy.Refillable bottle with large, 12mm diameter roller ball.Price each"
GBBstn1ozWhtDrp,GBBstn,Boston round,1oz,"Boston rounddesign30ml,1oz Clear glass bottlewithwhite dropper00.For use with perfume oils, diffuser oils, serums, primers, facial oils or face oils, moisturizers, and beard oils.Price each"
GBBstn1ozBlkDrpShnSlTrim,GBBstn,Boston round,1oz,"Boston rounddesign30ml,1oz Clear glass bottleandblack dropperwith ashiny silver trim cap.For use with perfume oils, diffuser oils, serums, primers, facial oils or face oils, moisturizers, and beard oils.Price each"
GBBstn1ozWhtDrpShnGlTrim,GBBstn,Boston round,1oz,"Boston rounddesign30ml,1oz Clear glass bottleandwhite dropperwith ashiny gold trim cap.For use with perfume oils, diffuser oils, serums, primers, facial oils or face oils, moisturizers, and beard oils.Price each"
GBBstn1ozWhtDrpShnSlTrim,GBBstn,Boston round,1oz,"Boston rounddesign30ml,1oz Clear glass bottleandwhite dropperwith ashiny silver trim cap.For use with perfume oils, diffuser oils, serums, primers, facial oils or face oils, moisturizers, and beard oils.Price each"
GBBstn1ozBlkDrpShnGlTrim,GBBstn,Boston round,1oz,"Boston rounddesign30ml,1oz Clear glass bottleandblack dropperwith ashiny gold trim cap.For use with perfume oils, diffuser oils, serums, primers, facial oils or face oils, moisturizers, and beard oils.Price each"
GBBstnAmb15mlBlkDropperSlTrim,GBBstn,Boston round,1/2 oz,"Boston rounddesign15ml,1/2 oz Amber glass bottleandblack dropperwith ashiny silver trim cap.For use with perfume oils, diffuser oils, serums, primers, facial oils or face oils, moisturizers, and beard oils.Price each"
GBBstnAmb15mlWhtDropperSlTrim,GBBstn,Boston round,1/2 oz,"Boston rounddesign15ml,1/2 oz Amber glass bottleandwhite dropperwith ashiny silver trim cap.For use with perfume oils, diffuser oils, serums, primers, facial oils or face oils, moisturizers, and beard oils.Price each"
GBBstnAmb15mlWhtDropperGlTrim,GBBstn,Boston round,1/2 oz,"Boston rounddesign15ml,1/2 oz Amber glass bottleandwhite dropperwith ashiny gold trim cap.For use with perfume oils, diffuser oils, serums, primers, facial oils or face oils, moisturizers, and beard oils.Price each"
GBBstnAmb15mlWhtDropper,GBBstn,Boston round,1/2 oz,"Boston rounddesign15ml,1/2 oz Amber glass bottlewitha white dropper0.For use with perfume oils, diffuser oils, serums, primers, facial oils or face oils, moisturizers, and beard oils.Price each"
GBBstnBlu15mlBlkDropperSlTrim,GBBstn,Boston round,1/2 oz,"Boston rounddesign15ml,1/2 oz Cobalt blue glass bottleandblack dropperand ashiny silver trim cap.For use with perfume oils, diffuser oils, serums, primers, facial oils or face oils, moisturizers, and beard oils.Price each"
GBBstnBlu15WhtDrpSlTrim,GBBstn,Boston round,1/2 oz,"Boston rounddesign15ml,1/2 oz Cobalt blue glass bottleandwhite dropperand ashiny silver trim cap.For use with perfume oils, diffuser oils, serums, primers, facial oils or face oils, moisturizers, and beard oils.Price each"
GBBstnBlu15WhtDrpGlTrim,GBBstn,Boston round,1/2 oz,"Boston rounddesign15ml,1/2 oz Cobalt blue glass bottleandwhite dropperand ashiny gold trim cap.For use with perfume oils, diffuser oils, serums, primers, facial oils or face oils, moisturizers, and beard oils.Price each"
GBBstnBlu15BlkDrp,GBBstn,Boston round,1/2 oz,"Boston rounddesign15ml,1/2 oz Cobalt blue glass bottlewitha black dropper0.For use with perfume oils, diffuser oils, serums, primers, facial oils or face oils, moisturizers, and beard oils.Price each"
GBBstnBlu15WhtDrp,GBBstn,Boston round,1/2 oz,"Boston rounddesign15ml,1/2 oz Cobalt blue glass bottlewitha white dropper00.For use with perfume oils, diffuser oils, serums, primers, facial oils or face oils, moisturizers, and beard oils.Price each"
GBBstnBlu15BlkDrpGlTrim,GBBstn,Boston round,1/2 oz,"Boston rounddesign15ml,1/2 oz Cobalt blue glass bottlewithblack dropper0shiny gold trim cap.For use with perfume oils, diffuser oils, serums, primers, facial oils or face oils, moisturizers, and beard oils.Price each"
GBBstn015BlkDrpSlTrim,GBBstn,Boston round,1/2 oz,"Boston rounddesign15ml,1/2 oz Clear glass bottleandblack dropperand ashiny silver trim cap.For use with perfume oils, diffuser oils, serums, primers, facial oils or face oils, moisturizers, and beard oils.Price each"
GBBstn015WhtDrpSlTrim,GBBstn,Boston round,1/2 oz,"Boston rounddesign15ml,1/2 oz Clear glass bottleandwhite dropperand ashiny silver trim cap.For use with perfume oils, diffuser oils, serums, primers, facial oils or face oils, moisturizers, and beard oils.Price each"
GBBstn015WhtDrpGlTrim,GBBstn,Boston round,1/2 oz,"Boston rounddesign15ml,1/2 oz Clear glass bottleandwhite dropperand ashiny gold trim cap.For use with perfume oils, diffuser oils, serums, primers, facial oils or face oils, moisturizers, and beard oils.Price each"
GBBstn015BlkDrp,GBBstn,Boston round,1/2 oz,"Boston rounddesign15ml,1/2 oz Clear glass bottlewitha black dropper00.For use with perfume oils, diffuser oils, serums, primers, facial oils or face oils, moisturizers, and beard oils.Price each"
GBBstn015WhtDrp,GBBstn,Boston round,1/2 oz,"Boston rounddesign15ml,1/2 oz Clear glass bottlewitha white dropper00.For use with perfume oils, diffuser oils, serums, primers, facial oils or face oils, moisturizers, and beard oils.Price each"
GBBstn015BlkDrpGlTrim,GBBstn,Boston round,1/2 oz,"Boston rounddesign15ml,1/2 oz Clear glass bottlewitha black dropperand ashiny gold trim cap.For use with perfume oils, diffuser oils, serums, primers, facial oils or face oils, moisturizers, and beard oils.Price each"
GBCyl25RdcrShnGl,GBCyl,Cylinder,1oz,Cylinderdesign25 ml or 1oz Clear glass bottle withreducerandshiny gold cap.
GBCyl25RdcrShnBlkTall,GBCyl,Cylinder,1oz,Cylinderdesign25 ml1oz Clear glass bottle withreducerandtall black shiny cap.
GBCyl25RdcrShnBlk,GBCyl,Cylinder,1oz,Cylinderdesign25 ml1oz Clear glass bottle withreducerandblack shiny cap.
GBCyl25RdcrBlkLthr,GBCyl,Cylinder,1oz,Cylinderdesign25 ml1oz Clear glass bottle withreducerandblack faux leather cap.
GBCyl25RdcrBrwnLthr,GBCyl,Cylinder,1oz,Cylinderdesign25 ml1oz Clear glass bottle withreducerandbrown faux leather cap.
GBCyl25RdcrLBrwnLthr,GBCyl,Cylinder,1oz,Cylinderdesign25 ml1oz Clear glass bottle withreducerandlight brown faux leather cap.
GBCyl25RdcrShnSl,GBCyl,Cylinder,1oz,Cylinderdesign25 ml1oz Clear glass bottle withreducerandshiny silver cap.
GBCyl25RdcrMtSlTall,GBCyl,Cylinder,1oz,Cylinderdesign25 ml1oz Clear glass bottle withreducerandtall silver matte cap.
GBCyl25RdcrMtSl,GBCyl,Cylinder,1oz,Cylinderdesign25 ml1oz Clear glass bottle withreducerandsilver matte cap.
GBCyl25RdcrWht,GBCyl,Cylinder,1oz,Cylinderdesign25 ml1oz Clear glass bottle withreducerandwhite cap.
GBCyl25SpryMtGl,GBCyl,Cylinder,1oz,Cylinderdesign25 ml1oz Clear glass bottle withmatte gold spray pump.
LBCyl25LtnMtGl,LBCyl,Cylinder,1oz,Cylinderdesign25 ml1oz Clear glass bottle withmatte gold lotion pump.
GBCyl25SpryShnGl,GBCyl,Cylinder,1oz,Cylinderdesign25 ml1oz Clear glass bottle withshiny gold spray pump.
LBCyl25LtnShnGl,LBCyl,Cylinder,1oz,Cylinderdesign25 ml1oz Clear glass bottle withshiny gold lotion pump.
GBCyl25SpryShnBlk,GBCyl,Cylinder,1oz,Cylinderdesign25 ml1oz Clear glass bottle withshiny black spray pump.
LBCyl25LtnShnBlk,LBCyl,Cylinder,1oz,Cylinderdesign25 ml1oz Clear glass bottle withshiny black lotion pump.
GBCyl25SpryMtSl,GBCyl,Cylinder,1oz,Cylinderdesign25 ml1oz Clear glass bottle withmatte silver spray pump.
LBCyl25LtnMtSl,LBCyl,Cylinder,1oz,Cylinderdesign25 ml1oz Clear glass bottle withmatte silver lotion pump.
LBCyl25LtnClOvrCap,LBCyl,Cylinder,1oz,Cylinderdesign25 ml1oz Clear glass bottle with matte silver collar treatment pump.
GBCyl25SpryShnSl,GBCyl,Cylinder,1oz,Cylinderdesign25 ml1oz Clear glass bottle withshiny silver spray pump.
LBCyl25LtnShnSl,LBCyl,Cylinder,1oz,Cylinderdesign25 ml1oz Clear glass bottle withshiny silver lotion pump.
GBCyl25AnSpLvn,GBCyl,Cylinder,1oz,Cylinderdesign25 ml1oz Clear glass bottle with lavender vintage style bulb sprayer.
GBCyl25AnSpPnk,GBCyl,Cylinder,1oz,Cylinderdesign25 ml1oz Clear glass bottle with pink vintage style bulb sprayer.
GBCyl25AnSpMtSl,GBCyl,Cylinder,1oz,Cylinderdesign25 ml1oz Clear glass bottle with matte silver vintage style sprayer.
GBCyl25AnSpIvySl,GBCyl,Cylinder,1oz,Cylinderdesign25 ml1oz Clear glass bottle with ivory vintage style bulb sprayer.
GBCyl25AnSpGl,GBCyl,Cylinder,1oz,Cylinderdesign25 ml1oz Clear glass bottle with gold vintage style sprayer.
GBCyl25AnSpIvyGl,GBCyl,Cylinder,1oz,Cylinderdesign25 ml1oz Clear glass bottle with ivory vintage style bulb sprayer.
GBCyl25AnSpWht,GBCyl,Cylinder,1oz,Cylinderdesign25 ml1oz Clear glass bottle with white vintage style bulb sprayer.
GBCyl25AnSpRed,GBCyl,Cylinder,1oz,Cylinderdesign25 ml1oz Clear glass bottle with red vintage style bulb sprayer.
GBCyl25DrpSl,GBCyl,Cylinder,1oz,Cylinderdesign25 ml1oz Clear glass bottle with white dropper shiny silver collar cap.
GBCyl25RdcrPnkLthr,GBCyl,Cylinder,1oz,Cylinderdesign25 ml1oz Clear glass bottle with reducer and pink faux leather cap.
GBCyl25RdcrIvyLthr,GBCyl,Cylinder,1oz,Cylinderdesign25 ml1oz Clear glass bottle with reducer and ivory faux leather cap.
GBCyl25SpryCu,GBCyl,Cylinder,1oz,Cylinderdesign25 ml1oz Clear glass bottle with matte copper spray pump.
LBCyl25LtnCu,LBCyl,Cylinder,1oz,Cylinderdesign25 ml1oz Clear glass bottle with matte copper lotion pump.
GBCyl50RdcrShnGl,GBCyl,Cylinder,1.7oz,Cylinderdesign50 ml1.7oz Clear glass bottle with reducer and shiny gold cap.
GBCyl50RdcrShnBlkTall,GBCyl,Cylinder,1.7oz,Cylinderdesign50 ml1.7oz Clear glass bottle with reducer and tall black shiny cap.
GBCyl50RdcrShnBlk,GBCyl,Cylinder,1.7oz,Cylinderdesign50 ml1.7oz Clear glass bottle with reducer and black shiny cap.
GBCyl50RdcrBrwnLthr,GBCyl,Cylinder,1.7oz,Cylinderdesign50 ml1.7oz Clear glass bottle with reducer and brown faux leather cap.
GBCyl50RdcrLBrwnLthr,GBCyl,Cylinder,1.7oz,Cylinderdesign50 ml1.7oz Clear glass bottle with reducer and light brown faux leather cap.
GBCyl50RdcrShnSl,GBCyl,Cylinder,1.7oz,Cylinderdesign50 ml1.7oz Clear glass bottle with reducer and shiny silver cap.
GBCyl50RdcrMtSlTall,GBCyl,Cylinder,1.7oz,Cylinderdesign50 ml1.7oz Clear glass bottle with reducer and tall silver matte cap.
GBCyl50RdcrMtSl,GBCyl,Cylinder,1.7oz,Cylinderdesign50 ml1.7oz Clear glass bottle with reducer and silver matte cap.
GBCyl50RdcrWht,GBCyl,Cylinder,1.7oz,Cylinderdesign50 ml1.7oz Clear glass bottle with reducer and white cap.
GBCyl50SpryMtGl,GBCyl,Cylinder,1.7oz,Cylinderdesign50 ml1.7oz Clear glass bottle with matte gold spray pump.
LBCyl50LtnMtGl,LBCyl,Cylinder,1.7oz,"Cylinderdesign50 ml,  1.7oz Clear glass bottle  withmatte gold lotion pump.For use with lotions, moisturizer, and serums.Cylinder design is a family of bottles available in 25ml, 50ml and 100ml sizes.Price each"
GBCyl50SpryShnGl,GBCyl,Cylinder,1.7oz,"Cylinderdesign50 ml,  1.7oz Clear glass bottle  withshiny gold spray pump.For use with cologne, Eau de Parfum, air freshner, face and body spray, or room spray.Cylinder design is a family of bottles available in 25ml, 50ml and 100ml sizes.Price each"
LBCyl50LtnShnGl,LBCyl,Cylinder,1.7oz,"Cylinderdesign50 ml,  1.7oz Clear glass bottle  withshiny gold lotion pump.For use with lotions, moisturizer, and serums.Cylinder design is a family of bottles available in 25ml, 50ml and 100ml sizes.Price each"
GBCyl50SpryShnBlk,GBCyl,Cylinder,1.7oz,"Cylinderdesign50 ml,  1.7oz Clear glass bottle  withshiny black spray pump.For use with cologne, Eau de Parfum, air freshner, face and body spray, or room spray.Cylinder design is a family of bottles available in 25ml, 50ml and 100ml sizes.Price each"
LBCyl50LtnShnBlk,LBCyl,Cylinder,1.7oz,"Cylinderdesign50 ml,  1.7oz Clear glass bottle  withshiny black lotion pump.For use with lotions, moisturizer, and serums.Cylinder design is a family of bottles available in 25ml, 50ml and 100ml sizes.Price each"
GBCyl50SpryMtSl,GBCyl,Cylinder,1.7oz,"Cylinderdesign50 ml,  1.7oz Clear glass bottle  withmatte silver spray pump.For use with cologne, Eau de Parfum, air freshner, face and body spray, or room spray.Cylinder design is a family of bottles available in 25ml, 50ml and 100ml sizes.Price each"
LBCyl50LtnMtSl,LBCyl,Cylinder,1.7oz,"Cylinderdesign50 ml,  1.7oz Clear glass bottle  withmatte silver lotion pump.For use with lotions, moisturizer, and serums.Cylinder design is a family of bottles available in 25ml, 50ml and 100ml sizes.Price each"
GBCyl50SpryShnSl,GBCyl,Cylinder,1.7oz,"Cylinderdesign50 ml,  1.7oz Clear glass bottle  withshiny silver spray pump0.For use with cologne, Eau de Parfum, air freshner, face and body spray, or room spray.Cylinder design is a family of bottles available in 25ml, 50ml and 100ml sizes.Price each"
LBCyl50LtnShnSl,LBCyl,Cylinder,1.7oz,"Cylinderdesign50 ml,  1.7oz Clear glass bottle  withshiny silver lotion pump0.For use with lotions, moisturizer, and serums.Cylinder design is a family of bottles available in 25ml, 50ml and 100ml sizes.Price each"
GBCyl50AnSpLvn,GBCyl,Cylinder,1.7oz,"Cylinderdesign50 ml,  1.7oz Clear glass bottle  withlavender vintage style bulb sprayerwithshiny silver collar cap.For use with cologne, Eau de Parfum, air freshner, face and body spray, or room spray. Antique or vintage bulb sprayers enhance the beauty of your product.Cylinder design is a family of bottles available in 25ml, 50ml and 100ml sizes.Price each"
GBCyl50AnSpPnk,GBCyl,Cylinder,1.7oz,"Cylinderdesign50 ml,  1.7oz Clear glass bottle  withpink vintage style bulb sprayerwithshiny gold collar cap.For use with cologne, Eau de Parfum, air freshner, face and body spray, or room spray. Antique or vintage bulb sprayers enhance the beauty of your product.Cylinder design is a family of bottles available in 25ml, 50ml and 100ml sizes.Price each"
GBCyl50AnSpMtSl,GBCyl,Cylinder,1.7oz,
GBCyl50AnSpIvySl,GBCyl,Cylinder,1.7oz,"Cylinderdesign50 ml,  1.7oz Clear glass bottle  withivory vintage style bulb sprayerwithshiny silver collar cap.For use with cologne, Eau de Parfum, air freshner, face and body spray, or room spray. Antique or vintage bulb sprayers enhance the beauty of your product.Cylinder design is a family of bottles available in 25ml, 50ml and 100ml sizes.Price each"
GBCyl50AnSpGl,GBCyl,Cylinder,1.7oz,"Cylinderdesign50 ml,  1.7oz Clear glass bottle  withgold vintage style sprayerwithshiny gold collar cap.For use with cologne, Eau de Parfum, air freshner, face and body spray, or room spray. Antique or vintage bulb sprayers enhance the beauty of your product.Cylinder design is a family of bottles available in 25ml, 50ml and 100ml sizes.Price each"
GBCyl50AnSpIvyGl,GBCyl,Cylinder,1.7oz,"Cylinderdesign50 ml,  1.7oz Clear glass bottle  withivory vintage style bulb sprayerwithshiny gold collar cap.For use with cologne, Eau de Parfum, air freshner, face and body spray, or room spray. Antique or vintage bulb sprayers enhance the beauty of your product.Cylinder design is a family of bottles available in 25ml, 50ml and 100ml sizes.Price each"
GBCyl50AnSpWht,GBCyl,Cylinder,1.7oz,"Cylinderdesign50 ml,  1.7oz Clear glass bottle  withwhite vintage style bulb sprayerwithshiny silver collar cap.For use with cologne, Eau de Parfum, air freshner, face and body spray, or room spray. Antique or vintage bulb sprayers enhance the beauty of your product.Cylinder design is a family of bottles available in 25ml, 50ml and 100ml sizes.Price each"
GBCyl50AnSpRed,GBCyl,Cylinder,1.7oz,"Cylinderdesign50 ml,  1.7oz Clear glass bottle  withred vintage style bulb sprayerwithshiny silver collar cap.For use with cologne, Eau de Parfum, air freshner, face and body spray, or room spray. Antique or vintage bulb sprayers enhance the beauty of your product.Cylinder design is a family of bottles available in 25ml, 50ml and 100ml sizes.Price each"
GBCyl50AnSpTslLvn,GBCyl,Cylinder,1.7oz,"Cylinderdesign50 ml,  1.7oz Clear glass bottle  withLavender vintage style bulb sprayer with Tasselandshiny silver collar cap.For use with cologne, Eau de Parfum, air freshner, face and body spray, or room spray. Antique or vintage bulb sprayers enhance the beauty of your product.Cylinder design is a family of bottles available in 25ml, 50ml and 100ml sizes.Price each"
GBCyl50AnSpTslIvyGl,GBCyl,Cylinder,1.7oz,"Cylinderdesign50 ml,  1.7oz Clear glass bottle  withIvory vintage style bulb sprayer with tasselandshiny gold collar cap.For use with cologne, Eau de Parfum, air freshner, face and body spray, or room spray. Antique or vintage bulb sprayers enhance the beauty of your product.Cylinder design is a family of bottles available in 25ml, 50ml and 100ml sizes.Price each"
GBCyl50AnSpTslIvySl,GBCyl,Cylinder,1.7oz,"Cylinderdesign50 ml,  1.7oz Clear glass bottle  withIvory vintage style bulb sprayer with tasselandshiny silver collar cap.For use with cologne, Eau de Parfum, air freshner, face and body spray, or room spray. Antique or vintage bulb sprayers enhance the beauty of your product.Cylinder design is a family of bottles available in 25ml, 50ml and 100ml sizes.Price each"
GBCyl50AnSpTslWht,GBCyl,Cylinder,1.7oz,"Cylinderdesign50 ml,  1.7oz Clear glass bottle  withWhite vintage style bulb sprayer with tasselandshiny silver collar cap.For use with cologne, Eau de Parfum, air freshner, face and body spray, or room spray. Antique or vintage bulb sprayers enhance the beauty of your product.Cylinder design is a family of bottles available in 25ml, 50ml and 100ml sizes.Price each"
GBCyl50AnSpTslPnk,GBCyl,Cylinder,1.7oz,"Cylinderdesign50 ml,  1.7oz Clear glass bottle  withPink vintage style bulb sprayer with tasselandshiny gold collar cap.For use with cologne, Eau de Parfum, air freshner, face and body spray, or room spray. Antique or vintage bulb sprayers enhance the beauty of your product.Cylinder design is a family of bottles available in 25ml, 50ml and 100ml sizes.Price each"
GBCyl50AnSpTslRed,GBCyl,Cylinder,1.7oz,"Cylinderdesign50 ml,  1.7oz Clear glass bottle  withRed vintage style bulb sprayer with tasselandshiny silver collar cap.For use with cologne, Eau de Parfum, air freshner, face and body spray, or room spray. Antique or vintage bulb sprayers enhance the beauty of your product.Cylinder design is a family of bottles available in 25ml, 50ml and 100ml sizes.Price each"
GBCyl50AnSpTslMtSl,GBCyl,Cylinder,1.7oz,"Cylinderdesign50 ml,  1.7oz Clear glass bottle  withSilver vintage style bulb sprayer with tasselandmatte silver collar cap.For use with cologne, Eau de Parfum, air freshner, face and body spray, or room spray. Antique or vintage bulb sprayers enhance the beauty of your product.Cylinder design is a family of bottles available in 25ml, 50ml and 100ml sizes.Price each"
GBCyl50AnSpTslGl,GBCyl,Cylinder,1.7oz,"Cylinderdesign50 ml,  1.7oz Clear glass bottle  withGold vintage style bulb sprayer with tasselandshiny gold collar cap.For use with cologne, Eau de Parfum, air freshner, face and body spray, or room spray. Antique or vintage bulb sprayers enhance the beauty of your product.Cylinder design is a family of bottles available in 25ml, 50ml and 100ml sizes.Price each"
GBCyl50RdcrPnkLthr,GBCyl,Cylinder,1.7oz,"Cylinderdesign50 ml,  1.7oz Clear glass bottle  withreducerandpink faux leather cap.For use with cologne, aftershave, splash on, and perfume or fragrance oil, beard oils.Cylinder design is a family of bottles available in 25ml, 50ml and 100ml sizes.Price each"
GBCyl50RdcrIvyLthr,GBCyl,Cylinder,1.7oz,"Cylinderdesign50 ml,  1.7oz Clear glass bottle  withreducerandivory faux leather cap.For use with cologne, aftershave, splash on, and perfume or fragrance oil, beard oils.Cylinder design is a family of bottles available in 25ml, 50ml and 100ml sizes.Price each"
LBCyl50LtnCu,LBCyl,Cylinder,1.7oz,"Cylinderdesign50 ml,  1.7oz Clear glass bottle  withmatte copper lotion pump0.For use with lotions, moisturizer, and serums.Cylinder design is a family of bottles available in 25ml, 50ml and 100ml sizes.Price each"
GBCyl100RdcrShnGl,GBCyl,Cylinder,3 1/2oz,"Cylinderdesign100 ml,  3 1/2oz Clear glass bottle  withreducerandshiny gold cap.For use with cologne, aftershave, splash on, and perfume or fragrance oil, beard oils.Cylinder design is a family of bottles available in 25ml, 50ml and 100ml sizes.Price each"
GBCyl100RdcrShnBlkTall,GBCyl,Cylinder,3 1/2oz,"Cylinderdesign100 ml,  3 1/2oz Clear glass bottle  withreducerandtall black shiny cap.For use with cologne, aftershave, splash on, and perfume or fragrance oil, beard oils.Cylinder design is a family of bottles available in 25ml, 50ml and 100ml sizes.Price each"
GBCyl100RdcrShnBlk,GBCyl,Cylinder,3 1/2oz,"Cylinderdesign100 ml,  3 1/2oz Clear glass bottle  withreducerandblack shiny cap.For use with cologne, aftershave, splash on, and perfume or fragrance oil, beard oils.Cylinder design is a family of bottles available in 25ml, 50ml and 100ml sizes.Price each"
GBCyl100RdcrBrwnLthr,GBCyl,Cylinder,3 1/2oz,"Cylinderdesign100 ml,  3 1/2oz Clear glass bottle  withreducerandbrown faux leather cap.For use with cologne, aftershave, splash on, and perfume or fragrance oil, beard oils.Cylinder design is a family of bottles available in 25ml, 50ml and 100ml sizes.Price each"
GBCyl100RdcrLBrwnLthr,GBCyl,Cylinder,3 1/2oz,"Cylinderdesign100 ml,  3 1/2oz Clear glass bottle  withreducerandlight brown faux leather cap.For use with cologne, aftershave, splash on, and perfume or fragrance oil, beard oils.Cylinder design is a family of bottles available in 25ml, 50ml and 100ml sizes.Price each"
GBCyl100RdcrShnSl,GBCyl,Cylinder,3 1/2oz,"Cylinderdesign100 ml,  3 1/2oz Clear glass bottle  withreducerandshiny silver cap.For use with cologne, aftershave, splash on, and perfume or fragrance oil, beard oils.Cylinder design is a family of bottles available in 25ml, 50ml and 100ml sizes.Price each"
GBCyl100RdcrMtSlTall,GBCyl,Cylinder,3 1/2oz,"Cylinderdesign100 ml,  3 1/2oz Clear glass bottle  withreducerandtall silver matte cap.For use with cologne, aftershave, splash on, and perfume or fragrance oil, beard oils.Cylinder design is a family of bottles available in 25ml, 50ml and 100ml sizes.Price each"
GBCyl100RdcrMtSl,GBCyl,Cylinder,3 1/2oz,"Cylinderdesign100 ml,  3 1/2oz Clear glass bottle  withreducerandsilver matte cap.For use with cologne, aftershave, splash on, and perfume or fragrance oil, beard oils.Cylinder design is a family of bottles available in 25ml, 50ml and 100ml sizes.Price each"
GBCyl100RdcrWht,GBCyl,Cylinder,3 1/2oz,"Cylinderdesign100 ml,  3 1/2oz Clear glass bottle  withreducerandwhite cap.For use with cologne, aftershave, splash on, and perfume or fragrance oil, beard oils.Cylinder design is a family of bottles available in 25ml, 50ml and 100ml sizes.Price each"
GBCyl100SpryMtGl,GBCyl,Cylinder,3 1/2oz,"Cylinderdesign100 ml,  3 1/2oz Clear glass bottle  withmatte gold spray pump0.For use with cologne, Eau de Parfum, air freshner, face and body spray, or room spray.Cylinder design is a family of bottles available in 25ml, 50ml and 100ml sizes.Price each"
LBCyl100LtnMtGl,LBCyl,Cylinder,3 1/2oz,"Cylinderdesign100 ml,  3 1/2oz Clear glass bottle  withmatte gold lotion pump0.For use with lotions, moisturizer, and serums.Cylinder design is a family of bottles available in 25ml, 50ml and 100ml sizes.Price each"
GBCyl100SpryShnGl,GBCyl,Cylinder,3 1/2oz,"Cylinderdesign100 ml,  3 1/2oz Clear glass bottle  withshiny gold spray pump0.For use with cologne, Eau de Parfum, air freshner, face and body spray, or room spray.Cylinder design is a family of bottles available in 25ml, 50ml and 100ml sizes.Price each"
LBCyl100LtnShnGl,LBCyl,Cylinder,3 1/2oz,"Cylinderdesign100 ml,  3 1/2oz Clear glass bottle  withshiny gold lotion pump0.For use with lotions, moisturizer, and serums.Cylinder design is a family of bottles available in 25ml, 50ml and 100ml sizes.Price each"
GBCyl100SpryShnBlk,GBCyl,Cylinder,3 1/2oz,"Cylinderdesign100 ml,  3 1/2oz Clear glass bottle  withshiny black spray pump0.For use with cologne, Eau de Parfum, air freshner, face and body spray, or room spray.Cylinder design is a family of bottles available in 25ml, 50ml and 100ml sizes.Price each"
LBCyl100LtnShnBlk,LBCyl,Cylinder,3 1/2oz,"Cylinderdesign100 ml,  3 1/2oz Clear glass bottle  withshiny black lotion pump0.For use with lotions, moisturizer, and serums.Cylinder design is a family of bottles available in 25ml, 50ml and 100ml sizes.Price each"
GBCyl100SpryMtSl,GBCyl,Cylinder,3 1/2oz,"Cylinderdesign100 ml,  3 1/2oz Clear glass bottle  withmatte silver spray pump0.For use with cologne, Eau de Parfum, air freshner, face and body spray, or room spray.Cylinder design is a family of bottles available in 25ml, 50ml and 100ml sizes.Price each"
LBCyl100LtnMtSl,LBCyl,Cylinder,3 1/2oz,"Cylinderdesign100 ml,  3 1/2oz Clear glass bottle  withmatte silver lotion pump0.For use with lotions, moisturizer, and serums.Cylinder design is a family of bottles available in 25ml, 50ml and 100ml sizes.Price each"
GBCyl100SpryShnSl,GBCyl,Cylinder,3 1/2oz,"Cylinderdesign100 ml,  3 1/2oz Clear glass bottle  withshiny silver spray pump.For use with cologne, Eau de Parfum, air freshner, face and body spray, or room spray.Cylinder design is a family of bottles available in 25ml, 50ml and 100ml sizes.Price each"
LBCyl100LtnShnSl,LBCyl,Cylinder,3 1/2oz,"Cylinderdesign100 ml,  3 1/2oz Clear glass bottle  withshiny silver lotion pump.For use with lotions, moisturizer, and serums.Cylinder design is a family of bottles available in 25ml, 50ml and 100ml sizes.Price each"
GBCyl100AnSpLvn,GBCyl,Cylinder,3 1/2oz,"Cylinderdesign100 ml,  3 1/2oz Clear glass bottle  withlavender vintage style bulb sprayerwithshiny silver collar cap.For use with cologne, Eau de Parfum, air freshner, face and body spray, or room spray. Antique or vintage bulb sprayers enhance the beauty of your product.Cylinder design is a family of bottles available in 25ml, 50ml and 100ml sizes.Price each"
GBCyl100AnSpPnk,GBCyl,Cylinder,3 1/2oz,"Cylinderdesign100 ml,  3 1/2oz Clear glass bottle  withpink vintage style bulb sprayerwithshiny gold collar cap.For use with cologne, Eau de Parfum, air freshner, face and body spray, or room spray. Antique or vintage bulb sprayers enhance the beauty of your product.Cylinder design is a family of bottles available in 25ml, 50ml and 100ml sizes.Price each"
GBCyl100AnSpMtSl,GBCyl,Cylinder,3 1/2oz,"Cylinderdesign100 ml,  3 1/2oz Clear glass bottle  withmatte silver vintage style sprayerwithmatte silver collar cap.For use with cologne, Eau de Parfum, air freshner, face and body spray, or room spray. Antique or vintage bulb sprayers enhance the beauty of your product.Cylinder design is a family of bottles available in 25ml, 50ml and 100ml sizes.Price each"
GBCyl100AnSpIvySl,GBCyl,Cylinder,3 1/2oz,"Cylinderdesign100 ml,  3 1/2oz Clear glass bottle  withivory vintage style bulb sprayerwithshiny silver collar cap.For use with cologne, Eau de Parfum, air freshner, face and body spray, or room spray. Antique or vintage bulb sprayers enhance the beauty of your product.Cylinder design is a family of bottles available in 25ml, 50ml and 100ml sizes.Price each"
GBCyl100AnSpGl,GBCyl,Cylinder,3 1/2oz,"Cylinderdesign100 ml,  3 1/2oz Clear glass bottle  withgold vintage style sprayerwithshiny gold collar cap.For use with cologne, Eau de Parfum, air freshner, face and body spray, or room spray. Antique or vintage bulb sprayers enhance the beauty of your product.Cylinder design is a family of bottles available in 25ml, 50ml and 100ml sizes.Price each"
GBCyl100AnSpIvyGl,GBCyl,Cylinder,3 1/2oz,"Cylinderdesign100 ml,  3 1/2oz Clear glass bottle  withivory vintage style bulb sprayerwithshiny gold collar cap.For use with cologne, Eau de Parfum, air freshner, face and body spray, or room spray. Antique or vintage bulb sprayers enhance the beauty of your product.Cylinder design is a family of bottles available in 25ml, 50ml and 100ml sizes.Price each"
GBCyl100AnSpWht,GBCyl,Cylinder,3 1/2oz,"Cylinderdesign100 ml,  3 1/2oz Clear glass bottle  withwhite vintage style bulb sprayerwithshiny silver collar cap.For use with cologne, Eau de Parfum, air freshner, face and body spray, or room spray. Antique or vintage bulb sprayers enhance the beauty of your product.Cylinder design is a family of bottles available in 25ml, 50ml and 100ml sizes.Price each"
GBCyl100AnSpRed,GBCyl,Cylinder,3 1/2oz,"Cylinderdesign100 ml,  3 1/2oz Clear glass bottle  withred vintage style bulb sprayerwithshiny silver collar cap.For use with cologne, Eau de Parfum, air freshner, face and body spray, or room spray. Antique or vintage bulb sprayers enhance the beauty of your product.Cylinder design is a family of bottles available in 25ml, 50ml and 100ml sizes.Price each"
GBCyl100AnSpTslLvn,GBCyl,Cylinder,3 1/2oz,"Cylinderdesign100 ml,  3 1/2oz Clear glass bottle  withLavender vintage style bulb sprayer with Tasselandshiny silver collar cap.For use with cologne, Eau de Parfum, air freshner, face and body spray, or room spray. Antique or vintage bulb sprayers enhance the beauty of your product.Cylinder design is a family of bottles available in 25ml, 50ml and 100ml sizes.Price each"
GBCyl100AnSpTslIvyGl,GBCyl,Cylinder,3 1/2oz,"Cylinderdesign100 ml,  3 1/2oz Clear glass bottle  withIvory vintage style bulb sprayer with tasselandshiny gold collar cap.For use with cologne, Eau de Parfum, air freshner, face and body spray, or room spray. Antique or vintage bulb sprayers enhance the beauty of your product.Cylinder design is a family of bottles available in 25ml, 50ml and 100ml sizes.Price each"
GBCyl100AnSpTslIvySl,GBCyl,Cylinder,3 1/2oz,"Cylinderdesign100 ml,  3 1/2oz Clear glass bottle  withIvory vintage style bulb sprayer with tasselandshiny silver collar cap.For use with cologne, Eau de Parfum, air freshner, face and body spray, or room spray. Antique or vintage bulb sprayers enhance the beauty of your product.Cylinder design is a family of bottles available in 25ml, 50ml and 100ml sizes.Price each"
GBCyl100AnSpTslWht,GBCyl,Cylinder,3 1/2oz,"Cylinderdesign100 ml,  3 1/2oz Clear glass bottle  withWhite vintage style bulb sprayer with tasselandshiny silver collar cap.For use with cologne, Eau de Parfum, air freshner, face and body spray, or room spray. Antique or vintage bulb sprayers enhance the beauty of your product.Cylinder design is a family of bottles available in 25ml, 50ml and 100ml sizes.Price each"
GBCyl100AnSpTslPnk,GBCyl,Cylinder,3 1/2oz,"Cylinderdesign100 ml,  3 1/2oz Clear glass bottle  withPink vintage style bulb sprayer with tasselandshiny gold collar cap.For use with cologne, Eau de Parfum, air freshner, face and body spray, or room spray. Antique or vintage bulb sprayers enhance the beauty of your product.Cylinder design is a family of bottles available in 25ml, 50ml and 100ml sizes.Price each"
GBCyl100AnSpTslRed,GBCyl,Cylinder,3 1/2oz,"Cylinderdesign100 ml,  3 1/2oz Clear glass bottle  withRed vintage style bulb sprayer with tasselandshiny silver collar cap.For use with cologne, Eau de Parfum, air freshner, face and body spray, or room spray. Antique or vintage bulb sprayers enhance the beauty of your product.Cylinder design is a family of bottles available in 25ml, 50ml and 100ml sizes.Price each"
GBCyl100AnSpTslMtSl,GBCyl,Cylinder,3 1/2oz,"Cylinderdesign100 ml,  3 1/2oz Clear glass bottle  withSilver vintage style bulb sprayer with tasselandmatte silver collar cap.For use with cologne, Eau de Parfum, air freshner, face and body spray, or room spray. Antique or vintage bulb sprayers enhance the beauty of your product.Cylinder design is a family of bottles available in 25ml, 50ml and 100ml sizes.Price each"
GBCyl100AnSpTslGl,GBCyl,Cylinder,3 1/2oz,"Cylinderdesign100 ml,  3 1/2oz Clear glass bottle  withGold vintage style bulb sprayer with tasselandshiny gold collar cap.For use with cologne, Eau de Parfum, air freshner, face and body spray, or room spray. Antique or vintage bulb sprayers enhance the beauty of your product.Cylinder design is a family of bottles available in 25ml, 50ml and 100ml sizes.Price each"
GBCyl100RdcrPnkLthr,GBCyl,Cylinder,3 1/2oz,"Cylinderdesign100 ml,  3 1/2oz Clear glass bottle  withreducerandpink faux leather cap.For use with cologne, aftershave, splash on, and perfume or fragrance oil, beard oils.Cylinder design is a family of bottles available in 25ml, 50ml and 100ml sizes.Price each"
GBCyl100RdcrIvyLthr,GBCyl,Cylinder,3 1/2oz,"Cylinderdesign100 ml,  3 1/2oz Clear glass bottle  withreducerandivory faux leather cap.For use with cologne, aftershave, splash on, and perfume or fragrance oil, beard oils.Cylinder design is a family of bottles available in 25ml, 50ml and 100ml sizes.Price each"
LBCyl100LtnCu,LBCyl,Cylinder,3 1/2oz,"Cylinderdesign100 ml,  3 1/2oz Clear glass bottle  withmatte copper lotion pump0.For use with lotions, moisturizer, and serums.Cylinder design is a family of bottles available in 25ml, 50ml and 100ml sizes.Price each"
GBCrcl50RdcrShnGl,GBCrcl,Circle,1.7oz,"Circledesign50 ml,  1.7oz Clear glass bottle  withreducerandshiny gold cap.For use with cologne, aftershave, splash on, and perfume or fragrance oil, beard oils.Circle design is a famiily of bottles available in 15ml, 30ml, 50ml and 100ml size.Price each"
GBCrcl50RdcrShnBlkTall,GBCrcl,Circle,1.7oz,"Circledesign50 ml,  1.7oz Clear glass bottle  withreducerandtall black shiny cap.For use with cologne, aftershave, splash on, and perfume or fragrance oil, beard oils.Circle design is a famiily of bottles available in 15ml, 30ml, 50ml and 100ml size.Price each"
GBCrcl50RdcrShnBlk,GBCrcl,Circle,1.7oz,"Circledesign50 ml,  1.7oz Clear glass bottle  withreducerandblack shiny cap.For use with cologne, aftershave, splash on, and perfume or fragrance oil, beard oils.Circle design is a famiily of bottles available in 15ml, 30ml, 50ml and 100ml size.Price each"
GBCrcl50RdcrBrwnLthr,GBCrcl,Circle,1.7oz,"Circledesign50 ml,  1.7oz Clear glass bottle  withreducerandbrown faux leather cap.For use with cologne, aftershave, splash on, and perfume or fragrance oil, beard oils.Circle design is a famiily of bottles available in 15ml, 30ml, 50ml and 100ml size.Price each"
GBCrcl50RdcrLBrwnLthr,GBCrcl,Circle,1.7oz,"Circledesign50 ml,  1.7oz Clear glass bottle  withreducerandlight brown faux leather cap.For use with cologne, aftershave, splash on, and perfume or fragrance oil, beard oils.Circle design is a famiily of bottles available in 15ml, 30ml, 50ml and 100ml size.Price each"
GBCrcl50RdcrShnSl,GBCrcl,Circle,1.7oz,"Circledesign50 ml,  1.7oz Clear glass bottle  withreducerandshiny silver cap.For use with cologne, aftershave, splash on, and perfume or fragrance oil, beard oils.Circle design is a famiily of bottles available in 15ml, 30ml, 50ml and 100ml size.Price each"
GBCrcl50RdcrMtSlTall,GBCrcl,Circle,1.7oz,"Circledesign50 ml,  1.7oz Clear glass bottle  withreducerandtall silver matte cap.For use with cologne, aftershave, splash on, and perfume or fragrance oil, beard oils.Circle design is a famiily of bottles available in 15ml, 30ml, 50ml and 100ml size.Price each"
GBCrcl50RdcrMtSl,GBCrcl,Circle,1.7oz,"Circledesign50 ml,  1.7oz Clear glass bottle  withreducerandsilver matte cap.For use with cologne, aftershave, splash on, and perfume or fragrance oil, beard oils.Circle design is a famiily of bottles available in 15ml, 30ml, 50ml and 100ml size.Price each"
GBCrcl50RdcrWht,GBCrcl,Circle,1.7oz,"Circledesign50 ml,  1.7oz Clear glass bottle  withreducerandwhite cap.For use with cologne, aftershave, splash on, and perfume or fragrance oil, beard oils.Circle design is a famiily of bottles available in 15ml, 30ml, 50ml and 100ml size.Price each"
GBCrcl50SpryMtGl,GBCrcl,Circle,1.7oz,"Circledesign50 ml,  1.7oz Clear glass bottle  withmatte gold spray pump0.For use with cologne, Eau de Parfum, air freshner, face and body spray, or room spray.Circle design is a famiily of bottles available in 15ml, 30ml, 50ml and 100ml size.Price each"
LBCrcl50LtnMtGl,LBCrcl,Circle,1.7oz,"Circledesign50 ml,  1.7oz Clear glass bottle  withmatte gold lotion pump0.For use with lotions, moisturizer, and serums.Circle design is a famiily of bottles available in 15ml, 30ml, 50ml and 100ml size.Price each"
GBCrcl50SpryShnGl,GBCrcl,Circle,1.7oz,"Circledesign50 ml,  1.7oz Clear glass bottle  withshiny gold spray pump0.For use with cologne, Eau de Parfum, air freshner, face and body spray, or room spray.Circle design is a famiily of bottles available in 15ml, 30ml, 50ml and 100ml size.Price each"
LBCrcl50LtnShnGl,LBCrcl,Circle,1.7oz,"Circledesign50 ml,  1.7oz Clear glass bottle  withshiny gold lotion pump0.For use with lotions, moisturizer, and serums.Circle design is a famiily of bottles available in 15ml, 30ml, 50ml and 100ml size.Price each"
GBCrcl50SpryShnBlk,GBCrcl,Circle,1.7oz,"Circledesign50 ml,  1.7oz Clear glass bottle  withshiny black spray pump0.For use with cologne, Eau de Parfum, air freshner, face and body spray, or room spray.Circle design is a famiily of bottles available in 15ml, 30ml, 50ml and 100ml size.Price each"
LBCrcl50LtnShnBlk,LBCrcl,Circle,1.7oz,"Circledesign50 ml,  1.7oz Clear glass bottle  withshiny black lotion pump0.For use with lotions, moisturizer, and serums.Circle design is a famiily of bottles available in 15ml, 30ml, 50ml and 100ml size.Price each"
GBCrcl50SpryMtSl,GBCrcl,Circle,1.7oz,"Circledesign50 ml,  1.7oz Clear glass bottle  withmatte silver spray pump0.For use with cologne, Eau de Parfum, air freshner, face and body spray, or room spray.Circle design is a famiily of bottles available in 15ml, 30ml, 50ml and 100ml size.Price each"
LBCrcl50LtnMtSl,LBCrcl,Circle,1.7oz,"Circledesign50 ml,  1.7oz Clear glass bottle  withmatte silver lotion pump0.For use with lotions, moisturizer, and serums.Circle design is a famiily of bottles available in 15ml, 30ml, 50ml and 100ml size.Price each"
GBCrcl50SpryShnSl,GBCrcl,Circle,1.7oz,"Circledesign50 ml,  1.7oz Clear glass bottle  withshiny silver spray pump0.For use with cologne, Eau de Parfum, air freshner, face and body spray, or room spray.Circle design is a famiily of bottles available in 15ml, 30ml, 50ml and 100ml size.Price each"
LBCrcl50LtnShnSl,LBCrcl,Circle,1.7oz,"Circledesign50 ml,  1.7oz Clear glass bottle  withshiny silver lotion pump.For use with lotions, moisturizer, and serums.Circle design is a famiily of bottles available in 15ml, 30ml, 50ml and 100ml size.Price each"
GBCrcl50AnSpLvn,GBCrcl,Circle,1.7oz,"Circledesign50 ml,  1.7oz Clear glass bottle  withlavender vintage style bulb sprayerwithshiny silver collar cap.For use with cologne, Eau de Parfum, air freshner, face and body spray, or room spray. Antique or vintage bulb sprayers enhance the beauty of your product.Circle design is a famiily of bottles available in 15ml, 30ml, 50ml and 100ml size.Price each"
GBCrcl50AnSpPnk,GBCrcl,Circle,1.7oz,"Circledesign50 ml,  1.7oz Clear glass bottle  withpink vintage style bulb sprayerwithshiny gold collar cap.For use with cologne, Eau de Parfum, air freshner, face and body spray, or room spray. Antique or vintage bulb sprayers enhance the beauty of your product.Circle design is a famiily of bottles available in 15ml, 30ml, 50ml and 100ml size.Price each"
GBCrcl50AnSpMtSl,GBCrcl,Circle,1.7oz,"Circledesign50 ml,  1.7oz Clear glass bottle  withmatte silver vintage style sprayerwithmatte silver collar cap.For use with cologne, Eau de Parfum, air freshner, face and body spray, or room spray. Antique or vintage bulb sprayers enhance the beauty of your product.Circle design is a famiily of bottles available in 15ml, 30ml, 50ml and 100ml size.Price each"
GBCrcl50AnSpIvySl,GBCrcl,Circle,1.7oz,"Circledesign50 ml,  1.7oz Clear glass bottle  withivory vintage style bulb sprayerwithshiny silver collar cap.For use with cologne, Eau de Parfum, air freshner, face and body spray, or room spray. Antique or vintage bulb sprayers enhance the beauty of your product.Circle design is a famiily of bottles available in 15ml, 30ml, 50ml and 100ml size.Price each"
GBCrcl50AnSpGl,GBCrcl,Circle,1.7oz,"Circledesign50 ml,  1.7oz Clear glass bottle  withgold vintage style sprayerwithshiny gold collar cap.For use with cologne, Eau de Parfum, air freshner, face and body spray, or room spray. Antique or vintage bulb sprayers enhance the beauty of your product.Circle design is a famiily of bottles available in 15ml, 30ml, 50ml and 100ml size.Price each"
GBCrcl50AnSpIvyGl,GBCrcl,Circle,1.7oz,"Circledesign50 ml,  1.7oz Clear glass bottle  withivory vintage style bulb sprayerwithshiny gold collar cap.For use with cologne, Eau de Parfum, air freshner, face and body spray, or room spray. Antique or vintage bulb sprayers enhance the beauty of your product.Circle design is a famiily of bottles available in 15ml, 30ml, 50ml and 100ml size.Price each"
GBCrcl50AnSpWht,GBCrcl,Circle,1.7oz,"Circledesign50 ml,  1.7oz Clear glass bottle  withwhite vintage style bulb sprayerwithshiny silver collar cap.For use with cologne, Eau de Parfum, air freshner, face and body spray, or room spray. Antique or vintage bulb sprayers enhance the beauty of your product.Circle design is a famiily of bottles available in 15ml, 30ml, 50ml and 100ml size.Price each"
GBCrcl50AnSpRed,GBCrcl,Circle,1.7oz,"Circledesign50 ml,  1.7oz Clear glass bottle  withred vintage style bulb sprayerwithshiny silver collar cap.For use with cologne, Eau de Parfum, air freshner, face and body spray, or room spray. Antique or vintage bulb sprayers enhance the beauty of your product.Circle design is a famiily of bottles available in 15ml, 30ml, 50ml and 100ml size.Price each"
GBCrcl50AnSpTslLvn,GBCrcl,Circle,1.7oz,"Circledesign50 ml,  1.7oz Clear glass bottle  withLavender vintage style bulb sprayer with Tasselandshiny silver collar cap.For use with cologne, Eau de Parfum, air freshner, face and body spray, or room spray. Antique or vintage bulb sprayers enhance the beauty of your product.Circle design is a famiily of bottles available in 15ml, 30ml, 50ml and 100ml size.Price each"
GBCrcl50AnSpTslIvyGl,GBCrcl,Circle,1.7oz,"Circledesign50 ml,  1.7oz Clear glass bottle  withIvory vintage style bulb sprayer with tasselandshiny gold collar cap.For use with cologne, Eau de Parfum, air freshner, face and body spray, or room spray. Antique or vintage bulb sprayers enhance the beauty of your product.Circle design is a famiily of bottles available in 15ml, 30ml, 50ml and 100ml size.Price each"
GBCrcl50AnSpTslIvySl,GBCrcl,Circle,1.7oz,"Circledesign50 ml,  1.7oz Clear glass bottle  withIvory vintage style bulb sprayer with tasselandshiny silver collar cap.For use with cologne, Eau de Parfum, air freshner, face and body spray, or room spray. Antique or vintage bulb sprayers enhance the beauty of your product.Circle design is a famiily of bottles available in 15ml, 30ml, 50ml and 100ml size.Price each"
GBCrcl50AnSpTslWht,GBCrcl,Circle,1.7oz,"Circledesign50 ml,  1.7oz Clear glass bottle  withWhite vintage style bulb sprayer with tasselandshiny silver collar cap.For use with cologne, Eau de Parfum, air freshner, face and body spray, or room spray. Antique or vintage bulb sprayers enhance the beauty of your product.Circle design is a famiily of bottles available in 15ml, 30ml, 50ml and 100ml size.Price each"
GBCrcl50AnSpTslPnk,GBCrcl,Circle,1.7oz,"Circledesign50 ml,  1.7oz Clear glass bottle  withPink vintage style bulb sprayer with tasselandshiny gold collar cap.For use with cologne, Eau de Parfum, air freshner, face and body spray, or room spray. Antique or vintage bulb sprayers enhance the beauty of your product.Circle design is a famiily of bottles available in 15ml, 30ml, 50ml and 100ml size.Price each"
GBCrcl50AnSpTslRed,GBCrcl,Circle,1.7oz,"Circledesign50 ml,  1.7oz Clear glass bottle  withRed vintage style bulb sprayer with tasselandshiny silver collar cap.For use with cologne, Eau de Parfum, air freshner, face and body spray, or room spray. Antique or vintage bulb sprayers enhance the beauty of your product.Circle design is a famiily of bottles available in 15ml, 30ml, 50ml and 100ml size.Price each"
GBCrcl50AnSpTslMtSl,GBCrcl,Circle,1.7oz,"Circledesign50 ml,  1.7oz Clear glass bottle  withSilver vintage style bulb sprayer with tasselandmatte silver collar cap.For use with cologne, Eau de Parfum, air freshner, face and body spray, or room spray. Antique or vintage bulb sprayers enhance the beauty of your product.Circle design is a famiily of bottles available in 15ml, 30ml, 50ml and 100ml size.Price each"
GBCrcl50AnSpTslGl,GBCrcl,Circle,1.7oz,"Circledesign50 ml,  1.7oz Clear glass bottle  withGold vintage style bulb sprayer with tasselandshiny gold collar cap.For use with cologne, Eau de Parfum, air freshner, face and body spray, or room spray. Antique or vintage bulb sprayers enhance the beauty of your product.Circle design is a famiily of bottles available in 15ml, 30ml, 50ml and 100ml size.Price each"
GBCrcl50DrpSl,GBCrcl,Circle,1.7oz,"Circledesign50 ml,  1.7oz Clear glass bottle  withwhite dropperwithshiny silver collar cap.For use with perfume oils, diffuser oils, serums, primers, facial oils or face oils, moisturizer, and beard oils.Circle design is a famiily of bottles available in 15ml, 30ml, 50ml and 100ml size.Price each"
GBCrcl50DrpGl,GBCrcl,Circle,1.7oz,"Circledesign50 ml,  1.7oz Clear glass bottle  withwhite dropperwithshiny gold collar cap.For use with perfume oils, diffuser oils, serums, primers, facial oils or face oils, moisturizer, and beard oils.Circle design is a famiily of bottles available in 15ml, 30ml, 50ml and 100ml size.Price each"
GBCrcl50RdcrPnkLthr,GBCrcl,Circle,1.7oz,"Circledesign50 ml,  1.7oz Clear glass bottle  withreducerandpink faux leather cap.For use with cologne, aftershave, splash on, and perfume or fragrance oil, beard oils.Circle design is a famiily of bottles available in 15ml, 30ml, 50ml and 100ml size.Price each"
GBCrcl50RdcrIvyLthr,GBCrcl,Circle,1.7oz,"Circledesign50 ml,  1.7oz Clear glass bottle  withreducerandivory faux leather cap.For use with cologne, aftershave, splash on, and perfume or fragrance oil, beard oils.Circle design is a famiily of bottles available in 15ml, 30ml, 50ml and 100ml size.Price each"
LBCrcl50LtnCu,LBCrcl,Circle,1.7oz,"Circledesign50 ml,  1.7oz Clear glass bottle  withmatte copper lotion pump00.For use with lotions, moisturizer, and serums.Circle design is a famiily of bottles available in 15ml, 30ml, 50ml and 100ml size.Price each"
GBCrcl100RdcrShnGl,GBCrcl,Circle,3 1/2oz,"Circledesign100 ml,  3 1/2oz Clear glass bottle  withreducerandshiny gold cap.For use with cologne, aftershave, splash on, and perfume or fragrance oil, beard oils.Circle design is a famiily of bottles available in 15ml, 30ml, 50ml and 100ml size.Price each"
GBCrcl100RdcrShnBlkTall,GBCrcl,Circle,3 1/2oz,"Circledesign100 ml,  3 1/2oz Clear glass bottle  withreducerandtall black shiny cap.For use with cologne, aftershave, splash on, and perfume or fragrance oil, beard oils.Circle design is a famiily of bottles available in 15ml, 30ml, 50ml and 100ml size.Price each"
GBCrcl100RdcrShnBlk,GBCrcl,Circle,3 1/2oz,"Circledesign100 ml,  3 1/2oz Clear glass bottle  withreducerandblack shiny cap.For use with cologne, aftershave, splash on, and perfume or fragrance oil, beard oils.Circle design is a famiily of bottles available in 15ml, 30ml, 50ml and 100ml size.Price each"
GBCrcl100RdcrBrwnLthr,GBCrcl,Circle,3 1/2oz,"Circledesign100 ml,  3 1/2oz Clear glass bottle  withreducerandbrown faux leather cap.For use with cologne, aftershave, splash on, and perfume or fragrance oil, beard oils.Circle design is a famiily of bottles available in 15ml, 30ml, 50ml and 100ml size.Price each"
GBCrcl100RdcrLBrwnLthr,GBCrcl,Circle,3 1/2oz,"Circledesign100 ml,  3 1/2oz Clear glass bottle  withreducerandlight brown faux leather cap.For use with cologne, aftershave, splash on, and perfume or fragrance oil, beard oils.Circle design is a famiily of bottles available in 15ml, 30ml, 50ml and 100ml size.Price each"
GBCrcl100RdcrShnSl,GBCrcl,Circle,3 1/2oz,"Circledesign100 ml,  3 1/2oz Clear glass bottle  withreducerandshiny silver cap.For use with cologne, aftershave, splash on, and perfume or fragrance oil, beard oils.Circle design is a famiily of bottles available in 15ml, 30ml, 50ml and 100ml size.Price each"
GBCrcl100RdcrMtSlTall,GBCrcl,Circle,3 1/2oz,"Circledesign100 ml,  3 1/2oz Clear glass bottle  withreducerandtall silver matte cap.For use with cologne, aftershave, splash on, and perfume or fragrance oil, beard oils.Circle design is a famiily of bottles available in 15ml, 30ml, 50ml and 100ml size.Price each"
GBCrcl100RdcrMtSl,GBCrcl,Circle,3 1/2oz,"Circledesign100 ml,  3 1/2oz Clear glass bottle  withreducerandsilver matte cap.For use with cologne, aftershave, splash on, and perfume or fragrance oil, beard oils.Circle design is a famiily of bottles available in 15ml, 30ml, 50ml and 100ml size.Price each"
GBCrcl100RdcrWht,GBCrcl,Circle,3 1/2oz,"Circledesign100 ml,  3 1/2oz Clear glass bottle  withreducerandwhite cap.For use with cologne, aftershave, splash on, and perfume or fragrance oil, beard oils.Circle design is a famiily of bottles available in 15ml, 30ml, 50ml and 100ml size.Price each"
GBCrcl100SpryMtGl,GBCrcl,Circle,3 1/2oz,"Circledesign100 ml,  3 1/2oz Clear glass bottle  withmatte gold spray pump0.For use with cologne, Eau de Parfum, air freshner, face and body spray, or room spray.Circle design is a famiily of bottles available in 15ml, 30ml, 50ml and 100ml size.Price each"
LBCrcl100LtnMtGl,LBCrcl,Circle,3 1/2oz,"Circledesign100 ml,  3 1/2oz Clear glass bottle  withmatte gold lotion pump0.For use with lotions, moisturizer, and serums.Circle design is a famiily of bottles available in 15ml, 30ml, 50ml and 100ml size.Price each"
GBCrcl100SpryShnGl,GBCrcl,Circle,3 1/2oz,"Circledesign100 ml,  3 1/2oz Clear glass bottle  withshiny gold spray pump0.For use with cologne, Eau de Parfum, air freshner, face and body spray, or room spray.Circle design is a famiily of bottles available in 15ml, 30ml, 50ml and 100ml size.Price each"
LBCrcl100LtnShnGl,LBCrcl,Circle,3 1/2oz,"Circledesign100 ml,  3 1/2oz Clear glass bottle  withshiny gold lotion pump0.For use with lotions, moisturizer, and serums.Circle design is a famiily of bottles available in 15ml, 30ml, 50ml and 100ml size.Price each"
GBCrcl100SpryShnBlk,GBCrcl,Circle,3 1/2oz,"Circledesign100 ml,  3 1/2oz Clear glass bottle  withshiny black spray pump0.For use with cologne, Eau de Parfum, air freshner, face and body spray, or room spray.Circle design is a famiily of bottles available in 15ml, 30ml, 50ml and 100ml size.Price each"
LBCrcl100LtnShnBlk,LBCrcl,Circle,3 1/2oz,"Circledesign100 ml,  3 1/2oz Clear glass bottle  withshiny black lotion pump0.For use with lotions, moisturizer, and serums.Circle design is a famiily of bottles available in 15ml, 30ml, 50ml and 100ml size.Price each"
GBCrcl100SpryMtSl,GBCrcl,Circle,3 1/2oz,"Circledesign100 ml,  3 1/2oz Clear glass bottle  withmatte silver spray pump.For use with cologne, Eau de Parfum, air freshner, face and body spray, or room spray.Circle design is a famiily of bottles available in 15ml, 30ml, 50ml and 100ml size.Price each"
LBCrcl100LtnMtSl,LBCrcl,Circle,3 1/2oz,"Circledesign100 ml,  3 1/2oz Clear glass bottle  withmatte silver lotion pump0.For use with lotions, moisturizer, and serums.Circle design is a famiily of bottles available in 15ml, 30ml, 50ml and 100ml size.Price each"
GBCrcl100SpryShnSl,GBCrcl,Circle,3 1/2oz,"Circledesign100 ml,  3 1/2oz Clear glass bottle  withshiny silver spray pump0.For use with cologne, Eau de Parfum, air freshner, face and body spray, or room spray.Circle design is a famiily of bottles available in 15ml, 30ml, 50ml and 100ml size.Price each"
LBCrcl100LtnShnSl,LBCrcl,Circle,3 1/2oz,"Circledesign100 ml,  3 1/2oz Clear glass bottle  withshiny silver lotion pump0.For use with lotions, moisturizer, and serums.Circle design is a famiily of bottles available in 15ml, 30ml, 50ml and 100ml size.Price each"
GBCrcl100AnSpLvn,GBCrcl,Circle,3 1/2oz,"Circledesign100 ml,  3 1/2oz Clear glass bottle  withlavender vintage style bulb sprayerwithshiny silver collar cap.For use with cologne, Eau de Parfum, air freshner, face and body spray, or room spray. Antique or vintage bulb sprayers enhance the beauty of your product.Circle design is a famiily of bottles available in 15ml, 30ml, 50ml and 100ml size.Price each"
GBCrcl100AnSpPnk,GBCrcl,Circle,3 1/2oz,"Circledesign100 ml,  3 1/2oz Clear glass bottle  withpink vintage style bulb sprayerwithshiny gold collar cap.For use with cologne, Eau de Parfum, air freshner, face and body spray, or room spray. Antique or vintage bulb sprayers enhance the beauty of your product.Circle design is a famiily of bottles available in 15ml, 30ml, 50ml and 100ml size.Price each"
GBCrcl100AnSpMtSl,GBCrcl,Circle,3 1/2oz,"Circledesign100 ml,  3 1/2oz Clear glass bottle  withmatte silver vintage style sprayerwithmatte silver collar cap.For use with cologne, Eau de Parfum, air freshner, face and body spray, or room spray. Antique or vintage bulb sprayers enhance the beauty of your product.Circle design is a famiily of bottles available in 15ml, 30ml, 50ml and 100ml size.Price each"
GBCrcl100AnSpIvySl,GBCrcl,Circle,3 1/2oz,"Circledesign100 ml,  3 1/2oz Clear glass bottle  withivory vintage style bulb sprayerwithshiny silver collar cap.For use with cologne, Eau de Parfum, air freshner, face and body spray, or room spray. Antique or vintage bulb sprayers enhance the beauty of your product.Circle design is a famiily of bottles available in 15ml, 30ml, 50ml and 100ml size.Price each"
GBCrcl100AnSpGl,GBCrcl,Circle,3 1/2oz,"Circledesign100 ml,  3 1/2oz Clear glass bottle  withgold vintage style sprayerwithshiny gold collar cap.For use with cologne, Eau de Parfum, air freshner, face and body spray, or room spray. Antique or vintage bulb sprayers enhance the beauty of your product.Circle design is a famiily of bottles available in 15ml, 30ml, 50ml and 100ml size.Price each"
GBCrcl100AnSpIvyGl,GBCrcl,Circle,3 1/2oz,"Circledesign100 ml,  3 1/2oz Clear glass bottle  withivory vintage style bulb sprayerwithshiny gold collar cap.For use with cologne, Eau de Parfum, air freshner, face and body spray, or room spray. Antique or vintage bulb sprayers enhance the beauty of your product.Circle design is a famiily of bottles available in 15ml, 30ml, 50ml and 100ml size.Price each"
GBCrcl100AnSpWht,GBCrcl,Circle,3 1/2oz,"Circledesign100 ml,  3 1/2oz Clear glass bottle  withwhite vintage style bulb sprayerwithshiny silver collar cap.For use with cologne, Eau de Parfum, air freshner, face and body spray, or room spray. Antique or vintage bulb sprayers enhance the beauty of your product.Circle design is a famiily of bottles available in 15ml, 30ml, 50ml and 100ml size.Price each"
GBCrcl100AnSpRed,GBCrcl,Circle,3 1/2oz,"Circledesign100 ml,  3 1/2oz Clear glass bottle  withred vintage style bulb sprayerwithshiny silver collar cap.For use with cologne, Eau de Parfum, air freshner, face and body spray, or room spray. Antique or vintage bulb sprayers enhance the beauty of your product.Circle design is a famiily of bottles available in 15ml, 30ml, 50ml and 100ml size.Price each"
GBCrcl100AnSpTslLvn,GBCrcl,Circle,3 1/2oz,"Circledesign100 ml,  3 1/2oz Clear glass bottle  withLavender vintage style bulb sprayer with Tasselandshiny silver collar cap.For use with cologne, Eau de Parfum, air freshner, face and body spray, or room spray. Antique or vintage bulb sprayers enhance the beauty of your product.Circle design is a famiily of bottles available in 15ml, 30ml, 50ml and 100ml size.Price each"
GBCrcl100AnSpTslIvyGl,GBCrcl,Circle,3 1/2oz,"Circledesign100 ml,  3 1/2oz Clear glass bottle  withIvory vintage style bulb sprayer with tasselandshiny gold collar cap.For use with cologne, Eau de Parfum, air freshner, face and body spray, or room spray. Antique or vintage bulb sprayers enhance the beauty of your product.Circle design is a famiily of bottles available in 15ml, 30ml, 50ml and 100ml size.Price each"
GBCrcl100AnSpTslIvySl,GBCrcl,Circle,3 1/2oz,"Circledesign100 ml,  3 1/2oz Clear glass bottle  withIvory vintage style bulb sprayer with tasselandshiny silver collar cap.For use with cologne, Eau de Parfum, air freshner, face and body spray, or room spray. Antique or vintage bulb sprayers enhance the beauty of your product.Circle design is a famiily of bottles available in 15ml, 30ml, 50ml and 100ml size.Price each"
GBCrcl100AnSpTslWht,GBCrcl,Circle,3 1/2oz,"Circledesign100 ml,  3 1/2oz Clear glass bottle  withWhite vintage style bulb sprayer with tasselandshiny silver collar cap.For use with cologne, Eau de Parfum, air freshner, face and body spray, or room spray. Antique or vintage bulb sprayers enhance the beauty of your product.Circle design is a famiily of bottles available in 15ml, 30ml, 50ml and 100ml size.Price each"
GBCrcl100AnSpTslPnk,GBCrcl,Circle,3 1/2oz,"Circledesign100 ml,  3 1/2oz Clear glass bottle  withPink vintage style bulb sprayer with tasselandshiny gold collar cap.For use with cologne, Eau de Parfum, air freshner, face and body spray, or room spray. Antique or vintage bulb sprayers enhance the beauty of your product.Circle design is a famiily of bottles available in 15ml, 30ml, 50ml and 100ml size.Price each"
GBCrcl100AnSpTslRed,GBCrcl,Circle,3 1/2oz,"Circledesign100 ml,  3 1/2oz Clear glass bottle  withRed vintage style bulb sprayer with tasselandshiny silver collar cap.For use with cologne, Eau de Parfum, air freshner, face and body spray, or room spray. Antique or vintage bulb sprayers enhance the beauty of your product.Circle design is a famiily of bottles available in 15ml, 30ml, 50ml and 100ml size.Price each"
GBCrcl100AnSpTslMtSl,GBCrcl,Circle,3 1/2oz,"Circledesign100 ml,  3 1/2oz Clear glass bottle  withSilver vintage style bulb sprayer with tasselandmatte silver collar cap.For use with cologne, Eau de Parfum, air freshner, face and body spray, or room spray. Antique or vintage bulb sprayers enhance the beauty of your product.Circle design is a famiily of bottles available in 15ml, 30ml, 50ml and 100ml size.Price each"
GBCrcl100AnSpTslGl,GBCrcl,Circle,3 1/2oz,"Circledesign100 ml,  3 1/2oz Clear glass bottle  withGold vintage style bulb sprayer with tasselandshiny gold collar cap.For use with cologne, Eau de Parfum, air freshner, face and body spray, or room spray. Antique or vintage bulb sprayers enhance the beauty of your product.Circle design is a famiily of bottles available in 15ml, 30ml, 50ml and 100ml size.Price each"
GBCrcl100RdcrPnkLthr,GBCrcl,Circle,3 1/2oz,"Circledesign100 ml,  3 1/2oz Clear glass bottle  withreducerandpink faux leather cap.For use with cologne, aftershave, splash on, and perfume or fragrance oil, beard oils.Circle design is a famiily of bottles available in 15ml, 30ml, 50ml and 100ml size.Price each"
GBCrcl100RdcrIvyLthr,GBCrcl,Circle,3 1/2oz,"Circledesign100 ml,  3 1/2oz Clear glass bottle  withreducerandivory faux leather cap.For use with cologne, aftershave, splash on, and perfume or fragrance oil, beard oils.Circle design is a famiily of bottles available in 15ml, 30ml, 50ml and 100ml size.Price each"
LBCrcl100LtnCu,LBCrcl,Circle,3 1/2oz,"Circledesign100 ml,  3 1/2oz Clear glass bottle  withmatte copper lotion pump0.For use with lotions, moisturizer, and serums.Circle design is a famiily of bottles available in 15ml, 30ml, 50ml and 100ml size.Price each"
GBCrclFrst100RdcrShnGl,GBCrcl,Circle,3 1/2oz,"Circledesign100 ml,  3 1/2ozFrosted glass bottlewithreducerandshiny gold cap.For use with cologne, aftershave, splash on, and perfume or fragrance oil, beard oils.Circle design is a famiily of bottles available in 15ml, 30ml, 50ml and 100ml size.Price each"
GBCrclFrst100RdcrShnBlkTall,GBCrcl,Circle,3 1/2oz,"Circledesign100 ml,  3 1/2ozFrosted glass bottlewithreducerandtall black shiny cap.For use with cologne, aftershave, splash on, and perfume or fragrance oil, beard oils.Circle design is a famiily of bottles available in 15ml, 30ml, 50ml and 100ml size.Price each"
GBCrclFrst100RdcrShnBlk,GBCrcl,Circle,3 1/2oz,"Circledesign100 ml,  3 1/2ozFrosted glass bottlewithreducerandblack shiny cap.For use with cologne, aftershave, splash on, and perfume or fragrance oil, beard oils.Circle design is a famiily of bottles available in 15ml, 30ml, 50ml and 100ml size.Price each"
GBCrclFrst100RdcrBrwnLthr,GBCrcl,Circle,3 1/2oz,"Circledesign100 ml,  3 1/2ozFrosted glass bottlewithreducerandbrown faux leather cap.For use with cologne, aftershave, splash on, and perfume or fragrance oil, beard oils.Circle design is a famiily of bottles available in 15ml, 30ml, 50ml and 100ml size.Price each"
GBCrclFrst100RdcrLBrwnLthr,GBCrcl,Circle,3 1/2oz,"Circledesign100 ml,  3 1/2ozFrosted glass bottlewithreducerandlight brown faux leather cap.For use with cologne, aftershave, splash on, and perfume or fragrance oil, beard oils.Circle design is a famiily of bottles available in 15ml, 30ml, 50ml and 100ml size.Price each"
GBCrclFrst100RdcrShnSl,GBCrcl,Circle,3 1/2oz,"Circledesign100 ml,  3 1/2ozFrosted glass bottlewithreducerandshiny silver cap.For use with cologne, aftershave, splash on, and perfume or fragrance oil, beard oils.Circle design is a famiily of bottles available in 15ml, 30ml, 50ml and 100ml size.Price each"
GBCrclFrst100RdcrMtSlTall,GBCrcl,Circle,3 1/2oz,"Circledesign100 ml,  3 1/2ozFrosted glass bottlewithreducerandtall silver matte cap.For use with cologne, aftershave, splash on, and perfume or fragrance oil, beard oils.Circle design is a famiily of bottles available in 15ml, 30ml, 50ml and 100ml size.Price each"
GBCrclFrst100RdcrMtSl,GBCrcl,Circle,3 1/2oz,"Circledesign100 ml,  3 1/2ozFrosted glass bottlewithreducerandsilver matte cap.For use with cologne, aftershave, splash on, and perfume or fragrance oil, beard oils.Circle design is a famiily of bottles available in 15ml, 30ml, 50ml and 100ml size.Price each"
GBCrclFrst100RdcrWht,GBCrcl,Circle,3 1/2oz,"Circledesign100 ml,  3 1/2ozFrosted glass bottlewithreducerandwhite cap.For use with cologne, aftershave, splash on, and perfume or fragrance oil, beard oils.Circle design is a famiily of bottles available in 15ml, 30ml, 50ml and 100ml size.Price each"
GBCrclFrst100SpryMtGl,GBCrcl,Circle,3 1/2oz,"Circledesign100 ml,  3 1/2ozFrosted glass bottlewithmatte gold spray pump0.For use with cologne, Eau de Parfum, air freshner, face and body spray, or room spray.Circle design is a famiily of bottles available in 15ml, 30ml, 50ml and 100ml size.Price each"
LBCrclFrst100LtnMtGl,LBCrcl,Circle,3 1/2oz,"Circledesign100 ml,  3 1/2ozFrosted glass bottlewithmatte gold lotion pump0.For use with lotions, moisturizer, and serums.Circle design is a famiily of bottles available in 15ml, 30ml, 50ml and 100ml size.Price each"
GBCrclFrst100SpryShnGl,GBCrcl,Circle,3 1/2oz,"Circledesign100 ml,  3 1/2ozFrosted glass bottlewithshiny gold spray pump.For use with cologne, Eau de Parfum, air freshner, face and body spray, or room spray.Circle design is a famiily of bottles available in 15ml, 30ml, 50ml and 100ml size.Price each"
LBCrclFrst100LtnShnGl,LBCrcl,Circle,3 1/2oz,"Circledesign100 ml,  3 1/2ozFrosted glass bottlewithshiny gold lotion pump.For use with lotions, moisturizer, and serums.Circle design is a famiily of bottles available in 15ml, 30ml, 50ml and 100ml size.Price each"
GBCrclFrst100SpryShnBlk,GBCrcl,Circle,3 1/2oz,"Circledesign100 ml,  3 1/2ozFrosted glass bottlewithshiny black spray pump.For use with cologne, Eau de Parfum, air freshner, face and body spray, or room spray.Circle design is a famiily of bottles available in 15ml, 30ml, 50ml and 100ml size.Price each"
LBCrclFrst100LtnShnBlk,LBCrcl,Circle,3 1/2oz,"Circledesign100 ml,  3 1/2ozFrosted glass bottlewithshiny black lotion pump.For use with lotions, moisturizer, and serums.Circle design is a famiily of bottles available in 15ml, 30ml, 50ml and 100ml size.Price each"
GBCrclFrst100SpryMtSl,GBCrcl,Circle,3 1/2oz,"Circledesign100 ml,  3 1/2ozFrosted glass bottlewithmatte silver spray pump.For use with cologne, Eau de Parfum, air freshner, face and body spray, or room spray.Circle design is a famiily of bottles available in 15ml, 30ml, 50ml and 100ml size.Price each"
LBCrclFrst100LtnMtSl,LBCrcl,Circle,3 1/2oz,"Circledesign100 ml,  3 1/2ozFrosted glass bottlewithmatte silver lotion pump.For use with lotions, moisturizer, and serums.Circle design is a famiily of bottles available in 15ml, 30ml, 50ml and 100ml size.Price each"
GBCrclFrst100SpryShnSl,GBCrcl,Circle,3 1/2oz,"Circledesign100 ml,  3 1/2ozFrosted glass bottlewithshiny silver spray pump.For use with cologne, Eau de Parfum, air freshner, face and body spray, or room spray.Circle design is a famiily of bottles available in 15ml, 30ml, 50ml and 100ml size.Price each"
LBCrclFrst100LtnShnSl,LBCrcl,Circle,3 1/2oz,"Circledesign100 ml,  3 1/2ozFrosted glass bottlewithshiny silver lotion pump.For use with lotions, moisturizer, and serums.Circle design is a famiily of bottles available in 15ml, 30ml, 50ml and 100ml size.Price each"
GBCrclFrst100AnSpLvn,GBCrcl,Circle,3 1/2oz,"Circledesign100 ml,  3 1/2ozFrosted glass bottlewithlavender vintage style bulb sprayerwithshiny silver collar cap.For use with cologne, Eau de Parfum, air freshner, face and body spray, or room spray. Antique or vintage bulb sprayers enhance the beauty of your product.Circle design is a famiily of bottles available in 15ml, 30ml, 50ml and 100ml size.Price each"
GBCrclFrst100AnSpPnk,GBCrcl,Circle,3 1/2oz,"Circledesign100 ml,  3 1/2ozFrosted glass bottlewithpink vintage style bulb sprayerwithshiny gold collar cap.For use with cologne, Eau de Parfum, air freshner, face and body spray, or room spray. Antique or vintage bulb sprayers enhance the beauty of your product.Circle design is a famiily of bottles available in 15ml, 30ml, 50ml and 100ml size.Price each"
GBCrclFrst100AnSpMtSl,GBCrcl,Circle,3 1/2oz,"Circledesign100 ml,  3 1/2ozFrosted glass bottlewithmatte silver vintage style sprayerwithmatte silver collar cap.For use with cologne, Eau de Parfum, air freshner, face and body spray, or room spray. Antique or vintage bulb sprayers enhance the beauty of your product.Circle design is a famiily of bottles available in 15ml, 30ml, 50ml and 100ml size.Price each"
GBCrclFrst100AnSpIvySl,GBCrcl,Circle,3 1/2oz,"Circledesign100 ml,  3 1/2ozFrosted glass bottlewithivory vintage style bulb sprayerwithshiny silver collar cap.For use with cologne, Eau de Parfum, air freshner, face and body spray, or room spray. Antique or vintage bulb sprayers enhance the beauty of your product.Circle design is a famiily of bottles available in 15ml, 30ml, 50ml and 100ml size.Price each"
GBCrclFrst100AnSpGl,GBCrcl,Circle,3 1/2oz,"Circledesign100 ml,  3 1/2ozFrosted glass bottlewithgold vintage style sprayerwithshiny gold collar cap.For use with cologne, Eau de Parfum, air freshner, face and body spray, or room spray. Antique or vintage bulb sprayers enhance the beauty of your product.Circle design is a famiily of bottles available in 15ml, 30ml, 50ml and 100ml size.Price each"
GBCrclFrst100AnSpIvyGl,GBCrcl,Circle,3 1/2oz,"Circledesign100 ml,  3 1/2ozFrosted glass bottlewithivory vintage style bulb sprayerwithshiny gold collar cap.For use with cologne, Eau de Parfum, air freshner, face and body spray, or room spray. Antique or vintage bulb sprayers enhance the beauty of your product.Circle design is a famiily of bottles available in 15ml, 30ml, 50ml and 100ml size.Price each"
GBCrclFrst100AnSpWht,GBCrcl,Circle,3 1/2oz,"Circledesign100 ml,  3 1/2ozFrosted glass bottlewithwhite vintage style bulb sprayerwithshiny silver collar cap.For use with cologne, Eau de Parfum, air freshner, face and body spray, or room spray. Antique or vintage bulb sprayers enhance the beauty of your product.Circle design is a famiily of bottles available in 15ml, 30ml, 50ml and 100ml size.Price each"
GBCrclFrst100AnSpRed,GBCrcl,Circle,3 1/2oz,"Circledesign100 ml,  3 1/2ozFrosted glass bottlewithred vintage style bulb sprayerwithshiny silver collar cap.For use with cologne, Eau de Parfum, air freshner, face and body spray, or room spray. Antique or vintage bulb sprayers enhance the beauty of your product.Circle design is a famiily of bottles available in 15ml, 30ml, 50ml and 100ml size.Price each"
GBCrclFrst100AnSpTslLvn,GBCrcl,Circle,3 1/2oz,"Circledesign100 ml,  3 1/2ozFrosted glass bottlewithLavender vintage style bulb sprayer with Tasselandshiny silver collar cap.For use with cologne, Eau de Parfum, air freshner, face and body spray, or room spray. Antique or vintage bulb sprayers enhance the beauty of your product.Circle design is a famiily of bottles available in 15ml, 30ml, 50ml and 100ml size.Price each"
GBCrclFrst100AnSpTslIvyGl,GBCrcl,Circle,3 1/2oz,"Circledesign100 ml,  3 1/2ozFrosted glass bottlewithIvory vintage style bulb sprayer with tasselandshiny gold collar cap.For use with cologne, Eau de Parfum, air freshner, face and body spray, or room spray. Antique or vintage bulb sprayers enhance the beauty of your product.Circle design is a famiily of bottles available in 15ml, 30ml, 50ml and 100ml size.Price each"
GBCrclFrst100AnSpTslIvySl,GBCrcl,Circle,3 1/2oz,"Circledesign100 ml,  3 1/2ozFrosted glass bottlewithIvory vintage style bulb sprayer with tasselandshiny silver collar cap.For use with cologne, Eau de Parfum, air freshner, face and body spray, or room spray. Antique or vintage bulb sprayers enhance the beauty of your product.Circle design is a famiily of bottles available in 15ml, 30ml, 50ml and 100ml size.Price each"
GBCrclFrst100AnSpTslWht,GBCrcl,Circle,3 1/2oz,"Circledesign100 ml,  3 1/2ozFrosted glass bottlewithWhite vintage style bulb sprayer with tasselandshiny silver collar cap.For use with cologne, Eau de Parfum, air freshner, face and body spray, or room spray. Antique or vintage bulb sprayers enhance the beauty of your product.Circle design is a famiily of bottles available in 15ml, 30ml, 50ml and 100ml size.Price each"
GBCrclFrst100AnSpTslPnk,GBCrcl,Circle,3 1/2oz,"Circledesign100 ml,  3 1/2ozFrosted glass bottlewithPink vintage style bulb sprayer with tasselandshiny gold collar cap.For use with cologne, Eau de Parfum, air freshner, face and body spray, or room spray. Antique or vintage bulb sprayers enhance the beauty of your product.Circle design is a famiily of bottles available in 15ml, 30ml, 50ml and 100ml size.Price each"
GBCrclFrst100AnSpTslRed,GBCrcl,Circle,3 1/2oz,"Circledesign100 ml,  3 1/2ozFrosted glass bottlewithRed vintage style bulb sprayer with tasselandshiny silver collar cap.For use with cologne, Eau de Parfum, air freshner, face and body spray, or room spray. Antique or vintage bulb sprayers enhance the beauty of your product.Circle design is a famiily of bottles available in 15ml, 30ml, 50ml and 100ml size.Price each"
GBCrclFrst100AnSpTslMtSl,GBCrcl,Circle,3 1/2oz,"Circledesign100 ml,  3 1/2ozFrosted glass bottlewithSilver vintage style bulb sprayer with tasselandmatte silver collar cap.For use with cologne, Eau de Parfum, air freshner, face and body spray, or room spray. Antique or vintage bulb sprayers enhance the beauty of your product.Circle design is a famiily of bottles available in 15ml, 30ml, 50ml and 100ml size.Price each"
GBCrclFrst100AnSpTslGl,GBCrcl,Circle,3 1/2oz,"Circledesign100 ml,  3 1/2ozFrosted glass bottlewithGold vintage style bulb sprayer with tasselandshiny gold collar cap.For use with cologne, Eau de Parfum, air freshner, face and body spray, or room spray. Antique or vintage bulb sprayers enhance the beauty of your product.Circle design is a famiily of bottles available in 15ml, 30ml, 50ml and 100ml size.Price each"
GBCrclFrst100RdcrPnkLthr,GBCrcl,Circle,3 1/2oz,"Circledesign100 ml,  3 1/2ozFrosted glass bottlewithreducerandpink faux leather cap.For use with cologne, aftershave, splash on, and perfume or fragrance oil, beard oils.Circle design is a famiily of bottles available in 15ml, 30ml, 50ml and 100ml size.Price each"
GBCrclFrst100RdcrIvyLthr,GBCrcl,Circle,3 1/2oz,"Circledesign100 ml,  3 1/2ozFrosted glass bottlewithreducerandivory faux leather cap.For use with cologne, aftershave, splash on, and perfume or fragrance oil, beard oils.Circle design is a famiily of bottles available in 15ml, 30ml, 50ml and 100ml size.Price each"
LBCrclFrst100LtnCu,LBCrcl,Circle,3 1/2oz,"Circledesign100 ml,  3 1/2ozFrosted glass bottlewithmatte copper lotion pump0.For use with lotions, moisturizer, and serums.Circle design is a famiily of bottles available in 15ml, 30ml, 50ml and 100ml size.Price each"
GBRnd128RdcrShnGl,GBRnd,Round,4.33oz,"Rounddesign128 ml,  4.33oz Clear glass bottle  withreducerandshiny gold cap.For use with cologne, aftershave, splash on, and perfume or fragrance oil, beard oils.Round design bottle is available in 2 sizes - 78ml and 128 ml.Price each"
GBRnd128RdcrShnBlkTall,GBRnd,Round,4.33oz,"Rounddesign128 ml,  4.33oz Clear glass bottle  withreducerandtall black shiny cap.For use with cologne, aftershave, splash on, and perfume or fragrance oil, beard oils.Round design bottle is available in 2 sizes - 78ml and 128 ml.Price each"
GBRnd128RdcrShnBlk,GBRnd,Round,4.33oz,"Rounddesign128 ml,  4.33oz Clear glass bottle  withreducerandblack shiny cap.For use with cologne, aftershave, splash on, and perfume or fragrance oil, beard oils.Round design bottle is available in 2 sizes - 78ml and 128 ml.Price each"
GBRnd128RdcrBrwnLthr,GBRnd,Round,4.33oz,"Rounddesign128 ml,  4.33oz Clear glass bottle  withreducerandbrown faux leather cap.For use with cologne, aftershave, splash on, and perfume or fragrance oil, beard oils.Round design bottle is available in 2 sizes - 78ml and 128 ml.Price each"
GBRnd128RdcrLBrwnLthr,GBRnd,Round,4.33oz,"Rounddesign128 ml,  4.33oz Clear glass bottle  withreducerandlight brown faux leather cap.For use with cologne, aftershave, splash on, and perfume or fragrance oil, beard oils.Round design bottle is available in 2 sizes - 78ml and 128 ml.Price each"
GBRnd128RdcrShnSl,GBRnd,Round,4.33oz,"Rounddesign128 ml,  4.33oz Clear glass bottle  withreducerandshiny silver cap.For use with cologne, aftershave, splash on, and perfume or fragrance oil, beard oils.Round design bottle is available in 2 sizes - 78ml and 128 ml.Price each"
GBRnd128RdcrMtSlTall,GBRnd,Round,4.33oz,"Rounddesign128 ml,  4.33oz Clear glass bottle  withreducerandtall silver matte cap.For use with cologne, aftershave, splash on, and perfume or fragrance oil, beard oils.Round design bottle is available in 2 sizes - 78ml and 128 ml.Price each"
GBRnd128RdcrMtSl,GBRnd,Round,4.33oz,"Rounddesign128 ml,  4.33oz Clear glass bottle  withreducerandsilver matte cap.For use with cologne, aftershave, splash on, and perfume or fragrance oil, beard oils.Round design bottle is available in 2 sizes - 78ml and 128 ml.Price each"
GBRnd128RdcrWht,GBRnd,Round,4.33oz,"Rounddesign128 ml,  4.33oz Clear glass bottle  withreducerandwhite cap.For use with cologne, aftershave, splash on, and perfume or fragrance oil, beard oils.Round design bottle is available in 2 sizes - 78ml and 128 ml.Price each"
GBRnd128SpryMtGl,GBRnd,Round,4.33oz,"Rounddesign128 ml,  4.33oz Clear glass bottle  withmatte gold spray pump0.For use with cologne, Eau de Parfum, air freshner, face and body spray, or room spray.Round design bottle is available in 2 sizes - 78ml and 128 ml.Price each"
LBRnd128LtnMtGl,LBRnd,Round,4.33oz,"Rounddesign128 ml,  4.33oz Clear glass bottle  withmatte gold lotion pump0.For use with lotions, moisturizer, and serums.Round design bottle is available in 2 sizes - 78ml and 128 ml.Price each"
GBRnd128SpryShnGl,GBRnd,Round,4.33oz,"Rounddesign128 ml,  4.33oz Clear glass bottle  withshiny gold spray pump.For use with cologne, Eau de Parfum, air freshner, face and body spray, or room spray.Round design bottle is available in 2 sizes - 78ml and 128 ml.Price each"
LBRnd128LtnShnGl,LBRnd,Round,4.33oz,"Rounddesign128 ml,  4.33oz Clear glass bottle  withshiny gold lotion pump.For use with lotions, moisturizer, and serums.Round design bottle is available in 2 sizes - 78ml and 128 ml.Price each"
GBRnd128SpryShnBlk,GBRnd,Round,4.33oz,"Rounddesign128 ml,  4.33oz Clear glass bottle  withshiny black spray pump.For use with cologne, Eau de Parfum, air freshner, face and body spray, or room spray.Round design bottle is available in 2 sizes - 78ml and 128 ml.Price each"
LBRnd128LtnShnBlk,LBRnd,Round,4.33oz,"Rounddesign128 ml,  4.33oz Clear glass bottle  withshiny black lotion pump.For use with lotions, moisturizer, and serums.Round design bottle is available in 2 sizes - 78ml and 128 ml.Price each"
GBRnd128SpryMtSl,GBRnd,Round,4.33oz,"Rounddesign128 ml,  4.33oz Clear glass bottle  withmatte silver spray pump.For use with cologne, Eau de Parfum, air freshner, face and body spray, or room spray.Round design bottle is available in 2 sizes - 78ml and 128 ml.Price each"
LBRnd128LtnMtSl,LBRnd,Round,4.33oz,"Rounddesign128 ml,  4.33oz Clear glass bottle  withmatte silver lotion pump.For use with lotions, moisturizer, and serums.Round design bottle is available in 2 sizes - 78ml and 128 ml.Price each"
GBRnd128SpryShnSl,GBRnd,Round,4.33oz,"Rounddesign128 ml,  4.33oz Clear glass bottle  withshiny silver spray pump.For use with cologne, Eau de Parfum, air freshner, face and body spray, or room spray.Round design bottle is available in 2 sizes - 78ml and 128 ml.Price each"
LBRnd128LtnShnSl,LBRnd,Round,4.33oz,"Rounddesign128 ml,  4.33oz Clear glass bottle  withshiny silver lotion pump.For use with lotions, moisturizer, and serums.Round design bottle is available in 2 sizes - 78ml and 128 ml.Price each"
GBRnd128AnSpLvn,GBRnd,Round,4.33oz,"Rounddesign128 ml,  4.33oz Clear glass bottle  withlavender vintage style bulb sprayerwithshiny silver collar cap.For use with cologne, Eau de Parfum, air freshner, face and body spray, or room spray. Antique or vintage bulb sprayers enhance the beauty of your product.Round design bottle is available in 2 sizes - 78ml and 128 ml.Price each"
GBRnd128AnSpPnk,GBRnd,Round,4.33oz,"Rounddesign128 ml,  4.33oz Clear glass bottle  withpink vintage style bulb sprayerwithshiny gold collar cap.For use with cologne, Eau de Parfum, air freshner, face and body spray, or room spray. Antique or vintage bulb sprayers enhance the beauty of your product.Round design bottle is available in 2 sizes - 78ml and 128 ml.Price each"
GBRnd128AnSpMtSl,GBRnd,Round,4.33oz,"Rounddesign128 ml,  4.33oz Clear glass bottle  withmatte silver vintage style sprayerwithmatte silver collar cap.For use with cologne, Eau de Parfum, air freshner, face and body spray, or room spray. Antique or vintage bulb sprayers enhance the beauty of your product.Round design bottle is available in 2 sizes - 78ml and 128 ml.Price each"
GBRnd128AnSpIvySl,GBRnd,Round,4.33oz,"Rounddesign128 ml,  4.33oz Clear glass bottle  withivory vintage style bulb sprayerwithshiny silver collar cap.For use with cologne, Eau de Parfum, air freshner, face and body spray, or room spray. Antique or vintage bulb sprayers enhance the beauty of your product.Round design bottle is available in 2 sizes - 78ml and 128 ml.Price each"
GBRnd128AnSpGl,GBRnd,Round,4.33oz,"Rounddesign128 ml,  4.33oz Clear glass bottle  withgold vintage style sprayerwithshiny gold collar cap.For use with cologne, Eau de Parfum, air freshner, face and body spray, or room spray. Antique or vintage bulb sprayers enhance the beauty of your product.Round design bottle is available in 2 sizes - 78ml and 128 ml.Price each"
GBRnd128AnSpIvyGl,GBRnd,Round,4.33oz,"Rounddesign128 ml,  4.33oz Clear glass bottle  withivory vintage style bulb sprayerwithshiny gold collar cap.For use with cologne, Eau de Parfum, air freshner, face and body spray, or room spray. Antique or vintage bulb sprayers enhance the beauty of your product.Round design bottle is available in 2 sizes - 78ml and 128 ml.Price each"
GBRnd128AnSpWht,GBRnd,Round,4.33oz,"Rounddesign128 ml,  4.33oz Clear glass bottle  withwhite vintage style bulb sprayerwithshiny silver collar cap.For use with cologne, Eau de Parfum, air freshner, face and body spray, or room spray. Antique or vintage bulb sprayers enhance the beauty of your product.Round design bottle is available in 2 sizes - 78ml and 128 ml.Price each"
GBRnd128AnSpRed,GBRnd,Round,4.33oz,"Rounddesign128 ml,  4.33oz Clear glass bottle  withred vintage style bulb sprayerwithshiny silver collar cap.For use with cologne, Eau de Parfum, air freshner, face and body spray, or room spray. Antique or vintage bulb sprayers enhance the beauty of your product.Round design bottle is available in 2 sizes - 78ml and 128 ml.Price each"
GBRnd128AnSpTslLvn,GBRnd,Round,4.33oz,"Rounddesign128 ml,  4.33oz Clear glass bottle  withLavender vintage style bulb sprayer with Tasselandshiny silver collar cap.For use with cologne, Eau de Parfum, air freshner, face and body spray, or room spray. Antique or vintage bulb sprayers enhance the beauty of your product.Round design bottle is available in 2 sizes - 78ml and 128 ml.Price each"
GBRnd128AnSpTslIvyGl,GBRnd,Round,4.33oz,"Rounddesign128 ml,  4.33oz Clear glass bottle  withIvory vintage style bulb sprayer with tasselandshiny gold collar cap.For use with cologne, Eau de Parfum, air freshner, face and body spray, or room spray. Antique or vintage bulb sprayers enhance the beauty of your product.Round design bottle is available in 2 sizes - 78ml and 128 ml.Price each"
GBRnd128AnSpTslIvySl,GBRnd,Round,4.33oz,"Rounddesign128 ml,  4.33oz Clear glass bottle  withIvory vintage style bulb sprayer with tasselandshiny silver collar cap.For use with cologne, Eau de Parfum, air freshner, face and body spray, or room spray. Antique or vintage bulb sprayers enhance the beauty of your product.Round design bottle is available in 2 sizes - 78ml and 128 ml.Price each"
GBRnd128AnSpTslWht,GBRnd,Round,4.33oz,"Rounddesign128 ml,  4.33oz Clear glass bottle  withWhite vintage style bulb sprayer with tasselandshiny silver collar cap.For use with cologne, Eau de Parfum, air freshner, face and body spray, or room spray. Antique or vintage bulb sprayers enhance the beauty of your product.Round design bottle is available in 2 sizes - 78ml and 128 ml.Price each"
GBRnd128AnSpTslPnk,GBRnd,Round,4.33oz,"Rounddesign128 ml,  4.33oz Clear glass bottle  withPink vintage style bulb sprayer with tasselandshiny gold collar cap.For use with cologne, Eau de Parfum, air freshner, face and body spray, or room spray. Antique or vintage bulb sprayers enhance the beauty of your product.Round design bottle is available in 2 sizes - 78ml and 128 ml.Price each"
GBRnd128AnSpTslRed,GBRnd,Round,4.33oz,"Rounddesign128 ml,  4.33oz Clear glass bottle  withRed vintage style bulb sprayer with tasselandshiny silver collar cap.For use with cologne, Eau de Parfum, air freshner, face and body spray, or room spray. Antique or vintage bulb sprayers enhance the beauty of your product.Round design bottle is available in 2 sizes - 78ml and 128 ml.Price each"
GBRnd128AnSpTslMtSl,GBRnd,Round,4.33oz,"Rounddesign128 ml,  4.33oz Clear glass bottle  withSilver vintage style bulb sprayer with tasselandmatte silver collar cap.For use with cologne, Eau de Parfum, air freshner, face and body spray, or room spray. Antique or vintage bulb sprayers enhance the beauty of your product.Round design bottle is available in 2 sizes - 78ml and 128 ml.Price each"
GBRnd128AnSpTslGl,GBRnd,Round,4.33oz,"Rounddesign128 ml,  4.33oz Clear glass bottle  withGold vintage style bulb sprayer with tasselandshiny gold collar cap.For use with cologne, Eau de Parfum, air freshner, face and body spray, or room spray. Antique or vintage bulb sprayers enhance the beauty of your product.Round design bottle is available in 2 sizes - 78ml and 128 ml.Price each"
GBRnd128DrpSl,GBRnd,Round,4.33oz,"Rounddesign128 ml,  4.33oz Clear glass bottle  withwhite dropperwithshiny silver collar cap.For use with perfume oils, diffuser oils, serums, primers, facial oils or face oils, moisturizer, and beard oils.Round design bottle is available in 2 sizes - 78ml and 128 ml.Price each"
GBRnd128DrpGl,GBRnd,Round,4.33oz,"Rounddesign128 ml,  4.33oz Clear glass bottle  withwhite dropperwithshiny gold collar cap.For use with perfume oils, diffuser oils, serums, primers, facial oils or face oils, moisturizer, and beard oils.Round design bottle is available in 2 sizes - 78ml and 128 ml.Price each"
GBRnd128RdcrPnkLthr,GBRnd,Round,4.33oz,"Rounddesign128 ml,  4.33oz Clear glass bottle  withreducerandpink faux leather cap.For use with cologne, aftershave, splash on, and perfume or fragrance oil, beard oils.Round design bottle is available in 2 sizes - 78ml and 128 ml.Price each"
GBRnd128RdcrIvyLthr,GBRnd,Round,4.33oz,"Rounddesign128 ml,  4.33oz Clear glass bottle  withreducerandivory faux leather cap.For use with cologne, aftershave, splash on, and perfume or fragrance oil, beard oils.Round design bottle is available in 2 sizes - 78ml and 128 ml.Price each"
LBRnd128LtnCu,LBRnd,Round,4.33oz,"Rounddesign128 ml,  4.33oz Clear glass bottle  withmatte copper lotion pump00.For use with lotions, moisturizer, and serums.Round design bottle is available in 2 sizes - 78ml and 128 ml.Price each"
GBRndFrst78RdcrShnGl,GBRnd,Round,2.65oz,"Rounddesign78 ml,  2.65ozFrosted glass bottlewithreducerandshiny gold cap.For use with cologne, aftershave, splash on, and perfume or fragrance oil, beard oils.Round design bottle is available in 2 sizes - 78ml and 128 ml.Price each"
GBRndFrst78RdcrShnBlkTall,GBRnd,Round,2.65oz,"Rounddesign78 ml,  2.65ozFrosted glass bottlewithreducerandtall black shiny cap.For use with cologne, aftershave, splash on, and perfume or fragrance oil, beard oils.Round design bottle is available in 2 sizes - 78ml and 128 ml.Price each"
GBRndFrst78RdcrShnBlk,GBRnd,Round,2.65oz,"Rounddesign78 ml,  2.65ozFrosted glass bottlewithreducerandblack shiny cap.For use with cologne, aftershave, splash on, and perfume or fragrance oil, beard oils.Round design bottle is available in 2 sizes - 78ml and 128 ml.Price each"
GBRndFrst78RdcrBrwnLthr,GBRnd,Round,2.65oz,"Rounddesign78 ml,  2.65ozFrosted glass bottlewithreducerandbrown faux leather cap.For use with cologne, aftershave, splash on, and perfume or fragrance oil, beard oils.Round design bottle is available in 2 sizes - 78ml and 128 ml.Price each"
GBRndFrst78RdcrLBrwnLthr,GBRnd,Round,2.65oz,"Rounddesign78 ml,  2.65ozFrosted glass bottlewithreducerandlight brown faux leather cap.For use with cologne, aftershave, splash on, and perfume or fragrance oil, beard oils.Round design bottle is available in 2 sizes - 78ml and 128 ml.Price each"
GBRndFrst78RdcrShnSl,GBRnd,Round,2.65oz,"Rounddesign78 ml,  2.65ozFrosted glass bottlewithreducerandshiny silver cap.For use with cologne, aftershave, splash on, and perfume or fragrance oil, beard oils.Round design bottle is available in 2 sizes - 78ml and 128 ml.Price each"
GBRndFrst78RdcrMtSlTall,GBRnd,Round,2.65oz,"Rounddesign78 ml,  2.65ozFrosted glass bottlewithreducerandtall silver matte cap.For use with cologne, aftershave, splash on, and perfume or fragrance oil, beard oils.Round design bottle is available in 2 sizes - 78ml and 128 ml.Price each"
GBRndFrst78RdcrMtSl,GBRnd,Round,2.65oz,"Rounddesign78 ml,  2.65ozFrosted glass bottlewithreducerandsilver matte cap.For use with cologne, aftershave, splash on, and perfume or fragrance oil, beard oils.Round design bottle is available in 2 sizes - 78ml and 128 ml.Price each"
GBRndFrst78RdcrWht,GBRnd,Round,2.65oz,"Rounddesign78 ml,  2.65ozFrosted glass bottlewithreducerandwhite cap.For use with cologne, aftershave, splash on, and perfume or fragrance oil, beard oils.Round design bottle is available in 2 sizes - 78ml and 128 ml.Price each"
GBRndFrst78SpryMtGl,GBRnd,Round,2.65oz,"Rounddesign78 ml,  2.65ozFrosted glass bottlewithmatte gold spray pump0.For use with cologne, Eau de Parfum, air freshner, face and body spray, or room spray.Round design bottle is available in 2 sizes - 78ml and 128 ml.Price each"
LBRndFrst78LtnMtGl,LBRnd,Round,2.65oz,"Rounddesign78 ml,  2.65ozFrosted glass bottlewithmatte gold lotion pump0.For use with lotions, moisturizer, and serums.Round design bottle is available in 2 sizes - 78ml and 128 ml.Price each"
GBRndFrst78SpryShnGl,GBRnd,Round,2.65oz,"Rounddesign78 ml,  2.65ozFrosted glass bottlewithshiny gold spray pump.For use with cologne, Eau de Parfum, air freshner, face and body spray, or room spray.Round design bottle is available in 2 sizes - 78ml and 128 ml.Price each"
LBRndFrst78LtnShnGl,LBRnd,Round,2.65oz,"Rounddesign78 ml,  2.65ozFrosted glass bottlewithshiny gold lotion pump.For use with lotions, moisturizer, and serums.Round design bottle is available in 2 sizes - 78ml and 128 ml.Price each"
GBRndFrst78SpryShnBlk,GBRnd,Round,2.65oz,"Rounddesign78 ml,  2.65ozFrosted glass bottlewithshiny black spray pump.For use with cologne, Eau de Parfum, air freshner, face and body spray, or room spray.Round design bottle is available in 2 sizes - 78ml and 128 ml.Price each"
LBRndFrst78LtnShnBlk,LBRnd,Round,2.65oz,"Rounddesign78 ml,  2.65ozFrosted glass bottlewithshiny black lotion pump.For use with lotions, moisturizer, and serums.Round design bottle is available in 2 sizes - 78ml and 128 ml.Price each"
GBRndFrst78SpryMtSl,GBRnd,Round,2.65oz,"Rounddesign78 ml,  2.65ozFrosted glass bottlewithmatte silver spray pump.For use with cologne, Eau de Parfum, air freshner, face and body spray, or room spray.Round design bottle is available in 2 sizes - 78ml and 128 ml.Price each"
LBRndFrst78LtnMtSl,LBRnd,Round,2.65oz,"Rounddesign78 ml,  2.65ozFrosted glass bottlewithmatte silver lotion pump.For use with lotions, moisturizer, and serums.Round design bottle is available in 2 sizes - 78ml and 128 ml.Price each"
GBRndFrst78SpryShnSl,GBRnd,Round,2.65oz,"Rounddesign78 ml,  2.65ozFrosted glass bottlewithshiny silver spray pump.For use with cologne, Eau de Parfum, air freshner, face and body spray, or room spray.Round design bottle is available in 2 sizes - 78ml and 128 ml.Price each"
LBRndFrst78LtnShnSl,LBRnd,Round,2.65oz,"Rounddesign78 ml,  2.65ozFrosted glass bottlewithshiny silver lotion pump.For use with lotions, moisturizer, and serums.Round design bottle is available in 2 sizes - 78ml and 128 ml.Price each"
GBRndFrst78AnSpLvn,GBRnd,Round,2.65oz,"Rounddesign78 ml,  2.65ozFrosted glass bottlewithlavender vintage style bulb sprayerwithshiny silver collar cap.For use with cologne, Eau de Parfum, air freshner, face and body spray, or room spray. Antique or vintage bulb sprayers enhance the beauty of your product.Round design bottle is available in 2 sizes - 78ml and 128 ml.Price each"
GBRndFrst78AnSpPnk,GBRnd,Round,2.65oz,"Rounddesign78 ml,  2.65ozFrosted glass bottlewithpink vintage style bulb sprayerwithshiny gold collar cap.For use with cologne, Eau de Parfum, air freshner, face and body spray, or room spray. Antique or vintage bulb sprayers enhance the beauty of your product.Round design bottle is available in 2 sizes - 78ml and 128 ml.Price each"
GBRndFrst78AnSpMtSl,GBRnd,Round,2.65oz,"Rounddesign78 ml,  2.65ozFrosted glass bottlewithmatte silver vintage style sprayerwithmatte silver collar cap.For use with cologne, Eau de Parfum, air freshner, face and body spray, or room spray. Antique or vintage bulb sprayers enhance the beauty of your product.Round design bottle is available in 2 sizes - 78ml and 128 ml.Price each"
GBRndFrst78AnSpIvySl,GBRnd,Round,2.65oz,"Rounddesign78 ml,  2.65ozFrosted glass bottlewithivory vintage style bulb sprayerwithshiny silver collar cap.For use with cologne, Eau de Parfum, air freshner, face and body spray, or room spray. Antique or vintage bulb sprayers enhance the beauty of your product.Round design bottle is available in 2 sizes - 78ml and 128 ml.Price each"
GBRndFrst78AnSpGl,GBRnd,Round,2.65oz,"Rounddesign78 ml,  2.65ozFrosted glass bottlewithgold vintage style sprayerwithshiny gold collar cap.For use with cologne, Eau de Parfum, air freshner, face and body spray, or room spray. Antique or vintage bulb sprayers enhance the beauty of your product.Round design bottle is available in 2 sizes - 78ml and 128 ml.Price each"
GBRndFrst78AnSpIvyGl,GBRnd,Round,2.65oz,"Rounddesign78 ml,  2.65ozFrosted glass bottlewithivory vintage style bulb sprayerwithshiny gold collar cap.For use with cologne, Eau de Parfum, air freshner, face and body spray, or room spray. Antique or vintage bulb sprayers enhance the beauty of your product.Round design bottle is available in 2 sizes - 78ml and 128 ml.Price each"
GBRndFrst78AnSpWht,GBRnd,Round,2.65oz,"Rounddesign78 ml,  2.65ozFrosted glass bottlewithwhite vintage style bulb sprayerwithshiny silver collar cap.For use with cologne, Eau de Parfum, air freshner, face and body spray, or room spray. Antique or vintage bulb sprayers enhance the beauty of your product.Round design bottle is available in 2 sizes - 78ml and 128 ml.Price each"
GBRndFrst78AnSpRed,GBRnd,Round,2.65oz,"Rounddesign78 ml,  2.65ozFrosted glass bottlewithred vintage style bulb sprayerwithshiny silver collar cap.For use with cologne, Eau de Parfum, air freshner, face and body spray, or room spray. Antique or vintage bulb sprayers enhance the beauty of your product.Round design bottle is available in 2 sizes - 78ml and 128 ml.Price each"
GBRndFrst78AnSpTslLvn,GBRnd,Round,2.65oz,"Rounddesign78 ml,  2.65ozFrosted glass bottlewithLavender vintage style bulb sprayer with Tasselandshiny silver collar cap.For use with cologne, Eau de Parfum, air freshner, face and body spray, or room spray. Antique or vintage bulb sprayers enhance the beauty of your product.Round design bottle is available in 2 sizes - 78ml and 128 ml.Price each"
GBRndFrst78AnSpTslIvyGl,GBRnd,Round,2.65oz,"Rounddesign78 ml,  2.65ozFrosted glass bottlewithIvory vintage style bulb sprayer with tasselandshiny gold collar cap.For use with cologne, Eau de Parfum, air freshner, face and body spray, or room spray. Antique or vintage bulb sprayers enhance the beauty of your product.Round design bottle is available in 2 sizes - 78ml and 128 ml.Price each"
GBRndFrst78AnSpTslIvySl,GBRnd,Round,2.65oz,"Rounddesign78 ml,  2.65ozFrosted glass bottlewithIvory vintage style bulb sprayer with tasselandshiny silver collar cap.For use with cologne, Eau de Parfum, air freshner, face and body spray, or room spray. Antique or vintage bulb sprayers enhance the beauty of your product.Round design bottle is available in 2 sizes - 78ml and 128 ml.Price each"
GBRndFrst78AnSpTslWht,GBRnd,Round,2.65oz,"Rounddesign78 ml,  2.65ozFrosted glass bottlewithWhite vintage style bulb sprayer with tasselandshiny silver collar cap.For use with cologne, Eau de Parfum, air freshner, face and body spray, or room spray. Antique or vintage bulb sprayers enhance the beauty of your product.Round design bottle is available in 2 sizes - 78ml and 128 ml.Price each"
GBRndFrst78AnSpTslPnk,GBRnd,Round,2.65oz,"Rounddesign78 ml,  2.65ozFrosted glass bottlewithPink vintage style bulb sprayer with tasselandshiny gold collar cap.For use with cologne, Eau de Parfum, air freshner, face and body spray, or room spray. Antique or vintage bulb sprayers enhance the beauty of your product.Round design bottle is available in 2 sizes - 78ml and 128 ml.Price each"
GBRndFrst78AnSpTslRed,GBRnd,Round,2.65oz,"Rounddesign78 ml,  2.65ozFrosted glass bottlewithRed vintage style bulb sprayer with tasselandshiny silver collar cap.For use with cologne, Eau de Parfum, air freshner, face and body spray, or room spray. Antique or vintage bulb sprayers enhance the beauty of your product.Round design bottle is available in 2 sizes - 78ml and 128 ml.Price each"
GBRndFrst78AnSpTslMtSl,GBRnd,Round,2.65oz,"Rounddesign78 ml,  2.65ozFrosted glass bottlewithSilver vintage style bulb sprayer with tasselandmatte silver collar cap.For use with cologne, Eau de Parfum, air freshner, face and body spray, or room spray. Antique or vintage bulb sprayers enhance the beauty of your product.Round design bottle is available in 2 sizes - 78ml and 128 ml.Price each"
GBRndFrst78AnSpTslGl,GBRnd,Round,2.65oz,"Rounddesign78 ml,  2.65ozFrosted glass bottlewithGold vintage style bulb sprayer with tasselandshiny gold collar cap.For use with cologne, Eau de Parfum, air freshner, face and body spray, or room spray. Antique or vintage bulb sprayers enhance the beauty of your product.Round design bottle is available in 2 sizes - 78ml and 128 ml.Price each"
GBRndFrst78RdcrPnkLthr,GBRnd,Round,2.65oz,"Rounddesign78 ml,  2.65ozFrosted glass bottlewithreducerandpink faux leather cap.For use with cologne, aftershave, splash on, and perfume or fragrance oil, beard oils.Round design bottle is available in 2 sizes - 78ml and 128 ml.Price each"
GBRndFrst78RdcrIvyLthr,GBRnd,Round,2.65oz,"Rounddesign78 ml,  2.65ozFrosted glass bottlewithreducerandivory faux leather cap.For use with cologne, aftershave, splash on, and perfume or fragrance oil, beard oils.Round design bottle is available in 2 sizes - 78ml and 128 ml.Price each"
LBRndFrst78LtnCu,LBRnd,Round,2.65oz,"Rounddesign78 ml,  2.65ozFrosted glass bottlewithmatte copper lotion pump0.For use with lotions, moisturizer, and serums.Round design bottle is available in 2 sizes - 78ml and 128 ml.Price each"
GBRnd78RdcrShnGl,GBRnd,Round,2.65oz,"Rounddesign78 ml,  2.65oz Clear glass bottle  withreducerandshiny gold cap.For use with cologne, aftershave, splash on, and perfume or fragrance oil, beard oils.Round design bottle is available in 2 sizes - 78ml and 128 ml.Price each"
GBRnd78RdcrShnBlkTall,GBRnd,Round,2.65oz,"Rounddesign78 ml,  2.65oz Clear glass bottle  withreducerandtall black shiny cap.For use with cologne, aftershave, splash on, and perfume or fragrance oil, beard oils.Round design bottle is available in 2 sizes - 78ml and 128 ml.Price each"
GBRnd78RdcrShnBlk,GBRnd,Round,2.65oz,"Rounddesign78 ml,  2.65oz Clear glass bottle  withreducerandblack shiny cap.For use with cologne, aftershave, splash on, and perfume or fragrance oil, beard oils.Round design bottle is available in 2 sizes - 78ml and 128 ml.Price each"
GBRnd78RdcrBrwnLthr,GBRnd,Round,2.65oz,"Rounddesign78 ml,  2.65oz Clear glass bottle  withreducerandbrown faux leather cap.For use with cologne, aftershave, splash on, and perfume or fragrance oil, beard oils.Round design bottle is available in 2 sizes - 78ml and 128 ml.Price each"
GBRnd78RdcrLBrwnLthr,GBRnd,Round,2.65oz,"Rounddesign78 ml,  2.65oz Clear glass bottle  withreducerandlight brown faux leather cap.For use with cologne, aftershave, splash on, and perfume or fragrance oil, beard oils.Round design bottle is available in 2 sizes - 78ml and 128 ml.Price each"
GBRnd78RdcrShnSl,GBRnd,Round,2.65oz,"Rounddesign78 ml,  2.65oz Clear glass bottle  withreducerandshiny silver cap.For use with cologne, aftershave, splash on, and perfume or fragrance oil, beard oils.Round design bottle is available in 2 sizes - 78ml and 128 ml.Price each"
GBRnd78RdcrMtSlTall,GBRnd,Round,2.65oz,"Rounddesign78 ml,  2.65oz Clear glass bottle  withreducerandtall silver matte cap.For use with cologne, aftershave, splash on, and perfume or fragrance oil, beard oils.Round design bottle is available in 2 sizes - 78ml and 128 ml.Price each"
GBRnd78RdcrMtSl,GBRnd,Round,2.65oz,"Rounddesign78 ml,  2.65oz Clear glass bottle  withreducerandsilver matte cap.For use with cologne, aftershave, splash on, and perfume or fragrance oil, beard oils.Round design bottle is available in 2 sizes - 78ml and 128 ml.Price each"
GBRnd78RdcrWht,GBRnd,Round,2.65oz,"Rounddesign78 ml,  2.65oz Clear glass bottle  withreducerandwhite cap.For use with cologne, aftershave, splash on, and perfume or fragrance oil, beard oils.Round design bottle is available in 2 sizes - 78ml and 128 ml.Price each"
GBRnd78SpryMtGl,GBRnd,Round,2.65oz,"Rounddesign78 ml,  2.65oz Clear glass bottle  withmatte gold spray pump0.For use with cologne, Eau de Parfum, air freshner, face and body spray, or room spray.Round design bottle is available in 2 sizes - 78ml and 128 ml.Price each"
LBRnd78LtnMtGl,LBRnd,Round,2.65oz,"Rounddesign78 ml,  2.65oz Clear glass bottle  withmatte gold lotion pump.For use with lotions, moisturizer, and serums.Round design bottle is available in 2 sizes - 78ml and 128 ml.Price each"
GBRnd78SpryShnGl,GBRnd,Round,2.65oz,"Rounddesign78 ml,  2.65oz Clear glass bottle  withshiny gold spray pump.For use with cologne, Eau de Parfum, air freshner, face and body spray, or room spray.Round design bottle is available in 2 sizes - 78ml and 128 ml.Price each"
LBRnd78LtnShnGl,LBRnd,Round,2.65oz,"Rounddesign78 ml,  2.65oz Clear glass bottle  withshiny gold lotion pump.For use with lotions, moisturizer, and serums.Round design bottle is available in 2 sizes - 78ml and 128 ml.Price each"
GBRnd78SpryShnBlk,GBRnd,Round,2.65oz,"Rounddesign78 ml,  2.65oz Clear glass bottle  withshiny black spray pump.For use with cologne, Eau de Parfum, air freshner, face and body spray, or room spray.Round design bottle is available in 2 sizes - 78ml and 128 ml.Price each"
LBRnd78LtnShnBlk,LBRnd,Round,2.65oz,"Rounddesign78 ml,  2.65oz Clear glass bottle  withshiny black lotion pump.For use with lotions, moisturizer, and serums.Round design bottle is available in 2 sizes - 78ml and 128 ml.Price each"
GBRnd78SpryMtSl,GBRnd,Round,2.65oz,"Rounddesign78 ml,  2.65oz Clear glass bottle  withmatte silver spray pump.For use with cologne, Eau de Parfum, air freshner, face and body spray, or room spray.Round design bottle is available in 2 sizes - 78ml and 128 ml.Price each"
LBRnd78LtnMtSl,LBRnd,Round,2.65oz,"Rounddesign78 ml,  2.65oz Clear glass bottle  withmatte silver lotion pump.For use with lotions, moisturizer, and serums.Round design bottle is available in 2 sizes - 78ml and 128 ml.Price each"
GBRnd78SpryShnSl,GBRnd,Round,2.65oz,"Rounddesign78 ml,  2.65oz Clear glass bottle  withshiny silver spray pump.For use with cologne, Eau de Parfum, air freshner, face and body spray, or room spray.Round design bottle is available in 2 sizes - 78ml and 128 ml.Price each"
LBRnd78LtnShnSl,LBRnd,Round,2.65oz,"Rounddesign78 ml,  2.65oz Clear glass bottle  withshiny silver lotion pump.For use with lotions, moisturizer, and serums.Round design bottle is available in 2 sizes - 78ml and 128 ml.Price each"
GBRnd78AnSpLvn,GBRnd,Round,2.65oz,"Rounddesign78 ml,  2.65oz Clear glass bottle  withlavender vintage style bulb sprayerwithshiny silver collar cap.For use with cologne, Eau de Parfum, air freshner, face and body spray, or room spray. Antique or vintage bulb sprayers enhance the beauty of your product.Round design bottle is available in 2 sizes - 78ml and 128 ml.Price each"
GBRnd78AnSpPnk,GBRnd,Round,2.65oz,"Rounddesign78 ml,  2.65oz Clear glass bottle  withpink vintage style bulb sprayerwithshiny gold collar cap.For use with cologne, Eau de Parfum, air freshner, face and body spray, or room spray. Antique or vintage bulb sprayers enhance the beauty of your product.Round design bottle is available in 2 sizes - 78ml and 128 ml.Price each"
GBRnd78AnSpMtSl,GBRnd,Round,2.65oz,"Rounddesign78 ml,  2.65oz Clear glass bottle  withmatte silver vintage style sprayerwithmatte silver collar cap.For use with cologne, Eau de Parfum, air freshner, face and body spray, or room spray. Antique or vintage bulb sprayers enhance the beauty of your product.Round design bottle is available in 2 sizes - 78ml and 128 ml.Price each"
GBRnd78AnSpIvySl,GBRnd,Round,2.65oz,"Rounddesign78 ml,  2.65oz Clear glass bottle  withivory vintage style bulb sprayerwithshiny silver collar cap.For use with cologne, Eau de Parfum, air freshner, face and body spray, or room spray. Antique or vintage bulb sprayers enhance the beauty of your product.Round design bottle is available in 2 sizes - 78ml and 128 ml.Price each"
GBRnd78AnSpGl,GBRnd,Round,2.65oz,"Rounddesign78 ml,  2.65oz Clear glass bottle  withgold vintage style sprayerwithshiny gold collar cap.For use with cologne, Eau de Parfum, air freshner, face and body spray, or room spray. Antique or vintage bulb sprayers enhance the beauty of your product.Round design bottle is available in 2 sizes - 78ml and 128 ml.Price each"
GBRnd78AnSpIvyGl,GBRnd,Round,2.65oz,"Rounddesign78 ml,  2.65oz Clear glass bottle  withivory vintage style bulb sprayerwithshiny gold collar cap.For use with cologne, Eau de Parfum, air freshner, face and body spray, or room spray. Antique or vintage bulb sprayers enhance the beauty of your product.Round design bottle is available in 2 sizes - 78ml and 128 ml.Price each"
GBRnd78AnSpWht,GBRnd,Round,2.65oz,"Rounddesign78 ml,  2.65oz Clear glass bottle  withwhite vintage style bulb sprayerwithshiny silver collar cap.For use with cologne, Eau de Parfum, air freshner, face and body spray, or room spray. Antique or vintage bulb sprayers enhance the beauty of your product.Round design bottle is available in 2 sizes - 78ml and 128 ml.Price each"
GBRnd78AnSpRed,GBRnd,Round,2.65oz,"Rounddesign78 ml,  2.65oz Clear glass bottle  withred vintage style bulb sprayerwithshiny silver collar cap.For use with cologne, Eau de Parfum, air freshner, face and body spray, or room spray. Antique or vintage bulb sprayers enhance the beauty of your product.Round design bottle is available in 2 sizes - 78ml and 128 ml.Price each"
GBRnd78AnSpTslLvn,GBRnd,Round,2.65oz,"Rounddesign78 ml,  2.65oz Clear glass bottle  withLavender vintage style bulb sprayer with Tasselandshiny silver collar cap.For use with cologne, Eau de Parfum, air freshner, face and body spray, or room spray. Antique or vintage bulb sprayers enhance the beauty of your product.Round design bottle is available in 2 sizes - 78ml and 128 ml.Price each"
GBRnd78AnSpTslIvyGl,GBRnd,Round,2.65oz,"Rounddesign78 ml,  2.65oz Clear glass bottle  withIvory vintage style bulb sprayer with tasselandshiny gold collar cap.For use with cologne, Eau de Parfum, air freshner, face and body spray, or room spray. Antique or vintage bulb sprayers enhance the beauty of your product.Round design bottle is available in 2 sizes - 78ml and 128 ml.Price each"
GBRnd78AnSpTslIvySl,GBRnd,Round,2.65oz,"Rounddesign78 ml,  2.65oz Clear glass bottle  withIvory vintage style bulb sprayer with tasselandshiny silver collar cap.For use with cologne, Eau de Parfum, air freshner, face and body spray, or room spray. Antique or vintage bulb sprayers enhance the beauty of your product.Round design bottle is available in 2 sizes - 78ml and 128 ml.Price each"
GBRnd78AnSpTslWht,GBRnd,Round,2.65oz,"Rounddesign78 ml,  2.65oz Clear glass bottle  withWhite vintage style bulb sprayer with tasselandshiny silver collar cap.For use with cologne, Eau de Parfum, air freshner, face and body spray, or room spray. Antique or vintage bulb sprayers enhance the beauty of your product.Round design bottle is available in 2 sizes - 78ml and 128 ml.Price each"
GBRnd78AnSpTslPnk,GBRnd,Round,2.65oz,"Rounddesign78 ml,  2.65oz Clear glass bottle  withPink vintage style bulb sprayer with tasselandshiny gold collar cap.For use with cologne, Eau de Parfum, air freshner, face and body spray, or room spray. Antique or vintage bulb sprayers enhance the beauty of your product.Round design bottle is available in 2 sizes - 78ml and 128 ml.Price each"
GBRnd78AnSpTslRed,GBRnd,Round,2.65oz,"Rounddesign78 ml,  2.65oz Clear glass bottle  withRed vintage style bulb sprayer with tasselandshiny silver collar cap.For use with cologne, Eau de Parfum, air freshner, face and body spray, or room spray. Antique or vintage bulb sprayers enhance the beauty of your product.Round design bottle is available in 2 sizes - 78ml and 128 ml.Price each"
GBRnd78AnSpTslMtSl,GBRnd,Round,2.65oz,"Rounddesign78 ml,  2.65oz Clear glass bottle  withSilver vintage style bulb sprayer with tasselandmatte silver collar cap.For use with cologne, Eau de Parfum, air freshner, face and body spray, or room spray. Antique or vintage bulb sprayers enhance the beauty of your product.Round design bottle is available in 2 sizes - 78ml and 128 ml.Price each"
GBRnd78AnSpTslGl,GBRnd,Round,2.65oz,"Rounddesign78 ml,  2.65oz Clear glass bottle  withGold vintage style bulb sprayer with tasselandshiny gold collar cap.For use with cologne, Eau de Parfum, air freshner, face and body spray, or room spray. Antique or vintage bulb sprayers enhance the beauty of your product.Round design bottle is available in 2 sizes - 78ml and 128 ml.Price each"
GBRnd78RdcrPnkLthr,GBRnd,Round,2.65oz,"Rounddesign78 ml,  2.65oz Clear glass bottle  withreducerandpink faux leather cap.For use with cologne, aftershave, splash on, and perfume or fragrance oil, beard oils.Round design bottle is available in 2 sizes - 78ml and 128 ml.Price each"
GBRnd78RdcrIvyLthr,GBRnd,Round,2.65oz,"Rounddesign78 ml,  2.65oz Clear glass bottle  withreducerandivory faux leather cap.For use with cologne, aftershave, splash on, and perfume or fragrance oil, beard oils.Round design bottle is available in 2 sizes - 78ml and 128 ml.Price each"
LBRnd78LtnCu,LBRnd,Round,2.65oz,"Rounddesign78 ml,  2.65oz Clear glass bottle  withmatte copper lotion pump00.For use with lotions, moisturizer, and serums.Round design bottle is available in 2 sizes - 78ml and 128 ml.Price each"
GBRndFrst128RdcrShnGl,GBRnd,Round,4.33oz,"Rounddesign128 ml,  4.33ozFrosted glass bottlewithreducerandshiny gold cap.For use with cologne, aftershave, splash on, and perfume or fragrance oil, beard oils.Round design bottle is available in 2 sizes - 78ml and 128 ml.Price each"
GBRndFrst128RdcrShnBlkTall,GBRnd,Round,4.33oz,"Rounddesign128 ml,  4.33ozFrosted glass bottlewithreducerandtall black shiny cap.For use with cologne, aftershave, splash on, and perfume or fragrance oil, beard oils.Round design bottle is available in 2 sizes - 78ml and 128 ml.Price each"
GBRndFrst128RdcrShnBlk,GBRnd,Round,4.33oz,"Rounddesign128 ml,  4.33ozFrosted glass bottlewithreducerandblack shiny cap.For use with cologne, aftershave, splash on, and perfume or fragrance oil, beard oils.Round design bottle is available in 2 sizes - 78ml and 128 ml.Price each"
GBRndFrst128RdcrBrwnLthr,GBRnd,Round,4.33oz,"Rounddesign128 ml,  4.33ozFrosted glass bottlewithreducerandbrown faux leather cap.For use with cologne, aftershave, splash on, and perfume or fragrance oil, beard oils.Round design bottle is available in 2 sizes - 78ml and 128 ml.Price each"
GBRndFrst128RdcrLBrwnLthr,GBRnd,Round,4.33oz,"Rounddesign128 ml,  4.33ozFrosted glass bottlewithreducerandlight brown faux leather cap.For use with cologne, aftershave, splash on, and perfume or fragrance oil, beard oils.Round design bottle is available in 2 sizes - 78ml and 128 ml.Price each"
GBRndFrst128RdcrShnSl,GBRnd,Round,4.33oz,"Rounddesign128 ml,  4.33ozFrosted glass bottlewithreducerandshiny silver cap.For use with cologne, aftershave, splash on, and perfume or fragrance oil, beard oils.Round design bottle is available in 2 sizes - 78ml and 128 ml.Price each"
GBRndFrst128RdcrMtSlTall,GBRnd,Round,4.33oz,"Rounddesign128 ml,  4.33ozFrosted glass bottlewithreducerandtall silver matte cap.For use with cologne, aftershave, splash on, and perfume or fragrance oil, beard oils.Round design bottle is available in 2 sizes - 78ml and 128 ml.Price each"
GBRndFrst128RdcrMtSl,GBRnd,Round,4.33oz,"Rounddesign128 ml,  4.33ozFrosted glass bottlewithreducerandsilver matte cap.For use with cologne, aftershave, splash on, and perfume or fragrance oil, beard oils.Round design bottle is available in 2 sizes - 78ml and 128 ml.Price each"
GBRndFrst128RdcrWht,GBRnd,Round,4.33oz,"Rounddesign128 ml,  4.33ozFrosted glass bottlewithreducerandwhite cap.For use with cologne, aftershave, splash on, and perfume or fragrance oil, beard oils.Round design bottle is available in 2 sizes - 78ml and 128 ml.Price each"
GBRndFrst128SpryMtGl,GBRnd,Round,4.33oz,"Rounddesign128 ml,  4.33ozFrosted glass bottlewithmatte gold spray pump.For use with cologne, Eau de Parfum, air freshner, face and body spray, or room spray.Round design bottle is available in 2 sizes - 78ml and 128 ml.Price each"
LBRndFrst128LtnMtGl,LBRnd,Round,4.33oz,"Rounddesign128 ml,  4.33ozFrosted glass bottlewithmatte gold lotion pump0.For use with lotions, moisturizer, and serums.Round design bottle is available in 2 sizes - 78ml and 128 ml.Price each"
GBRndFrst128SpryShnGl,GBRnd,Round,4.33oz,"Rounddesign128 ml,  4.33ozFrosted glass bottlewithshiny gold spray pump.For use with cologne, Eau de Parfum, air freshner, face and body spray, or room spray.Round design bottle is available in 2 sizes - 78ml and 128 ml.Price each"
LBRndFrst128LtnShnGl,LBRnd,Round,4.33oz,"Rounddesign128 ml,  4.33ozFrosted glass bottlewithshiny gold lotion pump.For use with lotions, moisturizer, and serums.Round design bottle is available in 2 sizes - 78ml and 128 ml.Price each"
GBRndFrst128SpryShnBlk,GBRnd,Round,4.33oz,"Rounddesign128 ml,  4.33ozFrosted glass bottlewithshiny black spray pump.For use with cologne, Eau de Parfum, air freshner, face and body spray, or room spray.Round design bottle is available in 2 sizes - 78ml and 128 ml.Price each"
LBRndFrst128LtnShnBlk,LBRnd,Round,4.33oz,"Rounddesign128 ml,  4.33ozFrosted glass bottlewithshiny black lotion pump.For use with lotions, moisturizer, and serums.Round design bottle is available in 2 sizes - 78ml and 128 ml.Price each"
GBRndFrst128SpryMtSl,GBRnd,Round,4.33oz,"Rounddesign128 ml,  4.33ozFrosted glass bottlewithmatte silver spray pump.For use with cologne, Eau de Parfum, air freshner, face and body spray, or room spray.Round design bottle is available in 2 sizes - 78ml and 128 ml.Price each"
LBRndFrst128LtnMtSl,LBRnd,Round,4.33oz,"Rounddesign128 ml,  4.33ozFrosted glass bottlewithmatte silver lotion pump.For use with lotions, moisturizer, and serums.Round design bottle is available in 2 sizes - 78ml and 128 ml.Price each"
GBRndFrst128SpryShnSl,GBRnd,Round,4.33oz,"Rounddesign128 ml,  4.33ozFrosted glass bottlewithshiny silver spray pump.For use with cologne, Eau de Parfum, air freshner, face and body spray, or room spray.Round design bottle is available in 2 sizes - 78ml and 128 ml.Price each"
LBRndFrst128LtnShnSl,LBRnd,Round,4.33oz,"Rounddesign128 ml,  4.33ozFrosted glass bottlewithshiny silver lotion pump.For use with lotions, moisturizer, and serums.Round design bottle is available in 2 sizes - 78ml and 128 ml.Price each"
GBRndFrst128AnSpLvn,GBRnd,Round,4.33oz,"Rounddesign128 ml,  4.33ozFrosted glass bottlewithlavender vintage style bulb sprayerwithshiny silver collar cap.For use with cologne, Eau de Parfum, air freshner, face and body spray, or room spray. Antique or vintage bulb sprayers enhance the beauty of your product.Round design bottle is available in 2 sizes - 78ml and 128 ml.Price each"
GBRndFrst128AnSpPnk,GBRnd,Round,4.33oz,"Rounddesign128 ml,  4.33ozFrosted glass bottlewithpink vintage style bulb sprayerwithshiny gold collar cap.For use with cologne, Eau de Parfum, air freshner, face and body spray, or room spray. Antique or vintage bulb sprayers enhance the beauty of your product.Round design bottle is available in 2 sizes - 78ml and 128 ml.Price each"
GBRndFrst128AnSpMtSl,GBRnd,Round,4.33oz,"Rounddesign128 ml,  4.33ozFrosted glass bottlewithmatte silver vintage style sprayerwithmatte silver collar cap.For use with cologne, Eau de Parfum, air freshner, face and body spray, or room spray. Antique or vintage bulb sprayers enhance the beauty of your product.Round design bottle is available in 2 sizes - 78ml and 128 ml.Price each"
GBRndFrst128AnSpIvySl,GBRnd,Round,4.33oz,"Rounddesign128 ml,  4.33ozFrosted glass bottlewithivory vintage style bulb sprayerwithshiny silver collar cap.For use with cologne, Eau de Parfum, air freshner, face and body spray, or room spray. Antique or vintage bulb sprayers enhance the beauty of your product.Round design bottle is available in 2 sizes - 78ml and 128 ml.Price each"
GBRndFrst128AnSpGl,GBRnd,Round,4.33oz,"Rounddesign128 ml,  4.33ozFrosted glass bottlewithgold vintage style sprayerwithshiny gold collar cap.For use with cologne, Eau de Parfum, air freshner, face and body spray, or room spray. Antique or vintage bulb sprayers enhance the beauty of your product.Round design bottle is available in 2 sizes - 78ml and 128 ml.Price each"
GBRndFrst128AnSpIvyGl,GBRnd,Round,4.33oz,"Rounddesign128 ml,  4.33ozFrosted glass bottlewithivory vintage style bulb sprayerwithshiny gold collar cap.For use with cologne, Eau de Parfum, air freshner, face and body spray, or room spray. Antique or vintage bulb sprayers enhance the beauty of your product.Round design bottle is available in 2 sizes - 78ml and 128 ml.Price each"
GBRndFrst128AnSpWht,GBRnd,Round,4.33oz,"Rounddesign128 ml,  4.33ozFrosted glass bottlewithwhite vintage style bulb sprayerwithshiny silver collar cap.For use with cologne, Eau de Parfum, air freshner, face and body spray, or room spray. Antique or vintage bulb sprayers enhance the beauty of your product.Round design bottle is available in 2 sizes - 78ml and 128 ml.Price each"
GBRndFrst128AnSpRed,GBRnd,Round,4.33oz,"Rounddesign128 ml,  4.33ozFrosted glass bottlewithred vintage style bulb sprayerwithshiny silver collar cap.For use with cologne, Eau de Parfum, air freshner, face and body spray, or room spray. Antique or vintage bulb sprayers enhance the beauty of your product.Round design bottle is available in 2 sizes - 78ml and 128 ml.Price each"
GBRndFrst128AnSpTslLvn,GBRnd,Round,4.33oz,"Rounddesign128 ml,  4.33ozFrosted glass bottlewithLavender vintage style bulb sprayer with Tasselandshiny silver collar cap.For use with cologne, Eau de Parfum, air freshner, face and body spray, or room spray. Antique or vintage bulb sprayers enhance the beauty of your product.Round design bottle is available in 2 sizes - 78ml and 128 ml.Price each"
GBRndFrst128AnSpTslIvyGl,GBRnd,Round,4.33oz,"Rounddesign128 ml,  4.33ozFrosted glass bottlewithIvory vintage style bulb sprayer with tasselandshiny gold collar cap.For use with cologne, Eau de Parfum, air freshner, face and body spray, or room spray. Antique or vintage bulb sprayers enhance the beauty of your product.Round design bottle is available in 2 sizes - 78ml and 128 ml.Price each"
GBRndFrst128AnSpTslIvySl,GBRnd,Round,4.33oz,"Rounddesign128 ml,  4.33ozFrosted glass bottlewithIvory vintage style bulb sprayer with tasselandshiny silver collar cap.For use with cologne, Eau de Parfum, air freshner, face and body spray, or room spray. Antique or vintage bulb sprayers enhance the beauty of your product.Round design bottle is available in 2 sizes - 78ml and 128 ml.Price each"
GBRndFrst128AnSpTslWht,GBRnd,Round,4.33oz,"Rounddesign128 ml,  4.33ozFrosted glass bottlewithWhite vintage style bulb sprayer with tasselandshiny silver collar cap.For use with cologne, Eau de Parfum, air freshner, face and body spray, or room spray. Antique or vintage bulb sprayers enhance the beauty of your product.Round design bottle is available in 2 sizes - 78ml and 128 ml.Price each"
GBRndFrst128AnSpTslPnk,GBRnd,Round,4.33oz,"Rounddesign128 ml,  4.33ozFrosted glass bottlewithPink vintage style bulb sprayer with tasselandshiny gold collar cap.For use with cologne, Eau de Parfum, air freshner, face and body spray, or room spray. Antique or vintage bulb sprayers enhance the beauty of your product.Round design bottle is available in 2 sizes - 78ml and 128 ml.Price each"
GBRndFrst128AnSpTslRed,GBRnd,Round,4.33oz,"Rounddesign128 ml,  4.33ozFrosted glass bottlewithRed vintage style bulb sprayer with tasselandshiny silver collar cap.For use with cologne, Eau de Parfum, air freshner, face and body spray, or room spray. Antique or vintage bulb sprayers enhance the beauty of your product.Round design bottle is available in 2 sizes - 78ml and 128 ml.Price each"
GBRndFrst128AnSpTslMtSl,GBRnd,Round,4.33oz,"Rounddesign128 ml,  4.33ozFrosted glass bottlewithSilver vintage style bulb sprayer with tasselandmatte silver collar cap.For use with cologne, Eau de Parfum, air freshner, face and body spray, or room spray. Antique or vintage bulb sprayers enhance the beauty of your product.Round design bottle is available in 2 sizes - 78ml and 128 ml.Price each"
GBRndFrst128AnSpTslGl,GBRnd,Round,4.33oz,"Rounddesign128 ml,  4.33ozFrosted glass bottlewithGold vintage style bulb sprayer with tasselandshiny gold collar cap.For use with cologne, Eau de Parfum, air freshner, face and body spray, or room spray. Antique or vintage bulb sprayers enhance the beauty of your product.Round design bottle is available in 2 sizes - 78ml and 128 ml.Price each"
GBRndFrst128DrpSl,GBRnd,Round,4.33oz,"Rounddesign128 ml,  4.33ozFrosted glass bottlewithwhite dropperwithshiny silver collar cap.For use with perfume oils, diffuser oils, serums, primers, facial oils or face oils, moisturizer, and beard oils.Round design bottle is available in 2 sizes - 78ml and 128 ml.Price each"
GBRndFrst128DrpGl,GBRnd,Round,4.33oz,"Rounddesign128 ml,  4.33ozFrosted glass bottlewithwhite dropperwithshiny copper collar cap.For use with perfume oils, diffuser oils, serums, primers, facial oils or face oils, moisturizer, and beard oils.Round design bottle is available in 2 sizes - 78ml and 128 ml.Price each"
GBRndFrst128RdcrPnkLthr,GBRnd,Round,4.33oz,"Rounddesign128 ml,  4.33ozFrosted glass bottlewithreducerandpink faux leather cap.For use with cologne, aftershave, splash on, and perfume or fragrance oil, beard oils.Round design bottle is available in 2 sizes - 78ml and 128 ml.Price each"
GBRndFrst128RdcrIvyLthr,GBRnd,Round,4.33oz,"Rounddesign128 ml,  4.33ozFrosted glass bottlewithreducerandivory faux leather cap.For use with cologne, aftershave, splash on, and perfume or fragrance oil, beard oils.Round design bottle is available in 2 sizes - 78ml and 128 ml.Price each"
LBRndFrst128LtnCu,LBRnd,Round,4.33oz,"Rounddesign128 ml,  4.33ozFrosted glass bottlewithmatte copper lotion pump00.For use with lotions, moisturizer, and serums.Round design bottle is available in 2 sizes - 78ml and 128 ml.Price each"
GBSlk30RdcrShnGl,GBSlk,Sleek,1oz,"Sleekdesign30 ml,  1oz Clear glass bottle  withreducerandshiny gold cap.For use with cologne, aftershave, splash on, and perfume or fragrance oil, beard oils.Sleek design bottle is a family of bottles available in 5ml, 8ml, 30m, 50ml and 100ml.Price each"
GBSlk30RdcrShnBlkTall,GBSlk,Sleek,1oz,"Sleekdesign30 ml,  1oz Clear glass bottle  withreducerandtall black shiny cap.For use with cologne, aftershave, splash on, and perfume or fragrance oil, beard oils.Sleek design bottle is a family of bottles available in 5ml, 8ml, 30m, 50ml and 100ml.Price each"
GBSlk30RdcrShnBlk,GBSlk,Sleek,1oz,"Sleekdesign30 ml,  1oz Clear glass bottle  withreducerandblack shiny cap.For use with cologne, aftershave, splash on, and perfume or fragrance oil, beard oils.Sleek design bottle is a family of bottles available in 5ml, 8ml, 30m, 50ml and 100ml.Price each"
GBSlk30RdcrBrwnLthr,GBSlk,Sleek,1oz,"Sleekdesign30 ml,  1oz Clear glass bottle  withreducerandbrown faux leather cap.For use with cologne, aftershave, splash on, and perfume or fragrance oil, beard oils.Sleek design bottle is a family of bottles available in 5ml, 8ml, 30m, 50ml and 100ml.Price each"
GBSlk30RdcrLBrwnLthr,GBSlk,Sleek,1oz,"Sleekdesign30 ml,  1oz Clear glass bottle  withreducerandlight brown faux leather cap.For use with cologne, aftershave, splash on, and perfume or fragrance oil, beard oils.Sleek design bottle is a family of bottles available in 5ml, 8ml, 30m, 50ml and 100ml.Price each"
GBSlk30RdcrShnSl,GBSlk,Sleek,1oz,"Sleekdesign30 ml,  1oz Clear glass bottle  withreducerandshiny silver cap.For use with cologne, aftershave, splash on, and perfume or fragrance oil, beard oils.Sleek design bottle is a family of bottles available in 5ml, 8ml, 30m, 50ml and 100ml.Price each"
GBSlk30RdcrMtSlTall,GBSlk,Sleek,1oz,"Sleekdesign30 ml,  1oz Clear glass bottle  withreducerandtall silver matte cap.For use with cologne, aftershave, splash on, and perfume or fragrance oil, beard oils.Sleek design bottle is a family of bottles available in 5ml, 8ml, 30m, 50ml and 100ml.Price each"
GBSlk30RdcrMtSl,GBSlk,Sleek,1oz,"Sleekdesign30 ml,  1oz Clear glass bottle  withreducerandsilver matte cap.For use with cologne, aftershave, splash on, and perfume or fragrance oil, beard oils.Sleek design bottle is a family of bottles available in 5ml, 8ml, 30m, 50ml and 100ml.Price each"
GBSlk30RdcrWht,GBSlk,Sleek,1oz,"Sleekdesign30 ml,  1oz Clear glass bottle  withreducerandwhite cap.For use with cologne, aftershave, splash on, and perfume or fragrance oil, beard oils.Sleek design bottle is a family of bottles available in 5ml, 8ml, 30m, 50ml and 100ml.Price each"
GBSlk30SpryMtGl,GBSlk,Sleek,1oz,"Sleekdesign30 ml,  1oz Clear glass bottle  withmatte gold spray pump0.For use with cologne, Eau de Parfum, air freshner, face and body spray, or room spray.Sleek design bottle is a family of bottles available in 5ml, 8ml, 30m, 50ml and 100ml.Price each"
LBSlk30LtnMtGl,LBSlk,Sleek,1oz,"Sleekdesign30 ml,  1oz Clear glass bottle  withmatte gold lotion pump00.For use with lotions, moisturizer, and serums.Sleek design bottle is a family of bottles available in 5ml, 8ml, 30m, 50ml and 100ml.Price each"
GBSlk30SpryShnGl,GBSlk,Sleek,1oz,"Sleekdesign30 ml,  1oz Clear glass bottle  withshiny gold spray pump.For use with cologne, Eau de Parfum, air freshner, face and body spray, or room spray.Sleek design bottle is a family of bottles available in 5ml, 8ml, 30m, 50ml and 100ml.Price each"
LBSlk30LtnShnGl,LBSlk,Sleek,1oz,"Sleekdesign30 ml,  1oz Clear glass bottle  withshiny gold lotion pump.For use with lotions, moisturizer, and serums.Sleek design bottle is a family of bottles available in 5ml, 8ml, 30m, 50ml and 100ml.Price each"
GBSlk30SpryShnBlk,GBSlk,Sleek,1oz,"Sleekdesign30 ml,  1oz Clear glass bottle  withshiny black spray pump.For use with cologne, Eau de Parfum, air freshner, face and body spray, or room spray.Sleek design bottle is a family of bottles available in 5ml, 8ml, 30m, 50ml and 100ml.Price each"
LBSlk30LtnShnBlk,LBSlk,Sleek,1oz,"Sleekdesign30 ml,  1oz Clear glass bottle  withshiny black lotion pump.For use with lotions, moisturizer, and serums.Sleek design bottle is a family of bottles available in 5ml, 8ml, 30m, 50ml and 100ml.Price each"
GBSlk30SpryMtSl,GBSlk,Sleek,1oz,"Sleekdesign30 ml,  1oz Clear glass bottle  withmatte silver spray pump.For use with cologne, Eau de Parfum, air freshner, face and body spray, or room spray.Sleek design bottle is a family of bottles available in 5ml, 8ml, 30m, 50ml and 100ml.Price each"
LBSlk30LtnMtSl,LBSlk,Sleek,1oz,"Sleekdesign30 ml,  1oz Clear glass bottle  withmatte silver lotion pump.For use with lotions, moisturizer, and serums.Sleek design bottle is a family of bottles available in 5ml, 8ml, 30m, 50ml and 100ml.Price each"
GBSlk30SpryShnSl,GBSlk,Sleek,1oz,"Sleekdesign30 ml,  1oz Clear glass bottle  withshiny silver spray pump.For use with cologne, Eau de Parfum, air freshner, face and body spray, or room spray.Sleek design bottle is a family of bottles available in 5ml, 8ml, 30m, 50ml and 100ml.Price each"
LBSlk30LtnShnSl,LBSlk,Sleek,1oz,"Sleekdesign30 ml,  1oz Clear glass bottle  withshiny silver lotion pump.For use with lotions, moisturizer, and serums.Sleek design bottle is a family of bottles available in 5ml, 8ml, 30m, 50ml and 100ml.Price each"
GBSlk30AnSpLvn,GBSlk,Sleek,1oz,"Sleekdesign30 ml,  1oz Clear glass bottle  withlavender vintage style bulb sprayerwithshiny silver collar cap.For use with cologne, Eau de Parfum, air freshner, face and body spray, or room spray. Antique or vintage bulb sprayers enhance the beauty of your product.Sleek design bottle is a family of bottles available in 5ml, 8ml, 30m, 50ml and 100ml.Price each"
GBSlk30AnSpPnk,GBSlk,Sleek,1oz,"Sleekdesign30 ml,  1oz Clear glass bottle  withpink vintage style bulb sprayerwithshiny gold collar cap.For use with cologne, Eau de Parfum, air freshner, face and body spray, or room spray. Antique or vintage bulb sprayers enhance the beauty of your product.Sleek design bottle is a family of bottles available in 5ml, 8ml, 30m, 50ml and 100ml.Price each"
GBSlk30AnSpMtSl,GBSlk,Sleek,1oz,"Sleekdesign30 ml,  1oz Clear glass bottle  withmatte silver vintage style sprayerwithmatte silver collar cap.For use with cologne, Eau de Parfum, air freshner, face and body spray, or room spray. Antique or vintage bulb sprayers enhance the beauty of your product.Sleek design bottle is a family of bottles available in 5ml, 8ml, 30m, 50ml and 100ml.Price each"
GBSlk30AnSpIvySl,GBSlk,Sleek,1oz,"Sleekdesign30 ml,  1oz Clear glass bottle  withivory vintage style bulb sprayerwithshiny silver collar cap.For use with cologne, Eau de Parfum, air freshner, face and body spray, or room spray. Antique or vintage bulb sprayers enhance the beauty of your product.Sleek design bottle is a family of bottles available in 5ml, 8ml, 30m, 50ml and 100ml.Price each"
GBSlk30AnSpGl,GBSlk,Sleek,1oz,"Sleekdesign30 ml,  1oz Clear glass bottle  withgold vintage style sprayerwithshiny gold collar cap.For use with cologne, Eau de Parfum, air freshner, face and body spray, or room spray. Antique or vintage bulb sprayers enhance the beauty of your product.Sleek design bottle is a family of bottles available in 5ml, 8ml, 30m, 50ml and 100ml.Price each"
GBSlk30AnSpIvyGl,GBSlk,Sleek,1oz,"Sleekdesign30 ml,  1oz Clear glass bottle  withivory vintage style bulb sprayerwithshiny gold collar cap.For use with cologne, Eau de Parfum, air freshner, face and body spray, or room spray. Antique or vintage bulb sprayers enhance the beauty of your product.Sleek design bottle is a family of bottles available in 5ml, 8ml, 30m, 50ml and 100ml.Price each"
GBSlk30AnSpWht,GBSlk,Sleek,1oz,"Sleekdesign30 ml,  1oz Clear glass bottle  withwhite vintage style bulb sprayerwithshiny silver collar cap.For use with cologne, Eau de Parfum, air freshner, face and body spray, or room spray. Antique or vintage bulb sprayers enhance the beauty of your product.Sleek design bottle is a family of bottles available in 5ml, 8ml, 30m, 50ml and 100ml.Price each"
GBSlk30AnSpRed,GBSlk,Sleek,1oz,"Sleekdesign30 ml,  1oz Clear glass bottle  withred vintage style bulb sprayerwithshiny silver collar cap.For use with cologne, Eau de Parfum, air freshner, face and body spray, or room spray. Antique or vintage bulb sprayers enhance the beauty of your product.Sleek design bottle is a family of bottles available in 5ml, 8ml, 30m, 50ml and 100ml.Price each"
GBSlk30DrpSl,GBSlk,Sleek,1oz,"Sleekdesign30 ml,  1oz Clear glass bottle  withwhite dropperwithshiny silver collar cap.For use with perfume oils, diffuser oils, serums, primers, facial oils or face oils, moisturizer, and beard oils.Sleek design bottle is a family of bottles available in 5ml, 8ml, 30m, 50ml and 100ml.Price each"
GBSlk30DrpGl,GBSlk,Sleek,1oz,"Sleekdesign30 ml,  1oz Clear glass bottle  withwhite dropperwithshiny copper collar cap.For use with perfume oils, diffuser oils, serums, primers, facial oils or face oils, moisturizer, and beard oils.Sleek design bottle is a family of bottles available in 5ml, 8ml, 30m, 50ml and 100ml.Price each"
LBSlk30WhtRectClOverCap,LBSlk,Sleek,1oz,"Sleekdesign30 ml,  1oz Clear glass bottle  withwhite rectangularwithclear over the cap.For use with lotions, moisturizer, and serums.Sleek design bottle is a family of bottles available in 5ml, 8ml, 30m, 50ml and 100ml.Price each"
GBSlk30RdcrPnkLthr,GBSlk,Sleek,1oz,"Sleekdesign30 ml,  1oz Clear glass bottle  withreducerandpink faux leather cap.For use with cologne, aftershave, splash on, and perfume or fragrance oil, beard oils.Sleek design bottle is a family of bottles available in 5ml, 8ml, 30m, 50ml and 100ml.Price each"
GBSlk30RdcrIvyLthr,GBSlk,Sleek,1oz,"Sleekdesign30 ml,  1oz Clear glass bottle  withreducerandivory faux leather cap.For use with cologne, aftershave, splash on, and perfume or fragrance oil, beard oils.Sleek design bottle is a family of bottles available in 5ml, 8ml, 30m, 50ml and 100ml.Price each"
LBSlk30LtnCu,LBSlk,Sleek,1oz,"Sleekdesign30 ml,  1oz Clear glass bottle  withmatte copper lotion pump0.For use with lotions, moisturizer, and serums.Sleek design bottle is a family of bottles available in 5ml, 8ml, 30m, 50ml and 100ml.Price each"
GBSlk50RdcrShnGl,GBSlk,Sleek,1.7oz,"Sleekdesign50 ml,  1.7oz Clear glass bottle  withreducerandshiny gold cap.For use with cologne, aftershave, splash on, and perfume or fragrance oil, beard oils.Sleek design bottle is a family of bottles available in 5ml, 8ml, 30m, 50ml and 100ml.Price each"
GBSlk50RdcrShnBlkTall,GBSlk,Sleek,1.7oz,"Sleekdesign50 ml,  1.7oz Clear glass bottle  withreducerandtall black shiny cap.For use with cologne, aftershave, splash on, and perfume or fragrance oil, beard oils.Sleek design bottle is a family of bottles available in 5ml, 8ml, 30m, 50ml and 100ml.Price each"
GBSlk50RdcrShnBlk,GBSlk,Sleek,1.7oz,"Sleekdesign50 ml,  1.7oz Clear glass bottle  withreducerandblack shiny cap.For use with cologne, aftershave, splash on, and perfume or fragrance oil, beard oils.Sleek design bottle is a family of bottles available in 5ml, 8ml, 30m, 50ml and 100ml.Price each"
GBSlk50RdcrBrwnLthr,GBSlk,Sleek,1.7oz,"Sleekdesign50 ml,  1.7oz Clear glass bottle  withreducerandbrown faux leather cap.For use with cologne, aftershave, splash on, and perfume or fragrance oil, beard oils.Sleek design bottle is a family of bottles available in 5ml, 8ml, 30m, 50ml and 100ml.Price each"
GBSlk50RdcrLBrwnLthr,GBSlk,Sleek,1.7oz,"Sleekdesign50 ml,  1.7oz Clear glass bottle  withreducerandlight brown faux leather cap.For use with cologne, aftershave, splash on, and perfume or fragrance oil, beard oils.Sleek design bottle is a family of bottles available in 5ml, 8ml, 30m, 50ml and 100ml.Price each"
GBSlk50RdcrShnSl,GBSlk,Sleek,1.7oz,"Sleekdesign50 ml,  1.7oz Clear glass bottle  withreducerandshiny silver cap.For use with cologne, aftershave, splash on, and perfume or fragrance oil, beard oils.Sleek design bottle is a family of bottles available in 5ml, 8ml, 30m, 50ml and 100ml.Price each"
GBSlk50RdcrMtSlTall,GBSlk,Sleek,1.7oz,"Sleekdesign50 ml,  1.7oz Clear glass bottle  withreducerandtall silver matte cap.For use with cologne, aftershave, splash on, and perfume or fragrance oil, beard oils.Sleek design bottle is a family of bottles available in 5ml, 8ml, 30m, 50ml and 100ml.Price each"
GBSlk50RdcrMtSl,GBSlk,Sleek,1.7oz,"Sleekdesign50 ml,  1.7oz Clear glass bottle  withreducerandsilver matte cap.For use with cologne, aftershave, splash on, and perfume or fragrance oil, beard oils.Sleek design bottle is a family of bottles available in 5ml, 8ml, 30m, 50ml and 100ml.Price each"
GBSlk50RdcrWht,GBSlk,Sleek,1.7oz,"Sleekdesign50 ml,  1.7oz Clear glass bottle  withreducerandwhite cap.For use with cologne, aftershave, splash on, and perfume or fragrance oil, beard oils.Sleek design bottle is a family of bottles available in 5ml, 8ml, 30m, 50ml and 100ml.Price each"
GBSlk50SpryMtGl,GBSlk,Sleek,1.7oz,"Sleekdesign50 ml,  1.7oz Clear glass bottle  withmatte gold spray pump0.For use with cologne, Eau de Parfum, air freshner, face and body spray, or room spray.Sleek design bottle is a family of bottles available in 5ml, 8ml, 30m, 50ml and 100ml.Price each"
LBSlk50LtnMtGl,LBSlk,Sleek,1.7oz,"Sleekdesign50 ml,  1.7oz Clear glass bottle  withmatte gold lotion pump0.For use with lotions, moisturizer, and serums.Sleek design bottle is a family of bottles available in 5ml, 8ml, 30m, 50ml and 100ml.Price each"
GBSlk50SpryShnGl,GBSlk,Sleek,1.7oz,"Sleekdesign50 ml,  1.7oz Clear glass bottle  withshiny gold spray pump.For use with cologne, Eau de Parfum, air freshner, face and body spray, or room spray.Sleek design bottle is a family of bottles available in 5ml, 8ml, 30m, 50ml and 100ml.Price each"
LBSlk50LtnShnGl,LBSlk,Sleek,1.7oz,"Sleekdesign50 ml,  1.7oz Clear glass bottle  withshiny gold lotion pump.For use with lotions, moisturizer, and serums.Sleek design bottle is a family of bottles available in 5ml, 8ml, 30m, 50ml and 100ml.Price each"
GBSlk50SpryShnBlk,GBSlk,Sleek,1.7oz,"Sleekdesign50 ml,  1.7oz Clear glass bottle  withshiny black spray pump.For use with cologne, Eau de Parfum, air freshner, face and body spray, or room spray.Sleek design bottle is a family of bottles available in 5ml, 8ml, 30m, 50ml and 100ml.Price each"
LBSlk50LtnShnBlk,LBSlk,Sleek,1.7oz,"Sleekdesign50 ml,  1.7oz Clear glass bottle  withshiny black lotion pump.For use with lotions, moisturizer, and serums.Sleek design bottle is a family of bottles available in 5ml, 8ml, 30m, 50ml and 100ml.Price each"
GBSlk50SpryMtSl,GBSlk,Sleek,1.7oz,"Sleekdesign50 ml,  1.7oz Clear glass bottle  withmatte silver spray pump.For use with cologne, Eau de Parfum, air freshner, face and body spray, or room spray.Sleek design bottle is a family of bottles available in 5ml, 8ml, 30m, 50ml and 100ml.Price each"
LBSlk50LtnMtSl,LBSlk,Sleek,1.7oz,"Sleekdesign50 ml,  1.7oz Clear glass bottle  withmatte silver lotion pump.For use with lotions, moisturizer, and serums.Sleek design bottle is a family of bottles available in 5ml, 8ml, 30m, 50ml and 100ml.Price each"
GBSlk50SpryShnSl,GBSlk,Sleek,1.7oz,"Sleekdesign50 ml,  1.7oz Clear glass bottle  withshiny silver spray pump.For use with cologne, Eau de Parfum, air freshner, face and body spray, or room spray.Sleek design bottle is a family of bottles available in 5ml, 8ml, 30m, 50ml and 100ml.Price each"
LBSlk50LtnShnSl,LBSlk,Sleek,1.7oz,"Sleekdesign50 ml,  1.7oz Clear glass bottle  withshiny silver lotion pump.For use with lotions, moisturizer, and serums.Sleek design bottle is a family of bottles available in 5ml, 8ml, 30m, 50ml and 100ml.Price each"
GBSlk50AnSpLvn,GBSlk,Sleek,1.7oz,"Sleekdesign50 ml,  1.7oz Clear glass bottle  withlavender vintage style bulb sprayerwithshiny silver collar cap.For use with cologne, Eau de Parfum, air freshner, face and body spray, or room spray. Antique or vintage bulb sprayers enhance the beauty of your product.Sleek design bottle is a family of bottles available in 5ml, 8ml, 30m, 50ml and 100ml.Price each"
GBSlk50AnSpPnk,GBSlk,Sleek,1.7oz,"Sleekdesign50 ml,  1.7oz Clear glass bottle  withpink vintage style bulb sprayerwithshiny gold collar cap.For use with cologne, Eau de Parfum, air freshner, face and body spray, or room spray. Antique or vintage bulb sprayers enhance the beauty of your product.Sleek design bottle is a family of bottles available in 5ml, 8ml, 30m, 50ml and 100ml.Price each"
GBSlk50AnSpMtSl,GBSlk,Sleek,1.7oz,"Sleekdesign50 ml,  1.7oz Clear glass bottle  withmatte silver vintage style sprayerwithmatte silver collar cap.For use with cologne, Eau de Parfum, air freshner, face and body spray, or room spray. Antique or vintage bulb sprayers enhance the beauty of your product.Sleek design bottle is a family of bottles available in 5ml, 8ml, 30m, 50ml and 100ml.Price each"
GBSlk50AnSpIvySl,GBSlk,Sleek,1.7oz,"Sleekdesign50 ml,  1.7oz Clear glass bottle  withivory vintage style bulb sprayerwithshiny silver collar cap.For use with cologne, Eau de Parfum, air freshner, face and body spray, or room spray. Antique or vintage bulb sprayers enhance the beauty of your product.Sleek design bottle is a family of bottles available in 5ml, 8ml, 30m, 50ml and 100ml.Price each"
GBSlk50AnSpGl,GBSlk,Sleek,1.7oz,"Sleekdesign50 ml,  1.7oz Clear glass bottle  withgold vintage style sprayerwithshiny gold collar cap.For use with cologne, Eau de Parfum, air freshner, face and body spray, or room spray. Antique or vintage bulb sprayers enhance the beauty of your product.Sleek design bottle is a family of bottles available in 5ml, 8ml, 30m, 50ml and 100ml.Price each"
GBSlk50AnSpIvyGl,GBSlk,Sleek,1.7oz,"Sleekdesign50 ml,  1.7oz Clear glass bottle  withivory vintage style bulb sprayerwithshiny gold collar cap.For use with cologne, Eau de Parfum, air freshner, face and body spray, or room spray. Antique or vintage bulb sprayers enhance the beauty of your product.Sleek design bottle is a family of bottles available in 5ml, 8ml, 30m, 50ml and 100ml.Price each"
GBSlk50AnSpWht,GBSlk,Sleek,1.7oz,"Sleekdesign50 ml,  1.7oz Clear glass bottle  withwhite vintage style bulb sprayerwithshiny silver collar cap.For use with cologne, Eau de Parfum, air freshner, face and body spray, or room spray. Antique or vintage bulb sprayers enhance the beauty of your product.Sleek design bottle is a family of bottles available in 5ml, 8ml, 30m, 50ml and 100ml.Price each"
GBSlk50AnSpRed,GBSlk,Sleek,1.7oz,"Sleekdesign50 ml,  1.7oz Clear glass bottle  withred vintage style bulb sprayerwithshiny silver collar cap.For use with cologne, Eau de Parfum, air freshner, face and body spray, or room spray. Antique or vintage bulb sprayers enhance the beauty of your product.Sleek design bottle is a family of bottles available in 5ml, 8ml, 30m, 50ml and 100ml.Price each"
GBSlk50AnSpTslLvn,GBSlk,Sleek,1.7oz,"Sleekdesign50 ml,  1.7oz Clear glass bottle  withLavender vintage style bulb sprayer with Tasselandshiny silver collar cap.For use with cologne, Eau de Parfum, air freshner, face and body spray, or room spray. Antique or vintage bulb sprayers enhance the beauty of your product.Sleek design bottle is a family of bottles available in 5ml, 8ml, 30m, 50ml and 100ml.Price each"
GBSlk50AnSpTslIvyGl,GBSlk,Sleek,1.7oz,"Sleekdesign50 ml,  1.7oz Clear glass bottle  withIvory vintage style bulb sprayer with tasselandshiny gold collar cap.For use with cologne, Eau de Parfum, air freshner, face and body spray, or room spray. Antique or vintage bulb sprayers enhance the beauty of your product.Sleek design bottle is a family of bottles available in 5ml, 8ml, 30m, 50ml and 100ml.Price each"
GBSlk50AnSpTslIvySl,GBSlk,Sleek,1.7oz,"Sleekdesign50 ml,  1.7oz Clear glass bottle  withIvory vintage style bulb sprayer with tasselandshiny silver collar cap.For use with cologne, Eau de Parfum, air freshner, face and body spray, or room spray. Antique or vintage bulb sprayers enhance the beauty of your product.Sleek design bottle is a family of bottles available in 5ml, 8ml, 30m, 50ml and 100ml.Price each"
GBSlk50AnSpTslWht,GBSlk,Sleek,1.7oz,"Sleekdesign50 ml,  1.7oz Clear glass bottle  withWhite vintage style bulb sprayer with tasselandshiny silver collar cap.For use with cologne, Eau de Parfum, air freshner, face and body spray, or room spray. Antique or vintage bulb sprayers enhance the beauty of your product.Sleek design bottle is a family of bottles available in 5ml, 8ml, 30m, 50ml and 100ml.Price each"
GBSlk50AnSpTslPnk,GBSlk,Sleek,1.7oz,"Sleekdesign50 ml,  1.7oz Clear glass bottle  withPink vintage style bulb sprayer with tasselandshiny gold collar cap.For use with cologne, Eau de Parfum, air freshner, face and body spray, or room spray. Antique or vintage bulb sprayers enhance the beauty of your product.Sleek design bottle is a family of bottles available in 5ml, 8ml, 30m, 50ml and 100ml.Price each"
GBSlk50AnSpTslRed,GBSlk,Sleek,1.7oz,"Sleekdesign50 ml,  1.7oz Clear glass bottle  withRed vintage style bulb sprayer with tasselandshiny silver collar cap.For use with cologne, Eau de Parfum, air freshner, face and body spray, or room spray. Antique or vintage bulb sprayers enhance the beauty of your product.Sleek design bottle is a family of bottles available in 5ml, 8ml, 30m, 50ml and 100ml.Price each"
GBSlk50AnSpTslMtSl,GBSlk,Sleek,1.7oz,"Sleekdesign50 ml,  1.7oz Clear glass bottle  withSilver vintage style bulb sprayer with tasselandmatte silver collar cap.For use with cologne, Eau de Parfum, air freshner, face and body spray, or room spray. Antique or vintage bulb sprayers enhance the beauty of your product.Sleek design bottle is a family of bottles available in 5ml, 8ml, 30m, 50ml and 100ml.Price each"
GBSlk50AnSpTslGl,GBSlk,Sleek,1.7oz,"Sleekdesign50 ml,  1.7oz Clear glass bottle  withGold vintage style bulb sprayer with tasselandshiny gold collar cap.For use with cologne, Eau de Parfum, air freshner, face and body spray, or room spray. Antique or vintage bulb sprayers enhance the beauty of your product.Sleek design bottle is a family of bottles available in 5ml, 8ml, 30m, 50ml and 100ml.Price each"
LBSlk50WhtRectClOverCap,LBSlk,Sleek,1.7oz,"Sleekdesign50 ml,  1.7oz Clear glass bottle  withwhite rectangularwithclear over the cap.For use with lotions, moisturizer, and serums.Sleek design bottle is a family of bottles available in 5ml, 8ml, 30m, 50ml and 100ml.Price each"
GBSlk50RdcrPnkLthr,GBSlk,Sleek,1.7oz,"Sleekdesign50 ml,  1.7oz Clear glass bottle  withreducerandpink faux leather cap.For use with cologne, aftershave, splash on, and perfume or fragrance oil, beard oils.Sleek design bottle is a family of bottles available in 5ml, 8ml, 30m, 50ml and 100ml.Price each"
GBSlk50RdcrIvyLthr,GBSlk,Sleek,1.7oz,"Sleekdesign50 ml,  1.7oz Clear glass bottle  withreducerandivory faux leather cap.For use with cologne, aftershave, splash on, and perfume or fragrance oil, beard oils.Sleek design bottle is a family of bottles available in 5ml, 8ml, 30m, 50ml and 100ml.Price each"
LBSlk50LtnCu,LBSlk,Sleek,1.7oz,"Sleekdesign50 ml,  1.7oz Clear glass bottle  withmatte copper lotion pump0.For use with lotions, moisturizer, and serums.Sleek design bottle is a family of bottles available in 5ml, 8ml, 30m, 50ml and 100ml.Price each"
GBSlk100RdcrShnGl,GBSlk,Sleek,3 1/2oz,"Sleekdesign100 ml,  3 1/2oz Clear glass bottle  withreducerandshiny gold cap.For use with cologne, aftershave, splash on, and perfume or fragrance oil, beard oils.Sleek design bottle is a family of bottles available in 5ml, 8ml, 30m, 50ml and 100ml.Price each"
GBSlk100RdcrShnBlkTall,GBSlk,Sleek,3 1/2oz,"Sleekdesign100 ml,  3 1/2oz Clear glass bottle  withreducerandtall black shiny cap.For use with cologne, aftershave, splash on, and perfume or fragrance oil, beard oils.Sleek design bottle is a family of bottles available in 5ml, 8ml, 30m, 50ml and 100ml.Price each"
GBSlk100RdcrShnBlk,GBSlk,Sleek,3 1/2oz,"Sleekdesign100 ml,  3 1/2oz Clear glass bottle  withreducerandblack shiny cap.For use with cologne, aftershave, splash on, and perfume or fragrance oil, beard oils.Sleek design bottle is a family of bottles available in 5ml, 8ml, 30m, 50ml and 100ml.Price each"
GBSlk100RdcrBrwnLthr,GBSlk,Sleek,3 1/2oz,"Sleekdesign100 ml,  3 1/2oz Clear glass bottle  withreducerandbrown faux leather cap.For use with cologne, aftershave, splash on, and perfume or fragrance oil, beard oils.Sleek design bottle is a family of bottles available in 5ml, 8ml, 30m, 50ml and 100ml.Price each"
GBSlk100RdcrLBrwnLthr,GBSlk,Sleek,3 1/2oz,"Sleekdesign100 ml,  3 1/2oz Clear glass bottle  withreducerandlight brown faux leather cap.For use with cologne, aftershave, splash on, and perfume or fragrance oil, beard oils.Sleek design bottle is a family of bottles available in 5ml, 8ml, 30m, 50ml and 100ml.Price each"
GBSlk100RdcrShnSl,GBSlk,Sleek,3 1/2oz,"Sleekdesign100 ml,  3 1/2oz Clear glass bottle  withreducerandshiny silver cap.For use with cologne, aftershave, splash on, and perfume or fragrance oil, beard oils.Sleek design bottle is a family of bottles available in 5ml, 8ml, 30m, 50ml and 100ml.Price each"
GBSlk100RdcrMtSlTall,GBSlk,Sleek,3 1/2oz,"Sleekdesign100 ml,  3 1/2oz Clear glass bottle  withreducerandtall silver matte cap.For use with cologne, aftershave, splash on, and perfume or fragrance oil, beard oils.Sleek design bottle is a family of bottles available in 5ml, 8ml, 30m, 50ml and 100ml.Price each"
GBSlk100RdcrMtSl,GBSlk,Sleek,3 1/2oz,"Sleekdesign100 ml,  3 1/2oz Clear glass bottle  withreducerandsilver matte cap.For use with cologne, aftershave, splash on, and perfume or fragrance oil, beard oils.Sleek design bottle is a family of bottles available in 5ml, 8ml, 30m, 50ml and 100ml.Price each"
GBSlk100RdcrWht,GBSlk,Sleek,3 1/2oz,"Sleekdesign100 ml,  3 1/2oz Clear glass bottle  withreducerandwhite cap.For use with cologne, aftershave, splash on, and perfume or fragrance oil, beard oils.Sleek design bottle is a family of bottles available in 5ml, 8ml, 30m, 50ml and 100ml.Price each"
GBSlk100SpryMtGl,GBSlk,Sleek,3 1/2oz,"Sleekdesign100 ml,  3 1/2oz Clear glass bottle  withmatte gold spray pump0.For use with cologne, Eau de Parfum, air freshner, face and body spray, or room spray.Sleek design bottle is a family of bottles available in 5ml, 8ml, 30m, 50ml and 100ml.Price each"
LBSlk100LtnMtGl,LBSlk,Sleek,3 1/2oz,"Sleekdesign100 ml,  3 1/2oz Clear glass bottle  withmatte gold lotion pump.For use with lotions, moisturizer, and serums.Sleek design bottle is a family of bottles available in 5ml, 8ml, 30m, 50ml and 100ml.Price each"
GBSlk100SpryShnGl,GBSlk,Sleek,3 1/2oz,"Sleekdesign100 ml,  3 1/2oz Clear glass bottle  withshiny gold spray pump.For use with cologne, Eau de Parfum, air freshner, face and body spray, or room spray.Sleek design bottle is a family of bottles available in 5ml, 8ml, 30m, 50ml and 100ml.Price each"
LBSlk100LtnShnGl,LBSlk,Sleek,3 1/2oz,"Sleekdesign100 ml,  3 1/2oz Clear glass bottle  withshiny gold lotion pump0.For use with lotions, moisturizer, and serums.Sleek design bottle is a family of bottles available in 5ml, 8ml, 30m, 50ml and 100ml.Price each"
GBSlk100SpryShnBlk,GBSlk,Sleek,3 1/2oz,"Sleekdesign100 ml,  3 1/2oz Clear glass bottle  withshiny black spray pump0.For use with cologne, Eau de Parfum, air freshner, face and body spray, or room spray.Sleek design bottle is a family of bottles available in 5ml, 8ml, 30m, 50ml and 100ml.Price each"
LBSlk100LtnShnBlk,LBSlk,Sleek,3 1/2oz,"Sleekdesign100 ml,  3 1/2oz Clear glass bottle  withshiny black lotion pump0.For use with lotions, moisturizer, and serums.Sleek design bottle is a family of bottles available in 5ml, 8ml, 30m, 50ml and 100ml.Price each"
GBSlk100SpryMtSl,GBSlk,Sleek,3 1/2oz,"Sleekdesign100 ml,  3 1/2oz Clear glass bottle  withmatte silver spray pump.For use with cologne, Eau de Parfum, air freshner, face and body spray, or room spray.Sleek design bottle is a family of bottles available in 5ml, 8ml, 30m, 50ml and 100ml.Price each"
LBSlk100LtnMtSl,LBSlk,Sleek,3 1/2oz,"Sleekdesign100 ml,  3 1/2oz Clear glass bottle  withmatte silver lotion pump.For use with lotions, moisturizer, and serums.Sleek design bottle is a family of bottles available in 5ml, 8ml, 30m, 50ml and 100ml.Price each"
GBSlk100SpryShnSl,GBSlk,Sleek,3 1/2oz,"Sleekdesign100 ml,  3 1/2oz Clear glass bottle  withshiny silver spray pump.For use with cologne, Eau de Parfum, air freshner, face and body spray, or room spray.Sleek design bottle is a family of bottles available in 5ml, 8ml, 30m, 50ml and 100ml.Price each"
LBSlk100LtnShnSl,LBSlk,Sleek,3 1/2oz,"Sleekdesign100 ml,  3 1/2oz Clear glass bottle  withshiny silver lotion pump0.For use with lotions, moisturizer, and serums.Sleek design bottle is a family of bottles available in 5ml, 8ml, 30m, 50ml and 100ml.Price each"
GBSlk100AnSpLvn,GBSlk,Sleek,3 1/2oz,"Sleekdesign100 ml,  3 1/2oz Clear glass bottle  withlavender vintage style bulb sprayerwithshiny silver collar cap.For use with cologne, Eau de Parfum, air freshner, face and body spray, or room spray. Antique or vintage bulb sprayers enhance the beauty of your product.Sleek design bottle is a family of bottles available in 5ml, 8ml, 30m, 50ml and 100ml.Price each"
GBSlk100AnSpPnk,GBSlk,Sleek,3 1/2oz,"Sleekdesign100 ml,  3 1/2oz Clear glass bottle  withpink vintage style bulb sprayerwithshiny gold collar cap.For use with cologne, Eau de Parfum, air freshner, face and body spray, or room spray. Antique or vintage bulb sprayers enhance the beauty of your product.Sleek design bottle is a family of bottles available in 5ml, 8ml, 30m, 50ml and 100ml.Price each"
GBSlk100AnSpMtSl,GBSlk,Sleek,3 1/2oz,"Sleekdesign100 ml,  3 1/2oz Clear glass bottle  withmatte silver vintage style sprayerwithmatte silver collar cap.For use with cologne, Eau de Parfum, air freshner, face and body spray, or room spray. Antique or vintage bulb sprayers enhance the beauty of your product.Sleek design bottle is a family of bottles available in 5ml, 8ml, 30m, 50ml and 100ml.Price each"
GBSlk100AnSpIvySl,GBSlk,Sleek,3 1/2oz,"Sleekdesign100 ml,  3 1/2oz Clear glass bottle  withivory vintage style bulb sprayerwithshiny silver collar cap.For use with cologne, Eau de Parfum, air freshner, face and body spray, or room spray. Antique or vintage bulb sprayers enhance the beauty of your product.Sleek design bottle is a family of bottles available in 5ml, 8ml, 30m, 50ml and 100ml.Price each"
GBSlk100AnSpGl,GBSlk,Sleek,3 1/2oz,"Sleekdesign100 ml,  3 1/2oz Clear glass bottle  withgold vintage style sprayerwithshiny gold collar cap.For use with cologne, Eau de Parfum, air freshner, face and body spray, or room spray. Antique or vintage bulb sprayers enhance the beauty of your product.Sleek design bottle is a family of bottles available in 5ml, 8ml, 30m, 50ml and 100ml.Price each"
GBSlk100AnSpIvyGl,GBSlk,Sleek,3 1/2oz,"Sleekdesign100 ml,  3 1/2oz Clear glass bottle  withivory vintage style bulb sprayerwithshiny gold collar cap.For use with cologne, Eau de Parfum, air freshner, face and body spray, or room spray. Antique or vintage bulb sprayers enhance the beauty of your product.Sleek design bottle is a family of bottles available in 5ml, 8ml, 30m, 50ml and 100ml.Price each"
GBSlk100AnSpWht,GBSlk,Sleek,3 1/2oz,"Sleekdesign100 ml,  3 1/2oz Clear glass bottle  withwhite vintage style bulb sprayerwithshiny silver collar cap.For use with cologne, Eau de Parfum, air freshner, face and body spray, or room spray. Antique or vintage bulb sprayers enhance the beauty of your product.Sleek design bottle is a family of bottles available in 5ml, 8ml, 30m, 50ml and 100ml.Price each"
GBSlk100AnSpRed,GBSlk,Sleek,3 1/2oz,"Sleekdesign100 ml,  3 1/2oz Clear glass bottle  withred vintage style bulb sprayerwithshiny silver collar cap.For use with cologne, Eau de Parfum, air freshner, face and body spray, or room spray. Antique or vintage bulb sprayers enhance the beauty of your product.Sleek design bottle is a family of bottles available in 5ml, 8ml, 30m, 50ml and 100ml.Price each"
GBSlk100AnSpTslLvn,GBSlk,Sleek,3 1/2oz,"Sleekdesign100 ml,  3 1/2oz Clear glass bottle  withLavender vintage style bulb sprayer with Tasselandshiny silver collar cap.For use with cologne, Eau de Parfum, air freshner, face and body spray, or room spray. Antique or vintage bulb sprayers enhance the beauty of your product.Sleek design bottle is a family of bottles available in 5ml, 8ml, 30m, 50ml and 100ml.Price each"
GBSlk100AnSpTslIvyGl,GBSlk,Sleek,3 1/2oz,"Sleekdesign100 ml,  3 1/2oz Clear glass bottle  withIvory vintage style bulb sprayer with tasselandshiny gold collar cap.For use with cologne, Eau de Parfum, air freshner, face and body spray, or room spray. Antique or vintage bulb sprayers enhance the beauty of your product.Sleek design bottle is a family of bottles available in 5ml, 8ml, 30m, 50ml and 100ml.Price each"
GBSlk100AnSpTslIvySl,GBSlk,Sleek,3 1/2oz,"Sleekdesign100 ml,  3 1/2oz Clear glass bottle  withIvory vintage style bulb sprayer with tasselandshiny silver collar cap.For use with cologne, Eau de Parfum, air freshner, face and body spray, or room spray. Antique or vintage bulb sprayers enhance the beauty of your product.Sleek design bottle is a family of bottles available in 5ml, 8ml, 30m, 50ml and 100ml.Price each"
GBSlk100AnSpTslWht,GBSlk,Sleek,3 1/2oz,"Sleekdesign100 ml,  3 1/2oz Clear glass bottle  withWhite vintage style bulb sprayer with tasselandshiny silver collar cap.For use with cologne, Eau de Parfum, air freshner, face and body spray, or room spray. Antique or vintage bulb sprayers enhance the beauty of your product.Sleek design bottle is a family of bottles available in 5ml, 8ml, 30m, 50ml and 100ml.Price each"
GBSlk100AnSpTslPnk,GBSlk,Sleek,3 1/2oz,"Sleekdesign100 ml,  3 1/2oz Clear glass bottle  withPink vintage style bulb sprayer with tasselandshiny gold collar cap.For use with cologne, Eau de Parfum, air freshner, face and body spray, or room spray. Antique or vintage bulb sprayers enhance the beauty of your product.Sleek design bottle is a family of bottles available in 5ml, 8ml, 30m, 50ml and 100ml.Price each"
GBSlk100AnSpTslRed,GBSlk,Sleek,3 1/2oz,"Sleekdesign100 ml,  3 1/2oz Clear glass bottle  withRed vintage style bulb sprayer with tasselandshiny silver collar cap.For use with cologne, Eau de Parfum, air freshner, face and body spray, or room spray. Antique or vintage bulb sprayers enhance the beauty of your product.Sleek design bottle is a family of bottles available in 5ml, 8ml, 30m, 50ml and 100ml.Price each"
GBSlk100AnSpTslMtSl,GBSlk,Sleek,3 1/2oz,"Sleekdesign100 ml,  3 1/2oz Clear glass bottle  withSilver vintage style bulb sprayer with tasselandmatte silver collar cap.For use with cologne, Eau de Parfum, air freshner, face and body spray, or room spray. Antique or vintage bulb sprayers enhance the beauty of your product.Sleek design bottle is a family of bottles available in 5ml, 8ml, 30m, 50ml and 100ml.Price each"
GBSlk100AnSpTslGl,GBSlk,Sleek,3 1/2oz,"Sleekdesign100 ml,  3 1/2oz Clear glass bottle  withGold vintage style bulb sprayer with tasselandshiny gold collar cap.For use with cologne, Eau de Parfum, air freshner, face and body spray, or room spray. Antique or vintage bulb sprayers enhance the beauty of your product.Sleek design bottle is a family of bottles available in 5ml, 8ml, 30m, 50ml and 100ml.Price each"
LBSlk100WhtRectClOverCap,LBSlk,Sleek,3 1/2oz,"Sleekdesign100 ml,  3 1/2oz Clear glass bottle  withwhite rectangularwithclear over the cap.For use with lotions, moisturizer, and serums.Sleek design bottle is a family of bottles available in 5ml, 8ml, 30m, 50ml and 100ml.Price each"
GBSlk100RdcrPnkLthr,GBSlk,Sleek,3 1/2oz,"Sleekdesign100 ml,  3 1/2oz Clear glass bottle  withreducerandpink faux leather cap.For use with cologne, aftershave, splash on, and perfume or fragrance oil, beard oils.Sleek design bottle is a family of bottles available in 5ml, 8ml, 30m, 50ml and 100ml.Price each"
GBSlk100RdcrIvyLthr,GBSlk,Sleek,3 1/2oz,"Sleekdesign100 ml,  3 1/2oz Clear glass bottle  withreducerandivory faux leather cap.For use with cologne, aftershave, splash on, and perfume or fragrance oil, beard oils.Sleek design bottle is a family of bottles available in 5ml, 8ml, 30m, 50ml and 100ml.Price each"
LBSlk100LtnCu,LBSlk,Sleek,3 1/2oz,"Sleekdesign100 ml,  3 1/2oz Clear glass bottle  withmatte copper lotion pump0.For use with lotions, moisturizer, and serums.Sleek design bottle is a family of bottles available in 5ml, 8ml, 30m, 50ml and 100ml.Price each"
GBSlm30RdcrShnGl,GBSlm,Slim,1oz,"Slimdesign30 ml,  1oz Clear glass bottle  withreducerandshiny gold cap.For use with cologne, aftershave, splash on, and perfume or fragrance oil, beard oils.Slim design bottle is a family of bottles available 30ml, 50ml and 100ml.Price each"
GBSlm30RdcrShnBlkTall,GBSlm,Slim,1oz,"Slimdesign30 ml,  1oz Clear glass bottle  withreducerandtall black shiny cap.For use with cologne, aftershave, splash on, and perfume or fragrance oil, beard oils.Slim design bottle is a family of bottles available 30ml, 50ml and 100ml.Price each"
GBSlm30RdcrShnBlk,GBSlm,Slim,1oz,"Slimdesign30 ml,  1oz Clear glass bottle  withreducerandblack shiny cap.For use with cologne, aftershave, splash on, and perfume or fragrance oil, beard oils.Slim design bottle is a family of bottles available 30ml, 50ml and 100ml.Price each"
GBSlm30RdcrBrwnLthr,GBSlm,Slim,1oz,"Slimdesign30 ml,  1oz Clear glass bottle  withreducerandbrown faux leather cap.For use with cologne, aftershave, splash on, and perfume or fragrance oil, beard oils.Slim design bottle is a family of bottles available 30ml, 50ml and 100ml.Price each"
GBSlm30RdcrLBrwnLthr,GBSlm,Slim,1oz,"Slimdesign30 ml,  1oz Clear glass bottle  withreducerandlight brown faux leather cap.For use with cologne, aftershave, splash on, and perfume or fragrance oil, beard oils.Slim design bottle is a family of bottles available 30ml, 50ml and 100ml.Price each"
GBSlm30RdcrShnSl,GBSlm,Slim,1oz,"Slimdesign30 ml,  1oz Clear glass bottle  withreducerandshiny silver cap.For use with cologne, aftershave, splash on, and perfume or fragrance oil, beard oils.Slim design bottle is a family of bottles available 30ml, 50ml and 100ml.Price each"
GBSlm30RdcrMtSlTall,GBSlm,Slim,1oz,"Slimdesign30 ml,  1oz Clear glass bottle  withreducerandtall silver matte cap.For use with cologne, aftershave, splash on, and perfume or fragrance oil, beard oils.Slim design bottle is a family of bottles available 30ml, 50ml and 100ml.Price each"
GBSlm30RdcrMtSl,GBSlm,Slim,1oz,"Slimdesign30 ml,  1oz Clear glass bottle  withreducerandsilver matte cap.For use with cologne, aftershave, splash on, and perfume or fragrance oil, beard oils.Slim design bottle is a family of bottles available 30ml, 50ml and 100ml.Price each"
GBSlm30RdcrWht,GBSlm,Slim,1oz,"Slimdesign30 ml,  1oz Clear glass bottle  withreducerandwhite cap.For use with cologne, aftershave, splash on, and perfume or fragrance oil, beard oils.Slim design bottle is a family of bottles available 30ml, 50ml and 100ml.Price each"
GBSlm30SpryMtGl,GBSlm,Slim,1oz,"Slimdesign30 ml,  1oz Clear glass bottle  withmatte gold spray pump0.For use with cologne, Eau de Parfum, air freshner, face and body spray, or room spray.Slim design bottle is a family of bottles available 30ml, 50ml and 100ml.Price each"
LBSlm30LtnMtGl,LBSlm,Slim,1oz,"Slimdesign30 ml,  1oz Clear glass bottle  withmatte gold lotion pump0.For use with lotions, moisturizer, and serums.Slim design bottle is a family of bottles available 30ml, 50ml and 100ml.Price each"
GBSlm30SpryShnGl,GBSlm,Slim,1oz,"Slimdesign30 ml,  1oz Clear glass bottle  withshiny gold spray pump0.For use with cologne, Eau de Parfum, air freshner, face and body spray, or room spray.Slim design bottle is a family of bottles available 30ml, 50ml and 100ml.Price each"
LBSlm30LtnShnGl,LBSlm,Slim,1oz,"Slimdesign30 ml,  1oz Clear glass bottle  withshiny gold lotion pump0.For use with lotions, moisturizer, and serums.Slim design bottle is a family of bottles available 30ml, 50ml and 100ml.Price each"
GBSlm30SpryShnBlk,GBSlm,Slim,1oz,"Slimdesign30 ml,  1oz Clear glass bottle  withshiny black spray pump0.For use with cologne, Eau de Parfum, air freshner, face and body spray, or room spray.Slim design bottle is a family of bottles available 30ml, 50ml and 100ml.Price each"
LBSlm30LtnShnBlk,LBSlm,Slim,1oz,"Slimdesign30 ml,  1oz Clear glass bottle  withshiny black lotion pump0.For use with lotions, moisturizer, and serums.Slim design bottle is a family of bottles available 30ml, 50ml and 100ml.Price each"
GBSlm30SpryMtSl,GBSlm,Slim,1oz,"Slimdesign30 ml,  1oz Clear glass bottle  withmatte silver spray pump0.For use with cologne, Eau de Parfum, air freshner, face and body spray, or room spray.Slim design bottle is a family of bottles available 30ml, 50ml and 100ml.Price each"
LBSlm30LtnMtSl,LBSlm,Slim,1oz,"Slimdesign30 ml,  1oz Clear glass bottle  withmatte silver lotion pump0.For use with lotions, moisturizer, and serums.Slim design bottle is a family of bottles available 30ml, 50ml and 100ml.Price each"
GBSlm30SpryShnSl,GBSlm,Slim,1oz,"Slimdesign30 ml,  1oz Clear glass bottle  withshiny silver spray pump0.For use with cologne, Eau de Parfum, air freshner, face and body spray, or room spray.Slim design bottle is a family of bottles available 30ml, 50ml and 100ml.Price each"
LBSlm30LtnShnSl,LBSlm,Slim,1oz,"Slimdesign30 ml,  1oz Clear glass bottle  withshiny silver lotion pump.For use with lotions, moisturizer, and serums.Slim design bottle is a family of bottles available 30ml, 50ml and 100ml.Price each"
GBSlm30AnSpLvn,GBSlm,Slim,1oz,"Slimdesign30 ml,  1oz Clear glass bottle  withlavender vintage style bulb sprayerwithshiny silver collar cap.For use with cologne, Eau de Parfum, air freshner, face and body spray, or room spray. Antique or vintage bulb sprayers enhance the beauty of your product.Slim design bottle is a family of bottles available 30ml, 50ml and 100ml.Price each"
GBSlm30AnSpPnk,GBSlm,Slim,1oz,"Slimdesign30 ml,  1oz Clear glass bottle  withpink vintage style bulb sprayerwithshiny gold collar cap.For use with cologne, Eau de Parfum, air freshner, face and body spray, or room spray. Antique or vintage bulb sprayers enhance the beauty of your product.Slim design bottle is a family of bottles available 30ml, 50ml and 100ml.Price each"
GBSlm30AnSpMtSl,GBSlm,Slim,1oz,"Slimdesign30 ml,  1oz Clear glass bottle  withmatte silver vintage style sprayerwithmatte silver collar cap.For use with cologne, Eau de Parfum, air freshner, face and body spray, or room spray. Antique or vintage bulb sprayers enhance the beauty of your product.Slim design bottle is a family of bottles available 30ml, 50ml and 100ml.Price each"
GBSlm30AnSpIvySl,GBSlm,Slim,1oz,"Slimdesign30 ml,  1oz Clear glass bottle  withivory vintage style bulb sprayerwithshiny silver collar cap.For use with cologne, Eau de Parfum, air freshner, face and body spray, or room spray. Antique or vintage bulb sprayers enhance the beauty of your product.Slim design bottle is a family of bottles available 30ml, 50ml and 100ml.Price each"
GBSlm30AnSpGl,GBSlm,Slim,1oz,"Slimdesign30 ml,  1oz Clear glass bottle  withgold vintage style sprayerwithshiny gold collar cap.For use with cologne, Eau de Parfum, air freshner, face and body spray, or room spray. Antique or vintage bulb sprayers enhance the beauty of your product.Slim design bottle is a family of bottles available 30ml, 50ml and 100ml.Price each"
GBSlm30AnSpIvyGl,GBSlm,Slim,1oz,"Slimdesign30 ml,  1oz Clear glass bottle  withivory vintage style bulb sprayerwithshiny gold collar cap.For use with cologne, Eau de Parfum, air freshner, face and body spray, or room spray. Antique or vintage bulb sprayers enhance the beauty of your product.Slim design bottle is a family of bottles available 30ml, 50ml and 100ml.Price each"
GBSlm30AnSpWht,GBSlm,Slim,1oz,"Slimdesign30 ml,  1oz Clear glass bottle  withwhite vintage style bulb sprayerwithshiny silver collar cap.For use with cologne, Eau de Parfum, air freshner, face and body spray, or room spray. Antique or vintage bulb sprayers enhance the beauty of your product.Slim design bottle is a family of bottles available 30ml, 50ml and 100ml.Price each"
GBSlm30AnSpRed,GBSlm,Slim,1oz,"Slimdesign30 ml,  1oz Clear glass bottle  withred vintage style bulb sprayerwithshiny silver collar cap.For use with cologne, Eau de Parfum, air freshner, face and body spray, or room spray. Antique or vintage bulb sprayers enhance the beauty of your product.Slim design bottle is a family of bottles available 30ml, 50ml and 100ml.Price each"
GBSlm30DrpSl,GBSlm,Slim,1oz,"Slimdesign30 ml,  1oz Clear glass bottle  withwhite dropperwithshiny silver collar cap.For use with perfume oils, diffuser oils, serums, primers, facial oils or face oils, moisturizer, and beard oils.Slim design bottle is a family of bottles available 30ml, 50ml and 100ml.Price each"
GBSlm30DrpGl,GBSlm,Slim,1oz,"Slimdesign30 ml,  1oz Clear glass bottle  withwhite dropperwithshiny gold collar cap.For use with perfume oils, diffuser oils, serums, primers, facial oils or face oils, moisturizer, and beard oils.Slim design bottle is a family of bottles available 30ml, 50ml and 100ml.Price each"
GBSlm30RdcrPnkLthr,GBSlm,Slim,1oz,"Slimdesign30 ml,  1oz Clear glass bottle  withreducerandpink faux leather cap.For use with cologne, aftershave, splash on, and perfume or fragrance oil, beard oils.Slim design bottle is a family of bottles available 30ml, 50ml and 100ml.Price each"
GBSlm30RdcrIvyLthr,GBSlm,Slim,1oz,"Slimdesign30 ml,  1oz Clear glass bottle  withreducerandivory faux leather cap.For use with cologne, aftershave, splash on, and perfume or fragrance oil, beard oils.Slim design bottle is a family of bottles available 30ml, 50ml and 100ml.Price each"
LBSlm30LtnCu,LBSlm,Slim,1oz,"Slimdesign30 ml,  1oz Clear glass bottle  withmatte copper lotion pump0.For use with lotions, moisturizer, and serums.Slim design bottle is a family of bottles available 30ml, 50ml and 100ml.Price each"
GBSlm50RdcrShnGl,GBSlm,Slim,1.7oz,"Slimdesign50 ml,  1.7oz Clear glass bottle  withreducerandshiny gold cap.For use with cologne, aftershave, splash on, and perfume or fragrance oil, beard oils.Slim design bottle is a family of bottles available 30ml, 50ml and 100ml.Price each"
GBSlm50RdcrShnBlkTall,GBSlm,Slim,1.7oz,"Slimdesign50 ml,  1.7oz Clear glass bottle  withreducerandtall black shiny cap.For use with cologne, aftershave, splash on, and perfume or fragrance oil, beard oils.Slim design bottle is a family of bottles available 30ml, 50ml and 100ml.Price each"
GBSlm50RdcrShnBlk,GBSlm,Slim,1.7oz,"Slimdesign50 ml,  1.7oz Clear glass bottle  withreducerandblack shiny cap.For use with cologne, aftershave, splash on, and perfume or fragrance oil, beard oils.Slim design bottle is a family of bottles available 30ml, 50ml and 100ml.Price each"
GBSlm50RdcrBrwnLthr,GBSlm,Slim,1.7oz,"Slimdesign50 ml,  1.7oz Clear glass bottle  withreducerandbrown faux leather cap.For use with cologne, aftershave, splash on, and perfume or fragrance oil, beard oils.Slim design bottle is a family of bottles available 30ml, 50ml and 100ml.Price each"
GBSlm50RdcrLBrwnLthr,GBSlm,Slim,1.7oz,"Slimdesign50 ml,  1.7oz Clear glass bottle  withreducerandlight brown faux leather cap.For use with cologne, aftershave, splash on, and perfume or fragrance oil, beard oils.Slim design bottle is a family of bottles available 30ml, 50ml and 100ml.Price each"
GBSlm50RdcrShnSl,GBSlm,Slim,1.7oz,"Slimdesign50 ml,  1.7oz Clear glass bottle  withreducerandshiny silver cap.For use with cologne, aftershave, splash on, and perfume or fragrance oil, beard oils.Slim design bottle is a family of bottles available 30ml, 50ml and 100ml.Price each"
GBSlm50RdcrMtSlTall,GBSlm,Slim,1.7oz,"Slimdesign50 ml,  1.7oz Clear glass bottle  withreducerandtall silver matte cap.For use with cologne, aftershave, splash on, and perfume or fragrance oil, beard oils.Slim design bottle is a family of bottles available 30ml, 50ml and 100ml.Price each"
GBSlm50RdcrMtSl,GBSlm,Slim,1.7oz,"Slimdesign50 ml,  1.7oz Clear glass bottle  withreducerandsilver matte cap.For use with cologne, aftershave, splash on, and perfume or fragrance oil, beard oils.Slim design bottle is a family of bottles available 30ml, 50ml and 100ml.Price each"
GBSlm50RdcrWht,GBSlm,Slim,1.7oz,"Slimdesign50 ml,  1.7oz Clear glass bottle  withreducerandwhite cap.For use with cologne, aftershave, splash on, and perfume or fragrance oil, beard oils.Slim design bottle is a family of bottles available 30ml, 50ml and 100ml.Price each"
GBSlm50SpryMtGl,GBSlm,Slim,1.7oz,"Slimdesign50 ml,  1.7oz Clear glass bottle  withmatte gold spray pump0.For use with cologne, Eau de Parfum, air freshner, face and body spray, or room spray.Slim design bottle is a family of bottles available 30ml, 50ml and 100ml.Price each"
LBSlm50LtnMtGl,LBSlm,Slim,1.7oz,"Slimdesign50 ml,  1.7oz Clear glass bottle  withmatte gold lotion pump00.For use with lotions, moisturizer, and serums.Slim design bottle is a family of bottles available 30ml, 50ml and 100ml.Price each"
GBSlm50SpryShnGl,GBSlm,Slim,1.7oz,"Slimdesign50 ml,  1.7oz Clear glass bottle  withshiny gold spray pump0.For use with cologne, Eau de Parfum, air freshner, face and body spray, or room spray.Slim design bottle is a family of bottles available 30ml, 50ml and 100ml.Price each"
LBSlm50LtnShnGl,LBSlm,Slim,1.7oz,"Slimdesign50 ml,  1.7oz Clear glass bottle  withshiny gold lotion pump0.For use with lotions, moisturizer, and serums.Slim design bottle is a family of bottles available 30ml, 50ml and 100ml.Price each"
GBSlm50SpryShnBlk,GBSlm,Slim,1.7oz,"Slimdesign50 ml,  1.7oz Clear glass bottle  withshiny black spray pump.For use with cologne, Eau de Parfum, air freshner, face and body spray, or room spray.Slim design bottle is a family of bottles available 30ml, 50ml and 100ml.Price each"
LBSlm50LtnShnBlk,LBSlm,Slim,1.7oz,"Slimdesign50 ml,  1.7oz Clear glass bottle  withshiny black lotion pump.For use with lotions, moisturizer, and serums.Slim design bottle is a family of bottles available 30ml, 50ml and 100ml.Price each"
GBSlm50SpryMtSl,GBSlm,Slim,1.7oz,"Slimdesign50 ml,  1.7oz Clear glass bottle  withmatte silver spray pump.For use with cologne, Eau de Parfum, air freshner, face and body spray, or room spray.Slim design bottle is a family of bottles available 30ml, 50ml and 100ml.Price each"
LBSlm50LtnMtSl,LBSlm,Slim,1.7oz,"Slimdesign50 ml,  1.7oz Clear glass bottle  withmatte silver lotion pump.For use with lotions, moisturizer, and serums.Slim design bottle is a family of bottles available 30ml, 50ml and 100ml.Price each"
GBSlm50SpryShnSl,GBSlm,Slim,1.7oz,"Slimdesign50 ml,  1.7oz Clear glass bottle  withshiny silver spray pump0.For use with cologne, Eau de Parfum, air freshner, face and body spray, or room spray.Slim design bottle is a family of bottles available 30ml, 50ml and 100ml.Price each"
LBSlm50LtnShnSl,LBSlm,Slim,1.7oz,"Slimdesign50 ml,  1.7oz Clear glass bottle  withshiny silver lotion pump0.For use with lotions, moisturizer, and serums.Slim design bottle is a family of bottles available 30ml, 50ml and 100ml.Price each"
GBSlm50AnSpLvn,GBSlm,Slim,1.7oz,"Slimdesign50 ml,  1.7oz Clear glass bottle  withlavender vintage style bulb sprayerwithshiny silver collar cap.For use with cologne, Eau de Parfum, air freshner, face and body spray, or room spray. Antique or vintage bulb sprayers enhance the beauty of your product.Slim design bottle is a family of bottles available 30ml, 50ml and 100ml.Price each"
GBSlm50AnSpPnk,GBSlm,Slim,1.7oz,"Slimdesign50 ml,  1.7oz Clear glass bottle  withpink vintage style bulb sprayerwithshiny gold collar cap.For use with cologne, Eau de Parfum, air freshner, face and body spray, or room spray. Antique or vintage bulb sprayers enhance the beauty of your product.Slim design bottle is a family of bottles available 30ml, 50ml and 100ml.Price each"
GBSlm50AnSpMtSl,GBSlm,Slim,1.7oz,"Slimdesign50 ml,  1.7oz Clear glass bottle  withmatte silver vintage style sprayerwithmatte silver collar cap.For use with cologne, Eau de Parfum, air freshner, face and body spray, or room spray. Antique or vintage bulb sprayers enhance the beauty of your product.Slim design bottle is a family of bottles available 30ml, 50ml and 100ml.Price each"
GBSlm50AnSpIvySl,GBSlm,Slim,1.7oz,"Slimdesign50 ml,  1.7oz Clear glass bottle  withivory vintage style bulb sprayerwithshiny silver collar cap.For use with cologne, Eau de Parfum, air freshner, face and body spray, or room spray. Antique or vintage bulb sprayers enhance the beauty of your product.Slim design bottle is a family of bottles available 30ml, 50ml and 100ml.Price each"
GBSlm50AnSpGl,GBSlm,Slim,1.7oz,"Slimdesign50 ml,  1.7oz Clear glass bottle  withgold vintage style sprayerwithshiny gold collar cap.For use with cologne, Eau de Parfum, air freshner, face and body spray, or room spray. Antique or vintage bulb sprayers enhance the beauty of your product.Slim design bottle is a family of bottles available 30ml, 50ml and 100ml.Price each"
GBSlm50AnSpIvyGl,GBSlm,Slim,1.7oz,"Slimdesign50 ml,  1.7oz Clear glass bottle  withivory vintage style bulb sprayerwithshiny gold collar cap.For use with cologne, Eau de Parfum, air freshner, face and body spray, or room spray. Antique or vintage bulb sprayers enhance the beauty of your product.Slim design bottle is a family of bottles available 30ml, 50ml and 100ml.Price each"
GBSlm50AnSpWht,GBSlm,Slim,1.7oz,"Slimdesign50 ml,  1.7oz Clear glass bottle  withwhite vintage style bulb sprayerwithshiny silver collar cap.For use with cologne, Eau de Parfum, air freshner, face and body spray, or room spray. Antique or vintage bulb sprayers enhance the beauty of your product.Slim design bottle is a family of bottles available 30ml, 50ml and 100ml.Price each"
GBSlm50AnSpRed,GBSlm,Slim,1.7oz,"Slimdesign50 ml,  1.7oz Clear glass bottle  withred vintage style bulb sprayerwithshiny silver collar cap.For use with cologne, Eau de Parfum, air freshner, face and body spray, or room spray. Antique or vintage bulb sprayers enhance the beauty of your product.Slim design bottle is a family of bottles available 30ml, 50ml and 100ml.Price each"
GBSlm50AnSpTslLvn,GBSlm,Slim,1.7oz,"Slimdesign50 ml,  1.7oz Clear glass bottle  withLavender vintage style bulb sprayer with Tasselandshiny silver collar cap.For use with cologne, Eau de Parfum, air freshner, face and body spray, or room spray. Antique or vintage bulb sprayers enhance the beauty of your product.Slim design bottle is a family of bottles available 30ml, 50ml and 100ml.Price each"
GBSlm50AnSpTslIvyGl,GBSlm,Slim,1.7oz,"Slimdesign50 ml,  1.7oz Clear glass bottle  withIvory vintage style bulb sprayer with tasselandshiny gold collar cap.For use with cologne, Eau de Parfum, air freshner, face and body spray, or room spray. Antique or vintage bulb sprayers enhance the beauty of your product.Slim design bottle is a family of bottles available 30ml, 50ml and 100ml.Price each"
GBSlm50AnSpTslIvySl,GBSlm,Slim,1.7oz,"Slimdesign50 ml,  1.7oz Clear glass bottle  withIvory vintage style bulb sprayer with tasselandshiny silver collar cap.For use with cologne, Eau de Parfum, air freshner, face and body spray, or room spray. Antique or vintage bulb sprayers enhance the beauty of your product.Slim design bottle is a family of bottles available 30ml, 50ml and 100ml.Price each"
GBSlm50AnSpTslWht,GBSlm,Slim,1.7oz,"Slimdesign50 ml,  1.7oz Clear glass bottle  withWhite vintage style bulb sprayer with tasselandshiny silver collar cap.For use with cologne, Eau de Parfum, air freshner, face and body spray, or room spray. Antique or vintage bulb sprayers enhance the beauty of your product.Slim design bottle is a family of bottles available 30ml, 50ml and 100ml.Price each"
GBSlm50AnSpTslPnk,GBSlm,Slim,1.7oz,"Slimdesign50 ml,  1.7oz Clear glass bottle  withPink vintage style bulb sprayer with tasselandshiny gold collar cap.For use with cologne, Eau de Parfum, air freshner, face and body spray, or room spray. Antique or vintage bulb sprayers enhance the beauty of your product.Slim design bottle is a family of bottles available 30ml, 50ml and 100ml.Price each"
GBSlm50AnSpTslRed,GBSlm,Slim,1.7oz,"Slimdesign50 ml,  1.7oz Clear glass bottle  withRed vintage style bulb sprayer with tasselandshiny silver collar cap.For use with cologne, Eau de Parfum, air freshner, face and body spray, or room spray. Antique or vintage bulb sprayers enhance the beauty of your product.Slim design bottle is a family of bottles available 30ml, 50ml and 100ml.Price each"
GBSlm50AnSpTslMtSl,GBSlm,Slim,1.7oz,"Slimdesign50 ml,  1.7oz Clear glass bottle  withSilver vintage style bulb sprayer with tasselandmatte silver collar cap.For use with cologne, Eau de Parfum, air freshner, face and body spray, or room spray. Antique or vintage bulb sprayers enhance the beauty of your product.Slim design bottle is a family of bottles available 30ml, 50ml and 100ml.Price each"
GBSlm50AnSpTslGl,GBSlm,Slim,1.7oz,"Slimdesign50 ml,  1.7oz Clear glass bottle  withGold vintage style bulb sprayer with tasselandshiny gold collar cap.For use with cologne, Eau de Parfum, air freshner, face and body spray, or room spray. Antique or vintage bulb sprayers enhance the beauty of your product.Slim design bottle is a family of bottles available 30ml, 50ml and 100ml.Price each"
GBSlm50RdcrPnkLthr,GBSlm,Slim,1.7oz,"Slimdesign50 ml,  1.7oz Clear glass bottle  withreducerandpink faux leather cap.For use with cologne, aftershave, splash on, and perfume or fragrance oil, beard oils.Slim design bottle is a family of bottles available 30ml, 50ml and 100ml.Price each"
GBSlm50RdcrIvyLthr,GBSlm,Slim,1.7oz,"Slimdesign50 ml,  1.7oz Clear glass bottle  withreducerandivory faux leather cap.For use with cologne, aftershave, splash on, and perfume or fragrance oil, beard oils.Slim design bottle is a family of bottles available 30ml, 50ml and 100ml.Price each"
LBSlm50LtnCu,LBSlm,Slim,1.7oz,"Slimdesign50 ml,  1.7oz Clear glass bottle  withmatte copper lotion pump0.For use with lotions, moisturizer, and serums.Slim design bottle is a family of bottles available 30ml, 50ml and 100ml.Price each"
GBSlm100RdcrShnGl,GBSlm,Slim,3 1/2oz,"Slimdesign100 ml,  3 1/2oz Clear glass bottle  withreducerandshiny gold cap.For use with cologne, aftershave, splash on, and perfume or fragrance oil, beard oils.Slim design bottle is a family of bottles available 30ml, 50ml and 100ml.Price each"
GBSlm100RdcrShnBlkTall,GBSlm,Slim,3 1/2oz,"Slimdesign100 ml,  3 1/2oz Clear glass bottle  withreducerandtall black shiny cap.For use with cologne, aftershave, splash on, and perfume or fragrance oil, beard oils.Slim design bottle is a family of bottles available 30ml, 50ml and 100ml.Price each"
GBSlm100RdcrShnBlk,GBSlm,Slim,3 1/2oz,"Slimdesign100 ml,  3 1/2oz Clear glass bottle  withreducerandblack shiny cap.For use with cologne, aftershave, splash on, and perfume or fragrance oil, beard oils.Slim design bottle is a family of bottles available 30ml, 50ml and 100ml.Price each"
GBSlm100RdcrBrwnLthr,GBSlm,Slim,3 1/2oz,"Slimdesign100 ml,  3 1/2oz Clear glass bottle  withreducerandbrown faux leather cap.For use with cologne, aftershave, splash on, and perfume or fragrance oil, beard oils.Slim design bottle is a family of bottles available 30ml, 50ml and 100ml.Price each"
GBSlm100RdcrLBrwnLthr,GBSlm,Slim,3 1/2oz,"Slimdesign100 ml,  3 1/2oz Clear glass bottle  withreducerandlight brown faux leather cap.For use with cologne, aftershave, splash on, and perfume or fragrance oil, beard oils.Slim design bottle is a family of bottles available 30ml, 50ml and 100ml.Price each"
GBSlm100RdcrShnSl,GBSlm,Slim,3 1/2oz,"Slimdesign100 ml,  3 1/2oz Clear glass bottle  withreducerandshiny silver cap.For use with cologne, aftershave, splash on, and perfume or fragrance oil, beard oils.Slim design bottle is a family of bottles available 30ml, 50ml and 100ml.Price each"
GBSlm100RdcrMtSlTall,GBSlm,Slim,3 1/2oz,"Slimdesign100 ml,  3 1/2oz Clear glass bottle  withreducerandtall silver matte cap.For use with cologne, aftershave, splash on, and perfume or fragrance oil, beard oils.Slim design bottle is a family of bottles available 30ml, 50ml and 100ml.Price each"
GBSlm100RdcrMtSl,GBSlm,Slim,3 1/2oz,"Slimdesign100 ml,  3 1/2oz Clear glass bottle  withreducerandsilver matte cap.For use with cologne, aftershave, splash on, and perfume or fragrance oil, beard oils.Slim design bottle is a family of bottles available 30ml, 50ml and 100ml.Price each"
GBSlm100RdcrWht,GBSlm,Slim,3 1/2oz,"Slimdesign100 ml,  3 1/2oz Clear glass bottle  withreducerandwhite cap.For use with cologne, aftershave, splash on, and perfume or fragrance oil, beard oils.Slim design bottle is a family of bottles available 30ml, 50ml and 100ml.Price each"
GBSlm100SpryMtGl,GBSlm,Slim,3 1/2oz,"Slimdesign100 ml,  3 1/2oz Clear glass bottle  withmatte gold spray pump0.For use with cologne, Eau de Parfum, air freshner, face and body spray, or room spray.Slim design bottle is a family of bottles available 30ml, 50ml and 100ml.Price each"
LBSlm100LtnMtGl,LBSlm,Slim,3 1/2oz,"Slimdesign100 ml,  3 1/2oz Clear glass bottle  withmatte gold lotion pump00.For use with lotions, moisturizer, and serums.Slim design bottle is a family of bottles available 30ml, 50ml and 100ml.Price each"
GBSlm100SpryShnGl,GBSlm,Slim,3 1/2oz,"Slimdesign100 ml,  3 1/2oz Clear glass bottle  withshiny gold spray pump0.For use with cologne, Eau de Parfum, air freshner, face and body spray, or room spray.Slim design bottle is a family of bottles available 30ml, 50ml and 100ml.Price each"
LBSlm100LtnShnGl,LBSlm,Slim,3 1/2oz,"Slimdesign100 ml,  3 1/2oz Clear glass bottle  withshiny gold lotion pump.For use with lotions, moisturizer, and serums.Slim design bottle is a family of bottles available 30ml, 50ml and 100ml.Price each"
GBSlm100SpryShnBlk,GBSlm,Slim,3 1/2oz,"Slimdesign100 ml,  3 1/2oz Clear glass bottle  withshiny black spray pump.For use with cologne, Eau de Parfum, air freshner, face and body spray, or room spray.Slim design bottle is a family of bottles available 30ml, 50ml and 100ml.Price each"
LBSlm100LtnShnBlk,LBSlm,Slim,3 1/2oz,"Slimdesign100 ml,  3 1/2oz Clear glass bottle  withshiny black lotion pump.For use with lotions, moisturizer, and serums.Slim design bottle is a family of bottles available 30ml, 50ml and 100ml.Price each"
GBSlm100SpryMtSl,GBSlm,Slim,3 1/2oz,"Slimdesign100 ml,  3 1/2oz Clear glass bottle  withmatte silver spray pump.For use with cologne, Eau de Parfum, air freshner, face and body spray, or room spray.Slim design bottle is a family of bottles available 30ml, 50ml and 100ml.Price each"
LBSlm100LtnMtSl,LBSlm,Slim,3 1/2oz,"Slimdesign100 ml,  3 1/2oz Clear glass bottle  withmatte silver lotion pump.For use with lotions, moisturizer, and serums.Slim design bottle is a family of bottles available 30ml, 50ml and 100ml.Price each"
LBSlm100LtnClOvrCap,LBSlm,Slim,3 1/2oz,"Slimdesign100 ml,  3 1/2oz Clear glass bottle  withwith a matte silver collar treatment pump and clear overcap.0.For use with lotions, moisturizer, and serums.Slim design bottle is a family of bottles available 30ml, 50ml and 100ml.Price each"
GBSlm100SpryShnSl,GBSlm,Slim,3 1/2oz,"Slimdesign100 ml,  3 1/2oz Clear glass bottle  withshiny silver spray pump0.For use with cologne, Eau de Parfum, air freshner, face and body spray, or room spray.Slim design bottle is a family of bottles available 30ml, 50ml and 100ml.Price each"
LBSlm100LtnShnSl,LBSlm,Slim,3 1/2oz,"Slimdesign100 ml,  3 1/2oz Clear glass bottle  withshiny silver lotion pump0.For use with lotions, moisturizer, and serums.Slim design bottle is a family of bottles available 30ml, 50ml and 100ml.Price each"
GBSlm100AnSpLvn,GBSlm,Slim,3 1/2oz,"Slimdesign100 ml,  3 1/2oz Clear glass bottle  withlavender vintage style bulb sprayerwithshiny silver collar cap.For use with cologne, Eau de Parfum, air freshner, face and body spray, or room spray. Antique or vintage bulb sprayers enhance the beauty of your product.Slim design bottle is a family of bottles available 30ml, 50ml and 100ml.Price each"
GBSlm100AnSpPnk,GBSlm,Slim,3 1/2oz,"Slimdesign100 ml,  3 1/2oz Clear glass bottle  withpink vintage style bulb sprayerwithshiny gold collar cap.For use with cologne, Eau de Parfum, air freshner, face and body spray, or room spray. Antique or vintage bulb sprayers enhance the beauty of your product.Slim design bottle is a family of bottles available 30ml, 50ml and 100ml.Price each"
GBSlm100AnSpMtSl,GBSlm,Slim,3 1/2oz,"Slimdesign100 ml,  3 1/2oz Clear glass bottle  withmatte silver vintage style sprayerwithmatte silver collar cap.For use with cologne, Eau de Parfum, air freshner, face and body spray, or room spray. Antique or vintage bulb sprayers enhance the beauty of your product.Slim design bottle is a family of bottles available 30ml, 50ml and 100ml.Price each"
GBSlm100AnSpIvySl,GBSlm,Slim,3 1/2oz,"Slimdesign100 ml,  3 1/2oz Clear glass bottle  withivory vintage style bulb sprayerwithshiny silver collar cap.For use with cologne, Eau de Parfum, air freshner, face and body spray, or room spray. Antique or vintage bulb sprayers enhance the beauty of your product.Slim design bottle is a family of bottles available 30ml, 50ml and 100ml.Price each"
GBSlm100AnSpGl,GBSlm,Slim,3 1/2oz,"Slimdesign100 ml,  3 1/2oz Clear glass bottle  withgold vintage style sprayerwithshiny gold collar cap.For use with cologne, Eau de Parfum, air freshner, face and body spray, or room spray. Antique or vintage bulb sprayers enhance the beauty of your product.Slim design bottle is a family of bottles available 30ml, 50ml and 100ml.Price each"
GBSlm100AnSpIvyGl,GBSlm,Slim,3 1/2oz,"Slimdesign100 ml,  3 1/2oz Clear glass bottle  withivory vintage style bulb sprayerwithshiny gold collar cap.For use with cologne, Eau de Parfum, air freshner, face and body spray, or room spray. Antique or vintage bulb sprayers enhance the beauty of your product.Slim design bottle is a family of bottles available 30ml, 50ml and 100ml.Price each"
GBSlm100AnSpWht,GBSlm,Slim,3 1/2oz,"Slimdesign100 ml,  3 1/2oz Clear glass bottle  withwhite vintage style bulb sprayerwithshiny silver collar cap.For use with cologne, Eau de Parfum, air freshner, face and body spray, or room spray. Antique or vintage bulb sprayers enhance the beauty of your product.Slim design bottle is a family of bottles available 30ml, 50ml and 100ml.Price each"
GBSlm100AnSpRed,GBSlm,Slim,3 1/2oz,"Slimdesign100 ml,  3 1/2oz Clear glass bottle  withred vintage style bulb sprayerwithshiny silver collar cap.For use with cologne, Eau de Parfum, air freshner, face and body spray, or room spray. Antique or vintage bulb sprayers enhance the beauty of your product.Slim design bottle is a family of bottles available 30ml, 50ml and 100ml.Price each"
GBSlm100AnSpTslLvn,GBSlm,Slim,3 1/2oz,"Slimdesign100 ml,  3 1/2oz Clear glass bottle  withLavender vintage style bulb sprayer with Tasselwithshiny silver collar cap.For use with cologne, Eau de Parfum, air freshner, face and body spray, or room spray. Antique or vintage bulb sprayers enhance the beauty of your product.Slim design bottle is a family of bottles available 30ml, 50ml and 100ml.Price each"
GBSlm100AnSpTslIvyGl,GBSlm,Slim,3 1/2oz,"Slimdesign100 ml,  3 1/2oz Clear glass bottle  withIvory vintage style bulb sprayer with tasselwithshiny gold collar cap.For use with cologne, Eau de Parfum, air freshner, face and body spray, or room spray. Antique or vintage bulb sprayers enhance the beauty of your product.Slim design bottle is a family of bottles available 30ml, 50ml and 100ml.Price each"
GBSlm100AnSpTslIvySl,GBSlm,Slim,3 1/2oz,"Slimdesign100 ml,  3 1/2oz Clear glass bottle  withIvory vintage style bulb sprayer with tasselwithshiny silver collar cap.For use with cologne, Eau de Parfum, air freshner, face and body spray, or room spray. Antique or vintage bulb sprayers enhance the beauty of your product.Slim design bottle is a family of bottles available 30ml, 50ml and 100ml.Price each"
GBSlm100AnSpTslWht,GBSlm,Slim,3 1/2oz,"Slimdesign100 ml,  3 1/2oz Clear glass bottle  withWhite vintage style bulb sprayer with tasselwithshiny silver collar cap.For use with cologne, Eau de Parfum, air freshner, face and body spray, or room spray. Antique or vintage bulb sprayers enhance the beauty of your product.Slim design bottle is a family of bottles available 30ml, 50ml and 100ml.Price each"
GBSlm100AnSpTslPnk,GBSlm,Slim,3 1/2oz,"Slimdesign100 ml,  3 1/2oz Clear glass bottle  withPink vintage style bulb sprayer with tasselwithshiny gold collar cap.For use with cologne, Eau de Parfum, air freshner, face and body spray, or room spray. Antique or vintage bulb sprayers enhance the beauty of your product.Slim design bottle is a family of bottles available 30ml, 50ml and 100ml.Price each"
GBSlm100AnSpTslRed,GBSlm,Slim,3 1/2oz,"Slimdesign100 ml,  3 1/2oz Clear glass bottle  withRed vintage style bulb sprayer with tasselwithshiny silver collar cap.For use with cologne, Eau de Parfum, air freshner, face and body spray, or room spray. Antique or vintage bulb sprayers enhance the beauty of your product.Slim design bottle is a family of bottles available 30ml, 50ml and 100ml.Price each"
GBSlm100AnSpTslMtSl,GBSlm,Slim,3 1/2oz,"Slimdesign100 ml,  3 1/2oz Clear glass bottle  withSilver vintage style bulb sprayer with tasselwithmatte silver collar cap.For use with cologne, Eau de Parfum, air freshner, face and body spray, or room spray. Antique or vintage bulb sprayers enhance the beauty of your product.Slim design bottle is a family of bottles available 30ml, 50ml and 100ml.Price each"
GBSlm100AnSpTslGl,GBSlm,Slim,3 1/2oz,"Slimdesign100 ml,  3 1/2oz Clear glass bottle  withGold vintage style bulb sprayer with tasselwithshiny gold collar cap.For use with cologne, Eau de Parfum, air freshner, face and body spray, or room spray. Antique or vintage bulb sprayers enhance the beauty of your product.Slim design bottle is a family of bottles available 30ml, 50ml and 100ml.Price each"
LBSlm100WhtClOvrCp,LBSlm,Slim,3 1/2oz,"Slimdesign100 ml,  3 1/2oz Clear glass bottle  withwhite rectangularwithclear over the cap.For use with lotions, moisturizer, and serums.Slim design bottle is a family of bottles available 30ml, 50ml and 100ml.Price each"
GBSlm100RdcrPnkLthr,GBSlm,Slim,3 1/2oz,"Slimdesign100 ml,  3 1/2oz Clear glass bottle  withreducerwithpink faux leather cap.For use with cologne, aftershave, splash on, and perfume or fragrance oil, beard oils.Slim design bottle is a family of bottles available 30ml, 50ml and 100ml.Price each"
GBSlm100RdcrIvyLthr,GBSlm,Slim,3 1/2oz,"Slimdesign100 ml,  3 1/2oz Clear glass bottle  withreducerwithivory faux leather cap.For use with cologne, aftershave, splash on, and perfume or fragrance oil, beard oils.Slim design bottle is a family of bottles available 30ml, 50ml and 100ml.Price each"
GBElg60RdcrShnGl,GBElg,Elegant,2oz,"Elegantdesign60 ml,  2oz Clear glass bottle  withreducerandshiny gold cap.For use with cologne, aftershave, splash on, and perfume or fragrance oil, beard oils.Elegant bottle is a family of bottles available in 5ml , 15ml, 30ml, 60ml and 100ml.Price each"
GBElg60RdcrShnBlkTall,GBElg,Elegant,2oz,"Elegantdesign60 ml,  2oz Clear glass bottle  withreducerandtall black shiny cap.For use with cologne, aftershave, splash on, and perfume or fragrance oil, beard oils.Elegant bottle is a family of bottles available in 5ml , 15ml, 30ml, 60ml and 100ml.Price each"
GBElg60RdcrShnBlk,GBElg,Elegant,2oz,"Elegantdesign60 ml,  2oz Clear glass bottle  withreducerandblack shiny cap.For use with cologne, aftershave, splash on, and perfume or fragrance oil, beard oils.Elegant bottle is a family of bottles available in 5ml , 15ml, 30ml, 60ml and 100ml.Price each"
GBElg60RdcrBrwnLthr,GBElg,Elegant,2oz,"Elegantdesign60 ml,  2oz Clear glass bottle  withreducerandbrown faux leather cap.For use with cologne, aftershave, splash on, and perfume or fragrance oil, beard oils.Elegant bottle is a family of bottles available in 5ml , 15ml, 30ml, 60ml and 100ml.Price each"
GBElg60RdcrLBrwnLthr,GBElg,Elegant,2oz,"Elegantdesign60 ml,  2oz Clear glass bottle  withreducerandlight brown faux leather cap.For use with cologne, aftershave, splash on, and perfume or fragrance oil, beard oils.Elegant bottle is a family of bottles available in 5ml , 15ml, 30ml, 60ml and 100ml.Price each"
GBElg60RdcrShnSl,GBElg,Elegant,2oz,"Elegantdesign60 ml,  2oz Clear glass bottle  withreducerandshiny silver cap.For use with cologne, aftershave, splash on, and perfume or fragrance oil, beard oils.Elegant bottle is a family of bottles available in 5ml , 15ml, 30ml, 60ml and 100ml.Price each"
GBElg60RdcrMtSlTall,GBElg,Elegant,2oz,"Elegantdesign60 ml,  2oz Clear glass bottle  withreducerandtall silver matte cap.For use with cologne, aftershave, splash on, and perfume or fragrance oil, beard oils.Elegant bottle is a family of bottles available in 5ml , 15ml, 30ml, 60ml and 100ml.Price each"
GBElg60RdcrMtSl,GBElg,Elegant,2oz,"Elegantdesign60 ml,  2oz Clear glass bottle  withreducerandsilver matte cap.For use with cologne, aftershave, splash on, and perfume or fragrance oil, beard oils.Elegant bottle is a family of bottles available in 5ml , 15ml, 30ml, 60ml and 100ml.Price each"
GBElg60RdcrWht,GBElg,Elegant,2oz,"Elegantdesign60 ml,  2oz Clear glass bottle  withreducerandwhite cap.For use with cologne, aftershave, splash on, and perfume or fragrance oil, beard oils.Elegant bottle is a family of bottles available in 5ml , 15ml, 30ml, 60ml and 100ml.Price each"
GBElg60SpryMtGl,GBElg,Elegant,2oz,"Elegantdesign60 ml,  2oz Clear glass bottle  withmatte gold spray pump.For use with cologne, Eau de Parfum, air freshner, face and body spray, or room spray.Elegant bottle is a family of bottles available in 5ml , 15ml, 30ml, 60ml and 100ml.Price each"
LBElg60LtnMtGl,LBElg,Elegant,2oz,"Elegantdesign60 ml,  2oz Clear glass bottle  withmatte gold lotion pump0.For use with lotions, moisturizer, and serums.Elegant bottle is a family of bottles available in 5ml , 15ml, 30ml, 60ml and 100ml.Price each"
GBElg60SpryShnGl,GBElg,Elegant,2oz,"Elegantdesign60 ml,  2oz Clear glass bottle  withshiny gold spray pump.For use with cologne, Eau de Parfum, air freshner, face and body spray, or room spray.Elegant bottle is a family of bottles available in 5ml , 15ml, 30ml, 60ml and 100ml.Price each"
LBElg60LtnShnGl,LBElg,Elegant,2oz,"Elegantdesign60 ml,  2oz Clear glass bottle  withshiny gold lotion pump.For use with lotions, moisturizer, and serums.Elegant bottle is a family of bottles available in 5ml , 15ml, 30ml, 60ml and 100ml.Price each"
GBElg60SpryShnBlk,GBElg,Elegant,2oz,"Elegantdesign60 ml,  2oz Clear glass bottle  withshiny black spray pump.For use with cologne, Eau de Parfum, air freshner, face and body spray, or room spray.Elegant bottle is a family of bottles available in 5ml , 15ml, 30ml, 60ml and 100ml.Price each"
LBElg60LtnShnBlk,LBElg,Elegant,2oz,"Elegantdesign60 ml,  2oz Clear glass bottle  withshiny black lotion pump.For use with lotions, moisturizer, and serums.Elegant bottle is a family of bottles available in 5ml , 15ml, 30ml, 60ml and 100ml.Price each"
GBElg60SpryMtSl,GBElg,Elegant,2oz,"Elegantdesign60 ml,  2oz Clear glass bottle  withmatte silver spray pump.For use with cologne, Eau de Parfum, air freshner, face and body spray, or room spray.Elegant bottle is a family of bottles available in 5ml , 15ml, 30ml, 60ml and 100ml.Price each"
LBElg60LtnMtSl,LBElg,Elegant,2oz,"Elegantdesign60 ml,  2oz Clear glass bottle  withmatte silver lotion pump.For use with lotions, moisturizer, and serums.Elegant bottle is a family of bottles available in 5ml , 15ml, 30ml, 60ml and 100ml.Price each"
GBElg60SpryShnSl,GBElg,Elegant,2oz,"Elegantdesign60 ml,  2oz Clear glass bottle  withshiny silver spray pump.For use with cologne, Eau de Parfum, air freshner, face and body spray, or room spray.Elegant bottle is a family of bottles available in 5ml , 15ml, 30ml, 60ml and 100ml.Price each"
LBElg60LtnShnSl,LBElg,Elegant,2oz,"Elegantdesign60 ml,  2oz Clear glass bottle  withshiny silver lotion pump.For use with lotions, moisturizer, and serums.Elegant bottle is a family of bottles available in 5ml , 15ml, 30ml, 60ml and 100ml.Price each"
GBElg60AnSpLvn,GBElg,Elegant,2oz,"Elegantdesign60 ml,  2oz Clear glass bottle  withlavender vintage style bulb sprayerwithshiny silver collar cap.For use with cologne, Eau de Parfum, air freshner, face and body spray, or room spray. Antique or vintage bulb sprayers enhance the beauty of your product.Elegant bottle is a family of bottles available in 5ml , 15ml, 30ml, 60ml and 100ml.Price each"
GBElg60AnSpPnk,GBElg,Elegant,2oz,"Elegantdesign60 ml,  2oz Clear glass bottle  withpink vintage style bulb sprayerwithshiny gold collar cap.For use with cologne, Eau de Parfum, air freshner, face and body spray, or room spray. Antique or vintage bulb sprayers enhance the beauty of your product.Elegant bottle is a family of bottles available in 5ml , 15ml, 30ml, 60ml and 100ml.Price each"
GBElg60AnSpMtSl,GBElg,Elegant,2oz,"Elegantdesign60 ml,  2oz Clear glass bottle  withmatte silver vintage style sprayerwithmatte silver collar cap.For use with cologne, Eau de Parfum, air freshner, face and body spray, or room spray. Antique or vintage bulb sprayers enhance the beauty of your product.Elegant bottle is a family of bottles available in 5ml , 15ml, 30ml, 60ml and 100ml.Price each"
GBElg60AnSpIvySl,GBElg,Elegant,2oz,"Elegantdesign60 ml,  2oz Clear glass bottle  withivory vintage style bulb sprayerwithshiny silver collar cap.For use with cologne, Eau de Parfum, air freshner, face and body spray, or room spray. Antique or vintage bulb sprayers enhance the beauty of your product.Elegant bottle is a family of bottles available in 5ml , 15ml, 30ml, 60ml and 100ml.Price each"
GBElg60AnSpGl,GBElg,Elegant,2oz,"Elegantdesign60 ml,  2oz Clear glass bottle  withgold vintage style sprayerwithshiny gold collar cap.For use with cologne, Eau de Parfum, air freshner, face and body spray, or room spray. Antique or vintage bulb sprayers enhance the beauty of your product.Elegant bottle is a family of bottles available in 5ml , 15ml, 30ml, 60ml and 100ml.Price each"
GBElg60AnSpIvyGl,GBElg,Elegant,2oz,"Elegantdesign60 ml,  2oz Clear glass bottle  withivory vintage style bulb sprayerwithshiny gold collar cap.For use with cologne, Eau de Parfum, air freshner, face and body spray, or room spray. Antique or vintage bulb sprayers enhance the beauty of your product.Elegant bottle is a family of bottles available in 5ml , 15ml, 30ml, 60ml and 100ml.Price each"
GBElg60AnSpWht,GBElg,Elegant,2oz,"Elegantdesign60 ml,  2oz Clear glass bottle  withwhite vintage style bulb sprayerwithshiny silver collar cap.For use with cologne, Eau de Parfum, air freshner, face and body spray, or room spray. Antique or vintage bulb sprayers enhance the beauty of your product.Elegant bottle is a family of bottles available in 5ml , 15ml, 30ml, 60ml and 100ml.Price each"
GBElg60AnSpRed,GBElg,Elegant,2oz,"Elegantdesign60 ml,  2oz Clear glass bottle  withred vintage style bulb sprayerwithshiny silver collar cap.For use with cologne, Eau de Parfum, air freshner, face and body spray, or room spray. Antique or vintage bulb sprayers enhance the beauty of your product.Elegant bottle is a family of bottles available in 5ml , 15ml, 30ml, 60ml and 100ml.Price each"
GBElg60AnSpTslLvn,GBElg,Elegant,2oz,"Elegantdesign60 ml,  2oz Clear glass bottle  withLavender vintage style bulb sprayer with Tasselwithshiny silver collar cap.For use with cologne, Eau de Parfum, air freshner, face and body spray, or room spray. Antique or vintage bulb sprayers enhance the beauty of your product.Elegant bottle is a family of bottles available in 5ml , 15ml, 30ml, 60ml and 100ml.Price each"
GBElg60AnSpTslIvyGl,GBElg,Elegant,2oz,"Elegantdesign60 ml,  2oz Clear glass bottle  withIvory vintage style bulb sprayer with tasselwithshiny gold collar cap.For use with cologne, Eau de Parfum, air freshner, face and body spray, or room spray. Antique or vintage bulb sprayers enhance the beauty of your product.Elegant bottle is a family of bottles available in 5ml , 15ml, 30ml, 60ml and 100ml.Price each"
GBElg60AnSpTslIvySl,GBElg,Elegant,2oz,"Elegantdesign60 ml,  2oz Clear glass bottle  withIvory vintage style bulb sprayer with tasselwithshiny silver collar cap.For use with cologne, Eau de Parfum, air freshner, face and body spray, or room spray. Antique or vintage bulb sprayers enhance the beauty of your product.Elegant bottle is a family of bottles available in 5ml , 15ml, 30ml, 60ml and 100ml.Price each"
GBElg60AnSpTslWht,GBElg,Elegant,2oz,"Elegantdesign60 ml,  2oz Clear glass bottle  withWhite vintage style bulb sprayer with tasselwithshiny silver collar cap.For use with cologne, Eau de Parfum, air freshner, face and body spray, or room spray. Antique or vintage bulb sprayers enhance the beauty of your product.Elegant bottle is a family of bottles available in 5ml , 15ml, 30ml, 60ml and 100ml.Price each"
GBElg60AnSpTslPnk,GBElg,Elegant,2oz,"Elegantdesign60 ml,  2oz Clear glass bottle  withPink vintage style bulb sprayer with tasselwithshiny gold collar cap.For use with cologne, Eau de Parfum, air freshner, face and body spray, or room spray. Antique or vintage bulb sprayers enhance the beauty of your product.Elegant bottle is a family of bottles available in 5ml , 15ml, 30ml, 60ml and 100ml.Price each"
GBElg60AnSpTslRed,GBElg,Elegant,2oz,"Elegantdesign60 ml,  2oz Clear glass bottle  withRed vintage style bulb sprayer with tasselwithshiny silver collar cap.For use with cologne, Eau de Parfum, air freshner, face and body spray, or room spray. Antique or vintage bulb sprayers enhance the beauty of your product.Elegant bottle is a family of bottles available in 5ml , 15ml, 30ml, 60ml and 100ml.Price each"
GBElg60AnSpTslMtSl,GBElg,Elegant,2oz,"Elegantdesign60 ml,  2oz Clear glass bottle  withSilver vintage style bulb sprayer with tasselwithmatte silver collar cap.For use with cologne, Eau de Parfum, air freshner, face and body spray, or room spray. Antique or vintage bulb sprayers enhance the beauty of your product.Elegant bottle is a family of bottles available in 5ml , 15ml, 30ml, 60ml and 100ml.Price each"
GBElg60AnSpTslGl,GBElg,Elegant,2oz,"Elegantdesign60 ml,  2oz Clear glass bottle  withGold vintage style bulb sprayer with tasselwithshiny gold collar cap.For use with cologne, Eau de Parfum, air freshner, face and body spray, or room spray. Antique or vintage bulb sprayers enhance the beauty of your product.Elegant bottle is a family of bottles available in 5ml , 15ml, 30ml, 60ml and 100ml.Price each"
GBElg60DrpSl,GBElg,Elegant,2oz,"Elegantdesign60 ml,  2oz Clear glass bottle  withwhite dropperwithshiny silver collar cap.For use with perfume oils, diffuser oils, serums, primers, facial oils or face oils, moisturizer, and beard oils.Elegant bottle is a family of bottles available in 5ml , 15ml, 30ml, 60ml and 100ml.Price each"
GBElg60DrpGl,GBElg,Elegant,2oz,"Elegantdesign60 ml,  2oz Clear glass bottle  withwhite dropperwithshiny gold collar cap.For use with perfume oils, diffuser oils, serums, primers, facial oils or face oils, moisturizer, and beard oils.Elegant bottle is a family of bottles available in 5ml , 15ml, 30ml, 60ml and 100ml.Price each"
LBElg60WhtClOvrCp,LBElg,Elegant,2oz,"Elegantdesign60 ml,  2oz Clear glass bottle  withwhite rectangularwithclear over the cap.For use with lotions, moisturizer, and serums.Elegant bottle is a family of bottles available in 5ml , 15ml, 30ml, 60ml and 100ml.Price each"
GBElg60RdcrPnkLthr,GBElg,Elegant,2oz,"Elegantdesign60 ml,  2oz Clear glass bottle  withreducerandpink faux leather cap.For use with cologne, aftershave, splash on, and perfume or fragrance oil, beard oils.Elegant bottle is a family of bottles available in 5ml , 15ml, 30ml, 60ml and 100ml.Price each"
GBElg60RdcrIvyLthr,GBElg,Elegant,2oz,"Elegantdesign60 ml,  2oz Clear glass bottle  withreducerandivory faux leather cap.For use with cologne, aftershave, splash on, and perfume or fragrance oil, beard oils.Elegant bottle is a family of bottles available in 5ml , 15ml, 30ml, 60ml and 100ml.Price each"
LBElg60LtnCu,LBElg,Elegant,2oz,"Elegantdesign60 ml,  2oz Clear glass bottle  withmatte copper lotion pump0.For use with lotions, moisturizer, and serums.Elegant bottle is a family of bottles available in 5ml , 15ml, 30ml, 60ml and 100ml.Price each"
GBElg100RdcrShnGl,GBElg,Elegant,3 1/2oz,"Elegantdesign100 ml,  3 1/2oz Clear glass bottle  withreducerandshiny gold cap.For use with cologne, aftershave, splash on, and perfume or fragrance oil, beard oils.Elegant bottle is a family of bottles available in 5ml , 15ml, 30ml, 60ml and 100ml.Price each"
GBElg100RdcrShnBlkTall,GBElg,Elegant,3 1/2oz,"Elegantdesign100 ml,  3 1/2oz Clear glass bottle  withreducerandtall black shiny cap.For use with cologne, aftershave, splash on, and perfume or fragrance oil, beard oils.Elegant bottle is a family of bottles available in 5ml , 15ml, 30ml, 60ml and 100ml.Price each"
GBElg100RdcrShnBlk,GBElg,Elegant,3 1/2oz,"Elegantdesign100 ml,  3 1/2oz Clear glass bottle  withreducerandblack shiny cap.For use with cologne, aftershave, splash on, and perfume or fragrance oil, beard oils.Elegant bottle is a family of bottles available in 5ml , 15ml, 30ml, 60ml and 100ml.Price each"
GBElg100RdcrBrwnLthr,GBElg,Elegant,3 1/2oz,"Elegantdesign100 ml,  3 1/2oz Clear glass bottle  withreducerandbrown faux leather cap.For use with cologne, aftershave, splash on, and perfume or fragrance oil, beard oils.Elegant bottle is a family of bottles available in 5ml , 15ml, 30ml, 60ml and 100ml.Price each"
GBElg100RdcrLBrwnLthr,GBElg,Elegant,3 1/2oz,"Elegantdesign100 ml,  3 1/2oz Clear glass bottle  withreducerandlight brown faux leather cap.For use with cologne, aftershave, splash on, and perfume or fragrance oil, beard oils.Elegant bottle is a family of bottles available in 5ml , 15ml, 30ml, 60ml and 100ml.Price each"
GBElg100RdcrShnSl,GBElg,Elegant,3 1/2oz,"Elegantdesign100 ml,  3 1/2oz Clear glass bottle  withreducerandshiny silver cap.For use with cologne, aftershave, splash on, and perfume or fragrance oil, beard oils.Elegant bottle is a family of bottles available in 5ml , 15ml, 30ml, 60ml and 100ml.Price each"
GBElg100RdcrMtSlTall,GBElg,Elegant,3 1/2oz,"Elegantdesign100 ml,  3 1/2oz Clear glass bottle  withreducerandtall silver matte cap.For use with cologne, aftershave, splash on, and perfume or fragrance oil, beard oils.Elegant bottle is a family of bottles available in 5ml , 15ml, 30ml, 60ml and 100ml.Price each"
GBElg100RdcrMtSl,GBElg,Elegant,3 1/2oz,"Elegantdesign100 ml,  3 1/2oz Clear glass bottle  withreducerandsilver matte cap.For use with cologne, aftershave, splash on, and perfume or fragrance oil, beard oils.Elegant bottle is a family of bottles available in 5ml , 15ml, 30ml, 60ml and 100ml.Price each"
GBElg100RdcrWht,GBElg,Elegant,3 1/2oz,"Elegantdesign100 ml,  3 1/2oz Clear glass bottle  withreducerandwhite cap.For use with cologne, aftershave, splash on, and perfume or fragrance oil, beard oils.Elegant bottle is a family of bottles available in 5ml , 15ml, 30ml, 60ml and 100ml.Price each"
GBElg100SpryMtGl,GBElg,Elegant,3 1/2oz,"Elegantdesign100 ml,  3 1/2oz Clear glass bottle  withmatte gold spray pump0.For use with cologne, Eau de Parfum, air freshner, face and body spray, or room spray.Elegant bottle is a family of bottles available in 5ml , 15ml, 30ml, 60ml and 100ml.Price each"
LBElg100LtnMtGl,LBElg,Elegant,3 1/2oz,"Elegantdesign100 ml,  3 1/2oz Clear glass bottle  withmatte gold lotion pump00.For use with lotions, moisturizer, and serums.Elegant bottle is a family of bottles available in 5ml , 15ml, 30ml, 60ml and 100ml.Price each"
GBElg100SpryShnGl,GBElg,Elegant,3 1/2oz,"Elegantdesign100 ml,  3 1/2oz Clear glass bottle  withshiny gold spray pump.For use with cologne, Eau de Parfum, air freshner, face and body spray, or room spray.Elegant bottle is a family of bottles available in 5ml , 15ml, 30ml, 60ml and 100ml.Price each"
LBElg100LtnShnGl,LBElg,Elegant,3 1/2oz,"Elegantdesign100 ml,  3 1/2oz Clear glass bottle  withshiny gold lotion pump.For use with lotions, moisturizer, and serums.Elegant bottle is a family of bottles available in 5ml , 15ml, 30ml, 60ml and 100ml.Price each"
GBElg100SpryShnBlk,GBElg,Elegant,3 1/2oz,"Elegantdesign100 ml,  3 1/2oz Clear glass bottle  withshiny black spray pump.For use with cologne, Eau de Parfum, air freshner, face and body spray, or room spray.Elegant bottle is a family of bottles available in 5ml , 15ml, 30ml, 60ml and 100ml.Price each"
LBElg100LtnShnBlk,LBElg,Elegant,3 1/2oz,"Elegantdesign100 ml,  3 1/2oz Clear glass bottle  withshiny black lotion pump.For use with lotions, moisturizer, and serums.Elegant bottle is a family of bottles available in 5ml , 15ml, 30ml, 60ml and 100ml.Price each"
GBElg100SpryMtSl,GBElg,Elegant,3 1/2oz,"Elegantdesign100 ml,  3 1/2oz Clear glass bottle  withmatte silver spray pump.For use with cologne, Eau de Parfum, air freshner, face and body spray, or room spray.Elegant bottle is a family of bottles available in 5ml , 15ml, 30ml, 60ml and 100ml.Price each"
LBElg100LtnMtSl,LBElg,Elegant,3 1/2oz,"Elegantdesign100 ml,  3 1/2oz Clear glass bottle  withmatte silver lotion pump.For use with lotions, moisturizer, and serums.Elegant bottle is a family of bottles available in 5ml , 15ml, 30ml, 60ml and 100ml.Price each"
GBElg100SpryShnSl,GBElg,Elegant,3 1/2oz,"Elegantdesign100 ml,  3 1/2oz Clear glass bottle  withshiny silver spray pump.For use with cologne, Eau de Parfum, air freshner, face and body spray, or room spray.Elegant bottle is a family of bottles available in 5ml , 15ml, 30ml, 60ml and 100ml.Price each"
LBElg100LtnShnSl,LBElg,Elegant,3 1/2oz,"Elegantdesign100 ml,  3 1/2oz Clear glass bottle  withshiny silver lotion pump.For use with lotions, moisturizer, and serums.Elegant bottle is a family of bottles available in 5ml , 15ml, 30ml, 60ml and 100ml.Price each"
GBElg100AnSpLvn,GBElg,Elegant,3 1/2oz,"Elegantdesign100 ml,  3 1/2oz Clear glass bottle  withlavender vintage style bulb sprayerwithshiny silver collar cap.For use with cologne, Eau de Parfum, air freshner, face and body spray, or room spray. Antique or vintage bulb sprayers enhance the beauty of your product.Elegant bottle is a family of bottles available in 5ml , 15ml, 30ml, 60ml and 100ml.Price each"
GBElg100AnSpPnk,GBElg,Elegant,3 1/2oz,"Elegantdesign100 ml,  3 1/2oz Clear glass bottle  withpink vintage style bulb sprayerwithshiny gold collar cap.For use with cologne, Eau de Parfum, air freshner, face and body spray, or room spray. Antique or vintage bulb sprayers enhance the beauty of your product.Elegant bottle is a family of bottles available in 5ml , 15ml, 30ml, 60ml and 100ml.Price each"
GBElg100AnSpMtSl,GBElg,Elegant,3 1/2oz,"Elegantdesign100 ml,  3 1/2oz Clear glass bottle  withmatte silver vintage style sprayerwithmatte silver collar cap.For use with cologne, Eau de Parfum, air freshner, face and body spray, or room spray. Antique or vintage bulb sprayers enhance the beauty of your product.Elegant bottle is a family of bottles available in 5ml , 15ml, 30ml, 60ml and 100ml.Price each"
GBElg100AnSpIvySl,GBElg,Elegant,3 1/2oz,"Elegantdesign100 ml,  3 1/2oz Clear glass bottle  withivory vintage style bulb sprayerwithshiny silver collar cap.For use with cologne, Eau de Parfum, air freshner, face and body spray, or room spray. Antique or vintage bulb sprayers enhance the beauty of your product.Elegant bottle is a family of bottles available in 5ml , 15ml, 30ml, 60ml and 100ml.Price each"
GBElg100AnSpGl,GBElg,Elegant,3 1/2oz,"Elegantdesign100 ml,  3 1/2oz Clear glass bottle  withgold vintage style sprayerwithshiny gold collar cap.For use with cologne, Eau de Parfum, air freshner, face and body spray, or room spray. Antique or vintage bulb sprayers enhance the beauty of your product.Elegant bottle is a family of bottles available in 5ml , 15ml, 30ml, 60ml and 100ml.Price each"
GBElg100AnSpIvyGl,GBElg,Elegant,3 1/2oz,"Elegantdesign100 ml,  3 1/2oz Clear glass bottle  withivory vintage style bulb sprayerwithshiny gold collar cap.For use with cologne, Eau de Parfum, air freshner, face and body spray, or room spray. Antique or vintage bulb sprayers enhance the beauty of your product.Elegant bottle is a family of bottles available in 5ml , 15ml, 30ml, 60ml and 100ml.Price each"
GBElg100AnSpWht,GBElg,Elegant,3 1/2oz,"Elegantdesign100 ml,  3 1/2oz Clear glass bottle  withwhite vintage style bulb sprayerwithshiny silver collar cap.For use with cologne, Eau de Parfum, air freshner, face and body spray, or room spray. Antique or vintage bulb sprayers enhance the beauty of your product.Elegant bottle is a family of bottles available in 5ml , 15ml, 30ml, 60ml and 100ml.Price each"
GBElg100AnSpRed,GBElg,Elegant,3 1/2oz,"Elegantdesign100 ml,  3 1/2oz Clear glass bottle  withred vintage style bulb sprayerwithshiny silver collar cap.For use with cologne, Eau de Parfum, air freshner, face and body spray, or room spray. Antique or vintage bulb sprayers enhance the beauty of your product.Elegant bottle is a family of bottles available in 5ml , 15ml, 30ml, 60ml and 100ml.Price each"
GBElg100AnSpTslLvn,GBElg,Elegant,3 1/2oz,"Elegantdesign100 ml,  3 1/2oz Clear glass bottle  withLavender vintage style bulb sprayer with Tasselwithshiny silver collar cap.For use with cologne, Eau de Parfum, air freshner, face and body spray, or room spray. Antique or vintage bulb sprayers enhance the beauty of your product.Elegant bottle is a family of bottles available in 5ml , 15ml, 30ml, 60ml and 100ml.Price each"
GBElg100AnSpTslIvyGl,GBElg,Elegant,3 1/2oz,"Elegantdesign100 ml,  3 1/2oz Clear glass bottle  withIvory vintage style bulb sprayer with tasselwithshiny gold collar cap.For use with cologne, Eau de Parfum, air freshner, face and body spray, or room spray. Antique or vintage bulb sprayers enhance the beauty of your product.Elegant bottle is a family of bottles available in 5ml , 15ml, 30ml, 60ml and 100ml.Price each"
GBElg100AnSpTslIvySl,GBElg,Elegant,3 1/2oz,"Elegantdesign100 ml,  3 1/2oz Clear glass bottle  withIvory vintage style bulb sprayer with tasselwithshiny silver collar cap.For use with cologne, Eau de Parfum, air freshner, face and body spray, or room spray. Antique or vintage bulb sprayers enhance the beauty of your product.Elegant bottle is a family of bottles available in 5ml , 15ml, 30ml, 60ml and 100ml.Price each"
GBElg100AnSpTslWht,GBElg,Elegant,3 1/2oz,"Elegantdesign100 ml,  3 1/2oz Clear glass bottle  withWhite vintage style bulb sprayer with tasselwithshiny silver collar cap.For use with cologne, Eau de Parfum, air freshner, face and body spray, or room spray. Antique or vintage bulb sprayers enhance the beauty of your product.Elegant bottle is a family of bottles available in 5ml , 15ml, 30ml, 60ml and 100ml.Price each"
GBElg100AnSpTslPnk,GBElg,Elegant,3 1/2oz,"Elegantdesign100 ml,  3 1/2oz Clear glass bottle  withPink vintage style bulb sprayer with tasselwithshiny gold collar cap.For use with cologne, Eau de Parfum, air freshner, face and body spray, or room spray. Antique or vintage bulb sprayers enhance the beauty of your product.Elegant bottle is a family of bottles available in 5ml , 15ml, 30ml, 60ml and 100ml.Price each"
GBElg100AnSpTslRed,GBElg,Elegant,3 1/2oz,"Elegantdesign100 ml,  3 1/2oz Clear glass bottle  withRed vintage style bulb sprayer with tasselwithshiny silver collar cap.For use with cologne, Eau de Parfum, air freshner, face and body spray, or room spray. Antique or vintage bulb sprayers enhance the beauty of your product.Elegant bottle is a family of bottles available in 5ml , 15ml, 30ml, 60ml and 100ml.Price each"
GBElg100AnSpTslMtSl,GBElg,Elegant,3 1/2oz,"Elegantdesign100 ml,  3 1/2oz Clear glass bottle  withSilver vintage style bulb sprayer with tasselwithmatte silver collar cap.For use with cologne, Eau de Parfum, air freshner, face and body spray, or room spray. Antique or vintage bulb sprayers enhance the beauty of your product.Elegant bottle is a family of bottles available in 5ml , 15ml, 30ml, 60ml and 100ml.Price each"
GBElg100AnSpTslGl,GBElg,Elegant,3 1/2oz,"Elegantdesign100 ml,  3 1/2oz Clear glass bottle  withGold vintage style bulb sprayer with tasselwithshiny gold collar cap.For use with cologne, Eau de Parfum, air freshner, face and body spray, or room spray. Antique or vintage bulb sprayers enhance the beauty of your product.Elegant bottle is a family of bottles available in 5ml , 15ml, 30ml, 60ml and 100ml.Price each"
GBElg100RdcrPnkLthr,GBElg,Elegant,3 1/2oz,"Elegantdesign100 ml,  3 1/2oz Clear glass bottle  withreducerandpink faux leather cap.For use with cologne, aftershave, splash on, and perfume or fragrance oil, beard oils.Elegant bottle is a family of bottles available in 5ml , 15ml, 30ml, 60ml and 100ml.Price each"
GBElg100RdcrIvyLthr,GBElg,Elegant,3 1/2oz,"Elegantdesign100 ml,  3 1/2oz Clear glass bottle  withreducerandivory faux leather cap.For use with cologne, aftershave, splash on, and perfume or fragrance oil, beard oils.Elegant bottle is a family of bottles available in 5ml , 15ml, 30ml, 60ml and 100ml.Price each"
LBElg100WhtClOvrCp,LBElg,Elegant,3 1/2oz,"Elegantdesign100 ml,  3 1/2oz Clear glass bottle  withwhite rectangularwithclear over the cap.For use with lotions, moisturizer, and serums.Elegant bottle is a family of bottles available in 5ml , 15ml, 30ml, 60ml and 100ml.Price each"
LBElg100LtnCu,LBElg,Elegant,3 1/2oz,"Elegantdesign100 ml,  3 1/2oz Clear glass bottle  withmatte copper lotion pump0.For use with lotions, moisturizer, and serums.Elegant bottle is a family of bottles available in 5ml , 15ml, 30ml, 60ml and 100ml.Price each"
GBElgFrst60RdcrShnGl,GBElg,Elegant,2oz,"Elegantdesign60 ml,  2ozFrosted glass bottlewithreducerandshiny gold cap.For use with cologne, aftershave, splash on, and perfume or fragrance oil, beard oils.Elegant bottle is a family of bottles available in 5ml , 15ml, 30ml, 60ml and 100ml.Price each"
GBElgFrst60RdcrShnBlkTall,GBElg,Elegant,2oz,"Elegantdesign60 ml,  2ozFrosted glass bottlewithreducerandtall black shiny cap.For use with cologne, aftershave, splash on, and perfume or fragrance oil, beard oils.Elegant bottle is a family of bottles available in 5ml , 15ml, 30ml, 60ml and 100ml.Price each"
GBElgFrst60RdcrShnBlk,GBElg,Elegant,2oz,"Elegantdesign60 ml,  2ozFrosted glass bottlewithreducerandblack shiny cap.For use with cologne, aftershave, splash on, and perfume or fragrance oil, beard oils.Elegant bottle is a family of bottles available in 5ml , 15ml, 30ml, 60ml and 100ml.Price each"
GBElgFrst60RdcrBrwnLthr,GBElg,Elegant,2oz,"Elegantdesign60 ml,  2ozFrosted glass bottlewithreducerandbrown faux leather cap.For use with cologne, aftershave, splash on, and perfume or fragrance oil, beard oils.Elegant bottle is a family of bottles available in 5ml , 15ml, 30ml, 60ml and 100ml.Price each"
GBElgFrst60RdcrLBrwnLthr,GBElg,Elegant,2oz,"Elegantdesign60 ml,  2ozFrosted glass bottlewithreducerandlight brown faux leather cap.For use with cologne, aftershave, splash on, and perfume or fragrance oil, beard oils.Elegant bottle is a family of bottles available in 5ml , 15ml, 30ml, 60ml and 100ml.Price each"
GBElgFrst60RdcrShnSl,GBElg,Elegant,2oz,"Elegantdesign60 ml,  2ozFrosted glass bottlewithreducerandshiny silver cap.For use with cologne, aftershave, splash on, and perfume or fragrance oil, beard oils.Elegant bottle is a family of bottles available in 5ml , 15ml, 30ml, 60ml and 100ml.Price each"
GBElgFrst60RdcrMtSlTall,GBElg,Elegant,2oz,"Elegantdesign60 ml,  2ozFrosted glass bottlewithreducerandtall silver matte cap.For use with cologne, aftershave, splash on, and perfume or fragrance oil, beard oils.Elegant bottle is a family of bottles available in 5ml , 15ml, 30ml, 60ml and 100ml.Price each"
GBElgFrst60RdcrMtSl,GBElg,Elegant,2oz,"Elegantdesign60 ml,  2ozFrosted glass bottlewithreducerandsilver matte cap.For use with cologne, aftershave, splash on, and perfume or fragrance oil, beard oils.Elegant bottle is a family of bottles available in 5ml , 15ml, 30ml, 60ml and 100ml.Price each"
GBElgFrst60RdcrWht,GBElg,Elegant,2oz,"Elegantdesign60 ml,  2ozFrosted glass bottlewithreducerandwhite cap.For use with cologne, aftershave, splash on, and perfume or fragrance oil, beard oils.Elegant bottle is a family of bottles available in 5ml , 15ml, 30ml, 60ml and 100ml.Price each"
GBElgFrst60SpryMtGl,GBElg,Elegant,2oz,"Elegantdesign60 ml,  2ozFrosted glass bottlewithmatte gold spray pump.For use with cologne, Eau de Parfum, air freshner, face and body spray, or room spray.Elegant bottle is a family of bottles available in 5ml , 15ml, 30ml, 60ml and 100ml.Price each"
LBElgFrst60LtnMtGl,LBElg,Elegant,2oz,"Elegantdesign60 ml,  2ozFrosted glass bottlewithmatte gold lotion pump0.For use with lotions, moisturizer, and serums.Elegant bottle is a family of bottles available in 5ml , 15ml, 30ml, 60ml and 100ml.Price each"
GBElgFrst60SpryShnGl,GBElg,Elegant,2oz,"Elegantdesign60 ml,  2ozFrosted glass bottlewithshiny gold spray pump.For use with cologne, Eau de Parfum, air freshner, face and body spray, or room spray.Elegant bottle is a family of bottles available in 5ml , 15ml, 30ml, 60ml and 100ml.Price each"
LBElgFrst60LtnShnGl,LBElg,Elegant,2oz,"Elegantdesign60 ml,  2ozFrosted glass bottlewithshiny gold lotion pump.For use with lotions, moisturizer, and serums.Elegant bottle is a family of bottles available in 5ml , 15ml, 30ml, 60ml and 100ml.Price each"
LBElgFrst60LtnShnBlk,LBElg,Elegant,2oz,"Elegantdesign60 ml,  2ozFrosted glass bottlewithshiny black spray pump.For use with cologne, Eau de Parfum, air freshner, face and body spray, or room spray.Elegant bottle is a family of bottles available in 5ml , 15ml, 30ml, 60ml and 100ml.Price each"
GBElgFrst60SpryShnBlk,GBElg,Elegant,2oz,"Elegantdesign60 ml,  2ozFrosted glass bottlewithshiny black lotion pump.For use with lotions, moisturizer, and serums.Elegant bottle is a family of bottles available in 5ml , 15ml, 30ml, 60ml and 100ml.Price each"
GBElgFrst60SpryMtSl,GBElg,Elegant,2oz,"Elegantdesign60 ml,  2ozFrosted glass bottlewithmatte silver spray pump.For use with cologne, Eau de Parfum, air freshner, face and body spray, or room spray.Elegant bottle is a family of bottles available in 5ml , 15ml, 30ml, 60ml and 100ml.Price each"
LBElgFrst60LtnMtSl,LBElg,Elegant,2oz,"Elegantdesign60 ml,  2ozFrosted glass bottlewithmatte silver lotion pump.For use with lotions, moisturizer, and serums.Elegant bottle is a family of bottles available in 5ml , 15ml, 30ml, 60ml and 100ml.Price each"
GBElgFrst60SpryShnSl,GBElg,Elegant,2oz,"Elegantdesign60 ml,  2ozFrosted glass bottlewithshiny silver spray pump.For use with cologne, Eau de Parfum, air freshner, face and body spray, or room spray.Elegant bottle is a family of bottles available in 5ml , 15ml, 30ml, 60ml and 100ml.Price each"
LBElgFrst60LtnShnSl,LBElg,Elegant,2oz,"Elegantdesign60 ml,  2ozFrosted glass bottlewithshiny silver lotion pump.For use with lotions, moisturizer, and serums.Elegant bottle is a family of bottles available in 5ml , 15ml, 30ml, 60ml and 100ml.Price each"
GBElgFrst60AnSpLvn,GBElg,Elegant,2oz,"Elegantdesign60 ml,  2ozFrosted glass bottlewithlavender vintage style bulb sprayerwithshiny silver collar cap.For use with cologne, Eau de Parfum, air freshner, face and body spray, or room spray. Antique or vintage bulb sprayers enhance the beauty of your product.Elegant bottle is a family of bottles available in 5ml , 15ml, 30ml, 60ml and 100ml.Price each"
GBElgFrst60AnSpPnk,GBElg,Elegant,2oz,"Elegantdesign60 ml,  2ozFrosted glass bottlewithpink vintage style bulb sprayerwithshiny gold collar cap.For use with cologne, Eau de Parfum, air freshner, face and body spray, or room spray. Antique or vintage bulb sprayers enhance the beauty of your product.Elegant bottle is a family of bottles available in 5ml , 15ml, 30ml, 60ml and 100ml.Price each"
GBElgFrst60AnSpMtSl,GBElg,Elegant,2oz,"Elegantdesign60 ml,  2ozFrosted glass bottlewithmatte silver vintage style sprayerwithmatte silver collar cap.For use with cologne, Eau de Parfum, air freshner, face and body spray, or room spray. Antique or vintage bulb sprayers enhance the beauty of your product.Elegant bottle is a family of bottles available in 5ml , 15ml, 30ml, 60ml and 100ml.Price each"
GBElgFrst60AnSpIvySl,GBElg,Elegant,2oz,"Elegantdesign60 ml,  2ozFrosted glass bottlewithivory vintage style bulb sprayerwithshiny silver collar cap.For use with cologne, Eau de Parfum, air freshner, face and body spray, or room spray. Antique or vintage bulb sprayers enhance the beauty of your product.Elegant bottle is a family of bottles available in 5ml , 15ml, 30ml, 60ml and 100ml.Price each"
GBElgFrst60AnSpGl,GBElg,Elegant,2oz,"Elegantdesign60 ml,  2ozFrosted glass bottlewithgold vintage style sprayerwithshiny gold collar cap.For use with cologne, Eau de Parfum, air freshner, face and body spray, or room spray. Antique or vintage bulb sprayers enhance the beauty of your product.Elegant bottle is a family of bottles available in 5ml , 15ml, 30ml, 60ml and 100ml.Price each"
GBElgFrst60AnSpIvyGl,GBElg,Elegant,2oz,"Elegantdesign60 ml,  2ozFrosted glass bottlewithivory vintage style bulb sprayerwithshiny gold collar cap.For use with cologne, Eau de Parfum, air freshner, face and body spray, or room spray. Antique or vintage bulb sprayers enhance the beauty of your product.Elegant bottle is a family of bottles available in 5ml , 15ml, 30ml, 60ml and 100ml.Price each"
GBElgFrst60AnSpWht,GBElg,Elegant,2oz,"Elegantdesign60 ml,  2ozFrosted glass bottlewithwhite vintage style bulb sprayerwithshiny silver collar cap.For use with cologne, Eau de Parfum, air freshner, face and body spray, or room spray. Antique or vintage bulb sprayers enhance the beauty of your product.Elegant bottle is a family of bottles available in 5ml , 15ml, 30ml, 60ml and 100ml.Price each"
GBElgFrst60AnSpRed,GBElg,Elegant,2oz,"Elegantdesign60 ml,  2ozFrosted glass bottlewithred vintage style bulb sprayerwithshiny silver collar cap.For use with cologne, Eau de Parfum, air freshner, face and body spray, or room spray. Antique or vintage bulb sprayers enhance the beauty of your product.Elegant bottle is a family of bottles available in 5ml , 15ml, 30ml, 60ml and 100ml.Price each"
GBElgFrst60AnSpTslLvn,GBElg,Elegant,2oz,"Elegantdesign60 ml,  2ozFrosted glass bottlewithLavender vintage style bulb sprayer with Tasselwithshiny silver collar cap.For use with cologne, Eau de Parfum, air freshner, face and body spray, or room spray. Antique or vintage bulb sprayers enhance the beauty of your product.Elegant bottle is a family of bottles available in 5ml , 15ml, 30ml, 60ml and 100ml.Price each"
GBElgFrst60AnSpTslIvyGl,GBElg,Elegant,2oz,"Elegantdesign60 ml,  2ozFrosted glass bottlewithIvory vintage style bulb sprayer with tasselwithshiny gold collar cap.For use with cologne, Eau de Parfum, air freshner, face and body spray, or room spray. Antique or vintage bulb sprayers enhance the beauty of your product.Elegant bottle is a family of bottles available in 5ml , 15ml, 30ml, 60ml and 100ml.Price each"
GBElgFrst60AnSpTslIvySl,GBElg,Elegant,2oz,"Elegantdesign60 ml,  2ozFrosted glass bottlewithIvory vintage style bulb sprayer with tasselwithshiny silver collar cap.For use with cologne, Eau de Parfum, air freshner, face and body spray, or room spray. Antique or vintage bulb sprayers enhance the beauty of your product.Elegant bottle is a family of bottles available in 5ml , 15ml, 30ml, 60ml and 100ml.Price each"
GBElgFrst60AnSpTslWht,GBElg,Elegant,2oz,"Elegantdesign60 ml,  2ozFrosted glass bottlewithWhite vintage style bulb sprayer with tasselwithshiny silver collar cap.For use with cologne, Eau de Parfum, air freshner, face and body spray, or room spray. Antique or vintage bulb sprayers enhance the beauty of your product.Elegant bottle is a family of bottles available in 5ml , 15ml, 30ml, 60ml and 100ml.Price each"
GBElgFrst60AnSpTslPnk,GBElg,Elegant,2oz,"Elegantdesign60 ml,  2ozFrosted glass bottlewithPink vintage style bulb sprayer with tasselwithshiny gold collar cap.For use with cologne, Eau de Parfum, air freshner, face and body spray, or room spray. Antique or vintage bulb sprayers enhance the beauty of your product.Elegant bottle is a family of bottles available in 5ml , 15ml, 30ml, 60ml and 100ml.Price each"
GBElgFrst60AnSpTslRed,GBElg,Elegant,2oz,"Elegantdesign60 ml,  2ozFrosted glass bottlewithRed vintage style bulb sprayer with tasselwithshiny silver collar cap.For use with cologne, Eau de Parfum, air freshner, face and body spray, or room spray. Antique or vintage bulb sprayers enhance the beauty of your product.Elegant bottle is a family of bottles available in 5ml , 15ml, 30ml, 60ml and 100ml.Price each"
GBElgFrst60AnSpTslMtSl,GBElg,Elegant,2oz,"Elegantdesign60 ml,  2ozFrosted glass bottlewithSilver vintage style bulb sprayer with tasselwithmatte silver collar cap.For use with cologne, Eau de Parfum, air freshner, face and body spray, or room spray. Antique or vintage bulb sprayers enhance the beauty of your product.Elegant bottle is a family of bottles available in 5ml , 15ml, 30ml, 60ml and 100ml.Price each"
GBElgFrst60AnSpTslGl,GBElg,Elegant,2oz,"Elegantdesign60 ml,  2ozFrosted glass bottlewithGold vintage style bulb sprayer with tasselwithshiny gold collar cap.For use with cologne, Eau de Parfum, air freshner, face and body spray, or room spray. Antique or vintage bulb sprayers enhance the beauty of your product.Elegant bottle is a family of bottles available in 5ml , 15ml, 30ml, 60ml and 100ml.Price each"
GBElgFrst60DrpSl,GBElg,Elegant,2oz,"Elegantdesign60 ml,  2ozFrosted glass bottlewithwhite dropperwithshiny silver collar cap.For use with perfume oils, diffuser oils, serums, primers, facial oils or face oils, moisturizer, and beard oils.Elegant bottle is a family of bottles available in 5ml , 15ml, 30ml, 60ml and 100ml.Price each"
GBElgFrst60DrpGl,GBElg,Elegant,2oz,"Elegantdesign60 ml,  2ozFrosted glass bottlewithwhite dropperwithshiny gold collar cap.For use with perfume oils, diffuser oils, serums, primers, facial oils or face oils, moisturizer, and beard oils.Elegant bottle is a family of bottles available in 5ml , 15ml, 30ml, 60ml and 100ml.Price each"
LBElgFrst60WhtClOvrCp,LBElg,Elegant,2oz,"Elegantdesign60 ml,  2ozFrosted glass bottlewithwhite rectangularwithclear over the cap.For use with lotions, moisturizer, and serums.Elegant bottle is a family of bottles available in 5ml , 15ml, 30ml, 60ml and 100ml.Price each"
GBElgFrst60RdcrPnkLthr,GBElg,Elegant,2oz,"Elegantdesign60 ml,  2ozFrosted glass bottlewithreducerandpink faux leather cap.For use with cologne, aftershave, splash on, and perfume or fragrance oil, beard oils.Elegant bottle is a family of bottles available in 5ml , 15ml, 30ml, 60ml and 100ml.Price each"
GBElgFrst60RdcrIvyLthr,GBElg,Elegant,2oz,"Elegantdesign60 ml,  2ozFrosted glass bottlewithreducerandivory faux leather cap.For use with cologne, aftershave, splash on, and perfume or fragrance oil, beard oils.Elegant bottle is a family of bottles available in 5ml , 15ml, 30ml, 60ml and 100ml.Price each"
LBElgFrst60LtnCu,LBElg,Elegant,2oz,"Elegantdesign60 ml,  2ozFrosted glass bottlewithmatte copper lotion pump0.For use with lotions, moisturizer, and serums.Elegant bottle is a family of bottles available in 5ml , 15ml, 30ml, 60ml and 100ml.Price each"
GBElgFrst100RdcrShnGl,GBElg,Elegant,3 1/2oz,"Elegantdesign100 ml,  3 1/2ozFrosted glass bottlewithreducerandshiny gold cap.For use with cologne, aftershave, splash on, and perfume or fragrance oil, beard oils.Elegant bottle is a family of bottles available in 5ml , 15ml, 30ml, 60ml and 100ml.Price each"
GBElgFrst100RdcrShnBlkTall,GBElg,Elegant,3 1/2oz,"Elegantdesign100 ml,  3 1/2ozFrosted glass bottlewithreducerandtall black shiny cap.For use with cologne, aftershave, splash on, and perfume or fragrance oil, beard oils.Elegant bottle is a family of bottles available in 5ml , 15ml, 30ml, 60ml and 100ml.Price each"
GBElgFrst100RdcrShnBlk,GBElg,Elegant,3 1/2oz,"Elegantdesign100 ml,  3 1/2ozFrosted glass bottlewithreducerandblack shiny cap.For use with cologne, aftershave, splash on, and perfume or fragrance oil, beard oils.Elegant bottle is a family of bottles available in 5ml , 15ml, 30ml, 60ml and 100ml.Price each"
GBElgFrst100RdcrBrwnLthr,GBElg,Elegant,3 1/2oz,"Elegantdesign100 ml,  3 1/2ozFrosted glass bottlewithreducerandbrown faux leather cap.For use with cologne, aftershave, splash on, and perfume or fragrance oil, beard oils.Elegant bottle is a family of bottles available in 5ml , 15ml, 30ml, 60ml and 100ml.Price each"
GBElgFrst100RdcrLBrwnLthr,GBElg,Elegant,3 1/2oz,"Elegantdesign100 ml,  3 1/2ozFrosted glass bottlewithreducerandlight brown faux leather cap.For use with cologne, aftershave, splash on, and perfume or fragrance oil, beard oils.Elegant bottle is a family of bottles available in 5ml , 15ml, 30ml, 60ml and 100ml.Price each"
GBElgFrst100RdcrShnSl,GBElg,Elegant,3 1/2oz,"Elegantdesign100 ml,  3 1/2ozFrosted glass bottlewithreducerandshiny silver cap.For use with cologne, aftershave, splash on, and perfume or fragrance oil, beard oils.Elegant bottle is a family of bottles available in 5ml , 15ml, 30ml, 60ml and 100ml.Price each"
GBElgFrst100RdcrMtSlTall,GBElg,Elegant,3 1/2oz,"Elegantdesign100 ml,  3 1/2ozFrosted glass bottlewithreducerandtall silver matte cap.For use with cologne, aftershave, splash on, and perfume or fragrance oil, beard oils.Elegant bottle is a family of bottles available in 5ml , 15ml, 30ml, 60ml and 100ml.Price each"
GBElgFrst100RdcrMtSl,GBElg,Elegant,3 1/2oz,"Elegantdesign100 ml,  3 1/2ozFrosted glass bottlewithreducerandsilver matte cap.For use with cologne, aftershave, splash on, and perfume or fragrance oil, beard oils.Elegant bottle is a family of bottles available in 5ml , 15ml, 30ml, 60ml and 100ml.Price each"
GBElgFrst100RdcrWht,GBElg,Elegant,3 1/2oz,"Elegantdesign100 ml,  3 1/2ozFrosted glass bottlewithreducerandwhite cap.For use with cologne, aftershave, splash on, and perfume or fragrance oil, beard oils.Elegant bottle is a family of bottles available in 5ml , 15ml, 30ml, 60ml and 100ml.Price each"
GBElgFrst100SpryMtGl,GBElg,Elegant,3 1/2oz,"Elegantdesign100 ml,  3 1/2ozFrosted glass bottlewithmatte gold spray pump0.For use with cologne, Eau de Parfum, air freshner, face and body spray, or room spray.Elegant bottle is a family of bottles available in 5ml , 15ml, 30ml, 60ml and 100ml.Price each"
LBElgFrst100LtnMtGl,LBElg,Elegant,3 1/2oz,"Elegantdesign100 ml,  3 1/2ozFrosted glass bottlewithmatte gold lotion pump00.For use with lotions, moisturizer, and serums.Elegant bottle is a family of bottles available in 5ml , 15ml, 30ml, 60ml and 100ml.Price each"
GBElgFrst100SpryShnGl,GBElg,Elegant,3 1/2oz,"Elegantdesign100 ml,  3 1/2ozFrosted glass bottlewithshiny gold spray pump.For use with cologne, Eau de Parfum, air freshner, face and body spray, or room spray.Elegant bottle is a family of bottles available in 5ml , 15ml, 30ml, 60ml and 100ml.Price each"
LBElgFrst100LtnShnGl,LBElg,Elegant,3 1/2oz,"Elegantdesign100 ml,  3 1/2ozFrosted glass bottlewithshiny gold lotion pump.For use with lotions, moisturizer, and serums.Elegant bottle is a family of bottles available in 5ml , 15ml, 30ml, 60ml and 100ml.Price each"
GBElgFrst100SpryShnBlk,GBElg,Elegant,3 1/2oz,"Elegantdesign100 ml,  3 1/2ozFrosted glass bottlewithshiny black spray pump.For use with cologne, Eau de Parfum, air freshner, face and body spray, or room spray.Elegant bottle is a family of bottles available in 5ml , 15ml, 30ml, 60ml and 100ml.Price each"
LBElgFrst100LtnShnBlk,LBElg,Elegant,3 1/2oz,"Elegantdesign100 ml,  3 1/2ozFrosted glass bottlewithshiny black lotion pump.For use with lotions, moisturizer, and serums.Elegant bottle is a family of bottles available in 5ml , 15ml, 30ml, 60ml and 100ml.Price each"
GBElgFrst100SpryMtSl,GBElg,Elegant,3 1/2oz,"Elegantdesign100 ml,  3 1/2ozFrosted glass bottlewithmatte silver spray pump.For use with cologne, Eau de Parfum, air freshner, face and body spray, or room spray.Elegant bottle is a family of bottles available in 5ml , 15ml, 30ml, 60ml and 100ml.Price each"
LBElgFrst100LtnMtSl,LBElg,Elegant,3 1/2oz,"Elegantdesign100 ml,  3 1/2ozFrosted glass bottlewithmatte silver lotion pump.For use with lotions, moisturizer, and serums.Elegant bottle is a family of bottles available in 5ml , 15ml, 30ml, 60ml and 100ml.Price each"
GBElgFrst100SpryShnSl,GBElg,Elegant,3 1/2oz,"Elegantdesign100 ml,  3 1/2ozFrosted glass bottlewithshiny silver spray pump.For use with cologne, Eau de Parfum, air freshner, face and body spray, or room spray.Elegant bottle is a family of bottles available in 5ml , 15ml, 30ml, 60ml and 100ml.Price each"
LBElgFrst100LtnShnSl,LBElg,Elegant,3 1/2oz,"Elegantdesign100 ml,  3 1/2ozFrosted glass bottlewithshiny silver lotion pump.For use with lotions, moisturizer, and serums.Elegant bottle is a family of bottles available in 5ml , 15ml, 30ml, 60ml and 100ml.Price each"
GBElgFrst100AnSpLvn,GBElg,Elegant,3 1/2oz,"Elegantdesign100 ml,  3 1/2ozFrosted glass bottlewithlavender vintage style bulb sprayerwithshiny silver collar cap.For use with cologne, Eau de Parfum, air freshner, face and body spray, or room spray. Antique or vintage bulb sprayers enhance the beauty of your product.Elegant bottle is a family of bottles available in 5ml , 15ml, 30ml, 60ml and 100ml.Price each"
GBElgFrst100AnSpPnk,GBElg,Elegant,3 1/2oz,"Elegantdesign100 ml,  3 1/2ozFrosted glass bottlewithpink vintage style bulb sprayerwithshiny gold collar cap.For use with cologne, Eau de Parfum, air freshner, face and body spray, or room spray. Antique or vintage bulb sprayers enhance the beauty of your product.Elegant bottle is a family of bottles available in 5ml , 15ml, 30ml, 60ml and 100ml.Price each"
GBElgFrst100AnSpMtSl,GBElg,Elegant,3 1/2oz,"Elegantdesign100 ml,  3 1/2ozFrosted glass bottlewithmatte silver vintage style sprayerwithmatte silver collar cap.For use with cologne, Eau de Parfum, air freshner, face and body spray, or room spray. Antique or vintage bulb sprayers enhance the beauty of your product.Elegant bottle is a family of bottles available in 5ml , 15ml, 30ml, 60ml and 100ml.Price each"
GBElgFrst100AnSpIvySl,GBElg,Elegant,3 1/2oz,"Elegantdesign100 ml,  3 1/2ozFrosted glass bottlewithivory vintage style bulb sprayerwithshiny silver collar cap.For use with cologne, Eau de Parfum, air freshner, face and body spray, or room spray. Antique or vintage bulb sprayers enhance the beauty of your product.Elegant bottle is a family of bottles available in 5ml , 15ml, 30ml, 60ml and 100ml.Price each"
GBElgFrst100AnSpGl,GBElg,Elegant,3 1/2oz,"Elegantdesign100 ml,  3 1/2ozFrosted glass bottlewithgold vintage style sprayerwithshiny gold collar cap.For use with cologne, Eau de Parfum, air freshner, face and body spray, or room spray. Antique or vintage bulb sprayers enhance the beauty of your product.Elegant bottle is a family of bottles available in 5ml , 15ml, 30ml, 60ml and 100ml.Price each"
GBElgFrst100AnSpIvyGl,GBElg,Elegant,3 1/2oz,"Elegantdesign100 ml,  3 1/2ozFrosted glass bottlewithivory vintage style bulb sprayerwithshiny gold collar cap.For use with cologne, Eau de Parfum, air freshner, face and body spray, or room spray. Antique or vintage bulb sprayers enhance the beauty of your product.Elegant bottle is a family of bottles available in 5ml , 15ml, 30ml, 60ml and 100ml.Price each"
GBElgFrst100AnSpWht,GBElg,Elegant,3 1/2oz,"Elegantdesign100 ml,  3 1/2ozFrosted glass bottlewithwhite vintage style bulb sprayerwithshiny silver collar cap.For use with cologne, Eau de Parfum, air freshner, face and body spray, or room spray. Antique or vintage bulb sprayers enhance the beauty of your product.Elegant bottle is a family of bottles available in 5ml , 15ml, 30ml, 60ml and 100ml.Price each"
GBElgFrst100AnSpRed,GBElg,Elegant,3 1/2oz,"Elegantdesign100 ml,  3 1/2ozFrosted glass bottlewithred vintage style bulb sprayerwithshiny silver collar cap.For use with cologne, Eau de Parfum, air freshner, face and body spray, or room spray. Antique or vintage bulb sprayers enhance the beauty of your product.Elegant bottle is a family of bottles available in 5ml , 15ml, 30ml, 60ml and 100ml.Price each"
GBElgFrst100AnSpTslLvn,GBElg,Elegant,3 1/2oz,"Elegantdesign100 ml,  3 1/2ozFrosted glass bottlewithLavender vintage style bulb sprayer with Tasselwithshiny silver collar cap.For use with cologne, Eau de Parfum, air freshner, face and body spray, or room spray. Antique or vintage bulb sprayers enhance the beauty of your product.Elegant bottle is a family of bottles available in 5ml , 15ml, 30ml, 60ml and 100ml.Price each"
GBElgFrst100AnSpTslIvyGl,GBElg,Elegant,3 1/2oz,"Elegantdesign100 ml,  3 1/2ozFrosted glass bottlewithIvory vintage style bulb sprayer with tasselwithshiny gold collar cap.For use with cologne, Eau de Parfum, air freshner, face and body spray, or room spray. Antique or vintage bulb sprayers enhance the beauty of your product.Elegant bottle is a family of bottles available in 5ml , 15ml, 30ml, 60ml and 100ml.Price each"
GBElgFrst100AnSpTslIvySl,GBElg,Elegant,3 1/2oz,"Elegantdesign100 ml,  3 1/2ozFrosted glass bottlewithIvory vintage style bulb sprayer with tasselwithshiny silver collar cap.For use with cologne, Eau de Parfum, air freshner, face and body spray, or room spray. Antique or vintage bulb sprayers enhance the beauty of your product.Elegant bottle is a family of bottles available in 5ml , 15ml, 30ml, 60ml and 100ml.Price each"
GBElgFrst100AnSpTslWht,GBElg,Elegant,3 1/2oz,"Elegantdesign100 ml,  3 1/2ozFrosted glass bottlewithWhite vintage style bulb sprayer with tasselwithshiny silver collar cap.For use with cologne, Eau de Parfum, air freshner, face and body spray, or room spray. Antique or vintage bulb sprayers enhance the beauty of your product.Elegant bottle is a family of bottles available in 5ml , 15ml, 30ml, 60ml and 100ml.Price each"
GBElgFrst100AnSpTslPnk,GBElg,Elegant,3 1/2oz,"Elegantdesign100 ml,  3 1/2ozFrosted glass bottlewithPink vintage style bulb sprayer with tasselwithshiny gold collar cap.For use with cologne, Eau de Parfum, air freshner, face and body spray, or room spray. Antique or vintage bulb sprayers enhance the beauty of your product.Elegant bottle is a family of bottles available in 5ml , 15ml, 30ml, 60ml and 100ml.Price each"
GBElgFrst100AnSpTslRed,GBElg,Elegant,3 1/2oz,"Elegantdesign100 ml,  3 1/2ozFrosted glass bottlewithRed vintage style bulb sprayer with tasselwithshiny silver collar cap.For use with cologne, Eau de Parfum, air freshner, face and body spray, or room spray. Antique or vintage bulb sprayers enhance the beauty of your product.Elegant bottle is a family of bottles available in 5ml , 15ml, 30ml, 60ml and 100ml.Price each"
GBElgFrst100AnSpTslMtSl,GBElg,Elegant,3 1/2oz,"Elegantdesign100 ml,  3 1/2ozFrosted glass bottlewithSilver vintage style bulb sprayer with tasselwithmatte silver collar cap.For use with cologne, Eau de Parfum, air freshner, face and body spray, or room spray. Antique or vintage bulb sprayers enhance the beauty of your product.Elegant bottle is a family of bottles available in 5ml , 15ml, 30ml, 60ml and 100ml.Price each"
GBElgFrst100AnSpTslGl,GBElg,Elegant,3 1/2oz,"Elegantdesign100 ml,  3 1/2ozFrosted glass bottlewithGold vintage style bulb sprayer with tasselwithshiny gold collar cap.For use with cologne, Eau de Parfum, air freshner, face and body spray, or room spray. Antique or vintage bulb sprayers enhance the beauty of your product.Elegant bottle is a family of bottles available in 5ml , 15ml, 30ml, 60ml and 100ml.Price each"
GBElgFrst100RdcrPnkLthr,GBElg,Elegant,3 1/2oz,"Elegantdesign100 ml,  3 1/2ozFrosted glass bottlewithreducerandpink faux leather cap.For use with cologne, aftershave, splash on, and perfume or fragrance oil, beard oils.Elegant bottle is a family of bottles available in 5ml , 15ml, 30ml, 60ml and 100ml.Price each"
GBElgFrst100RdcrIvyLthr,GBElg,Elegant,3 1/2oz,"Elegantdesign100 ml,  3 1/2ozFrosted glass bottlewithreducerandivory faux leather cap.For use with cologne, aftershave, splash on, and perfume or fragrance oil, beard oils.Elegant bottle is a family of bottles available in 5ml , 15ml, 30ml, 60ml and 100ml.Price each"
LBElgFrst100WhtClOvrCp,LBElg,Elegant,3 1/2oz,"Elegantdesign100 ml,  3 1/2ozFrosted glass bottlewithwhite rectangularwithclear over the cap.For use with lotions, moisturizer, and serums.Elegant bottle is a family of bottles available in 5ml , 15ml, 30ml, 60ml and 100ml.Price each"
LBElgFrst100LtnCu,LBElg,Elegant,3 1/2oz,"Elegantdesign100 ml,  3 1/2ozFrosted glass bottlewithmatte copper lotion pump0.For use with lotions, moisturizer, and serums.Elegant bottle is a family of bottles available in 5ml , 15ml, 30ml, 60ml and 100ml.Price each"
GBEmp50RdcrShnGl,GBEmp,Empire,1.7oz,"Empiredesign50 ml,  1.7oz Clear glass bottle  withreducerandshiny gold cap.For use with cologne, aftershave, splash on, and perfume or fragrance oil, beard oils.Empire design bottle is available in 2 sizes, 50ml and 100ml.Price each"
GBEmp50RdcrShnBlkTall,GBEmp,Empire,1.7oz,"Empiredesign50 ml,  1.7oz Clear glass bottle  withreducerandtall black shiny cap.For use with cologne, aftershave, splash on, and perfume or fragrance oil, beard oils.Empire design bottle is available in 2 sizes, 50ml and 100ml.Price each"
GBEmp50RdcrShnBlk,GBEmp,Empire,1.7oz,"Empiredesign50 ml,  1.7oz Clear glass bottle  withreducerandblack shiny cap.For use with cologne, aftershave, splash on, and perfume or fragrance oil, beard oils.Empire design bottle is available in 2 sizes, 50ml and 100ml.Price each"
GBEmp50RdcrBrwnLthr,GBEmp,Empire,1.7oz,"Empiredesign50 ml,  1.7oz Clear glass bottle  withreducerandbrown faux leather cap.For use with cologne, aftershave, splash on, and perfume or fragrance oil, beard oils.Empire design bottle is available in 2 sizes, 50ml and 100ml.Price each"
GBEmp50RdcrLBrwnLthr,GBEmp,Empire,1.7oz,"Empiredesign50 ml,  1.7oz Clear glass bottle  withreducerandlight brown faux leather cap.For use with cologne, aftershave, splash on, and perfume or fragrance oil, beard oils.Empire design bottle is available in 2 sizes, 50ml and 100ml.Price each"
GBEmp50RdcrShnSl,GBEmp,Empire,1.7oz,"Empiredesign50 ml,  1.7oz Clear glass bottle  withreducerandshiny silver cap.For use with cologne, aftershave, splash on, and perfume or fragrance oil, beard oils.Empire design bottle is available in 2 sizes, 50ml and 100ml.Price each"
GBEmp50RdcrMtSlTall,GBEmp,Empire,1.7oz,"Empiredesign50 ml,  1.7oz Clear glass bottle  withreducerandtall silver matte cap.For use with cologne, aftershave, splash on, and perfume or fragrance oil, beard oils.Empire design bottle is available in 2 sizes, 50ml and 100ml.Price each"
GBEmp50RdcrMtSl,GBEmp,Empire,1.7oz,"Empiredesign50 ml,  1.7oz Clear glass bottle  withreducerandsilver matte cap.For use with cologne, aftershave, splash on, and perfume or fragrance oil, beard oils.Empire design bottle is available in 2 sizes, 50ml and 100ml.Price each"
GBEmp50RdcrWht,GBEmp,Empire,1.7oz,"Empiredesign50 ml,  1.7oz Clear glass bottle  withreducerandwhite cap.For use with cologne, aftershave, splash on, and perfume or fragrance oil, beard oils.Empire design bottle is available in 2 sizes, 50ml and 100ml.Price each"
GBEmp50SpryMtGl,GBEmp,Empire,1.7oz,"Empiredesign50 ml,  1.7oz Clear glass bottle  withmatte gold spray pump0.For use with cologne, Eau de Parfum, air freshner, face and body spray, or room spray.Empire design bottle is available in 2 sizes, 50ml and 100ml.Price each"
LBEmp50LtnMtGl,LBEmp,Empire,1.7oz,"Empiredesign50 ml,  1.7oz Clear glass bottle  withmatte gold lotion pump00.For use with lotions, moisturizer, and serums.Empire design bottle is available in 2 sizes, 50ml and 100ml.Price each"
GBEmp50SpryShnGl,GBEmp,Empire,1.7oz,"Empiredesign50 ml,  1.7oz Clear glass bottle  withshiny gold spray pump0.For use with cologne, Eau de Parfum, air freshner, face and body spray, or room spray.Empire design bottle is available in 2 sizes, 50ml and 100ml.Price each"
LBEmp50LtnShnGl,LBEmp,Empire,1.7oz,"Empiredesign50 ml,  1.7oz Clear glass bottle  withshiny gold lotion pump0.For use with lotions, moisturizer, and serums.Empire design bottle is available in 2 sizes, 50ml and 100ml.Price each"
GBEmp50SpryShnBlk,GBEmp,Empire,1.7oz,"Empiredesign50 ml,  1.7oz Clear glass bottle  withshiny black spray pump0.For use with cologne, Eau de Parfum, air freshner, face and body spray, or room spray.Empire design bottle is available in 2 sizes, 50ml and 100ml.Price each"
LBEmp50LtnShnBlk,LBEmp,Empire,1.7oz,"Empiredesign50 ml,  1.7oz Clear glass bottle  withshiny black lotion pump0.For use with lotions, moisturizer, and serums.Empire design bottle is available in 2 sizes, 50ml and 100ml.Price each"
GBEmp50SpryMtSl,GBEmp,Empire,1.7oz,"Empiredesign50 ml,  1.7oz Clear glass bottle  withmatte silver spray pump0.For use with cologne, Eau de Parfum, air freshner, face and body spray, or room spray.Empire design bottle is available in 2 sizes, 50ml and 100ml.Price each"
LBEmp50LtnMtSl,LBEmp,Empire,1.7oz,"Empiredesign50 ml,  1.7oz Clear glass bottle  withmatte silver lotion pump0.For use with lotions, moisturizer, and serums.Empire design bottle is available in 2 sizes, 50ml and 100ml.Price each"
GBEmp50SpryShnSl,GBEmp,Empire,1.7oz,"Empiredesign50 ml,  1.7oz Clear glass bottle  withshiny silver spray pump0.For use with cologne, Eau de Parfum, air freshner, face and body spray, or room spray.Empire design bottle is available in 2 sizes, 50ml and 100ml.Price each"
LBEmp50LtnShnSl,LBEmp,Empire,1.7oz,"Empiredesign50 ml,  1.7oz Clear glass bottle  withshiny silver lotion pump0.For use with lotions, moisturizer, and serums.Empire design bottle is available in 2 sizes, 50ml and 100ml.Price each"
GBEmp50AnSpLvn,GBEmp,Empire,1.7oz,"Empiredesign50 ml,  1.7oz Clear glass bottle  withlavender vintage style bulb sprayerwithshiny silver collar cap.For use with cologne, Eau de Parfum, air freshner, face and body spray, or room spray. Antique or vintage bulb sprayers enhance the beauty of your product.Empire design bottle is available in 2 sizes, 50ml and 100ml.Price each"
GBEmp50AnSpPnk,GBEmp,Empire,1.7oz,"Empiredesign50 ml,  1.7oz Clear glass bottle  withpink vintage style bulb sprayerwithshiny gold collar cap.For use with cologne, Eau de Parfum, air freshner, face and body spray, or room spray. Antique or vintage bulb sprayers enhance the beauty of your product.Empire design bottle is available in 2 sizes, 50ml and 100ml.Price each"
GBEmp50AnSpMtSl,GBEmp,Empire,1.7oz,"Empiredesign50 ml,  1.7oz Clear glass bottle  withmatte silver vintage style sprayerwithmatte silver collar cap.For use with cologne, Eau de Parfum, air freshner, face and body spray, or room spray. Antique or vintage bulb sprayers enhance the beauty of your product.Empire design bottle is available in 2 sizes, 50ml and 100ml.Price each"
GBEmp50AnSpIvySl,GBEmp,Empire,1.7oz,"Empiredesign50 ml,  1.7oz Clear glass bottle  withivory vintage style bulb sprayerwithshiny silver collar cap.For use with cologne, Eau de Parfum, air freshner, face and body spray, or room spray. Antique or vintage bulb sprayers enhance the beauty of your product.Empire design bottle is available in 2 sizes, 50ml and 100ml.Price each"
GBEmp50AnSpGl,GBEmp,Empire,1.7oz,"Empiredesign50 ml,  1.7oz Clear glass bottle  withgold vintage style sprayerwithshiny gold collar cap.For use with cologne, Eau de Parfum, air freshner, face and body spray, or room spray. Antique or vintage bulb sprayers enhance the beauty of your product.Empire design bottle is available in 2 sizes, 50ml and 100ml.Price each"
GBEmp50AnSpIvyGl,GBEmp,Empire,1.7oz,"Empiredesign50 ml,  1.7oz Clear glass bottle  withivory vintage style bulb sprayerwithshiny gold collar cap.For use with cologne, Eau de Parfum, air freshner, face and body spray, or room spray. Antique or vintage bulb sprayers enhance the beauty of your product.Empire design bottle is available in 2 sizes, 50ml and 100ml.Price each"
GBEmp50AnSpWht,GBEmp,Empire,1.7oz,"Empiredesign50 ml,  1.7oz Clear glass bottle  withwhite vintage style bulb sprayerwithshiny silver collar cap.For use with cologne, Eau de Parfum, air freshner, face and body spray, or room spray. Antique or vintage bulb sprayers enhance the beauty of your product.Empire design bottle is available in 2 sizes, 50ml and 100ml.Price each"
GBEmp50AnSpRed,GBEmp,Empire,1.7oz,"Empiredesign50 ml,  1.7oz Clear glass bottle  withred vintage style bulb sprayerwithshiny silver collar cap.For use with cologne, Eau de Parfum, air freshner, face and body spray, or room spray. Antique or vintage bulb sprayers enhance the beauty of your product.Empire design bottle is available in 2 sizes, 50ml and 100ml.Price each"
GBEmp50AnSpTslLvn,GBEmp,Empire,1.7oz,"Empiredesign50 ml,  1.7oz Clear glass bottle  withLavender vintage style bulb sprayer with Tasselwithshiny silver collar cap.For use with cologne, Eau de Parfum, air freshner, face and body spray, or room spray. Antique or vintage bulb sprayers enhance the beauty of your product.Empire design bottle is available in 2 sizes, 50ml and 100ml.Price each"
GBEmp50AnSpTslIvyGl,GBEmp,Empire,1.7oz,"Empiredesign50 ml,  1.7oz Clear glass bottle  withIvory vintage style bulb sprayer with tasselwithshiny gold collar cap.For use with cologne, Eau de Parfum, air freshner, face and body spray, or room spray. Antique or vintage bulb sprayers enhance the beauty of your product.Empire design bottle is available in 2 sizes, 50ml and 100ml.Price each"
GBEmp50AnSpTslIvySl,GBEmp,Empire,1.7oz,"Empiredesign50 ml,  1.7oz Clear glass bottle  withIvory vintage style bulb sprayer with tasselwithshiny silver collar cap.For use with cologne, Eau de Parfum, air freshner, face and body spray, or room spray. Antique or vintage bulb sprayers enhance the beauty of your product.Empire design bottle is available in 2 sizes, 50ml and 100ml.Price each"
GBEmp50AnSpTslWht,GBEmp,Empire,1.7oz,"Empiredesign50 ml,  1.7oz Clear glass bottle  withWhite vintage style bulb sprayer with tasselwithshiny silver collar cap.For use with cologne, Eau de Parfum, air freshner, face and body spray, or room spray. Antique or vintage bulb sprayers enhance the beauty of your product.Empire design bottle is available in 2 sizes, 50ml and 100ml.Price each"
GBEmp50AnSpTslPnk,GBEmp,Empire,1.7oz,"Empiredesign50 ml,  1.7oz Clear glass bottle  withPink vintage style bulb sprayer with tasselwithshiny gold collar cap.For use with cologne, Eau de Parfum, air freshner, face and body spray, or room spray. Antique or vintage bulb sprayers enhance the beauty of your product.Empire design bottle is available in 2 sizes, 50ml and 100ml.Price each"
GBEmp50AnSpTslRed,GBEmp,Empire,1.7oz,"Empiredesign50 ml,  1.7oz Clear glass bottle  withRed vintage style bulb sprayer with tasselwithshiny silver collar cap.For use with cologne, Eau de Parfum, air freshner, face and body spray, or room spray. Antique or vintage bulb sprayers enhance the beauty of your product.Empire design bottle is available in 2 sizes, 50ml and 100ml.Price each"
GBEmp50AnSpTslMtSl,GBEmp,Empire,1.7oz,"Empiredesign50 ml,  1.7oz Clear glass bottle  withSilver vintage style bulb sprayer with tasselwithmatte silver collar cap.For use with cologne, Eau de Parfum, air freshner, face and body spray, or room spray. Antique or vintage bulb sprayers enhance the beauty of your product.Empire design bottle is available in 2 sizes, 50ml and 100ml.Price each"
GBEmp50AnSpTslGl,GBEmp,Empire,1.7oz,"Empiredesign50 ml,  1.7oz Clear glass bottle  withGold vintage style bulb sprayer with tasselwithshiny gold collar cap.For use with cologne, Eau de Parfum, air freshner, face and body spray, or room spray. Antique or vintage bulb sprayers enhance the beauty of your product.Empire design bottle is available in 2 sizes, 50ml and 100ml.Price each"
GBEmp50DrpSl,GBEmp,Empire,1.7oz,"Empiredesign50 ml,  1.7oz Clear glass bottle  withwhite dropperwithshiny silver collar cap.For use with perfume oils, diffuser oils, serums, primers, facial oils or face oils, moisturizer, and beard oils.Empire design bottle is available in 2 sizes, 50ml and 100ml.Price each"
GBEmp50DrpGl,GBEmp,Empire,1.7oz,"Empiredesign50 ml,  1.7oz Clear glass bottle  withwhite dropperwithshiny gold collar cap.For use with perfume oils, diffuser oils, serums, primers, facial oils or face oils, moisturizer, and beard oils.Empire design bottle is available in 2 sizes, 50ml and 100ml.Price each"
GBEmp50RdcrPnkLthr,GBEmp,Empire,1.7oz,"Empiredesign50 ml,  1.7oz Clear glass bottle  withreducerandpink faux leather cap.For use with cologne, aftershave, splash on, and perfume or fragrance oil, beard oils.Empire design bottle is available in 2 sizes, 50ml and 100ml.Price each"
GBEmp50RdcrIvyLthr,GBEmp,Empire,1.7oz,"Empiredesign50 ml,  1.7oz Clear glass bottle  withreducerandivory faux leather cap.For use with cologne, aftershave, splash on, and perfume or fragrance oil, beard oils.Empire design bottle is available in 2 sizes, 50ml and 100ml.Price each"
LBEmp50WhtClOvrCp,LBEmp,Empire,1.7oz,"Empiredesign50 ml,  1.7oz Clear glass bottle  withwhite rectangularandclear over the cap.For use with lotions, moisturizer, and serums.Empire design bottle is available in 2 sizes, 50ml and 100ml.Price each"
LBEmp50LtnCu,LBEmp,Empire,1.7oz,"Empiredesign50 ml,  1.7oz Clear glass bottle  withmatte copper lotion pump0.For use with lotions, moisturizer, and serums.Empire design bottle is available in 2 sizes, 50ml and 100ml.Price each"
GBEmp100RdcrShnGl,GBEmp,Empire,3 1/2oz,"Empiredesign100 ml,  3 1/2oz Clear glass bottle  withreducerandshiny gold cap.For use with cologne, aftershave, splash on, and perfume or fragrance oil, beard oils.Empire design bottle is available in 2 sizes, 50ml and 100ml.Price each"
GBEmp100RdcrShnBlkTall,GBEmp,Empire,3 1/2oz,"Empiredesign100 ml,  3 1/2oz Clear glass bottle  withreducerandtall black shiny cap.For use with cologne, aftershave, splash on, and perfume or fragrance oil, beard oils.Empire design bottle is available in 2 sizes, 50ml and 100ml.Price each"
GBEmp100RdcrShnBlk,GBEmp,Empire,3 1/2oz,"Empiredesign100 ml,  3 1/2oz Clear glass bottle  withreducerandblack shiny cap.For use with cologne, aftershave, splash on, and perfume or fragrance oil, beard oils.Empire design bottle is available in 2 sizes, 50ml and 100ml.Price each"
GBEmp100RdcrBrwnLthr,GBEmp,Empire,3 1/2oz,"Empiredesign100 ml,  3 1/2oz Clear glass bottle  withreducerandbrown faux leather cap.For use with cologne, aftershave, splash on, and perfume or fragrance oil, beard oils.Empire design bottle is available in 2 sizes, 50ml and 100ml.Price each"
GBEmp100RdcrLBrwnLthr,GBEmp,Empire,3 1/2oz,"Empiredesign100 ml,  3 1/2oz Clear glass bottle  withreducerandlight brown faux leather cap.For use with cologne, aftershave, splash on, and perfume or fragrance oil, beard oils.Empire design bottle is available in 2 sizes, 50ml and 100ml.Price each"
GBEmp100RdcrShnSl,GBEmp,Empire,3 1/2oz,"Empiredesign100 ml,  3 1/2oz Clear glass bottle  withreducerandshiny silver cap.For use with cologne, aftershave, splash on, and perfume or fragrance oil, beard oils.Empire design bottle is available in 2 sizes, 50ml and 100ml.Price each"
GBEmp100RdcrMtSlTall,GBEmp,Empire,3 1/2oz,"Empiredesign100 ml,  3 1/2oz Clear glass bottle  withreducerandtall silver matte cap.For use with cologne, aftershave, splash on, and perfume or fragrance oil, beard oils.Empire design bottle is available in 2 sizes, 50ml and 100ml.Price each"
GBEmp100RdcrMtSl,GBEmp,Empire,3 1/2oz,"Empiredesign100 ml,  3 1/2oz Clear glass bottle  withreducerandsilver matte cap.For use with cologne, aftershave, splash on, and perfume or fragrance oil, beard oils.Empire design bottle is available in 2 sizes, 50ml and 100ml.Price each"
GBEmp100RdcrWht,GBEmp,Empire,3 1/2oz,"Empiredesign100 ml,  3 1/2oz Clear glass bottle  withreducerandwhite cap.For use with cologne, aftershave, splash on, and perfume or fragrance oil, beard oils.Empire design bottle is available in 2 sizes, 50ml and 100ml.Price each"
GBEmp100SpryMtGl,GBEmp,Empire,3 1/2oz,"Empiredesign100 ml,  3 1/2oz Clear glass bottle  withmatte gold spray pump0.For use with cologne, Eau de Parfum, air freshner, face and body spray, or room spray.Empire design bottle is available in 2 sizes, 50ml and 100ml.Price each"
LBEmp100LtnMtGl,LBEmp,Empire,3 1/2oz,"Empiredesign100 ml,  3 1/2oz Clear glass bottle  withmatte gold lotion pump0.For use with lotions, moisturizer, and serums.Empire design bottle is available in 2 sizes, 50ml and 100ml.Price each"
GBEmp100SpryShnGl,GBEmp,Empire,3 1/2oz,"Empiredesign100 ml,  3 1/2oz Clear glass bottle  withshiny gold spray pump0.For use with cologne, Eau de Parfum, air freshner, face and body spray, or room spray.Empire design bottle is available in 2 sizes, 50ml and 100ml.Price each"
LBEmp100LtnShnGl,LBEmp,Empire,3 1/2oz,"Empiredesign100 ml,  3 1/2oz Clear glass bottle  withshiny gold lotion pump0.For use with lotions, moisturizer, and serums.Empire design bottle is available in 2 sizes, 50ml and 100ml.Price each"
GBEmp100SpryShnBlk,GBEmp,Empire,3 1/2oz,"Empiredesign100 ml,  3 1/2oz Clear glass bottle  withshiny black spray pump0.For use with cologne, Eau de Parfum, air freshner, face and body spray, or room spray.Empire design bottle is available in 2 sizes, 50ml and 100ml.Price each"
LBEmp100LtnShnBlk,LBEmp,Empire,3 1/2oz,"Empiredesign100 ml,  3 1/2oz Clear glass bottle  withshiny black lotion pump0.For use with lotions, moisturizer, and serums.Empire design bottle is available in 2 sizes, 50ml and 100ml.Price each"
GBEmp100SpryMtSl,GBEmp,Empire,3 1/2oz,"Empiredesign100 ml,  3 1/2oz Clear glass bottle  withmatte silver spray pump0.For use with cologne, Eau de Parfum, air freshner, face and body spray, or room spray.Empire design bottle is available in 2 sizes, 50ml and 100ml.Price each"
LBEmp100LtnMtSl,LBEmp,Empire,3 1/2oz,"Empiredesign100 ml,  3 1/2oz Clear glass bottle  withmatte silver lotion pump0.For use with lotions, moisturizer, and serums.Empire design bottle is available in 2 sizes, 50ml and 100ml.Price each"
GBEmp100SpryShnSl,GBEmp,Empire,3 1/2oz,"Empiredesign100 ml,  3 1/2oz Clear glass bottle  withshiny silver spray pump0.For use with cologne, Eau de Parfum, air freshner, face and body spray, or room spray.Empire design bottle is available in 2 sizes, 50ml and 100ml.Price each"
LBEmp100LtnShnSl,LBEmp,Empire,3 1/2oz,"Empiredesign100 ml,  3 1/2oz Clear glass bottle  withshiny silver lotion pump0.For use with lotions, moisturizer, and serums.Empire design bottle is available in 2 sizes, 50ml and 100ml.Price each"
GBEmp100AnSpLvn,GBEmp,Empire,3 1/2oz,"Empiredesign100 ml,  3 1/2oz Clear glass bottle  withlavender vintage style bulb sprayerwithshiny silver collar cap.For use with cologne, Eau de Parfum, air freshner, face and body spray, or room spray. Antique or vintage bulb sprayers enhance the beauty of your product.Empire design bottle is available in 2 sizes, 50ml and 100ml.Price each"
GBEmp100AnSpPnk,GBEmp,Empire,3 1/2oz,"Empiredesign100 ml,  3 1/2oz Clear glass bottle  withpink vintage style bulb sprayerwithshiny gold collar cap.For use with cologne, Eau de Parfum, air freshner, face and body spray, or room spray. Antique or vintage bulb sprayers enhance the beauty of your product.Empire design bottle is available in 2 sizes, 50ml and 100ml.Price each"
GBEmp100AnSpMtSl,GBEmp,Empire,3 1/2oz,"Empiredesign100 ml,  3 1/2oz Clear glass bottle  withmatte silver vintage style sprayerwithmatte silver collar cap.For use with cologne, Eau de Parfum, air freshner, face and body spray, or room spray. Antique or vintage bulb sprayers enhance the beauty of your product.Empire design bottle is available in 2 sizes, 50ml and 100ml.Price each"
GBEmp100AnSpIvySl,GBEmp,Empire,3 1/2oz,"Empiredesign100 ml,  3 1/2oz Clear glass bottle  withivory vintage style bulb sprayerwithshiny silver collar cap.For use with cologne, Eau de Parfum, air freshner, face and body spray, or room spray. Antique or vintage bulb sprayers enhance the beauty of your product.Empire design bottle is available in 2 sizes, 50ml and 100ml.Price each"
GBEmp100AnSpGl,GBEmp,Empire,3 1/2oz,"Empiredesign100 ml,  3 1/2oz Clear glass bottle  withgold vintage style sprayerwithshiny gold collar cap.For use with cologne, Eau de Parfum, air freshner, face and body spray, or room spray. Antique or vintage bulb sprayers enhance the beauty of your product.Empire design bottle is available in 2 sizes, 50ml and 100ml.Price each"
GBEmp100AnSpIvyGl,GBEmp,Empire,3 1/2oz,"Empiredesign100 ml,  3 1/2oz Clear glass bottle  withivory vintage style bulb sprayerwithshiny gold collar cap.For use with cologne, Eau de Parfum, air freshner, face and body spray, or room spray. Antique or vintage bulb sprayers enhance the beauty of your product.Empire design bottle is available in 2 sizes, 50ml and 100ml.Price each"
GBEmp100AnSpWht,GBEmp,Empire,3 1/2oz,"Empiredesign100 ml,  3 1/2oz Clear glass bottle  withwhite vintage style bulb sprayerwithshiny silver collar cap.For use with cologne, Eau de Parfum, air freshner, face and body spray, or room spray. Antique or vintage bulb sprayers enhance the beauty of your product.Empire design bottle is available in 2 sizes, 50ml and 100ml.Price each"
GBEmp100AnSpRed,GBEmp,Empire,3 1/2oz,"Empiredesign100 ml,  3 1/2oz Clear glass bottle  withred vintage style bulb sprayerwithshiny silver collar cap.For use with cologne, Eau de Parfum, air freshner, face and body spray, or room spray. Antique or vintage bulb sprayers enhance the beauty of your product.Empire design bottle is available in 2 sizes, 50ml and 100ml.Price each"
GBEmp100AnSpTslLvn,GBEmp,Empire,3 1/2oz,"Empiredesign100 ml,  3 1/2oz Clear glass bottle  withLavender vintage style bulb sprayer with Tasselwithshiny silver collar cap.For use with cologne, Eau de Parfum, air freshner, face and body spray, or room spray. Antique or vintage bulb sprayers enhance the beauty of your product.Empire design bottle is available in 2 sizes, 50ml and 100ml.Price each"
GBEmp100AnSpTslIvyGl,GBEmp,Empire,3 1/2oz,"Empiredesign100 ml,  3 1/2oz Clear glass bottle  withIvory vintage style bulb sprayer with tasselwithshiny gold collar cap.For use with cologne, Eau de Parfum, air freshner, face and body spray, or room spray. Antique or vintage bulb sprayers enhance the beauty of your product.Empire design bottle is available in 2 sizes, 50ml and 100ml.Price each"
GBEmp100AnSpTslIvySl,GBEmp,Empire,3 1/2oz,"Empiredesign100 ml,  3 1/2oz Clear glass bottle  withIvory vintage style bulb sprayer with tasselwithshiny silver collar cap.For use with cologne, Eau de Parfum, air freshner, face and body spray, or room spray. Antique or vintage bulb sprayers enhance the beauty of your product.Empire design bottle is available in 2 sizes, 50ml and 100ml.Price each"
GBEmp100AnSpTslWht,GBEmp,Empire,3 1/2oz,"Empiredesign100 ml,  3 1/2oz Clear glass bottle  withWhite vintage style bulb sprayer with tasselwithshiny silver collar cap.For use with cologne, Eau de Parfum, air freshner, face and body spray, or room spray. Antique or vintage bulb sprayers enhance the beauty of your product.Empire design bottle is available in 2 sizes, 50ml and 100ml.Price each"
GBEmp100AnSpTslPnk,GBEmp,Empire,3 1/2oz,"Empiredesign100 ml,  3 1/2oz Clear glass bottle  withPink vintage style bulb sprayer with tasselwithshiny gold collar cap.For use with cologne, Eau de Parfum, air freshner, face and body spray, or room spray. Antique or vintage bulb sprayers enhance the beauty of your product.Empire design bottle is available in 2 sizes, 50ml and 100ml.Price each"
GBEmp100AnSpTslRed,GBEmp,Empire,3 1/2oz,"Empiredesign100 ml,  3 1/2oz Clear glass bottle  withRed vintage style bulb sprayer with tasselwithshiny silver collar cap.For use with cologne, Eau de Parfum, air freshner, face and body spray, or room spray. Antique or vintage bulb sprayers enhance the beauty of your product.Empire design bottle is available in 2 sizes, 50ml and 100ml.Price each"
GBEmp100AnSpTslMtSl,GBEmp,Empire,3 1/2oz,"Empiredesign100 ml,  3 1/2oz Clear glass bottle  withSilver vintage style bulb sprayer with tasselwithmatte silver collar cap.For use with cologne, Eau de Parfum, air freshner, face and body spray, or room spray. Antique or vintage bulb sprayers enhance the beauty of your product.Empire design bottle is available in 2 sizes, 50ml and 100ml.Price each"
GBEmp100AnSpTslGl,GBEmp,Empire,3 1/2oz,"Empiredesign100 ml,  3 1/2oz Clear glass bottle  withGold vintage style bulb sprayer with tasselwithshiny gold collar cap.For use with cologne, Eau de Parfum, air freshner, face and body spray, or room spray. Antique or vintage bulb sprayers enhance the beauty of your product.Empire design bottle is available in 2 sizes, 50ml and 100ml.Price each"
LBEmp100WhtClOvrCp,LBEmp,Empire,3 1/2oz,"Empiredesign100 ml,  3 1/2oz Clear glass bottle  withwhite rectangularwithclear over the cap.For use with lotions, moisturizer, and serums.Empire design bottle is available in 2 sizes, 50ml and 100ml.Price each"
GBEmp100RdcrPnkLthr,GBEmp,Empire,3 1/2oz,"Empiredesign100 ml,  3 1/2oz Clear glass bottle  withreducerandpink faux leather cap.For use with cologne, aftershave, splash on, and perfume or fragrance oil, beard oils.Empire design bottle is available in 2 sizes, 50ml and 100ml.Price each"
GBEmp100RdcrIvyLthr,GBEmp,Empire,3 1/2oz,
LBEmp100LtnCu,LBEmp,Empire,3 1/2oz,"Empiredesign100 ml,  3 1/2oz Clear glass bottle  withmatte copper lotion pump0.For use with lotions, moisturizer, and serums.Empire design bottle is available in 2 sizes, 50ml and 100ml.Price each"
GBDiva30RdcrShnGl,GBDiva,Diva,1oz,"Divadesign30 ml,  1oz Clear glass bottle  withreducerandshiny gold cap.For use with cologne, aftershave, splash on, and perfume or fragrance oil, beard oils.Our Classic Diva bottle family is available in 30ml, 46ml and 100ml.Price each"
GBDiva30RdcrShnBlkTall,GBDiva,Diva,1oz,"Divadesign30 ml,  1oz Clear glass bottle  withreducerandtall black shiny cap.For use with cologne, aftershave, splash on, and perfume or fragrance oil, beard oils.Our Classic Diva bottle family is available in 30ml, 46ml and 100ml.Price each"
GBDiva30RdcrShnBlk,GBDiva,Diva,1oz,"Divadesign30 ml,  1oz Clear glass bottle  withreducerandblack shiny cap.For use with cologne, aftershave, splash on, and perfume or fragrance oil, beard oils.Our Classic Diva bottle family is available in 30ml, 46ml and 100ml.Price each"
GBDiva30RdcrBrwnLthr,GBDiva,Diva,1oz,"Divadesign30 ml,  1oz Clear glass bottle  withreducerandbrown faux leather cap.For use with cologne, aftershave, splash on, and perfume or fragrance oil, beard oils.Our Classic Diva bottle family is available in 30ml, 46ml and 100ml.Price each"
GBDiva30RdcrLBrwnLthr,GBDiva,Diva,1oz,"Divadesign30 ml,  1oz Clear glass bottle  withreducerandlight brown faux leather cap.For use with cologne, aftershave, splash on, and perfume or fragrance oil, beard oils.Our Classic Diva bottle family is available in 30ml, 46ml and 100ml.Price each"
GBDiva30RdcrShnSl,GBDiva,Diva,1oz,"Divadesign30 ml,  1oz Clear glass bottle  withreducerandshiny silver cap.For use with cologne, aftershave, splash on, and perfume or fragrance oil, beard oils.Our Classic Diva bottle family is available in 30ml, 46ml and 100ml.Price each"
GBDiva30RdcrMtSlTall,GBDiva,Diva,1oz,"Divadesign30 ml,  1oz Clear glass bottle  withreducerandtall silver matte cap.For use with cologne, aftershave, splash on, and perfume or fragrance oil, beard oils.Our Classic Diva bottle family is available in 30ml, 46ml and 100ml.Price each"
GBDiva30RdcrMtSl,GBDiva,Diva,1oz,"Divadesign30 ml,  1oz Clear glass bottle  withreducerandsilver matte cap.For use with cologne, aftershave, splash on, and perfume or fragrance oil, beard oils.Our Classic Diva bottle family is available in 30ml, 46ml and 100ml.Price each"
GBDiva30RdcrWht,GBDiva,Diva,1oz,"Divadesign30 ml,  1oz Clear glass bottle  withreducerandwhite cap.For use with cologne, aftershave, splash on, and perfume or fragrance oil, beard oils.Our Classic Diva bottle family is available in 30ml, 46ml and 100ml.Price each"
GBDiva30SpryMtGl,GBDiva,Diva,1oz,"Divadesign30 ml,  1oz Clear glass bottle  withmatte gold spray pump0.For use with cologne, Eau de Parfum, air freshner, face and body spray, or room spray.Our Classic Diva bottle family is available in 30ml, 46ml and 100ml.Price each"
LBDiva30LtnMtGl,LBDiva,Diva,1oz,"Divadesign30 ml,  1oz Clear glass bottle  withmatte gold lotion pump00.For use with lotions, moisturizer, and serums.Our Classic Diva bottle family is available in 30ml, 46ml and 100ml.Price each"
GBDiva30SpryShnGl,GBDiva,Diva,1oz,"Divadesign30 ml,  1oz Clear glass bottle  withshiny gold spray pump0.For use with cologne, Eau de Parfum, air freshner, face and body spray, or room spray.Our Classic Diva bottle family is available in 30ml, 46ml and 100ml.Price each"
LBDiva30LtnShnGl,LBDiva,Diva,1oz,"Divadesign30 ml,  1oz Clear glass bottle  withshiny gold lotion pump0.For use with lotions, moisturizer, and serums.Our Classic Diva bottle family is available in 30ml, 46ml and 100ml.Price each"
GBDiva30SpryShnBlk,GBDiva,Diva,1oz,"Divadesign30 ml,  1oz Clear glass bottle  withshiny black spray pump0.For use with cologne, Eau de Parfum, air freshner, face and body spray, or room spray.Our Classic Diva bottle family is available in 30ml, 46ml and 100ml.Price each"
LBDiva30LtnShnBlk,LBDiva,Diva,1oz,"Divadesign30 ml,  1oz Clear glass bottle  withshiny black lotion pump0.For use with lotions, moisturizer, and serums.Our Classic Diva bottle family is available in 30ml, 46ml and 100ml.Price each"
GBDiva30SpryMtSl,GBDiva,Diva,1oz,"Divadesign30 ml,  1oz Clear glass bottle  withmatte silver spray pump0.For use with cologne, Eau de Parfum, air freshner, face and body spray, or room spray.Our Classic Diva bottle family is available in 30ml, 46ml and 100ml.Price each"
LBDiva30LtnMtSl,LBDiva,Diva,1oz,"Divadesign30 ml,  1oz Clear glass bottle  withmatte silver lotion pump0.For use with lotions, moisturizer, and serums.Our Classic Diva bottle family is available in 30ml, 46ml and 100ml.Price each"
GBDiva30SpryShnSl,GBDiva,Diva,1oz,"Divadesign30 ml,  1oz Clear glass bottle  withshiny silver spray pump.For use with cologne, Eau de Parfum, air freshner, face and body spray, or room spray.Our Classic Diva bottle family is available in 30ml, 46ml and 100ml.Price each"
LBDiva30LtnShnSl,LBDiva,Diva,1oz,"Divadesign30 ml,  1oz Clear glass bottle  withshiny silver lotion pump.For use with lotions, moisturizer, and serums.Our Classic Diva bottle family is available in 30ml, 46ml and 100ml.Price each"
GBDiva30AnSpLvn,GBDiva,Diva,1oz,"Divadesign30 ml,  1oz Clear glass bottle  withlavender vintage style bulb sprayerwithshiny silver collar cap.For use with cologne, Eau de Parfum, air freshner, face and body spray, or room spray. Antique or vintage bulb sprayers enhance the beauty of your product.Our Classic Diva bottle family is available in 30ml, 46ml and 100ml.Price each"
GBDiva30AnSpPnk,GBDiva,Diva,1oz,"Divadesign30 ml,  1oz Clear glass bottle  withpink vintage style bulb sprayerwithshiny gold collar cap.For use with cologne, Eau de Parfum, air freshner, face and body spray, or room spray. Antique or vintage bulb sprayers enhance the beauty of your product.Our Classic Diva bottle family is available in 30ml, 46ml and 100ml.Price each"
GBDiva30AnSpMtSl,GBDiva,Diva,1oz,"Divadesign30 ml,  1oz Clear glass bottle  withmatte silver vintage style sprayerwithmatte silver collar cap.For use with cologne, Eau de Parfum, air freshner, face and body spray, or room spray. Antique or vintage bulb sprayers enhance the beauty of your product.Our Classic Diva bottle family is available in 30ml, 46ml and 100ml.Price each"
GBDiva30AnSpIvySl,GBDiva,Diva,1oz,"Divadesign30 ml,  1oz Clear glass bottle  withivory vintage style bulb sprayerwithshiny silver collar cap.For use with cologne, Eau de Parfum, air freshner, face and body spray, or room spray. Antique or vintage bulb sprayers enhance the beauty of your product.Our Classic Diva bottle family is available in 30ml, 46ml and 100ml.Price each"
GBDiva30AnSpGl,GBDiva,Diva,1oz,"Divadesign30 ml,  1oz Clear glass bottle  withgold vintage style sprayerwithshiny gold collar cap.For use with cologne, Eau de Parfum, air freshner, face and body spray, or room spray. Antique or vintage bulb sprayers enhance the beauty of your product.Our Classic Diva bottle family is available in 30ml, 46ml and 100ml.Price each"
GBDiva30AnSpIvyGl,GBDiva,Diva,1oz,"Divadesign30 ml,  1oz Clear glass bottle  withivory vintage style bulb sprayerwithshiny gold collar cap.For use with cologne, Eau de Parfum, air freshner, face and body spray, or room spray. Antique or vintage bulb sprayers enhance the beauty of your product.Our Classic Diva bottle family is available in 30ml, 46ml and 100ml.Price each"
GBDiva30AnSpWht,GBDiva,Diva,1oz,"Divadesign30 ml,  1oz Clear glass bottle  withwhite vintage style bulb sprayerwithshiny silver collar cap.For use with cologne, Eau de Parfum, air freshner, face and body spray, or room spray. Antique or vintage bulb sprayers enhance the beauty of your product.Our Classic Diva bottle family is available in 30ml, 46ml and 100ml.Price each"
GBDiva30AnSpRed,GBDiva,Diva,1oz,"Divadesign30 ml,  1oz Clear glass bottle  withred vintage style bulb sprayerwithshiny silver collar cap.For use with cologne, Eau de Parfum, air freshner, face and body spray, or room spray. Antique or vintage bulb sprayers enhance the beauty of your product.Our Classic Diva bottle family is available in 30ml, 46ml and 100ml.Price each"
GBDiva30RdcrPnkLthr,GBDiva,Diva,1oz,"Divadesign30 ml,  1oz Clear glass bottle  withreducerandpink faux leather cap.For use with cologne, aftershave, splash on, and perfume or fragrance oil, beard oils.Our Classic Diva bottle family is available in 30ml, 46ml and 100ml.Price each"
GBDiva30RdcrIvyLthr,GBDiva,Diva,1oz,"Divadesign30 ml,  1oz Clear glass bottle  withreducerandivory faux leather cap.For use with cologne, aftershave, splash on, and perfume or fragrance oil, beard oils.Our Classic Diva bottle family is available in 30ml, 46ml and 100ml.Price each"
LBDiva30LtnCu,LBDiva,Diva,1oz,"Divadesign30 ml,  1oz Clear glass bottle  withmatte copper lotion pump0.For use with lotions, moisturizer, and serums.Our Classic Diva bottle family is available in 30ml, 46ml and 100ml.Price each"
GBDivaFrst30RdcrShnGl,GBDiva,Diva,1oz,"Divadesign30 ml,  1ozFrosted glass bottlewithreducerandshiny gold cap.For use with cologne, aftershave, splash on, and perfume or fragrance oil, beard oils.Our Classic Diva bottle family is available in 30ml, 46ml and 100ml.Price each"
GBDivaFrst30RdcrShnBlkTall,GBDiva,Diva,1oz,"Divadesign30 ml,  1ozFrosted glass bottlewithreducerandtall black shiny cap.For use with cologne, aftershave, splash on, and perfume or fragrance oil, beard oils.Our Classic Diva bottle family is available in 30ml, 46ml and 100ml.Price each"
GBDivaFrst30RdcrShnBlk,GBDiva,Diva,1oz,"Divadesign30 ml,  1ozFrosted glass bottlewithreducerandblack shiny cap.For use with cologne, aftershave, splash on, and perfume or fragrance oil, beard oils.Our Classic Diva bottle family is available in 30ml, 46ml and 100ml.Price each"
GBDivaFrst30RdcrBlkLthr,GBDiva,Diva,1oz,"Divadesign30 ml,  1ozFrosted glass bottlewithreducerandblack faux leather cap.For use with cologne, aftershave, splash on, and perfume or fragrance oil, beard oils.Our Classic Diva bottle family is available in 30ml, 46ml and 100ml.Price each"
GBDivaFrst30RdcrBrwnLthr,GBDiva,Diva,1oz,"Divadesign30 ml,  1ozFrosted glass bottlewithreducerandbrown faux leather cap.For use with cologne, aftershave, splash on, and perfume or fragrance oil, beard oils.Our Classic Diva bottle family is available in 30ml, 46ml and 100ml.Price each"
GBDivaFrst30RdcrLBrwnLthr,GBDiva,Diva,1oz,"Divadesign30 ml,  1ozFrosted glass bottlewithreducerandlight brown faux leather cap.For use with cologne, aftershave, splash on, and perfume or fragrance oil, beard oils.Our Classic Diva bottle family is available in 30ml, 46ml and 100ml.Price each"
GBDivaFrst30RdcrShnSl,GBDiva,Diva,1oz,"Divadesign30 ml,  1ozFrosted glass bottlewithreducerandshiny silver cap.For use with cologne, aftershave, splash on, and perfume or fragrance oil, beard oils.Our Classic Diva bottle family is available in 30ml, 46ml and 100ml.Price each"
GBDivaFrst30RdcrMtSlTall,GBDiva,Diva,1oz,"Divadesign30 ml,  1ozFrosted glass bottlewithreducerandtall silver matte cap.For use with cologne, aftershave, splash on, and perfume or fragrance oil, beard oils.Our Classic Diva bottle family is available in 30ml, 46ml and 100ml.Price each"
GBDivaFrst30RdcrMtSl,GBDiva,Diva,1oz,"Divadesign30 ml,  1ozFrosted glass bottlewithreducerandsilver matte cap.For use with cologne, aftershave, splash on, and perfume or fragrance oil, beard oils.Our Classic Diva bottle family is available in 30ml, 46ml and 100ml.Price each"
GBDivaFrst30RdcrWht,GBDiva,Diva,1oz,"Divadesign30 ml,  1ozFrosted glass bottlewithreducerandwhite cap.For use with cologne, aftershave, splash on, and perfume or fragrance oil, beard oils.Our Classic Diva bottle family is available in 30ml, 46ml and 100ml.Price each"
GBDivaFrst30SpryMtGl,GBDiva,Diva,1oz,"Divadesign30 ml,  1ozFrosted glass bottlewithmatte gold spray pump0.For use with cologne, Eau de Parfum, air freshner, face and body spray, or room spray.Our Classic Diva bottle family is available in 30ml, 46ml and 100ml.Price each"
LBDivaFrst30LtnMtGl,LBDiva,Diva,1oz,"Divadesign30 ml,  1ozFrosted glass bottlewithmatte gold lotion pump.For use with lotions, moisturizer, and serums.Our Classic Diva bottle family is available in 30ml, 46ml and 100ml.Price each"
GBDivaFrst30SpryShnGl,GBDiva,Diva,1oz,"Divadesign30 ml,  1ozFrosted glass bottlewithshiny gold spray pump.For use with cologne, Eau de Parfum, air freshner, face and body spray, or room spray.Our Classic Diva bottle family is available in 30ml, 46ml and 100ml.Price each"
LBDivaFrst30LtnShnGl,LBDiva,Diva,1oz,"Divadesign30 ml,  1ozFrosted glass bottlewithshiny gold lotion pump.For use with lotions, moisturizer, and serums.Our Classic Diva bottle family is available in 30ml, 46ml and 100ml.Price each"
GBDivaFrst30SpryShnBlk,GBDiva,Diva,1oz,"Divadesign30 ml,  1ozFrosted glass bottlewithshiny black spray pump.For use with cologne, Eau de Parfum, air freshner, face and body spray, or room spray.Our Classic Diva bottle family is available in 30ml, 46ml and 100ml.Price each"
LBDivaFrst30LtnShnBlk,LBDiva,Diva,1oz,"Divadesign30 ml,  1ozFrosted glass bottlewithshiny black lotion pump.For use with lotions, moisturizer, and serums.Our Classic Diva bottle family is available in 30ml, 46ml and 100ml.Price each"
GBDivaFrst30SpryMtSl,GBDiva,Diva,1oz,"Divadesign30 ml,  1ozFrosted glass bottlewithmatte silver spray pump.For use with cologne, Eau de Parfum, air freshner, face and body spray, or room spray.Our Classic Diva bottle family is available in 30ml, 46ml and 100ml.Price each"
LBDivaFrst30LtnMtSl,LBDiva,Diva,1oz,"Divadesign30 ml,  1ozFrosted glass bottlewithmatte silver lotion pump.For use with lotions, moisturizer, and serums.Our Classic Diva bottle family is available in 30ml, 46ml and 100ml.Price each"
LBDivaFrst30LtnClOvrCap,LBDiva,Diva,1oz,"Divadesign30 ml,  1ozFrosted glass bottlewithwith a matte silver collar treatment pump and clear overcap..For use with lotions, moisturizer, and serums.Our Classic Diva bottle family is available in 30ml, 46ml and 100ml.Price each"
GBDivaFrst30SpryShnSl,GBDiva,Diva,1oz,"Divadesign30 ml,  1ozFrosted glass bottlewithshiny silver spray pump.For use with cologne, Eau de Parfum, air freshner, face and body spray, or room spray.Our Classic Diva bottle family is available in 30ml, 46ml and 100ml.Price each"
LBDivaFrst30LtnShnSl,LBDiva,Diva,1oz,"Divadesign30 ml,  1ozFrosted glass bottlewithshiny silver lotion pump.For use with lotions, moisturizer, and serums.Our Classic Diva bottle family is available in 30ml, 46ml and 100ml.Price each"
GBDivaFrst30AnSpLvn,GBDiva,Diva,1oz,"Divadesign30 ml,  1ozFrosted glass bottlewithlavender vintage style bulb sprayerwithshiny silver collar cap.For use with cologne, Eau de Parfum, air freshner, face and body spray, or room spray. Antique or vintage bulb sprayers enhance the beauty of your product.Our Classic Diva bottle family is available in 30ml, 46ml and 100ml.Price each"
GBDivaFrst30AnSpPnk,GBDiva,Diva,1oz,"Divadesign30 ml,  1ozFrosted glass bottlewithpink vintage style bulb sprayerwithshiny gold collar cap.For use with cologne, Eau de Parfum, air freshner, face and body spray, or room spray. Antique or vintage bulb sprayers enhance the beauty of your product.Our Classic Diva bottle family is available in 30ml, 46ml and 100ml.Price each"
GBDivaFrst30AnSpMtSl,GBDiva,Diva,1oz,"Divadesign30 ml,  1ozFrosted glass bottlewithmatte silver vintage style sprayerwithmatte silver collar cap.For use with cologne, Eau de Parfum, air freshner, face and body spray, or room spray. Antique or vintage bulb sprayers enhance the beauty of your product.Our Classic Diva bottle family is available in 30ml, 46ml and 100ml.Price each"
GBDivaFrst30AnSpIvySl,GBDiva,Diva,1oz,"Divadesign30 ml,  1ozFrosted glass bottlewithivory vintage style bulb sprayerwithshiny silver collar cap.For use with cologne, Eau de Parfum, air freshner, face and body spray, or room spray. Antique or vintage bulb sprayers enhance the beauty of your product.Our Classic Diva bottle family is available in 30ml, 46ml and 100ml.Price each"
GBDivaFrst30AnSpGl,GBDiva,Diva,1oz,"Divadesign30 ml,  1ozFrosted glass bottlewithgold vintage style sprayerwithshiny gold collar cap.For use with cologne, Eau de Parfum, air freshner, face and body spray, or room spray. Antique or vintage bulb sprayers enhance the beauty of your product.Our Classic Diva bottle family is available in 30ml, 46ml and 100ml.Price each"
GBDivaFrst30AnSpIvyGl,GBDiva,Diva,1oz,"Divadesign30 ml,  1ozFrosted glass bottlewithivory vintage style bulb sprayerwithshiny gold collar cap.For use with cologne, Eau de Parfum, air freshner, face and body spray, or room spray. Antique or vintage bulb sprayers enhance the beauty of your product.Our Classic Diva bottle family is available in 30ml, 46ml and 100ml.Price each"
GBDivaFrst30AnSpBlk,GBDiva,Diva,1oz,"Divadesign30 ml,  1ozFrosted glass bottlewithblack vintage style bulb sprayerwithshiny silver collar cap.For use with cologne, Eau de Parfum, air freshner, face and body spray, or room spray. Antique or vintage bulb sprayers enhance the beauty of your product.Our Classic Diva bottle family is available in 30ml, 46ml and 100ml.Price each"
GBDivaFrst30AnSpWht,GBDiva,Diva,1oz,"Divadesign30 ml,  1ozFrosted glass bottlewithwhite vintage style bulb sprayerwithshiny silver collar cap.For use with cologne, Eau de Parfum, air freshner, face and body spray, or room spray. Antique or vintage bulb sprayers enhance the beauty of your product.Our Classic Diva bottle family is available in 30ml, 46ml and 100ml.Price each"
GBDivaFrst30AnSpRed,GBDiva,Diva,1oz,"Divadesign30 ml,  1ozFrosted glass bottlewithred vintage style bulb sprayerwithshiny silver collar cap.For use with cologne, Eau de Parfum, air freshner, face and body spray, or room spray. Antique or vintage bulb sprayers enhance the beauty of your product.Our Classic Diva bottle family is available in 30ml, 46ml and 100ml.Price each"
GBDivaFrst30RdcrPnkLthr,GBDiva,Diva,1oz,"Divadesign30 ml,  1ozFrosted glass bottlewithreducerandpink faux leather cap.For use with cologne, aftershave, splash on, and perfume or fragrance oil, beard oils.Our Classic Diva bottle family is available in 30ml, 46ml and 100ml.Price each"
GBDivaFrst30RdcrIvyLthr,GBDiva,Diva,1oz,"Divadesign30 ml,  1ozFrosted glass bottlewithreducerandivory faux leather cap.For use with cologne, aftershave, splash on, and perfume or fragrance oil, beard oils.Our Classic Diva bottle family is available in 30ml, 46ml and 100ml.Price each"
GBDivaFrst30SpryCu,GBDiva,Diva,1oz,"Divadesign30 ml,  1ozFrosted glass bottlewithmatte copper spray pump.For use with cologne, Eau de Parfum, air freshner, face and body spray, or room spray.Our Classic Diva bottle family is available in 30ml, 46ml and 100ml.Price each"
LBDivaFrst30LtnCu,LBDiva,Diva,1oz,"Divadesign30 ml,  1ozFrosted glass bottlewithmatte copper lotion pump0.For use with lotions, moisturizer, and serums.Our Classic Diva bottle family is available in 30ml, 46ml and 100ml.Price each"
GBDiva46RdcrShnGl,GBDiva,Diva,1.64oz,"Divadesign46 ml,  1.64oz Clear glass bottle  withreducerandshiny gold cap.For use with cologne, aftershave, splash on, and perfume or fragrance oil, beard oils.Our Classic Diva bottle family is available in 30ml, 46ml and 100ml.Price each"
GBDiva46RdcrShnBlkTall,GBDiva,Diva,1.64oz,"Divadesign46 ml,  1.64oz Clear glass bottle  withreducerandtall black shiny cap.For use with cologne, aftershave, splash on, and perfume or fragrance oil, beard oils.Our Classic Diva bottle family is available in 30ml, 46ml and 100ml.Price each"
GBDiva46RdcrShnBlk,GBDiva,Diva,1.64oz,"Divadesign46 ml,  1.64oz Clear glass bottle  withreducerandblack shiny cap.For use with cologne, aftershave, splash on, and perfume or fragrance oil, beard oils.Our Classic Diva bottle family is available in 30ml, 46ml and 100ml.Price each"
GBDiva46RdcrBrwnLthr,GBDiva,Diva,1.64oz,"Divadesign46 ml,  1.64oz Clear glass bottle  withreducerandbrown faux leather cap.For use with cologne, aftershave, splash on, and perfume or fragrance oil, beard oils.Our Classic Diva bottle family is available in 30ml, 46ml and 100ml.Price each"
GBDiva46RdcrLBrwnLthr,GBDiva,Diva,1.64oz,"Divadesign46 ml,  1.64oz Clear glass bottle  withreducerandlight brown faux leather cap.For use with cologne, aftershave, splash on, and perfume or fragrance oil, beard oils.Our Classic Diva bottle family is available in 30ml, 46ml and 100ml.Price each"
GBDiva46RdcrShnSl,GBDiva,Diva,1.64oz,"Divadesign46 ml,  1.64oz Clear glass bottle  withreducerandshiny silver cap.For use with cologne, aftershave, splash on, and perfume or fragrance oil, beard oils.Our Classic Diva bottle family is available in 30ml, 46ml and 100ml.Price each"
GBDiva46RdcrMtSlTall,GBDiva,Diva,1.64oz,"Divadesign46 ml,  1.64oz Clear glass bottle  withreducerandtall silver matte cap.For use with cologne, aftershave, splash on, and perfume or fragrance oil, beard oils.Our Classic Diva bottle family is available in 30ml, 46ml and 100ml.Price each"
GBDiva46RdcrMtSl,GBDiva,Diva,1.64oz,"Divadesign46 ml,  1.64oz Clear glass bottle  withreducerandsilver matte cap.For use with cologne, aftershave, splash on, and perfume or fragrance oil, beard oils.Our Classic Diva bottle family is available in 30ml, 46ml and 100ml.Price each"
GBDiva46RdcrWht,GBDiva,Diva,1.64oz,"Divadesign46 ml,  1.64oz Clear glass bottle  withreducerandwhite cap.For use with cologne, aftershave, splash on, and perfume or fragrance oil, beard oils.Our Classic Diva bottle family is available in 30ml, 46ml and 100ml.Price each"
GBDiva46SpryMtGl,GBDiva,Diva,1.64oz,"Divadesign46 ml,  1.64oz Clear glass bottle  withmatte gold spray pump0.For use with cologne, Eau de Parfum, air freshner, face and body spray, or room spray.Our Classic Diva bottle family is available in 30ml, 46ml and 100ml.Price each"
LBDiva46LtnMtGl,LBDiva,Diva,1.64oz,"Divadesign46 ml,  1.64oz Clear glass bottle  withmatte gold lotion pump00.For use with lotions, moisturizer, and serums.Our Classic Diva bottle family is available in 30ml, 46ml and 100ml.Price each"
GBDiva46SpryShnGl,GBDiva,Diva,1.64oz,"Divadesign46 ml,  1.64oz Clear glass bottle  withshiny gold spray pump0.For use with cologne, Eau de Parfum, air freshner, face and body spray, or room spray.Our Classic Diva bottle family is available in 30ml, 46ml and 100ml.Price each"
LBDiva46LtnShnGl,LBDiva,Diva,1.64oz,"Divadesign46 ml,  1.64oz Clear glass bottle  withshiny gold lotion pump.For use with lotions, moisturizer, and serums.Our Classic Diva bottle family is available in 30ml, 46ml and 100ml.Price each"
GBDiva46SpryShnBlk,GBDiva,Diva,1.64oz,"Divadesign46 ml,  1.64oz Clear glass bottle  withshiny black spray pump.For use with cologne, Eau de Parfum, air freshner, face and body spray, or room spray.Our Classic Diva bottle family is available in 30ml, 46ml and 100ml.Price each"
LBDiva46LtnShnBlk,LBDiva,Diva,1.64oz,"Divadesign46 ml,  1.64oz Clear glass bottle  withshiny black lotion pump.For use with lotions, moisturizer, and serums.Our Classic Diva bottle family is available in 30ml, 46ml and 100ml.Price each"
GBDiva46SpryMtSl,GBDiva,Diva,1.64oz,"Divadesign46 ml,  1.64oz Clear glass bottle  withmatte silver spray pump.For use with cologne, Eau de Parfum, air freshner, face and body spray, or room spray.Our Classic Diva bottle family is available in 30ml, 46ml and 100ml.Price each"
LBDiva46LtnMtSl,LBDiva,Diva,1.64oz,"Divadesign46 ml,  1.64oz Clear glass bottle  withmatte silver lotion pump.For use with lotions, moisturizer, and serums.Our Classic Diva bottle family is available in 30ml, 46ml and 100ml.Price each"
GBDiva46SpryShnSl,GBDiva,Diva,1.64oz,"Divadesign46 ml,  1.64oz Clear glass bottle  withshiny silver spray pump.For use with cologne, Eau de Parfum, air freshner, face and body spray, or room spray.Our Classic Diva bottle family is available in 30ml, 46ml and 100ml.Price each"
LBDiva46LtnShnSl,LBDiva,Diva,1.64oz,"Divadesign46 ml,  1.64oz Clear glass bottle  withshiny silver lotion pump.For use with lotions, moisturizer, and serums.Our Classic Diva bottle family is available in 30ml, 46ml and 100ml.Price each"
GBDiva46AnSpPnk,GBDiva,Diva,1.64oz,"Divadesign46 ml,  1.64oz Clear glass bottle  withlavender vintage style bulb sprayerwithshiny silver collar cap.For use with cologne, Eau de Parfum, air freshner, face and body spray, or room spray. Antique or vintage bulb sprayers enhance the beauty of your product.Our Classic Diva bottle family is available in 30ml, 46ml and 100ml.Price each"
GBDiva46AnSpMtSl,GBDiva,Diva,1.64oz,"Divadesign46 ml,  1.64oz Clear glass bottle  withpink vintage style bulb sprayerwithshiny gold collar cap.For use with cologne, Eau de Parfum, air freshner, face and body spray, or room spray. Antique or vintage bulb sprayers enhance the beauty of your product.Our Classic Diva bottle family is available in 30ml, 46ml and 100ml.Price each"
GBDiva46AnSpIvySl,GBDiva,Diva,1.64oz,"Divadesign46 ml,  1.64oz Clear glass bottle  withmatte silver vintage style sprayerwithmatte silver collar cap.For use with cologne, Eau de Parfum, air freshner, face and body spray, or room spray. Antique or vintage bulb sprayers enhance the beauty of your product.Our Classic Diva bottle family is available in 30ml, 46ml and 100ml.Price each"
GBDiva46AnSpIvyGl,GBDiva,Diva,1.64oz,"Divadesign46 ml,  1.64oz Clear glass bottle  withivory vintage style bulb sprayerwithshiny silver collar cap.For use with cologne, Eau de Parfum, air freshner, face and body spray, or room spray. Antique or vintage bulb sprayers enhance the beauty of your product.Our Classic Diva bottle family is available in 30ml, 46ml and 100ml.Price each"
GBDiva46AnSpGl,GBDiva,Diva,1.64oz,"Divadesign46 ml,  1.64oz Clear glass bottle  withgold vintage style sprayerwithshiny gold collar cap.For use with cologne, Eau de Parfum, air freshner, face and body spray, or room spray. Antique or vintage bulb sprayers enhance the beauty of your product.Our Classic Diva bottle family is available in 30ml, 46ml and 100ml.Price each"
GBDiva46AnSpWht,GBDiva,Diva,1.64oz,"Divadesign46 ml,  1.64oz Clear glass bottle  withblack vintage style bulb sprayerwithshiny silver collar cap.For use with cologne, Eau de Parfum, air freshner, face and body spray, or room spray. Antique or vintage bulb sprayers enhance the beauty of your product.Our Classic Diva bottle family is available in 30ml, 46ml and 100ml.Price each"
GBDiva46AnSpRed,GBDiva,Diva,1.64oz,"Divadesign46 ml,  1.64oz Clear glass bottle  withwhite vintage style bulb sprayerwithshiny silver collar cap.For use with cologne, Eau de Parfum, air freshner, face and body spray, or room spray. Antique or vintage bulb sprayers enhance the beauty of your product.Our Classic Diva bottle family is available in 30ml, 46ml and 100ml.Price each"
GBDiva46AnSpTslLvn,GBDiva,Diva,1.64oz,"Divadesign46 ml,  1.64oz Clear glass bottle  withred vintage style bulb sprayerwithshiny silver collar cap.For use with cologne, Eau de Parfum, air freshner, face and body spray, or room spray. Antique or vintage bulb sprayers enhance the beauty of your product.Our Classic Diva bottle family is available in 30ml, 46ml and 100ml.Price each"
GBDiva46AnSpTslIvyGl,GBDiva,Diva,1.64oz,"Divadesign46 ml,  1.64oz Clear glass bottle  withLavender vintage style bulb sprayer with Tasselwithshiny silver collar cap.For use with cologne, Eau de Parfum, air freshner, face and body spray, or room spray. Antique or vintage bulb sprayers enhance the beauty of your product.Our Classic Diva bottle family is available in 30ml, 46ml and 100ml.Price each"
GBDiva46AnSpTslIvySl,GBDiva,Diva,1.64oz,"Divadesign46 ml,  1.64oz Clear glass bottle  withIvory vintage style bulb sprayer with tasselwithshiny gold collar cap.For use with cologne, Eau de Parfum, air freshner, face and body spray, or room spray. Antique or vintage bulb sprayers enhance the beauty of your product.Our Classic Diva bottle family is available in 30ml, 46ml and 100ml.Price each"
GBDiva46AnSpTslWht,GBDiva,Diva,1.64oz,"Divadesign46 ml,  1.64oz Clear glass bottle  withIvory vintage style bulb sprayer with tasselwithshiny silver collar cap.For use with cologne, Eau de Parfum, air freshner, face and body spray, or room spray. Antique or vintage bulb sprayers enhance the beauty of your product.Our Classic Diva bottle family is available in 30ml, 46ml and 100ml.Price each"
GBDiva46AnSpTslPnk,GBDiva,Diva,1.64oz,"Divadesign46 ml,  1.64oz Clear glass bottle  withWhite vintage style bulb sprayer with tasselwithshiny silver collar cap.For use with cologne, Eau de Parfum, air freshner, face and body spray, or room spray. Antique or vintage bulb sprayers enhance the beauty of your product.Our Classic Diva bottle family is available in 30ml, 46ml and 100ml.Price each"
GBDiva46AnSpTslRed,GBDiva,Diva,1.64oz,"Divadesign46 ml,  1.64oz Clear glass bottle  withPink vintage style bulb sprayer with tasselwithshiny gold collar cap.For use with cologne, Eau de Parfum, air freshner, face and body spray, or room spray. Antique or vintage bulb sprayers enhance the beauty of your product.Our Classic Diva bottle family is available in 30ml, 46ml and 100ml.Price each"
GBDiva46AnSpTslMtSl,GBDiva,Diva,1.64oz,"Divadesign46 ml,  1.64oz Clear glass bottle  withBlack vintage style bulb sprayer with tasselwithshiny silver collar cap.For use with cologne, Eau de Parfum, air freshner, face and body spray, or room spray. Antique or vintage bulb sprayers enhance the beauty of your product.Our Classic Diva bottle family is available in 30ml, 46ml and 100ml.Price each"
GBDiva46AnSpTslGl,GBDiva,Diva,1.64oz,"Divadesign46 ml,  1.64oz Clear glass bottle  withSilver vintage style bulb sprayer with tasselwithmatte silver collar cap.For use with cologne, Eau de Parfum, air freshner, face and body spray, or room spray. Antique or vintage bulb sprayers enhance the beauty of your product.Our Classic Diva bottle family is available in 30ml, 46ml and 100ml.Price each"
GBDiva46DrpSl,GBDiva,Diva,1.64oz,"Divadesign46 ml,  1.64oz Clear glass bottle  withGold vintage style bulb sprayer with tasselwithshiny gold collar cap.For use with cologne, Eau de Parfum, air freshner, face and body spray, or room spray. Antique or vintage bulb sprayers enhance the beauty of your product.Our Classic Diva bottle family is available in 30ml, 46ml and 100ml.Price each"
GBDiva46DrpGl,GBDiva,Diva,1.64oz,"Divadesign46 ml,  1.64oz Clear glass bottle  withwhite dropperwithshiny gold collar cap.For use with perfume oils, diffuser oils, serums, primers, facial oils or face oils, moisturizer, and beard oils.Our Classic Diva bottle family is available in 30ml, 46ml and 100ml.Price each"
GBDiva46RdcrPnkLthr,GBDiva,Diva,1.64oz,"Divadesign46 ml,  1.64oz Clear glass bottle  withreducerandpink faux leather cap.For use with cologne, aftershave, splash on, and perfume or fragrance oil, beard oils.Our Classic Diva bottle family is available in 30ml, 46ml and 100ml.Price each"
GBDiva46RdcrIvyLthr,GBDiva,Diva,1.64oz,"Divadesign46 ml,  1.64oz Clear glass bottle  withreducerandivory faux leather cap.For use with cologne, aftershave, splash on, and perfume or fragrance oil, beard oils.Our Classic Diva bottle family is available in 30ml, 46ml and 100ml.Price each"
LBDiva46LtnCu,LBDiva,Diva,1.64oz,"Divadesign46 ml,  1.64oz Clear glass bottle  withmatte copper lotion pump0.For use with lotions, moisturizer, and serums.Our Classic Diva bottle family is available in 30ml, 46ml and 100ml.Price each"
GBDivaFrst46RdcrShnGl,GBDiva,Diva,1.64oz,"Divadesign46 ml,  1.64ozFrosted glass bottlewithreducerandshiny gold cap.For use with cologne, aftershave, splash on, and perfume or fragrance oil, beard oils.Our Classic Diva bottle family is available in 30ml, 46ml and 100ml.Price each"
GBDivaFrst46RdcrShnBlkTall,GBDiva,Diva,1.64oz,"Divadesign46 ml,  1.64ozFrosted glass bottlewithreducerandtall black shiny cap.For use with cologne, aftershave, splash on, and perfume or fragrance oil, beard oils.Our Classic Diva bottle family is available in 30ml, 46ml and 100ml.Price each"
GBDivaFrst46RdcrShnBlk,GBDiva,Diva,1.64oz,"Divadesign46 ml,  1.64ozFrosted glass bottlewithreducerandblack shiny cap.For use with cologne, aftershave, splash on, and perfume or fragrance oil, beard oils.Our Classic Diva bottle family is available in 30ml, 46ml and 100ml.Price each"
GBDivaFrst46RdcrBrwnLthr,GBDiva,Diva,1.64oz,"Divadesign46 ml,  1.64ozFrosted glass bottlewithreducerandbrown faux leather cap.For use with cologne, aftershave, splash on, and perfume or fragrance oil, beard oils.Our Classic Diva bottle family is available in 30ml, 46ml and 100ml.Price each"
GBDivaFrst46RdcrLBrwnLthr,GBDiva,Diva,1.64oz,"Divadesign46 ml,  1.64ozFrosted glass bottlewithreducerandlight brown faux leather cap.For use with cologne, aftershave, splash on, and perfume or fragrance oil, beard oils.Our Classic Diva bottle family is available in 30ml, 46ml and 100ml.Price each"
GBDivaFrst46RdcrShnSl,GBDiva,Diva,1.64oz,"Divadesign46 ml,  1.64ozFrosted glass bottlewithreducerandshiny silver cap.For use with cologne, aftershave, splash on, and perfume or fragrance oil, beard oils.Our Classic Diva bottle family is available in 30ml, 46ml and 100ml.Price each"
GBDivaFrst46RdcrMtSlTall,GBDiva,Diva,1.64oz,"Divadesign46 ml,  1.64ozFrosted glass bottlewithreducerandtall silver matte cap.For use with cologne, aftershave, splash on, and perfume or fragrance oil, beard oils.Our Classic Diva bottle family is available in 30ml, 46ml and 100ml.Price each"
GBDivaFrst46RdcrMtSl,GBDiva,Diva,1.64oz,"Divadesign46 ml,  1.64ozFrosted glass bottlewithreducerandsilver matte cap.For use with cologne, aftershave, splash on, and perfume or fragrance oil, beard oils.Our Classic Diva bottle family is available in 30ml, 46ml and 100ml.Price each"
GBDivaFrst46RdcrWht,GBDiva,Diva,1.64oz,"Divadesign46 ml,  1.64ozFrosted glass bottlewithreducerandwhite cap.For use with cologne, aftershave, splash on, and perfume or fragrance oil, beard oils.Our Classic Diva bottle family is available in 30ml, 46ml and 100ml.Price each"
GBDivaFrst46SpryMtGl,GBDiva,Diva,1.64oz,"Divadesign46 ml,  1.64ozFrosted glass bottlewithmatte gold spray pump0.For use with cologne, Eau de Parfum, air freshner, face and body spray, or room spray.Our Classic Diva bottle family is available in 30ml, 46ml and 100ml.Price each"
LBDivaFrst46LtnMtGl,LBDiva,Diva,1.64oz,"Divadesign46 ml,  1.64ozFrosted glass bottlewithmatte gold lotion pump00.For use with lotions, moisturizer, and serums.Our Classic Diva bottle family is available in 30ml, 46ml and 100ml.Price each"
GBDivaFrst46SpryShnGl,GBDiva,Diva,1.64oz,"Divadesign46 ml,  1.64ozFrosted glass bottlewithshiny gold spray pump0.For use with cologne, Eau de Parfum, air freshner, face and body spray, or room spray.Our Classic Diva bottle family is available in 30ml, 46ml and 100ml.Price each"
LBDivaFrst46LtnShnGl,LBDiva,Diva,1.64oz,"Divadesign46 ml,  1.64ozFrosted glass bottlewithshiny gold lotion pump0.For use with lotions, moisturizer, and serums.Our Classic Diva bottle family is available in 30ml, 46ml and 100ml.Price each"
GBDivaFrst46SpryShnBlk,GBDiva,Diva,1.64oz,"Divadesign46 ml,  1.64ozFrosted glass bottlewithshiny black spray pump0.For use with cologne, Eau de Parfum, air freshner, face and body spray, or room spray.Our Classic Diva bottle family is available in 30ml, 46ml and 100ml.Price each"
LBDivaFrst46LtnShnBlk,LBDiva,Diva,1.64oz,"Divadesign46 ml,  1.64ozFrosted glass bottlewithshiny black lotion pump0.For use with lotions, moisturizer, and serums.Our Classic Diva bottle family is available in 30ml, 46ml and 100ml.Price each"
GBDivaFrst46SpryMtSl,GBDiva,Diva,1.64oz,"Divadesign46 ml,  1.64ozFrosted glass bottlewithmatte silver spray pump0.For use with cologne, Eau de Parfum, air freshner, face and body spray, or room spray.Our Classic Diva bottle family is available in 30ml, 46ml and 100ml.Price each"
LBDivaFrst46LtnMtSl,LBDiva,Diva,1.64oz,"Divadesign46 ml,  1.64ozFrosted glass bottlewithmatte silver lotion pump0.For use with lotions, moisturizer, and serums.Our Classic Diva bottle family is available in 30ml, 46ml and 100ml.Price each"
GBDivaFrst46SpryShnSl,GBDiva,Diva,1.64oz,"Divadesign46 ml,  1.64ozFrosted glass bottlewithshiny silver spray pump0.For use with cologne, Eau de Parfum, air freshner, face and body spray, or room spray.Our Classic Diva bottle family is available in 30ml, 46ml and 100ml.Price each"
LBDivaFrst46LtnShnSl,LBDiva,Diva,1.64oz,"Divadesign46 ml,  1.64ozFrosted glass bottlewithshiny silver lotion pump0.For use with lotions, moisturizer, and serums.Our Classic Diva bottle family is available in 30ml, 46ml and 100ml.Price each"
GBDivaFrst46AnSpLvn,GBDiva,Diva,1.64oz,"Divadesign46 ml,  1.64ozFrosted glass bottlewithlavender vintage style bulb sprayerwithshiny silver collar cap.For use with cologne, Eau de Parfum, air freshner, face and body spray, or room spray. Antique or vintage bulb sprayers enhance the beauty of your product.Our Classic Diva bottle family is available in 30ml, 46ml and 100ml.Price each"
GBDivaFrst46AnSpPnk,GBDiva,Diva,1.64oz,"Divadesign46 ml,  1.64ozFrosted glass bottlewithpink vintage style bulb sprayerwithshiny gold collar cap.For use with cologne, Eau de Parfum, air freshner, face and body spray, or room spray. Antique or vintage bulb sprayers enhance the beauty of your product.Our Classic Diva bottle family is available in 30ml, 46ml and 100ml.Price each"
GBDivaFrst46AnSpMtSl,GBDiva,Diva,1.64oz,"Divadesign46 ml,  1.64ozFrosted glass bottlewithmatte silver vintage style sprayerwithmatte silver collar cap.For use with cologne, Eau de Parfum, air freshner, face and body spray, or room spray. Antique or vintage bulb sprayers enhance the beauty of your product.Our Classic Diva bottle family is available in 30ml, 46ml and 100ml.Price each"
GBDivaFrst46AnSpIvySl,GBDiva,Diva,1.64oz,"Divadesign46 ml,  1.64ozFrosted glass bottlewithivory vintage style bulb sprayerwithshiny silver collar cap.For use with cologne, Eau de Parfum, air freshner, face and body spray, or room spray. Antique or vintage bulb sprayers enhance the beauty of your product.Our Classic Diva bottle family is available in 30ml, 46ml and 100ml.Price each"
GBDivaFrst46AnSpGl,GBDiva,Diva,1.64oz,"Divadesign46 ml,  1.64ozFrosted glass bottlewithgold vintage style sprayerwithshiny gold collar cap.For use with cologne, Eau de Parfum, air freshner, face and body spray, or room spray. Antique or vintage bulb sprayers enhance the beauty of your product.Our Classic Diva bottle family is available in 30ml, 46ml and 100ml.Price each"
GBDivaFrst46AnSpIvyGl,GBDiva,Diva,1.64oz,"Divadesign46 ml,  1.64ozFrosted glass bottlewithivory vintage style bulb sprayerwithshiny gold collar cap.For use with cologne, Eau de Parfum, air freshner, face and body spray, or room spray. Antique or vintage bulb sprayers enhance the beauty of your product.Our Classic Diva bottle family is available in 30ml, 46ml and 100ml.Price each"
GBDivaFrst46AnSpWht,GBDiva,Diva,1.64oz,"Divadesign46 ml,  1.64ozFrosted glass bottlewithwhite vintage style bulb sprayerwithshiny silver collar cap.For use with cologne, Eau de Parfum, air freshner, face and body spray, or room spray. Antique or vintage bulb sprayers enhance the beauty of your product.Our Classic Diva bottle family is available in 30ml, 46ml and 100ml.Price each"
GBDivaFrst46AnSpRed,GBDiva,Diva,1.64oz,"Divadesign46 ml,  1.64ozFrosted glass bottlewithred vintage style bulb sprayerwithshiny silver collar cap.For use with cologne, Eau de Parfum, air freshner, face and body spray, or room spray. Antique or vintage bulb sprayers enhance the beauty of your product.Our Classic Diva bottle family is available in 30ml, 46ml and 100ml.Price each"
GBDivaFrst46AnSpTslLvn,GBDiva,Diva,1.64oz,"Divadesign46 ml,  1.64ozFrosted glass bottlewithLavender vintage style bulb sprayer with Tasselwithshiny silver collar cap.For use with cologne, Eau de Parfum, air freshner, face and body spray, or room spray. Antique or vintage bulb sprayers enhance the beauty of your product.Our Classic Diva bottle family is available in 30ml, 46ml and 100ml.Price each"
GBDivaFrst46AnSpTslIvyGl,GBDiva,Diva,1.64oz,"Divadesign46 ml,  1.64ozFrosted glass bottlewithIvory vintage style bulb sprayer with tasselwithshiny gold collar cap.For use with cologne, Eau de Parfum, air freshner, face and body spray, or room spray. Antique or vintage bulb sprayers enhance the beauty of your product.Our Classic Diva bottle family is available in 30ml, 46ml and 100ml.Price each"
GBDivaFrst46AnSpTslIvySl,GBDiva,Diva,1.64oz,"Divadesign46 ml,  1.64ozFrosted glass bottlewithIvory vintage style bulb sprayer with tasselwithshiny silver collar cap.For use with cologne, Eau de Parfum, air freshner, face and body spray, or room spray. Antique or vintage bulb sprayers enhance the beauty of your product.Our Classic Diva bottle family is available in 30ml, 46ml and 100ml.Price each"
GBDivaFrst46AnSpTslWht,GBDiva,Diva,1.64oz,"Divadesign46 ml,  1.64ozFrosted glass bottlewithWhite vintage style bulb sprayer with tasselwithshiny silver collar cap.For use with cologne, Eau de Parfum, air freshner, face and body spray, or room spray. Antique or vintage bulb sprayers enhance the beauty of your product.Our Classic Diva bottle family is available in 30ml, 46ml and 100ml.Price each"
GBDivaFrst46AnSpTslPnk,GBDiva,Diva,1.64oz,"Divadesign46 ml,  1.64ozFrosted glass bottlewithPink vintage style bulb sprayer with tasselwithshiny gold collar cap.For use with cologne, Eau de Parfum, air freshner, face and body spray, or room spray. Antique or vintage bulb sprayers enhance the beauty of your product.Our Classic Diva bottle family is available in 30ml, 46ml and 100ml.Price each"
GBDivaFrst46AnSpTslRed,GBDiva,Diva,1.64oz,"Divadesign46 ml,  1.64ozFrosted glass bottlewithRed vintage style bulb sprayer with tasselwithshiny silver collar cap.For use with cologne, Eau de Parfum, air freshner, face and body spray, or room spray. Antique or vintage bulb sprayers enhance the beauty of your product.Our Classic Diva bottle family is available in 30ml, 46ml and 100ml.Price each"
GBDivaFrst46AnSpTslMtSl,GBDiva,Diva,1.64oz,"Divadesign46 ml,  1.64ozFrosted glass bottlewithSilver vintage style bulb sprayer with tasselwithmatte silver collar cap.For use with cologne, Eau de Parfum, air freshner, face and body spray, or room spray. Antique or vintage bulb sprayers enhance the beauty of your product.Our Classic Diva bottle family is available in 30ml, 46ml and 100ml.Price each"
GBDivaFrst46AnSpTslGl,GBDiva,Diva,1.64oz,"Divadesign46 ml,  1.64ozFrosted glass bottlewithGold vintage style bulb sprayer with tasselwithshiny gold collar cap.For use with cologne, Eau de Parfum, air freshner, face and body spray, or room spray. Antique or vintage bulb sprayers enhance the beauty of your product.Our Classic Diva bottle family is available in 30ml, 46ml and 100ml.Price each"
GBDiva46DrpSl,GBDiva,Diva,1.64oz,"Divadesign46 ml,  1.64ozFrosted glass bottlewithwhite dropperwithshiny gold collar cap.For use with perfume oils, diffuser oils, serums, primers, facial oils or face oils, moisturizer, and beard oils.Our Classic Diva bottle family is available in 30ml, 46ml and 100ml.Price each"
GBDiva46DrpGl,GBDiva,Diva,1.64oz,"Divadesign46 ml,  1.64ozFrosted glass bottlewithwhite dropperwithshiny gold collar cap.For use with perfume oils, diffuser oils, serums, primers, facial oils or face oils, moisturizer, and beard oils.Our Classic Diva bottle family is available in 30ml, 46ml and 100ml.Price each"
GBDivaFrst46RdcrPnkLthr,GBDiva,Diva,1.64oz,"Divadesign46 ml,  1.64ozFrosted glass bottlewithreducerandpink faux leather cap.For use with cologne, aftershave, splash on, and perfume or fragrance oil, beard oils.Our Classic Diva bottle family is available in 30ml, 46ml and 100ml.Price each"
GBDivaFrst46RdcrIvyLthr,GBDiva,Diva,1.64oz,"Divadesign46 ml,  1.64ozFrosted glass bottlewithreducerandivory faux leather cap.For use with cologne, aftershave, splash on, and perfume or fragrance oil, beard oils.Our Classic Diva bottle family is available in 30ml, 46ml and 100ml.Price each"
LBDivaFrst46LtnCu,LBDiva,Diva,1.64oz,"Divadesign46 ml,  1.64ozFrosted glass bottlewithmatte copper lotion pump0.For use with lotions, moisturizer, and serums.Our Classic Diva bottle family is available in 30ml, 46ml and 100ml.Price each"
GBDiva100RdcrShnGl,GBDiva,Diva,3 1/2oz,"Divadesign100 ml,  3 1/2oz Clear glass bottle  withreducerandshiny gold cap.For use with cologne, aftershave, splash on, and perfume or fragrance oil, beard oils.Our Classic Diva bottle family is available in 30ml, 46ml and 100ml.Price each"
GBDiva100RdcrShnBlkTall,GBDiva,Diva,3 1/2oz,"Divadesign100 ml,  3 1/2oz Clear glass bottle  withreducerandtall black shiny cap.For use with cologne, aftershave, splash on, and perfume or fragrance oil, beard oils.Our Classic Diva bottle family is available in 30ml, 46ml and 100ml.Price each"
GBDiva100RdcrShnBlk,GBDiva,Diva,3 1/2oz,"Divadesign100 ml,  3 1/2oz Clear glass bottle  withreducerandblack shiny cap.For use with cologne, aftershave, splash on, and perfume or fragrance oil, beard oils.Our Classic Diva bottle family is available in 30ml, 46ml and 100ml.Price each"
GBDiva100RdcrBrwnLthr,GBDiva,Diva,3 1/2oz,"Divadesign100 ml,  3 1/2oz Clear glass bottle  withreducerandbrown faux leather cap.For use with cologne, aftershave, splash on, and perfume or fragrance oil, beard oils.Our Classic Diva bottle family is available in 30ml, 46ml and 100ml.Price each"
GBDiva100RdcrLBrwnLthr,GBDiva,Diva,3 1/2oz,"Divadesign100 ml,  3 1/2oz Clear glass bottle  withreducerandlight brown faux leather cap.For use with cologne, aftershave, splash on, and perfume or fragrance oil, beard oils.Our Classic Diva bottle family is available in 30ml, 46ml and 100ml.Price each"
GBDiva100RdcrShnSl,GBDiva,Diva,3 1/2oz,"Divadesign100 ml,  3 1/2oz Clear glass bottle  withreducerandshiny silver cap.For use with cologne, aftershave, splash on, and perfume or fragrance oil, beard oils.Our Classic Diva bottle family is available in 30ml, 46ml and 100ml.Price each"
GBDiva100RdcrMtSlTall,GBDiva,Diva,3 1/2oz,"Divadesign100 ml,  3 1/2oz Clear glass bottle  withreducerandtall silver matte cap.For use with cologne, aftershave, splash on, and perfume or fragrance oil, beard oils.Our Classic Diva bottle family is available in 30ml, 46ml and 100ml.Price each"
GBDiva100RdcrMtSl,GBDiva,Diva,3 1/2oz,"Divadesign100 ml,  3 1/2oz Clear glass bottle  withreducerandsilver matte cap.For use with cologne, aftershave, splash on, and perfume or fragrance oil, beard oils.Our Classic Diva bottle family is available in 30ml, 46ml and 100ml.Price each"
GBDiva100RdcrWht,GBDiva,Diva,3 1/2oz,"Divadesign100 ml,  3 1/2oz Clear glass bottle  withreducerandwhite cap.For use with cologne, aftershave, splash on, and perfume or fragrance oil, beard oils.Our Classic Diva bottle family is available in 30ml, 46ml and 100ml.Price each"
GBDiva100SpryMtGl,GBDiva,Diva,3 1/2oz,"Divadesign100 ml,  3 1/2oz Clear glass bottle  withmatte gold spray pump0.For use with cologne, Eau de Parfum, air freshner, face and body spray, or room spray.Our Classic Diva bottle family is available in 30ml, 46ml and 100ml.Price each"
LBDiva100LtnMtGl,LBDiva,Diva,3 1/2oz,"Divadesign100 ml,  3 1/2oz Clear glass bottle  withmatte gold lotion pump0.For use with lotions, moisturizer, and serums.Our Classic Diva bottle family is available in 30ml, 46ml and 100ml.Price each"
GBDiva100SpryShnGl,GBDiva,Diva,3 1/2oz,"Divadesign100 ml,  3 1/2oz Clear glass bottle  withshiny gold spray pump.For use with cologne, Eau de Parfum, air freshner, face and body spray, or room spray.Our Classic Diva bottle family is available in 30ml, 46ml and 100ml.Price each"
LBDiva100LtnShnGl,LBDiva,Diva,3 1/2oz,"Divadesign100 ml,  3 1/2oz Clear glass bottle  withshiny gold lotion pump.For use with lotions, moisturizer, and serums.Our Classic Diva bottle family is available in 30ml, 46ml and 100ml.Price each"
GBDiva100SpryShnBlk,GBDiva,Diva,3 1/2oz,"Divadesign100 ml,  3 1/2oz Clear glass bottle  withshiny black spray pump.For use with cologne, Eau de Parfum, air freshner, face and body spray, or room spray.Our Classic Diva bottle family is available in 30ml, 46ml and 100ml.Price each"
LBDiva100LtnShnBlk,LBDiva,Diva,3 1/2oz,"Divadesign100 ml,  3 1/2oz Clear glass bottle  withshiny black lotion pump.For use with lotions, moisturizer, and serums.Our Classic Diva bottle family is available in 30ml, 46ml and 100ml.Price each"
GBDiva100SpryMtSl,GBDiva,Diva,3 1/2oz,"Divadesign100 ml,  3 1/2oz Clear glass bottle  withmatte silver spray pump.For use with cologne, Eau de Parfum, air freshner, face and body spray, or room spray.Our Classic Diva bottle family is available in 30ml, 46ml and 100ml.Price each"
LBDiva100LtnMtSl,LBDiva,Diva,3 1/2oz,"Divadesign100 ml,  3 1/2oz Clear glass bottle  withmatte silver lotion pump.For use with lotions, moisturizer, and serums.Our Classic Diva bottle family is available in 30ml, 46ml and 100ml.Price each"
GBDiva100SpryShnSl,GBDiva,Diva,3 1/2oz,"Divadesign100 ml,  3 1/2oz Clear glass bottle  withshiny silver spray pump0.For use with cologne, Eau de Parfum, air freshner, face and body spray, or room spray.Our Classic Diva bottle family is available in 30ml, 46ml and 100ml.Price each"
LBDiva100LtnShnSl,LBDiva,Diva,3 1/2oz,"Divadesign100 ml,  3 1/2oz Clear glass bottle  withshiny silver lotion pump0.For use with lotions, moisturizer, and serums.Our Classic Diva bottle family is available in 30ml, 46ml and 100ml.Price each"
GBDiva100AnSpLvn,GBDiva,Diva,3 1/2oz,"Divadesign100 ml,  3 1/2oz Clear glass bottle  withlavender vintage style bulb sprayerwithshiny silver collar cap.For use with cologne, Eau de Parfum, air freshner, face and body spray, or room spray. Antique or vintage bulb sprayers enhance the beauty of your product.Our Classic Diva bottle family is available in 30ml, 46ml and 100ml.Price each"
GBDiva100AnSpPnk,GBDiva,Diva,3 1/2oz,"Divadesign100 ml,  3 1/2oz Clear glass bottle  withpink vintage style bulb sprayerwithshiny gold collar cap.For use with cologne, Eau de Parfum, air freshner, face and body spray, or room spray. Antique or vintage bulb sprayers enhance the beauty of your product.Our Classic Diva bottle family is available in 30ml, 46ml and 100ml.Price each"
GBDiva100AnSpMtSl,GBDiva,Diva,3 1/2oz,"Divadesign100 ml,  3 1/2oz Clear glass bottle  withmatte silver vintage style sprayerwithmatte silver collar cap.For use with cologne, Eau de Parfum, air freshner, face and body spray, or room spray. Antique or vintage bulb sprayers enhance the beauty of your product.Our Classic Diva bottle family is available in 30ml, 46ml and 100ml.Price each"
GBDiva100AnSpIvySl,GBDiva,Diva,3 1/2oz,"Divadesign100 ml,  3 1/2oz Clear glass bottle  withivory vintage style bulb sprayerwithshiny silver collar cap.For use with cologne, Eau de Parfum, air freshner, face and body spray, or room spray. Antique or vintage bulb sprayers enhance the beauty of your product.Our Classic Diva bottle family is available in 30ml, 46ml and 100ml.Price each"
GBDiva100AnSpGl,GBDiva,Diva,3 1/2oz,"Divadesign100 ml,  3 1/2oz Clear glass bottle  withgold vintage style sprayerwithshiny gold collar cap.For use with cologne, Eau de Parfum, air freshner, face and body spray, or room spray. Antique or vintage bulb sprayers enhance the beauty of your product.Our Classic Diva bottle family is available in 30ml, 46ml and 100ml.Price each"
GBDiva100AnSpIvyGl,GBDiva,Diva,3 1/2oz,"Divadesign100 ml,  3 1/2oz Clear glass bottle  withivory vintage style bulb sprayerwithshiny gold collar cap.For use with cologne, Eau de Parfum, air freshner, face and body spray, or room spray. Antique or vintage bulb sprayers enhance the beauty of your product.Our Classic Diva bottle family is available in 30ml, 46ml and 100ml.Price each"
GBDiva100AnSpWht,GBDiva,Diva,3 1/2oz,"Divadesign100 ml,  3 1/2oz Clear glass bottle  withwhite vintage style bulb sprayerwithshiny silver collar cap.For use with cologne, Eau de Parfum, air freshner, face and body spray, or room spray. Antique or vintage bulb sprayers enhance the beauty of your product.Our Classic Diva bottle family is available in 30ml, 46ml and 100ml.Price each"
GBDiva100AnSpRed,GBDiva,Diva,3 1/2oz,"Divadesign100 ml,  3 1/2oz Clear glass bottle  withred vintage style bulb sprayerwithshiny silver collar cap.For use with cologne, Eau de Parfum, air freshner, face and body spray, or room spray. Antique or vintage bulb sprayers enhance the beauty of your product.Our Classic Diva bottle family is available in 30ml, 46ml and 100ml.Price each"
GBDiva100AnSpTslLvn,GBDiva,Diva,3 1/2oz,"Divadesign100 ml,  3 1/2oz Clear glass bottle  withLavender vintage style bulb sprayer with Tasselwithshiny silver collar cap.For use with cologne, Eau de Parfum, air freshner, face and body spray, or room spray. Antique or vintage bulb sprayers enhance the beauty of your product.Our Classic Diva bottle family is available in 30ml, 46ml and 100ml.Price each"
GBDiva100AnSpTslIvyGl,GBDiva,Diva,3 1/2oz,"Divadesign100 ml,  3 1/2oz Clear glass bottle  withIvory vintage style bulb sprayer with tasselwithshiny gold collar cap.For use with cologne, Eau de Parfum, air freshner, face and body spray, or room spray. Antique or vintage bulb sprayers enhance the beauty of your product.Our Classic Diva bottle family is available in 30ml, 46ml and 100ml.Price each"
GBDiva100AnSpTslIvySl,GBDiva,Diva,3 1/2oz,"Divadesign100 ml,  3 1/2oz Clear glass bottle  withIvory vintage style bulb sprayer with tasselwithshiny silver collar cap.For use with cologne, Eau de Parfum, air freshner, face and body spray, or room spray. Antique or vintage bulb sprayers enhance the beauty of your product.Our Classic Diva bottle family is available in 30ml, 46ml and 100ml.Price each"
GBDiva100AnSpTslWht,GBDiva,Diva,3 1/2oz,"Divadesign100 ml,  3 1/2oz Clear glass bottle  withWhite vintage style bulb sprayer with tasselwithshiny silver collar cap.For use with cologne, Eau de Parfum, air freshner, face and body spray, or room spray. Antique or vintage bulb sprayers enhance the beauty of your product.Our Classic Diva bottle family is available in 30ml, 46ml and 100ml.Price each"
GBDiva100AnSpTslPnk,GBDiva,Diva,3 1/2oz,"Divadesign100 ml,  3 1/2oz Clear glass bottle  withPink vintage style bulb sprayer with tasselwithshiny gold collar cap.For use with cologne, Eau de Parfum, air freshner, face and body spray, or room spray. Antique or vintage bulb sprayers enhance the beauty of your product.Our Classic Diva bottle family is available in 30ml, 46ml and 100ml.Price each"
GBDiva100AnSpTslRed,GBDiva,Diva,3 1/2oz,"Divadesign100 ml,  3 1/2oz Clear glass bottle  withRed vintage style bulb sprayer with tasselwithshiny silver collar cap.For use with cologne, Eau de Parfum, air freshner, face and body spray, or room spray. Antique or vintage bulb sprayers enhance the beauty of your product.Our Classic Diva bottle family is available in 30ml, 46ml and 100ml.Price each"
GBDiva100AnSpTslMtSl,GBDiva,Diva,3 1/2oz,"Divadesign100 ml,  3 1/2oz Clear glass bottle  withSilver vintage style bulb sprayer with tasselwithmatte silver collar cap.For use with cologne, Eau de Parfum, air freshner, face and body spray, or room spray. Antique or vintage bulb sprayers enhance the beauty of your product.Our Classic Diva bottle family is available in 30ml, 46ml and 100ml.Price each"
GBDiva100AnSpTslGl,GBDiva,Diva,3 1/2oz,"Divadesign100 ml,  3 1/2oz Clear glass bottle  withGold vintage style bulb sprayer with tasselwithshiny gold collar cap.For use with cologne, Eau de Parfum, air freshner, face and body spray, or room spray. Antique or vintage bulb sprayers enhance the beauty of your product.Our Classic Diva bottle family is available in 30ml, 46ml and 100ml.Price each"
GBDiva100RdcrPnkLthr,GBDiva,Diva,3 1/2oz,"Divadesign100 ml,  3 1/2oz Clear glass bottle  withreducerwithpink faux leather cap.For use with cologne, aftershave, splash on, and perfume or fragrance oil, beard oils.Our Classic Diva bottle family is available in 30ml, 46ml and 100ml.Price each"
GBDiva100RdcrIvyLthr,GBDiva,Diva,3 1/2oz,"Divadesign100 ml,  3 1/2oz Clear glass bottle  withreducerwithivory faux leather cap.For use with cologne, aftershave, splash on, and perfume or fragrance oil, beard oils.Our Classic Diva bottle family is available in 30ml, 46ml and 100ml.Price each"
LBDiva100LtnCu,LBDiva,Diva,3 1/2oz,"Divadesign100 ml,  3 1/2oz Clear glass bottle  withmatte copper lotion pump0.For use with lotions, moisturizer, and serums.Our Classic Diva bottle family is available in 30ml, 46ml and 100ml.Price each"
GBDmnd2ozRdcrShnGl,GBDmnd,Diamond,2 ounce,"Diamonddesign60ml,2 ounce Clear glass bottle  withreducerandshiny gold cap.For use with cologne, aftershave, splash on, and perfume or fragrance oil, beard oils.A classic, multi-faceted bottle.Price each"
GBDmnd2ozRdcrShnBlkTall,GBDmnd,Diamond,2 ounce,"Diamonddesign60ml,2 ounce Clear glass bottle  withreducerandtall black shiny cap.For use with cologne, aftershave, splash on, and perfume or fragrance oil, beard oils.A classic, multi-faceted bottle.Price each"
GBDmnd2ozRdcrShnBlk,GBDmnd,Diamond,2 ounce,"Diamonddesign60ml,2 ounce Clear glass bottle  withreducerandblack shiny cap.For use with cologne, aftershave, splash on, and perfume or fragrance oil, beard oils.A classic, multi-faceted bottle.Price each"
GBDmnd2ozRdcrBrwnLthr,GBDmnd,Diamond,2 ounce,"Diamonddesign60ml,2 ounce Clear glass bottle  withreducerandbrown faux leather cap.For use with cologne, aftershave, splash on, and perfume or fragrance oil, beard oils.A classic, multi-faceted bottle.Price each"
GBDmnd2ozRdcrLBrwnLthr,GBDmnd,Diamond,2 ounce,"Diamonddesign60ml,2 ounce Clear glass bottle  withreducerandlight brown faux leather cap.For use with cologne, aftershave, splash on, and perfume or fragrance oil, beard oils.A classic, multi-faceted bottle.Price each"
GBDmnd2ozRdcrShnSl,GBDmnd,Diamond,2 ounce,"Diamonddesign60ml,2 ounce Clear glass bottle  withreducerandshiny silver cap.For use with cologne, aftershave, splash on, and perfume or fragrance oil, beard oils.A classic, multi-faceted bottle.Price each"
GBDmnd2ozRdcrMtSlTall,GBDmnd,Diamond,2 ounce,"Diamonddesign60ml,2 ounce Clear glass bottle  withreducerandtall silver matte cap.For use with cologne, aftershave, splash on, and perfume or fragrance oil, beard oils.A classic, multi-faceted bottle.Price each"
GBDmnd2ozRdcrMtSl,GBDmnd,Diamond,2 ounce,"Diamonddesign60ml,2 ounce Clear glass bottle  withreducerandsilver matte cap.For use with cologne, aftershave, splash on, and perfume or fragrance oil, beard oils.A classic, multi-faceted bottle.Price each"
GBDmnd2ozRdcrWht,GBDmnd,Diamond,2 ounce,"Diamonddesign60ml,2 ounce Clear glass bottle  withreducerandwhite cap.For use with cologne, aftershave, splash on, and perfume or fragrance oil, beard oils.A classic, multi-faceted bottle.Price each"
GBDmnd2ozSpryMtGl,GBDmnd,Diamond,2 ounce,"Diamonddesign60ml,2 ounce Clear glass bottle  withmatte gold spray pump0.For use with cologne, Eau de Parfum, air freshner, face and body spray, or room spray.A classic, multi-faceted bottle.Price each"
LBDmnd2ozLtnMtGl,LBDmnd,Diamond,2 ounce,"Diamonddesign60ml,2 ounce Clear glass bottle  withmatte gold lotion pump00.For use with lotions, moisturizer, and serums.A classic, multi-faceted bottle.Price each"
GBDmnd2ozSpryShnGl,GBDmnd,Diamond,2 ounce,"Diamonddesign60ml,2 ounce Clear glass bottle  withshiny gold spray pump0.For use with cologne, Eau de Parfum, air freshner, face and body spray, or room spray.A classic, multi-faceted bottle.Price each"
LBDmnd2ozLtnShnGl,LBDmnd,Diamond,2 ounce,"Diamonddesign60ml,2 ounce Clear glass bottle  withshiny gold lotion pump.For use with lotions, moisturizer, and serums.A classic, multi-faceted bottle.Price each"
GBDmnd2ozSpryShnBlk,GBDmnd,Diamond,2 ounce,"Diamonddesign60ml,2 ounce Clear glass bottle  withshiny black spray pump.For use with cologne, Eau de Parfum, air freshner, face and body spray, or room spray.A classic, multi-faceted bottle.Price each"
LBDmnd2ozLtnShnBlk,LBDmnd,Diamond,2 ounce,"Diamonddesign60ml,2 ounce Clear glass bottle  withshiny black lotion pump.For use with lotions, moisturizer, and serums.A classic, multi-faceted bottle.Price each"
GBDmnd2ozSpryMtSl,GBDmnd,Diamond,2 ounce,"Diamonddesign60ml,2 ounce Clear glass bottle  withmatte silver spray pump.For use with cologne, Eau de Parfum, air freshner, face and body spray, or room spray.A classic, multi-faceted bottle.Price each"
LBDmnd2ozLtnMtSl,LBDmnd,Diamond,2 ounce,"Diamonddesign60ml,2 ounce Clear glass bottle  withmatte silver lotion pump.For use with lotions, moisturizer, and serums.A classic, multi-faceted bottle.Price each"
GBDmnd2ozSpryShnSl,GBDmnd,Diamond,2 ounce,"Diamonddesign60ml,2 ounce Clear glass bottle  withshiny silver spray pump.For use with cologne, Eau de Parfum, air freshner, face and body spray, or room spray.A classic, multi-faceted bottle.Price each"
LBDmnd2ozLtnShnSl,LBDmnd,Diamond,2 ounce,"Diamonddesign60ml,2 ounce Clear glass bottle  withshiny silver lotion pump.For use with lotions, moisturizer, and serums.A classic, multi-faceted bottle.Price each"
GBDmnd2ozAnSpLvn,GBDmnd,Diamond,2 ounce,"Diamonddesign60ml,2 ounce Clear glass bottle  withlavender vintage style bulb sprayerwithshiny silver collar cap.For use with cologne, Eau de Parfum, air freshner, face and body spray, or room spray. Antique or vintage bulb sprayers enhance the beauty of your product.A classic, multi-faceted bottle.Price each"
GBDmnd2ozAnSpPnk,GBDmnd,Diamond,2 ounce,"Diamonddesign60ml,2 ounce Clear glass bottle  withpink vintage style bulb sprayerwithshiny gold collar cap.For use with cologne, Eau de Parfum, air freshner, face and body spray, or room spray. Antique or vintage bulb sprayers enhance the beauty of your product.A classic, multi-faceted bottle.Price each"
GBDmnd2ozAnSpMtSl,GBDmnd,Diamond,2 ounce,"Diamonddesign60ml,2 ounce Clear glass bottle  withmatte silver vintage style sprayerwithmatte silver collar cap.For use with cologne, Eau de Parfum, air freshner, face and body spray, or room spray. Antique or vintage bulb sprayers enhance the beauty of your product.A classic, multi-faceted bottle.Price each"
GBDmnd2ozAnSpIvySl,GBDmnd,Diamond,2 ounce,"Diamonddesign60ml,2 ounce Clear glass bottle  withivory vintage style bulb sprayerwithshiny silver collar cap.For use with cologne, Eau de Parfum, air freshner, face and body spray, or room spray. Antique or vintage bulb sprayers enhance the beauty of your product.A classic, multi-faceted bottle.Price each"
GBDmnd2ozAnSpGl,GBDmnd,Diamond,2 ounce,"Diamonddesign60ml,2 ounce Clear glass bottle  withgold vintage style sprayerwithshiny gold collar cap.For use with cologne, Eau de Parfum, air freshner, face and body spray, or room spray. Antique or vintage bulb sprayers enhance the beauty of your product.A classic, multi-faceted bottle.Price each"
GBDmnd2ozAnSpIvyGl,GBDmnd,Diamond,2 ounce,"Diamonddesign60ml,2 ounce Clear glass bottle  withivory vintage style bulb sprayerwithshiny gold collar cap.For use with cologne, Eau de Parfum, air freshner, face and body spray, or room spray. Antique or vintage bulb sprayers enhance the beauty of your product.A classic, multi-faceted bottle.Price each"
GBDmnd2ozAnSpWht,GBDmnd,Diamond,2 ounce,"Diamonddesign60ml,2 ounce Clear glass bottle  withwhite vintage style bulb sprayerwithshiny silver collar cap.For use with cologne, Eau de Parfum, air freshner, face and body spray, or room spray. Antique or vintage bulb sprayers enhance the beauty of your product.A classic, multi-faceted bottle.Price each"
GBDmnd2ozAnSpRed,GBDmnd,Diamond,2 ounce,"Diamonddesign60ml,2 ounce Clear glass bottle  withred vintage style bulb sprayerwithshiny silver collar cap.For use with cologne, Eau de Parfum, air freshner, face and body spray, or room spray. Antique or vintage bulb sprayers enhance the beauty of your product.A classic, multi-faceted bottle.Price each"
GBDmnd2ozAnSpTslLvn,GBDmnd,Diamond,2 ounce,"Diamonddesign60ml,2 ounce Clear glass bottle  withLavender vintage style bulb sprayer with Tasselwithshiny silver collar cap.For use with cologne, Eau de Parfum, air freshner, face and body spray, or room spray. Antique or vintage bulb sprayers enhance the beauty of your product.A classic, multi-faceted bottle.Price each"
GBDmnd2ozAnSpTslIvyGl,GBDmnd,Diamond,2 ounce,"Diamonddesign60ml,2 ounce Clear glass bottle  withIvory vintage style bulb sprayer with tasselwithshiny gold collar cap.For use with cologne, Eau de Parfum, air freshner, face and body spray, or room spray. Antique or vintage bulb sprayers enhance the beauty of your product.A classic, multi-faceted bottle.Price each"
GBDmnd2ozAnSpTslIvySl,GBDmnd,Diamond,2 ounce,"Diamonddesign60ml,2 ounce Clear glass bottle  withIvory vintage style bulb sprayer with tasselwithshiny silver collar cap.For use with cologne, Eau de Parfum, air freshner, face and body spray, or room spray. Antique or vintage bulb sprayers enhance the beauty of your product.A classic, multi-faceted bottle.Price each"
GBDmnd2ozAnSpTslWht,GBDmnd,Diamond,2 ounce,"Diamonddesign60ml,2 ounce Clear glass bottle  withWhite vintage style bulb sprayer with tasselwithshiny silver collar cap.For use with cologne, Eau de Parfum, air freshner, face and body spray, or room spray. Antique or vintage bulb sprayers enhance the beauty of your product.A classic, multi-faceted bottle.Price each"
GBDmnd2ozAnSpTslPnk,GBDmnd,Diamond,2 ounce,"Diamonddesign60ml,2 ounce Clear glass bottle  withPink vintage style bulb sprayer with tasselwithshiny gold collar cap.For use with cologne, Eau de Parfum, air freshner, face and body spray, or room spray. Antique or vintage bulb sprayers enhance the beauty of your product.A classic, multi-faceted bottle.Price each"
GBDmnd2ozAnSpTslRed,GBDmnd,Diamond,2 ounce,"Diamonddesign60ml,2 ounce Clear glass bottle  withRed vintage style bulb sprayer with tasselwithshiny silver collar cap.For use with cologne, Eau de Parfum, air freshner, face and body spray, or room spray. Antique or vintage bulb sprayers enhance the beauty of your product.A classic, multi-faceted bottle.Price each"
GBDmnd2ozAnSpTslMtSl,GBDmnd,Diamond,2 ounce,"Diamonddesign60ml,2 ounce Clear glass bottle  withSilver vintage style bulb sprayer with tasselwithmatte silver collar cap.For use with cologne, Eau de Parfum, air freshner, face and body spray, or room spray. Antique or vintage bulb sprayers enhance the beauty of your product.A classic, multi-faceted bottle.Price each"
GBDmnd2ozAnSpTslGl,GBDmnd,Diamond,2 ounce,"Diamonddesign60ml,2 ounce Clear glass bottle  withGold vintage style bulb sprayer with tasselwithshiny gold collar cap.For use with cologne, Eau de Parfum, air freshner, face and body spray, or room spray. Antique or vintage bulb sprayers enhance the beauty of your product.A classic, multi-faceted bottle.Price each"
GBDmnd2ozRdcrPnkLthr,GBDmnd,Diamond,2 ounce,"Diamonddesign60ml,2 ounce Clear glass bottle  withreducerandpink faux leather cap.For use with cologne, aftershave, splash on, and perfume or fragrance oil, beard oils.A classic, multi-faceted bottle.Price each"
GBDmnd2ozRdcrIvyLthr,GBDmnd,Diamond,2 ounce,"Diamonddesign60ml,2 ounce Clear glass bottle  withreducerandivory faux leather cap.For use with cologne, aftershave, splash on, and perfume or fragrance oil, beard oils.A classic, multi-faceted bottle.Price each"
LBDmnd2ozLtnCu,LBDmnd,Diamond,2 ounce,"Diamonddesign60ml,2 ounce Clear glass bottle  withmatte copper lotion pump0.For use with lotions, moisturizer, and serums.A classic, multi-faceted bottle.Price each"
GBGrce55RdcrShnGl,GBGrce,Grace,1.85oz,"Gracedesign55 ml,  1.85oz Clear glass bottle  withreducerandshiny gold cap.For use with cologne, aftershave, splash on, and perfume or fragrance oil, beard oils.A unique design to enhance your product.Price each"
GBGrce55RdcrShnBlkTall,GBGrce,Grace,1.85oz,"Gracedesign55 ml,  1.85oz Clear glass bottle  withreducerandtall black shiny cap.For use with cologne, aftershave, splash on, and perfume or fragrance oil, beard oils.A unique design to enhance your product.Price each"
GBGrce55RdcrShnBlk,GBGrce,Grace,1.85oz,"Gracedesign55 ml,  1.85oz Clear glass bottle  withreducerandblack shiny cap.For use with cologne, aftershave, splash on, and perfume or fragrance oil, beard oils.A unique design to enhance your product.Price each"
GBGrce55RdcrBrwnLthr,GBGrce,Grace,1.85oz,"Gracedesign55 ml,  1.85oz Clear glass bottle  withreducerandbrown faux leather cap.For use with cologne, aftershave, splash on, and perfume or fragrance oil, beard oils.A unique design to enhance your product.Price each"
GBGrce55RdcrLBrwnLthr,GBGrce,Grace,1.85oz,"Gracedesign55 ml,  1.85oz Clear glass bottle  withreducerandlight brown faux leather cap.For use with cologne, aftershave, splash on, and perfume or fragrance oil, beard oils.A unique design to enhance your product.Price each"
GBGrce55RdcrShnSl,GBGrce,Grace,1.85oz,"Gracedesign55 ml,  1.85oz Clear glass bottle  withreducerandshiny silver cap.For use with cologne, aftershave, splash on, and perfume or fragrance oil, beard oils.A unique design to enhance your product.Price each"
GBGrce55RdcrMtSlTall,GBGrce,Grace,1.85oz,"Gracedesign55 ml,  1.85oz Clear glass bottle  withreducerandtall silver matte cap.For use with cologne, aftershave, splash on, and perfume or fragrance oil, beard oils.A unique design to enhance your product.Price each"
GBGrce55RdcrMtSl,GBGrce,Grace,1.85oz,"Gracedesign55 ml,  1.85oz Clear glass bottle  withreducerandsilver matte cap.For use with cologne, aftershave, splash on, and perfume or fragrance oil, beard oils.A unique design to enhance your product.Price each"
GBGrce55RdcrWht,GBGrce,Grace,1.85oz,"Gracedesign55 ml,  1.85oz Clear glass bottle  withreducerandwhite cap.For use with cologne, aftershave, splash on, and perfume or fragrance oil, beard oils.A unique design to enhance your product.Price each"
GBGrce55SpryMtGl,GBGrce,Grace,1.85oz,"Gracedesign55 ml,  1.85oz Clear glass bottle  withmatte gold spray pump0.For use with cologne, Eau de Parfum, air freshner, face and body spray, or room spray.A unique design to enhance your product.Price each"
LBGrce55LtnMtGl,LBGrce,Grace,1.85oz,"Gracedesign55 ml,  1.85oz Clear glass bottle  withmatte gold lotion pump00.For use with lotions, moisturizer, and serums.A unique design to enhance your product.Price each"
GBGrce55SpryShnGl,GBGrce,Grace,1.85oz,"Gracedesign55 ml,  1.85oz Clear glass bottle  withshiny gold spray pump0.For use with cologne, Eau de Parfum, air freshner, face and body spray, or room spray.A unique design to enhance your product.Price each"
LBGrce55LtnShnGl,LBGrce,Grace,1.85oz,"Gracedesign55 ml,  1.85oz Clear glass bottle  withshiny gold lotion pump0.For use with lotions, moisturizer, and serums.A unique design to enhance your product.Price each"
GBGrce55SpryShnBlk,GBGrce,Grace,1.85oz,"Gracedesign55 ml,  1.85oz Clear glass bottle  withshiny black spray pump0.For use with cologne, Eau de Parfum, air freshner, face and body spray, or room spray.A unique design to enhance your product.Price each"
LBGrce55LtnShnBlk,LBGrce,Grace,1.85oz,"Gracedesign55 ml,  1.85oz Clear glass bottle  withshiny black lotion pump0.For use with lotions, moisturizer, and serums.A unique design to enhance your product.Price each"
GBGrce55SpryMtSl,GBGrce,Grace,1.85oz,"Gracedesign55 ml,  1.85oz Clear glass bottle  withmatte silver spray pump0.For use with cologne, Eau de Parfum, air freshner, face and body spray, or room spray.A unique design to enhance your product.Price each"
LBGrce55LtnMtSl,LBGrce,Grace,1.85oz,"Gracedesign55 ml,  1.85oz Clear glass bottle  withmatte silver lotion pump0.For use with lotions, moisturizer, and serums.A unique design to enhance your product.Price each"
GBGrce55SpryShnSl,GBGrce,Grace,1.85oz,"Gracedesign55 ml,  1.85oz Clear glass bottle  withshiny silver spray pump0.For use with cologne, Eau de Parfum, air freshner, face and body spray, or room spray.A unique design to enhance your product.Price each"
LBGrce55LtnShnSl,LBGrce,Grace,1.85oz,"Gracedesign55 ml,  1.85oz Clear glass bottle  withshiny silver lotion pump0.For use with lotions, moisturizer, and serums.A unique design to enhance your product.Price each"
GBGrce55AnSpLvn,GBGrce,Grace,1.85oz,"Gracedesign55 ml,  1.85oz Clear glass bottle  withlavender vintage style bulb sprayerwithshiny silver collar cap.For use with cologne, Eau de Parfum, air freshner, face and body spray, or room spray. Antique or vintage bulb sprayers enhance the beauty of your product.A unique design to enhance your product.Price each"
GBGrce55AnSpPnk,GBGrce,Grace,1.85oz,"Gracedesign55 ml,  1.85oz Clear glass bottle  withpink vintage style bulb sprayerwithshiny gold collar cap.For use with cologne, Eau de Parfum, air freshner, face and body spray, or room spray. Antique or vintage bulb sprayers enhance the beauty of your product.A unique design to enhance your product.Price each"
GBGrce55AnSpMtSl,GBGrce,Grace,1.85oz,"Gracedesign55 ml,  1.85oz Clear glass bottle  withmatte silver vintage style sprayerwithmatte silver collar cap.For use with cologne, Eau de Parfum, air freshner, face and body spray, or room spray. Antique or vintage bulb sprayers enhance the beauty of your product.A unique design to enhance your product.Price each"
GBGrce55AnSpIvySl,GBGrce,Grace,1.85oz,"Gracedesign55 ml,  1.85oz Clear glass bottle  withivory vintage style bulb sprayerwithshiny silver collar cap.For use with cologne, Eau de Parfum, air freshner, face and body spray, or room spray. Antique or vintage bulb sprayers enhance the beauty of your product.A unique design to enhance your product.Price each"
GBGrce55AnSpGl,GBGrce,Grace,1.85oz,"Gracedesign55 ml,  1.85oz Clear glass bottle  withgold vintage style sprayerwithshiny gold collar cap.For use with cologne, Eau de Parfum, air freshner, face and body spray, or room spray. Antique or vintage bulb sprayers enhance the beauty of your product.A unique design to enhance your product.Price each"
GBGrce55AnSpIvyGl,GBGrce,Grace,1.85oz,"Gracedesign55 ml,  1.85oz Clear glass bottle  withivory vintage style bulb sprayerwithshiny gold collar cap.For use with cologne, Eau de Parfum, air freshner, face and body spray, or room spray. Antique or vintage bulb sprayers enhance the beauty of your product.A unique design to enhance your product.Price each"
GBGrce55AnSpWht,GBGrce,Grace,1.85oz,"Gracedesign55 ml,  1.85oz Clear glass bottle  withwhite vintage style bulb sprayerwithshiny silver collar cap.For use with cologne, Eau de Parfum, air freshner, face and body spray, or room spray. Antique or vintage bulb sprayers enhance the beauty of your product.A unique design to enhance your product.Price each"
GBGrce55AnSpRed,GBGrce,Grace,1.85oz,"Gracedesign55 ml,  1.85oz Clear glass bottle  withred vintage style bulb sprayerwithshiny silver collar cap.For use with cologne, Eau de Parfum, air freshner, face and body spray, or room spray. Antique or vintage bulb sprayers enhance the beauty of your product.A unique design to enhance your product.Price each"
GBGrce55AnSpTslLvn,GBGrce,Grace,1.85oz,"Gracedesign55 ml,  1.85oz Clear glass bottle  withLavender vintage style bulb sprayer with Tasselwithshiny silver collar cap.For use with cologne, Eau de Parfum, air freshner, face and body spray, or room spray. Antique or vintage bulb sprayers enhance the beauty of your product.A unique design to enhance your product.Price each"
GBGrce55AnSpTslIvyGl,GBGrce,Grace,1.85oz,"Gracedesign55 ml,  1.85oz Clear glass bottle  withIvory vintage style bulb sprayer with tasselwithshiny gold collar cap.For use with cologne, Eau de Parfum, air freshner, face and body spray, or room spray. Antique or vintage bulb sprayers enhance the beauty of your product.A unique design to enhance your product.Price each"
GBGrce55AnSpTslIvySl,GBGrce,Grace,1.85oz,"Gracedesign55 ml,  1.85oz Clear glass bottle  withIvory vintage style bulb sprayer with tasselwithshiny silver collar cap.For use with cologne, Eau de Parfum, air freshner, face and body spray, or room spray. Antique or vintage bulb sprayers enhance the beauty of your product.A unique design to enhance your product.Price each"
GBGrce55AnSpTslWht,GBGrce,Grace,1.85oz,"Gracedesign55 ml,  1.85oz Clear glass bottle  withWhite vintage style bulb sprayer with tasselwithshiny silver collar cap.For use with cologne, Eau de Parfum, air freshner, face and body spray, or room spray. Antique or vintage bulb sprayers enhance the beauty of your product.A unique design to enhance your product.Price each"
GBGrce55AnSpTslPnk,GBGrce,Grace,1.85oz,"Gracedesign55 ml,  1.85oz Clear glass bottle  withPink vintage style bulb sprayer with tasselwithshiny gold collar cap.For use with cologne, Eau de Parfum, air freshner, face and body spray, or room spray. Antique or vintage bulb sprayers enhance the beauty of your product.A unique design to enhance your product.Price each"
GBGrce55AnSpTslRed,GBGrce,Grace,1.85oz,"Gracedesign55 ml,  1.85oz Clear glass bottle  withRed vintage style bulb sprayer with tasselwithshiny silver collar cap.For use with cologne, Eau de Parfum, air freshner, face and body spray, or room spray. Antique or vintage bulb sprayers enhance the beauty of your product.A unique design to enhance your product.Price each"
GBGrce55AnSpTslMtSl,GBGrce,Grace,1.85oz,"Gracedesign55 ml,  1.85oz Clear glass bottle  withSilver vintage style bulb sprayer with tasselwithmatte silver collar cap.For use with cologne, Eau de Parfum, air freshner, face and body spray, or room spray. Antique or vintage bulb sprayers enhance the beauty of your product.A unique design to enhance your product.Price each"
GBGrce55AnSpTslGl,GBGrce,Grace,1.85oz,"Gracedesign55 ml,  1.85oz Clear glass bottle  withGold vintage style bulb sprayer with tasselwithshiny gold collar cap.For use with cologne, Eau de Parfum, air freshner, face and body spray, or room spray. Antique or vintage bulb sprayers enhance the beauty of your product.A unique design to enhance your product.Price each"
GBGrce55RdcrPnkLthr,GBGrce,Grace,1.85oz,"Gracedesign55 ml,  1.85oz Clear glass bottle  withreducerandpink faux leather cap.For use with cologne, aftershave, splash on, and perfume or fragrance oil, beard oils.A unique design to enhance your product.Price each"
GBGrce55RdcrIvyLthr,GBGrce,Grace,1.85oz,"Gracedesign55 ml,  1.85oz Clear glass bottle  withreducerandivory faux leather cap.For use with cologne, aftershave, splash on, and perfume or fragrance oil, beard oils.A unique design to enhance your product.Price each"
LBGrce55LtnCu,LBGrce,Grace,1.85oz,"Gracedesign55 ml,  1.85oz Clear glass bottle  withmatte copper lotion pump0.For use with lotions, moisturizer, and serums.A unique design to enhance your product.Price each"
GBCylBlu9MtlRollMattSl,GBCyl,Cylinder,1/3 oz,
GBCylBlu9MtlRollSlDot,GBCyl,Cylinder,1/3 oz,
GBCylBlu9MtlRollPnkDot,GBCyl,Cylinder,1/3 oz,
GBCylBlu9MtlRollMattGl,GBCyl,Cylinder,1/3 oz,
GBCylBlu9MtlRollShnGl,GBCyl,Cylinder,1/3 oz,
GBCylBlu9MtlRollShnSl,GBCyl,Cylinder,1/3 oz,
GBCylBlu9MtlRollMattCu,GBCyl,Cylinder,1/3 oz,
GBCylBlu9MtlRollShBlk,GBCyl,Cylinder,1/3 oz,
GBCylBlu9MtlRollWht,GBCyl,Cylinder,1/3 oz,
GBCylBlu9RollMattSl,GBCyl,Cylinder,1/3 oz,
GBCylBlu9RollSlDot,GBCyl,Cylinder,1/3 oz,
GBCylBlu9RollPnkDot,GBCyl,Cylinder,1/3 oz,
GBCylBlu9RollMattGl,GBCyl,Cylinder,1/3 oz,
GBCylBlu9RollShnGl,GBCyl,Cylinder,1/3 oz,
GBCylBlu9RollShnSl,GBCyl,Cylinder,1/3 oz,
GBCylBlu9RollMattCu,GBCyl,Cylinder,1/3 oz,
GBCylBlu9RollShBlk,GBCyl,Cylinder,1/3 oz,
GBCylBlu9RollWht,GBCyl,Cylinder,1/3 oz,
GBCylBlu9SpryGl,GBCyl,Cylinder,1/3 oz,
GBCylBlu9SpryMattSl,GBCyl,Cylinder,1/3 oz,
GBCylBlu9SpryShSl,GBCyl,Cylinder,1/3 oz,
GBCylBlu9SpryRd,GBCyl,Cylinder,1/3 oz,
GBCylBlu9SpryTur,GBCyl,Cylinder,1/3 oz,
LBCylBlu9LtnMattSl,LBCyl,Cylinder,1/3 oz,
LBCylBlu9LtnGl,LBCyl,Cylinder,1/3 oz,
GBCylAmb9MtlRollMattSl,GBCyl,Cylinder,1/3 oz,
GBCylAmb9MtlRollSlDot,GBCyl,Cylinder,1/3 oz,
GBCylAmb9MtlRollPnkDot,GBCyl,Cylinder,1/3 oz,
GBCylAmb9MtlRollMattGl,GBCyl,Cylinder,1/3 oz,
GBCylAmb9MtlRollShnGl,GBCyl,Cylinder,1/3 oz,
GBCylAmb9MtlRollShnSl,GBCyl,Cylinder,1/3 oz,
GBCylAmb9MtlRollMattCu,GBCyl,Cylinder,1/3 oz,
GBCylAmb9MtlRollShBlk,GBCyl,Cylinder,1/3 oz,
GBCylAmb9MtlRollWht,GBCyl,Cylinder,1/3 oz,
GBCylAmb9RollMattSl,GBCyl,Cylinder,1/3 oz,
GBCylAmb9RollSlDot,GBCyl,Cylinder,1/3 oz,
GBCylAmb9RollPnkDot,GBCyl,Cylinder,1/3 oz,
GBCylAmb9RollMattGl,GBCyl,Cylinder,1/3 oz,
GBCylAmb9RollShnGl,GBCyl,Cylinder,1/3 oz,
GBCylAmb9RollShnSl,GBCyl,Cylinder,1/3 oz,
GBCylAmb9RollMattCu,GBCyl,Cylinder,1/3 oz,
GBCylAmb9RollShBlk,GBCyl,Cylinder,1/3 oz,
GBCylAmb9RollWht,GBCyl,Cylinder,1/3 oz,
GBCylAmb9SpryGl,GBCyl,Cylinder,1/3 oz,
GBCylAmb9SpryMattSl,GBCyl,Cylinder,1/3 oz,
GBCylAmb9SpryShSl,GBCyl,Cylinder,1/3 oz,
GBCylAmb9SpryRd,GBCyl,Cylinder,1/3 oz,
GBCylAmb9SpryTur,GBCyl,Cylinder,1/3 oz,
LBCylAmb9LtnMtSl,LBCyl,Cylinder,1/3 oz,
LBCylAmb9LtnGl,LBCyl,Cylinder,1/3 oz,
GBCylFrst9MtlRollMattSl,GBCyl,Cylinder,1/3 oz,
GBCylFrst9MtlRollSlDot,GBCyl,Cylinder,1/3 oz,
GBCylFrst9MtlRollPnkDot,GBCyl,Cylinder,1/3 oz,
GBCylFrst9MtlRollMattGl,GBCyl,Cylinder,1/3 oz,
GBCylFrst9MtlRollShnGl,GBCyl,Cylinder,1/3 oz,
GBCylFrst9MtlRollShnSl,GBCyl,Cylinder,1/3 oz,
GBCylFrst9MtlRollMattCu,GBCyl,Cylinder,1/3 oz,
GBCylFrst9MtlRollShBlk,GBCyl,Cylinder,1/3 oz,
GBCylFrst9MtlRollWht,GBCyl,Cylinder,1/3 oz,
GBCylFrst9RollMattSl,GBCyl,Cylinder,1/3 oz,
GBCylFrst9RollSlDot,GBCyl,Cylinder,1/3 oz,
GBCylFrst9RollPnkDot,GBCyl,Cylinder,1/3 oz,
GBCylFrst9RollMattGl,GBCyl,Cylinder,1/3 oz,
GBCylFrst9RollShnGl,GBCyl,Cylinder,1/3 oz,
GBCylFrst9RollShnSl,GBCyl,Cylinder,1/3 oz,
GBCylFrst9RollMattCu,GBCyl,Cylinder,1/3 oz,
GBCylFrst9RollShBlk,GBCyl,Cylinder,1/3 oz,
GBCylFrst9RollWht,GBCyl,Cylinder,1/3 oz,
GBCylFrst9SpryGl,GBCyl,Cylinder,1/3 oz,
GBCylFrst9SpryMattSl,GBCyl,Cylinder,1/3 oz,
GBCylFrst9SpryShSl,GBCyl,Cylinder,1/3 oz,
GBCylFrst9SpryRd,GBCyl,Cylinder,1/3 oz,
GBCylFrst9SpryTur,GBCyl,Cylinder,1/3 oz,
LBCylFrst9LtnMtSl,LBCyl,Cylinder,1/3 oz,
LBCylFrst9LtnGl,LBCyl,Cylinder,1/3 oz,
GBCylSwrl9MtlRollMattSl,GBCyl,Cylinder,1/3 oz,
GBCylSwrl9MtlRollSlDot,GBCyl,Cylinder,1/3 oz,
GBCylSwrl9MtlRollPnkDot,GBCyl,Cylinder,1/3 oz,
GBCylSwrl9MtlRollMattGl,GBCyl,Cylinder,1/3 oz,
GBCylSwrl9MtlRollShnGl,GBCyl,Cylinder,1/3 oz,
GBCylSwrl9MtlRollShnSl,GBCyl,Cylinder,1/3 oz,
GBCylSwrl9MtlRollMattCu,GBCyl,Cylinder,1/3 oz,
GBCylSwrl9MtlRollShBlk,GBCyl,Cylinder,1/3 oz,
GBCylSwrl9MtlRollWht,GBCyl,Cylinder,1/3 oz,
GBCylSwrl9RollMattSl,GBCyl,Cylinder,1/3 oz,
GBCylSwrl9RollSlDot,GBCyl,Cylinder,1/3 oz,
GBCylSwrl9RollPnkDot,GBCyl,Cylinder,1/3 oz,
GBCylSwrl9RollMattGl,GBCyl,Cylinder,1/3 oz,
GBCylSwrl9RollShnGl,GBCyl,Cylinder,1/3 oz,
GBCylSwrl9RollShnSl,GBCyl,Cylinder,1/3 oz,
GBCylSwrl9RollMattCu,GBCyl,Cylinder,1/3 oz,
GBCylSwrl9RollShBlk,GBCyl,Cylinder,1/3 oz,
GBCylSwrl9RollWht,GBCyl,Cylinder,1/3 oz,
GBCylSwrl9SpryGl,GBCyl,Cylinder,1/3 oz,
GBCylSwrl9SpryMattSl,GBCyl,Cylinder,1/3 oz,
GBCylSwrl9SpryShSl,GBCyl,Cylinder,1/3 oz,
GBCylSwrl9SpryRd,GBCyl,Cylinder,1/3 oz,
GBCylSwrl9SpryTur,GBCyl,Cylinder,1/3 oz,
LBCylSwrl9LtnMtSl,LBCyl,Cylinder,1/3 oz,
LBCylSwrl9LtnGl,LBCyl,Cylinder,1/3 oz,
GBCyl9MtlRollMattSl,GBCyl,Cylinder,1/3 oz,
GBCyl09MtlRollBlkDot,GBCyl,Cylinder,1/3 oz,
GBCyl09MtlRollSlDot,GBCyl,Cylinder,1/3 oz,
GBCyl09MtlRollPnkDot,GBCyl,Cylinder,1/3 oz,
GBCyl09MtlRollMattGl,GBCyl,Cylinder,1/3 oz,
GBCyl09MtlRollShnGl,GBCyl,Cylinder,1/3 oz,
GBCyl09MtlRollShnSl,GBCyl,Cylinder,1/3 oz,
GBCyl09MtlRollMattCu,GBCyl,Cylinder,1/3 oz,
GBCyl09MtlRollShBlk,GBCyl,Cylinder,1/3 oz,
GBCyl09MtlRollWht,GBCyl,Cylinder,1/3 oz,
GBCyl09RollMattSl,GBCyl,Cylinder,1/3 oz,
GBCyl09RollBlkDot,GBCyl,Cylinder,1/3 oz,
GBCyl09RollSlDot,GBCyl,Cylinder,1/3 oz,
GBCyl09RollPnkDot,GBCyl,Cylinder,1/3 oz,
GBCyl09RollMattGl,GBCyl,Cylinder,1/3 oz,
GBCyl09RollShnGl,GBCyl,Cylinder,1/3 oz,
GBCyl09RollShnSl,GBCyl,Cylinder,1/3 oz,
GBCyl09RollMattCu,GBCyl,Cylinder,1/3 oz,
GBCyl09RollShBlk,GBCyl,Cylinder,1/3 oz,
GBCyl09RollWht,GBCyl,Cylinder,1/3 oz,
GBCyl09SpryGl,GBCyl,Cylinder,1/3 oz,
GBCyl09SpryMattSl,GBCyl,Cylinder,1/3 oz,
GBCyl09SpryBlk,GBCyl,Cylinder,1/3 oz,
GBCyl09SpryShSl,GBCyl,Cylinder,1/3 oz,
GBCyl09SpryRd,GBCyl,Cylinder,1/3 oz,
GBCyl09SpryTur,GBCyl,Cylinder,1/3 oz,
LBCyl09LtnMtSl,LBCyl,Cylinder,1/3 oz,
LBCyl09LtnGl,LBCyl,Cylinder,1/3 oz,
LBCyl09LtnBlk,LBCyl,Cylinder,1/3 oz,
GBCylBlk9MtlRollMattSl,GBCyl,Cylinder,1/3 oz,
GBCylBlk9MtlRollBlkDot,GBCyl,Cylinder,1/3 oz,
GBCylBlk9MtlRollSlDot,GBCyl,Cylinder,1/3 oz,
GBCylBlk9MtlRollPnkDot,GBCyl,Cylinder,1/3 oz,
GBCylBlk9MtlRollMattGl,GBCyl,Cylinder,1/3 oz,
GBCylBlk9MtlRollShnGl,GBCyl,Cylinder,1/3 oz,
GBCylBlk9MtlRollShnSl,GBCyl,Cylinder,1/3 oz,
GBCylBlk9MtlRollMattCu,GBCyl,Cylinder,1/3 oz,
GBCylBlk9MtlRollShBlk,GBCyl,Cylinder,1/3 oz,
GBCylBlk9MtlRollWht,GBCyl,Cylinder,1/3 oz,
GBCylBlk9RollMattSl,GBCyl,Cylinder,1/3 oz,
GBCylBlk9RollBlkDot,GBCyl,Cylinder,1/3 oz,
GBCylBlk9RollSlDot,GBCyl,Cylinder,1/3 oz,
GBCylBlk9RollPnkDot,GBCyl,Cylinder,1/3 oz,
GBCylBlk9RollMattGl,GBCyl,Cylinder,1/3 oz,
GBCylBlk9RollShnGl,GBCyl,Cylinder,1/3 oz,
GBCylBlk9RollShnSl,GBCyl,Cylinder,1/3 oz,
GBCylBlk9RollMattCu,GBCyl,Cylinder,1/3 oz,
GBCylBlk9RollShBlk,GBCyl,Cylinder,1/3 oz,
GBCylBlk9RollWht,GBCyl,Cylinder,1/3 oz,
GBCylBlk9SpryGl,GBCyl,Cylinder,1/3 oz,
GBCylBlk9SpryMattSl,GBCyl,Cylinder,1/3 oz,
GBCylBlk9SpryBlk,GBCyl,Cylinder,1/3 oz,
GBCylBlk9SpryShSl,GBCyl,Cylinder,1/3 oz,
GBCylBlk9SpryRd,GBCyl,Cylinder,1/3 oz,
GBCylBlk9SpryTur,GBCyl,Cylinder,1/3 oz,
LBCylBlk9LtnMtSl,LBCyl,Cylinder,1/3 oz,
LBCylBlk9LtnGl,LBCyl,Cylinder,1/3 oz,
LBCylBlk9LtnBlk,LBCyl,Cylinder,1/3 oz,
GBCrcl30SpryShnGl,GBCrcl,Circle,1oz,
GBCrcl30SpryShSl,GBCrcl,Circle,1oz,
GBCrcl30SpryMattSl,GBCrcl,Circle,1oz,
GBCrcl30SpryMattGl,GBCrcl,Circle,1oz,
GBCrcl30SlCap,GBCrcl,Circle,1oz,
GBCrclFrst30SpryBlk,GBCrcl,Circle,1oz,
GBCrclFrst30SpryShnGl,GBCrcl,Circle,1oz,
GBCrclFrst30SpryShSl,GBCrcl,Circle,1oz,
GBCrclFrst30SpryMattSl,GBCrcl,Circle,1oz,
GBCrclFrst30SpryMattGl,GBCrcl,Circle,1oz,
GBCrclFrst30SlCap,GBCrcl,Circle,1oz,
GBCrclFrst30GlCap,GBCrcl,Circle,1oz,
GBElg030SpryShnGl,GBElg,Elegant,1oz,
GBElg030SpryShSl,GBElg,Elegant,1oz,
GBElg030SpryMattSl,GBElg,Elegant,1oz,
GBElg30SpryMattGl,GBElg,Elegant,1oz,
GBElg030SlCap,GBElg,Elegant,1oz,
GBElg030GlCap,GBElg,Elegant,1oz,
GBElgFrst30SpryShnGl,GBElg,Elegant,1oz,
GBElgFrst30SpryShSl,GBElg,Elegant,1oz,
GBElgFrst30SpryMattSl,GBElg,Elegant,1oz,
GBElgFrst30SpryMattGl,GBElg,Elegant,1oz,
GBElgFrst30SlCap,GBElg,Elegant,1oz,
GBCylAmb5BlkSht,GBCyl,Cylinder,1/6oz,
GBCylAmb5WhtSht,GBCyl,Cylinder,1/6oz,
GBCylAmb5SpryBlkMatt,GBCyl,Cylinder,1/6oz,
GBCylAmb5SpryBlkSh,GBCyl,Cylinder,1/6oz,
GBCylAmb5SpryBluMatt,GBCyl,Cylinder,1/6oz,
GBCylAmb5SpryGlSh,GBCyl,Cylinder,1/6oz,
GBCylAmb5SpryGlMatt,GBCyl,Cylinder,1/6oz,
GBCylAmb5SprySlMatt,GBCyl,Cylinder,1/6oz,
GBCylAmb5SprySlSh,GBCyl,Cylinder,1/6oz,
GBCylAmb5MtlRollSlDot,GBCyl,Cylinder,1/6oz,
GBCylAmb5RollSlDot,GBCyl,Cylinder,1/6oz,
GBCylAmb5MtlRollPinkDot,GBCyl,Cylinder,1/6oz,
GBCylAmb5RollPinkDot,GBCyl,Cylinder,1/6oz,
GBCylAmb5MtlRollSlMatt,GBCyl,Cylinder,1/6oz,
GBCylAmb5RollSlMatt,GBCyl,Cylinder,1/6oz,
GBCylAmb5MtlRollGlMatt,GBCyl,Cylinder,1/6oz,
GBCylAmb5RollGlMatt,GBCyl,Cylinder,1/6oz,
GBCylAmb5MtlRollGlSh,GBCyl,Cylinder,1/6oz,
GBCylAmb5RollGlSh,GBCyl,Cylinder,1/6oz,
GBCylAmb5MtlRollSlSh,GBCyl,Cylinder,1/6oz,
GBCylAmb5RollSlSh,GBCyl,Cylinder,1/6oz,
GBCylAmb5MtlRollCuMatt,GBCyl,Cylinder,1/6oz,
GBCylAmb5RollCuMatt,GBCyl,Cylinder,1/6oz,
GBCylAmb5MtlRollBlkSh,GBCyl,Cylinder,1/6oz,
GBCylAmb5MtlRollBlkSh,GBCyl,Cylinder,1/6oz,
GBCylAmb5MtlRollBlkDot,GBCyl,Cylinder,1/6oz,
GBCylAmb5RollBlkDot,GBCyl,Cylinder,1/6oz,
GBCylAmb5Gl,GBCyl,Cylinder,1/6oz,
GBCylAmb5Sl,GBCyl,Cylinder,1/6oz,
GBCylAmb5SpryCuMatt,GBCyl,Cylinder,1/6oz,
GBCyl5BlkSht,GBCyl,Cylinder,1/6oz,
GBCyl5WhtSht,GBCyl,Cylinder,1/6oz,
GBCyl5SpryBlkSh,GBCyl,Cylinder,1/6oz,
GBCyl5SpryBluMatt,GBCyl,Cylinder,1/6oz,
GBCyl5SpryGlSh,GBCyl,Cylinder,1/6oz,
GBCyl5SpryGlMatt,GBCyl,Cylinder,1/6oz,
GBCyl5SprySlMatt,GBCyl,Cylinder,1/6oz,
GBCyl5SprySlSh,GBCyl,Cylinder,1/6oz,
GBCyl5MtlRollSlDot,GBCyl,Cylinder,1/6oz,
GBCyl5RollSlDot,GBCyl,Cylinder,1/6oz,
GBCyl5MtlRollPinkDot,GBCyl,Cylinder,1/6oz,
GBCyl5RollPinkDot,GBCyl,Cylinder,1/6oz,
GBCyl5MtlRollSlMatt,GBCyl,Cylinder,1/6oz,
GBCyl5RollSlMatt,GBCyl,Cylinder,1/6oz,
GBCyl5MtlRollGlMatt,GBCyl,Cylinder,1/6oz,
GBCyl5RollGlMatt,GBCyl,Cylinder,1/6oz,
GBCyl5MtlRollGlSh,GBCyl,Cylinder,1/6oz,
GBCyl5RollGlSh,GBCyl,Cylinder,1/6oz,
GBCyl5MtlRollSlSh,GBCyl,Cylinder,1/6oz,
GBCyl5RollSlSh,GBCyl,Cylinder,1/6oz,
GBCyl5MtlRollCuMatt,GBCyl,Cylinder,1/6oz,
GBCyl5RollCuMatt,GBCyl,Cylinder,1/6oz,
GBCyl5MtlRollBlkSh,GBCyl,Cylinder,1/6oz,
GBCyl5RollBlkSh,GBCyl,Cylinder,1/6oz,
GBCyl5Gl,GBCyl,Cylinder,1/6oz,
GBCyl5Sl,GBCyl,Cylinder,1/6oz,
GBCyl5SpryCuMatt,GBCyl,Cylinder,1/6oz,
GBCylBlu5BlkSht,GBCyl,Cylinder,1/6oz,
GBCylBlu5WhtSht,GBCyl,Cylinder,1/6oz,
GBCylBlu5SpryBlkMatt,GBCyl,Cylinder,1/6oz,
GBCylBlu5SpryBluMatt,GBCyl,Cylinder,1/6oz,
GBCylBlu5SpryGlSh,GBCyl,Cylinder,1/6oz,
GBCylBlu5SpryGlMatt,GBCyl,Cylinder,1/6oz,
GBCylBlu5SprySlMatt,GBCyl,Cylinder,1/6oz,
GBCylBlu5SprySlSh,GBCyl,Cylinder,1/6oz,
GBCylBlu5MtlRollSlDot,GBCyl,Cylinder,1/6oz,
GBCylBlu5RollSlDot,GBCyl,Cylinder,1/6oz,
GBCylBlu5MtlRollPinkDot,GBCyl,Cylinder,1/6oz,
GBCylBlu5RollPinkDot,GBCyl,Cylinder,1/6oz,
GBCylBlu5MtlRollSlMatt,GBCyl,Cylinder,1/6oz,
GBCylBlu5RollSlMatt,GBCyl,Cylinder,1/6oz,
GBCylBlu5MtlRollGlMatt,GBCyl,Cylinder,1/6oz,
GBCylBlu5RollGlMatt,GBCyl,Cylinder,1/6oz,
GBCylBlu5MtlRollGlSh,GBCyl,Cylinder,1/6oz,
GBCylBlu5RollGlSh,GBCyl,Cylinder,1/6oz,
GBCylBlu5MtlRollSlSh,GBCyl,Cylinder,1/6oz,
GBCylBlu5RollSlSh,GBCyl,Cylinder,1/6oz,
GBCylBlu5MtlRollCuMatt,GBCyl,Cylinder,1/6oz,
GBCylBlu5RollCuMatt,GBCyl,Cylinder,1/6oz,
GBCylBlu5MtlRollBlkSh,GBCyl,Cylinder,1/6oz,
GBCylBlu5RollBlkSh,GBCyl,Cylinder,1/6oz,
GBCylBlu5Gl,GBCyl,Cylinder,1/6oz,
GBCylBlu5Sl,GBCyl,Cylinder,1/6oz,
GBCylBlu5SpryCuMatt,GBCyl,Cylinder,1/6oz,
GBTulipAmb5BlkSht,GBTulip,Cylinder,1/6 oz,
GBTulipAmb5WhtSht,GBTulip,Cylinder,1/6 oz,
GBTulipAmb5SpryBlkSh,GBTulip,Cylinder,1/6 oz,
GBTulipAmb5SpryBluMatt,GBTulip,Cylinder,1/6 oz,
GBTulipAmb5SpryGlSh,GBTulip,Cylinder,1/6 oz,
GBTulipAmb5SpryGlMatt,GBTulip,Cylinder,1/6 oz,
GBTulipAmb5SprySlMatt,GBTulip,Cylinder,1/6 oz,
GBTulipAmb5SprySlSh,GBTulip,Cylinder,1/6 oz,
GBTulipAmb5MtlRollSlDot,GBTulip,Cylinder,1/6 oz,
GBTulipAmb5RollSlDot,GBTulip,Cylinder,1/6 oz,
GBTulipAmb5MtlRollPinkDot,GBTulip,Cylinder,1/6 oz,
GBTulipAmb5RollPinkDot,GBTulip,Cylinder,1/6 oz,
GBTulipAmb5MtlRollSlMatt,GBTulip,Cylinder,1/6 oz,
GBTulipAmb5RollSlMatt,GBTulip,Cylinder,1/6 oz,
GBTulipAmb5MtlRollGlMatt,GBTulip,Cylinder,1/6 oz,
GBTulipAmb5RollGlMatt,GBTulip,Cylinder,1/6 oz,
GBTulipAmb5MtlRollGlSh,GBTulip,Cylinder,1/6 oz,
GBTulipAmb5RollGlSh,GBTulip,Cylinder,1/6 oz,
GBTulipAmb5MtlRollSlSh,GBTulip,Cylinder,1/6 oz,
GBTulipAmb5RollSlSh,GBTulip,Cylinder,1/6 oz,
GBTulipAmb5MtlRollCuMatt,GBTulip,Cylinder,1/6 oz,
GBTulipAmb5RollCuMatt,GBTulip,Cylinder,1/6 oz,
GBTulipAmb5MtlRollBlkSh,GBTulip,Cylinder,1/6 oz,
GBTulipAmb5RollBlkSh,GBTulip,Cylinder,1/6 oz,
GBTulipAmb5Gl,GBTulip,Cylinder,1/6 oz,
GBTulipAmb5Sl,GBTulip,Cylinder,1/6 oz,
GBTulipAmb5SpryCuMatt,GBTulip,Cylinder,1/6 oz,
GBSleek5BlkSht,GBSleek,Sleek,1/6oz,
GBSleek5WhtSht,GBSleek,Sleek,1/6oz,
GBSleek5SpryBlkSh,GBSleek,Sleek,1/6oz,
GBSleek5SpryBluMatt,GBSleek,Sleek,1/6oz,
GBSleek5SpryGlSh,GBSleek,Sleek,1/6oz,
GBSleek5SpryGlMatt,GBSleek,Sleek,1/6oz,
GBSleek5SprySlMatt,GBSleek,Sleek,1/6oz,
GBSleek5SprySlSh,GBSleek,Sleek,1/6oz,
GBSleek5MtlRollSlDot,GBSleek,Sleek,1/6oz,
GBSleek5RollSlDot,GBSleek,Sleek,1/6oz,
GBSleek5MtlRollPinkDot,GBSleek,Sleek,1/6oz,
GBSleek5RollPinkDot,GBSleek,Sleek,1/6oz,
GBSleek5MtlRollSlMatt,GBSleek,Sleek,1/6oz,
GBSleek5RollSlMatt,GBSleek,Sleek,1/6oz,
GBSleek5MtlRollGlMatt,GBSleek,Sleek,1/6oz,
GBSleek5RollGlMatt,GBSleek,Sleek,1/6oz,
GBSleek5MtlRollGlSh,GBSleek,Sleek,1/6oz,
GBSleek5RollGlSh,GBSleek,Sleek,1/6oz,
GBSleek5MtlRollSlSh,GBSleek,Sleek,1/6oz,
GBSleek5RollSlSh,GBSleek,Sleek,1/6oz,
GBSleek5MtlRollCuMatt,GBSleek,Sleek,1/6oz,
GBSleek5RollCuMatt,GBSleek,Sleek,1/6oz,
GBSleek5MtlRollBlkSh,GBSleek,Sleek,1/6oz,
GBSleek5RollBlkSh,GBSleek,Sleek,1/6oz,
GBSleek5Gl,GBSleek,Sleek,1/6oz,
GBSleek5Sl,GBSleek,Sleek,1/6oz,
GBSleek5SpryCuMatt,GBSleek,Sleek,1/6oz,
GBSleek8BlkSht,GBSleek,Sleek,1/3oz,
GBSleek8WhtSht,GBSleek,Sleek,1/3oz,
GBSleek8SpryBlkSh,GBSleek,Sleek,1/3oz,
GBSleek8SpryBluMatt,GBSleek,Sleek,1/3oz,
GBSleek8SpryGlSh,GBSleek,Sleek,1/3oz,
GBSleek8SpryGlMatt,GBSleek,Sleek,1/3oz,
GBSleek8SprySlMatt,GBSleek,Sleek,1/3oz,
GBSleek8SprySlSh,GBSleek,Sleek,1/3oz,
GBSleek8MtlRollSlDot,GBSleek,Sleek,1/3oz,
GBSleek8RollSlDot,GBSleek,Sleek,1/3oz,
GBSleek8MtlRollPinkDot,GBSleek,Sleek,1/3oz,
GBSleek8RollPinkDot,GBSleek,Sleek,1/3oz,
GBSleek8MtlRollSlMatt,GBSleek,Sleek,1/3oz,
GBSleek8RollSlMatt,GBSleek,Sleek,1/3oz,
GBSleek8MtlRollGlMatt,GBSleek,Sleek,1/3oz,
GBSleek8RollGlMatt,GBSleek,Sleek,1/3oz,
GBSleek8MtlRollGlSh,GBSleek,Sleek,1/3oz,
GBSleek8RollGlSh,GBSleek,Sleek,1/3oz,
GBSleek8MtlRollSlSh,GBSleek,Sleek,1/3oz,
GBSleek8RollSlSh,GBSleek,Sleek,1/3oz,
GBSleek8MtlRollCuMatt,GBSleek,Sleek,1/3oz,
GBSleek8RollCuMatt,GBSleek,Sleek,1/3oz,
GBSleek8MtlRollBlkSh,GBSleek,Sleek,1/3oz,
GBSleek8RollBlkSh,GBSleek,Sleek,1/3oz,
GBSleek8Gl,GBSleek,Sleek,1/3oz,
GBSleek8Sl,GBSleek,Sleek,1/3oz,
GBSleek8SpryCuMatt,GBSleek,Sleek,1/3oz,
GBBell12BlkSht,GBBell,Cylinder,1/2oz,
GBBell12WhtSht,GBBell,Cylinder,1/2oz,
GBBell12SpryBlkMatt,GBBell,Cylinder,1/2oz,
GBBell12SpryBlkSh,GBBell,Cylinder,1/2oz,
GBBell12SpryBluMatt,GBBell,Cylinder,1/2oz,
GBBell12SpryGlSh,GBBell,Cylinder,1/2oz,
GBBell12SpryGlMatt,GBBell,Cylinder,1/2oz,
GBBell12SprySlMatt,GBBell,Cylinder,1/2oz,
GBBell12SprySlSh,GBBell,Cylinder,1/2oz,
GBBell12MtlRollSlDot,GBBell,Cylinder,1/2oz,
GBBell12RollSlDot,GBBell,Cylinder,1/2oz,
GBBell12MtlRollPinkDot,GBBell,Cylinder,1/2oz,
GBBell12RollPinkDot,GBBell,Cylinder,1/2oz,
GBBell12MtlRollSlMatt,GBBell,Cylinder,1/2oz,
GBBell12RollSlMatt,GBBell,Cylinder,1/2oz,
GBBell12MtlRollGlMatt,GBBell,Cylinder,1/2oz,
GBBell12RollGlMatt,GBBell,Cylinder,1/2oz,
GBBell12MtlRollGlSh,GBBell,Cylinder,1/2oz,
GBBell12RollGlSh,GBBell,Cylinder,1/2oz,
GBBell12MtlRollSlSh,GBBell,Cylinder,1/2oz,
GBBell12RollSlSh,GBBell,Cylinder,1/2oz,
GBBell12MtlRollCuMatt,GBBell,Cylinder,1/2oz,
GBBell12RollCuMatt,GBBell,Cylinder,1/2oz,
GBBell12MtlRollBlkSh,GBBell,Cylinder,1/2oz,
GBBell12RollBlkSh,GBBell,Cylinder,1/2oz,
GBBell12MtlRollBlkDot,GBBell,Cylinder,1/2oz,
GBBell12RollBlkDot,GBBell,Cylinder,1/2oz,
GBBell12Gl,GBBell,Cylinder,1/2oz,
GBBell12Sl,GBBell,Cylinder,1/2oz,
GBBell12SpryCuMatt,GBBell,Cylinder,1/2oz,
GBElg15BlkSht,GBElg,Elegant,1/2oz,
GBElg15WhtSht,GBElg,Elegant,1/2oz,
GBElg15SpryBlkSh,GBElg,Elegant,1/2oz,
GBElg15SpryBluMatt,GBElg,Elegant,1/2oz,
GBElg15SpryGlSh,GBElg,Elegant,1/2oz,
GBElg15SpryGlMatt,GBElg,Elegant,1/2oz,
GBElg15SprySlMatt,GBElg,Elegant,1/2oz,
GBElg15SprySlSh,GBElg,Elegant,1/2oz,
GBElg15MtlRollSlDot,GBElg,Elegant,1/2oz,
GBElg15RollSlDot,GBElg,Elegant,1/2oz,
GBElg15MtlRollPinkDot,GBElg,Elegant,1/2oz,
GBElg15RollPinkDot,GBElg,Elegant,1/2oz,
GBElg15MtlRollSlMatt,GBElg,Elegant,1/2oz,
GBElg15RollSlMatt,GBElg,Elegant,1/2oz,
GBElg15MtlRollGlMatt,GBElg,Elegant,1/2oz,
GBElg15RollGlMatt,GBElg,Elegant,1/2oz,
GBElg15MtlRollGlSh,GBElg,Elegant,1/2oz,
GBElg15RollGlSh,GBElg,Elegant,1/2oz,
GBElg15MtlRollSlSh,GBElg,Elegant,1/2oz,
GBElg15RollSlSh,GBElg,Elegant,1/2oz,
GBElg15MtlRollCuMatt,GBElg,Elegant,1/2oz,
GBElg15RollCuMatt,GBElg,Elegant,1/2oz,
GBElg15MtlRollBlkSh,GBElg,Elegant,1/2oz,
GBElg15RollBlkSh,GBElg,Elegant,1/2oz,
GBElg15Gl,GBElg,Elegant,1/2oz,
GBElg15Sl,GBElg,Elegant,1/2oz,
GBElg15SpryCuMatt,GBElg,Elegant,1/2oz,
GBQueen10BlkSht,GBQueen,Vial,1/3oz,
GBQueen10WhtSht,GBQueen,Vial,1/3oz,
GBQueen10SpryBlkMatt,GBQueen,,1/3oz,
GBQueen10SpryBlkSh,GBQueen,,1/3oz,
GBQueen10SpryBluMatt,GBQueen,,1/3oz,
GBQueen10SpryGlSh,GBQueen,,1/3oz,
GBQueen10SpryGlMatt,GBQueen,,1/3oz,
GBQueen10SprySlMatt,GBQueen,,1/3oz,
GBQueen10SprySlSh,GBQueen,,1/3oz,
GBQueen10MtlRollSlDot,GBQueen,,1/3oz,
GBQueen10RollSlDot,GBQueen,,1/3oz,
GBQueen10MtlRollPinkDot,GBQueen,,1/3oz,
GBQueen10RollPinkDot,GBQueen,,1/3oz,
GBQueen10MtlRollSlMatt,GBQueen,,1/3oz,
GBQueen10RollSlMatt,GBQueen,,1/3oz,
GBQueen10MtlRollGlMatt,GBQueen,,1/3oz,
GBQueen10RollGlMatt,GBQueen,,1/3oz,
GBQueen10MtlRollGlSh,GBQueen,,1/3oz,
GBQueen10RollGlSh,GBQueen,,1/3oz,
GBQueen10MtlRollSlSh,GBQueen,,1/3oz,
GBQueen10RollSlSh,GBQueen,,1/3oz,
GBQueen10MtlRollCuMatt,GBQueen,,1/3oz,
GBQueen10RollCuMatt,GBQueen,,1/3oz,
GBQueen10MtlRollBlkSh,GBQueen,,1/3oz,
GBQueen10RollBlkSh,GBQueen,,1/3oz,
GBQueen10MtlRollBlkDot,GBQueen,,1/3oz,
GBQueen10RollBlkDot,GBQueen,,1/3oz,
GBQueen10Gl,GBQueen,Vial,1/3oz,
GBQueen10Sl,GBQueen,Vial,1/3oz,
GBQueen10SpryCuMatt,GBQueen,,1/3oz,
GBRoyal13BlkSht,GBRoyal,Vial,1/2oz,
GBRoyal13WhtSht,GBRoyal,Vial,1/2oz,
GBRoyal13SpryBlkMatt,GBRoyal,,1/2oz,
GBRoyal13SpryBluMatt,GBRoyal,,1/2oz,
GBRoyal13SpryGlSh,GBRoyal,,1/2oz,
GBRoyal13SpryGlMatt,GBRoyal,,1/2oz,
GBRoyal13SprySlMatt,GBRoyal,,1/2oz,
GBRoyal13SprySlSh,GBRoyal,,1/2oz,
GBRoyal13MtlRollSlDot,GBRoyal,,1/2oz,
GBRoyal13RollSlDot,GBRoyal,,1/2oz,
GBRoyal13MtlRollPinkDot,GBRoyal,,1/2oz,
GBRoyal13RollPinkDot,GBRoyal,,1/2oz,
GBRoyal13MtlRollSlMatt,GBRoyal,,1/2oz,
GBRoyal13RollSlMatt,GBRoyal,,1/2oz,
GBRoyal13MtlRollGlMatt,GBRoyal,,1/2oz,
GBRoyal13RollGlMatt,GBRoyal,,1/2oz,
GBRoyal13MtlRollGlSh,GBRoyal,,1/2oz,
GBRoyal13RollGlSh,GBRoyal,,1/2oz,
GBRoyal13MtlRollSlSh,GBRoyal,,1/2oz,
GBRoyal13RollSlSh,GBRoyal,,1/2oz,
GBRoyal13MtlRollCuMatt,GBRoyal,,1/2oz,
GBRoyal13RollCuMatt,GBRoyal,,1/2oz,
GBRoyal13MtlRollBlkSh,GBRoyal,,1/2oz,
GBRoyal13RollBlkSh,GBRoyal,,1/2oz,
GBRoyal13Gl,GBRoyal,Vial,1/2oz,
GBRoyal13Sl,GBRoyal,Vial,1/2oz,
GBRoyal13SpryCuMatt,GBRoyal,,1/2oz,
GBFlair15BlkSht,GBFlair,Vial,1/2oz,
GBFlair15WhtSht,GBFlair,Vial,1/2oz,
GBFlair15SpryBlkSh,GBFlair,,1/2oz,
GBFlair15SpryBluMatt,GBFlair,,1/2oz,
GBFlair15SpryGlSh,GBFlair,,1/2oz,
GBFlair15SpryGlMatt,GBFlair,,1/2oz,
GBFlair15SprySlMatt,GBFlair,,1/2oz,
GBFlair15SprySlSh,GBFlair,,1/2oz,
GBFlair15MtlRollSlDot,GBFlair,,1/2oz,
GBFlair15RollSlDot,GBFlair,,1/2oz,
GBFlair15MtlRollPinkDot,GBFlair,,1/2oz,
GBFlair15RollPinkDot,GBFlair,,1/2oz,
GBFlair15MtlRollSlMatt,GBFlair,,1/2oz,
GBFlair15RollSlMatt,GBFlair,,1/2oz,
GBFlair15MtlRollGlMatt,GBFlair,,1/2oz,
GBFlair15RollGlMatt,GBFlair,,1/2oz,
GBFlair15MtlRollGlSh,GBFlair,,1/2oz,
GBFlair15RollGlSh,GBFlair,,1/2oz,
GBFlair15MtlRollSlSh,GBFlair,,1/2oz,
GBFlair15RollSlSh,GBFlair,,1/2oz,
GBFlair15MtlRollCuMatt,GBFlair,,1/2oz,
GBFlair15RollCuMatt,GBFlair,,1/2oz,
GBFlair15MtlRollBlkSh,GBFlair,,1/2oz,
GBFlair15RollBlkSh,GBFlair,,1/2oz,
GBFlair15Gl,GBFlair,Vial,1/2oz,
GBFlair15Sl,GBFlair,Vial,1/2oz,
GBFlair15SpryCuMatt,GBFlair,,1/2oz,
GBSqr15BlkSht,GBSqr,Vial,1/2oz,
GBSqr15WhtSht,GBSqr,Vial,1/2oz,
GBSqr15SpryBlkMatt,GBSqr,,1/2oz,
GBSqr15SpryBluMatt,GBSqr,,1/2oz,
GBSqr15SpryGlSh,GBSqr,,1/2oz,
GBSqr15SpryGlMatt,GBSqr,,1/2oz,
GBSqr15SprySlMatt,GBSqr,,1/2oz,
GBSqr15SprySlSh,GBSqr,,1/2oz,
GBSqr15MtlRollSlDot,GBSqr,,1/2oz,
GBSqr15RollSlDot,GBSqr,,1/2oz,
GBSqr15MtlRollPinkDot,GBSqr,,1/2oz,
GBSqr15RollPinkDot,GBSqr,,1/2oz,
GBSqr15MtlRollSlMatt,GBSqr,,1/2oz,
GBSqr15RollSlMatt,GBSqr,,1/2oz,
GBSqr15MtlRollGlMatt,GBSqr,,1/2oz,
GBSqr15RollGlMatt,GBSqr,,1/2oz,
GBSqr15MtlRollGlSh,GBSqr,,1/2oz,
GBSqr15RollGlSh,GBSqr,,1/2oz,
GBSqr15MtlRollSlSh,GBSqr,,1/2oz,
GBSqr15RollSlSh,GBSqr,,1/2oz,
GBSqr15MtlRollCuMatt,GBSqr,,1/2oz,
GBSqr15RollCuMatt,GBSqr,,1/2oz,
GBSqr15MtlRollBlkSh,GBSqr,,1/2oz,
GBSqr15RollBlkSh,GBSqr,,1/2oz,
GBSqr15Gl,GBSqr,Vial,1/2oz,
GBSqr15Sl,GBSqr,Vial,1/2oz,
GBSqr15SpryCuMatt,GBSqr,,1/2oz,
GBTallCyl9BlkSht,GBTallCyl,Cylinder,1/3oz,
GBTallCyl9WhtSht,GBTallCyl,Cylinder,1/3oz,
GBTallCyl9SpryBlkSh,GBTallCyl,Cylinder,1/3oz,
GBTallCyl9SpryBluMatt,GBTallCyl,Cylinder,1/3oz,
GBTallCyl9SpryGlSh,GBTallCyl,Cylinder,1/3oz,
GBTallCyl9SpryGlMatt,GBTallCyl,Cylinder,1/3oz,
GBTallCyl9SprySlMatt,GBTallCyl,Cylinder,1/3oz,
GBTallCyl9SprySlSh,GBTallCyl,Cylinder,1/3oz,
GBTallCyl9MtlRollSlDot,GBTallCyl,Cylinder,1/3oz,
GBTallCyl9RollSlDot,GBTallCyl,Cylinder,1/3oz,
GBTallCyl9MtlRollPinkDot,GBTallCyl,Cylinder,1/3oz,
GBTallCyl9RollPinkDot,GBTallCyl,Cylinder,1/3oz,
GBTallCyl9MtlRollSlMatt,GBTallCyl,Cylinder,1/3oz,
GBTallCyl9RollSlMatt,GBTallCyl,Cylinder,1/3oz,
GBTallCyl9MtlRollGlMatt,GBTallCyl,Cylinder,1/3oz,
GBTallCyl9RollGlMatt,GBTallCyl,Cylinder,1/3oz,
GBTallCyl9MtlRollGlSh,GBTallCyl,Cylinder,1/3oz,
GBTallCyl9RollGlSh,GBTallCyl,Cylinder,1/3oz,
GBTallCyl9MtlRollSlSh,GBTallCyl,Cylinder,1/3oz,
GBTallCyl9RollSlSh,GBTallCyl,Cylinder,1/3oz,
GBTallCyl9MtlRollCuMatt,GBTallCyl,Cylinder,1/3oz,
GBTallCyl9RollCuMatt,GBTallCyl,Cylinder,1/3oz,
GBTallCyl9MtlRollBlkSh,GBTallCyl,Cylinder,1/3oz,
GBTallCyl9RollBlkSh,GBTallCyl,Cylinder,1/3oz,
GBTallCyl9Gl,GBTallCyl,Cylinder,1/3oz,
GBTallCyl9Sl,GBTallCyl,Cylinder,1/3oz,
GBTallCyl9SpryCuMatt,GBTallCyl,Cylinder,1/3oz,
GBDaisy10BlkSht,GBDaisy,Vial,1/3oz,
GBDaisy10WhtSht,GBDaisy,Vial,1/3oz,
GBDaisy10SpryBlkMatt,GBDaisy,,1/3oz,
GBDaisy10SpryBlkSh,GBDaisy,,1/3oz,
GBDaisy10SpryBluMatt,GBDaisy,,1/3oz,
GBDaisy10SpryGlSh,GBDaisy,,1/3oz,
GBDaisy10SpryGlMatt,GBDaisy,,1/3oz,
GBDaisy10SprySlMatt,GBDaisy,,1/3oz,
GBDaisy10SprySlSh,GBDaisy,,1/3oz,
GBDaisy10MtlRollSlDot,GBDaisy,,1/3oz,
GBDaisy10RollSlDot,GBDaisy,,1/3oz,
GBDaisy10MtlRollPinkDot,GBDaisy,,1/3oz,
GBDaisy10RollPinkDot,GBDaisy,,1/3oz,
GBDaisy10MtlRollSlMatt,GBDaisy,,1/3oz,
GBDaisy10RollSlMatt,GBDaisy,,1/3oz,
GBDaisy10MtlRollGlMatt,GBDaisy,,1/3oz,
GBDaisy10RollGlMatt,GBDaisy,,1/3oz,
GBDaisy10MtlRollGlSh,GBDaisy,,1/3oz,
GBDaisy10RollGlSh,GBDaisy,,1/3oz,
GBDaisy10MtlRollSlSh,GBDaisy,,1/3oz,
GBDaisy10RollSlSh,GBDaisy,,1/3oz,
GBDaisy10MtlRollCuMatt,GBDaisy,,1/3oz,
GBDaisy10RollCuMatt,GBDaisy,,1/3oz,
GBDaisy10MtlRollBlkSh,GBDaisy,,1/3oz,
GBDaisy10RollBlkSh,GBDaisy,,1/3oz,
GBDaisy10MtlRollBlkDot,GBDaisy,,1/3oz,
GBDaisy10RollBlkDot,GBDaisy,,1/3oz,
GBDaisy10Gl,GBDaisy,Vial,1/3oz,
GBDaisy10Sl,GBDaisy,Vial,1/3oz,
GBDaisy10SpryCuMatt,GBDaisy,,1/3oz,
GBRect15BlkSht,GBRect,Vial,1/2oz,
GBRect15WhtSht,GBRect,Vial,1/2oz,
GBRect15SpryBlkMatt,GBRect,,1/2oz,
GBRect15SpryBlkSh,GBRect,,1/2oz,
GBRect15SpryBluMatt,GBRect,,1/2oz,
GBRect15SpryGlSh,GBRect,,1/2oz,
GBRect15SpryGlMatt,GBRect,,1/2oz,
GBRect15SprySlMatt,GBRect,,1/2oz,
GBRect15SprySlSh,GBRect,,1/2oz,
GBRect15MtlRollSlDot,GBRect,,1/2oz,
GBRect15RollSlDot,GBRect,,1/2oz,
GBRect15MtlRollPinkDot,GBRect,,1/2oz,
GBRect15RollPinkDot,GBRect,,1/2oz,
GBRect15MtlRollSlMatt,GBRect,,1/2oz,
GBRect15RollSlMatt,GBRect,,1/2oz,
GBRect15MtlRollGlMatt,GBRect,,1/2oz,
GBRect15RollGlMatt,GBRect,,1/2oz,
GBRect15MtlRollGlSh,GBRect,,1/2oz,
GBRect15RollGlSh,GBRect,,1/2oz,
GBRect15MtlRollSlSh,GBRect,,1/2oz,
GBRect15RollSlSh,GBRect,,1/2oz,
GBRect15MtlRollCuMatt,GBRect,,1/2oz,
GBRect15RollCuMatt,GBRect,,1/2oz,
GBRect15MtlRollBlkSh,GBRect,,1/2oz,
GBRect15RollBlkSh,GBRect,,1/2oz,
GBRect15MtlRollBlkDot,GBRect,,1/2oz,
GBRect15RollBlkDot,GBRect,,1/2oz,
GBRect15Gl,GBRect,Vial,1/2oz,
GBRect15Sl,GBRect,Vial,1/2oz,
GBRect15SpryCuMatt,GBRect,,1/2oz,
GBTallRect10BlkSht,GBTallRect,Vial,1/3oz,
GBTallRect10WhtSht,GBTallRect,Vial,1/3oz,
GBTallRect10SpryBlkSh,GBTallRect,,1/3oz,
GBTallRect10SpryBluMatt,GBTallRect,,1/3oz,
GBTallRect10SpryGlSh,GBTallRect,,1/3oz,
GBTallRect10SpryGlMatt,GBTallRect,,1/3oz,
GBTallRect10SprySlMatt,GBTallRect,,1/3oz,
GBTallRect10SprySlSh,GBTallRect,,1/3oz,
GBTallRect10MtlRollSlDot,GBTallRect,,1/3oz,
GBTallRect10RollSlDot,GBTallRect,,1/3oz,
GBTallRect10MtlRollPinkDot,GBTallRect,,1/3oz,
GBTallRect10RollPinkDot,GBTallRect,,1/3oz,
GBTallRect10MtlRollSlMatt,GBTallRect,,1/3oz,
GBTallRect10RollSlMatt,GBTallRect,,1/3oz,
GBTallRect10MtlRollGlMatt,GBTallRect,,1/3oz,
GBTallRect10RollGlMatt,GBTallRect,,1/3oz,
GBTallRect10MtlRollGlSh,GBTallRect,,1/3oz,
GBTallRect10RollGlSh,GBTallRect,,1/3oz,
GBTallRect10MtlRollSlSh,GBTallRect,,1/3oz,
GBTallRect10RollSlSh,GBTallRect,,1/3oz,
GBTallRect10MtlRollCuMatt,GBTallRect,,1/3oz,
GBTallRect10RollCuMatt,GBTallRect,,1/3oz,
GBTallRect10MtlRollBlkSh,GBTallRect,,1/3oz,
GBTallRect10RollBlkSh,GBTallRect,,1/3oz,
GBTallRect10Gl,GBTallRect,Vial,1/3oz,
GBTallRect10Sl,GBTallRect,Vial,1/3oz,
GBTallRect10SpryCuMatt,GBTallRect,,1/3oz,
GBCrcl15BlkSht,GBCrcl,Circle,1/2oz,
GBCrcl15WhtSht,GBCrcl,Circle,1/2oz,
GBCrcl15SpryBlkSh,GBCrcl,Circle,1/2oz,
GBCrcl15SpryBluMatt,GBCrcl,Circle,1/2oz,
GBCrcl15SpryGlSh,GBCrcl,Circle,1/2oz,
GBCrcl15SpryGlMatt,GBCrcl,Circle,1/2oz,
GBCrcl15SprySlMatt,GBCrcl,Circle,1/2oz,
GBCrcl15SprySlSh,GBCrcl,Circle,1/2oz,
GBCrcl15MtlRollSlDot,GBCrcl,Circle,1/2oz,
GBCrcl15RollSlDot,GBCrcl,Circle,1/2oz,
GBCrcl15MtlRollPinkDot,GBCrcl,Circle,1/2oz,
GBCrcl15RollPinkDot,GBCrcl,Circle,1/2oz,
GBCrcl15MtlRollSlMatt,GBCrcl,Circle,1/2oz,
GBCrcl15RollSlMatt,GBCrcl,Circle,1/2oz,
GBCrcl15MtlRollGlMatt,GBCrcl,Circle,1/2oz,
GBCrcl15RollGlMatt,GBCrcl,Circle,1/2oz,
GBCrcl15MtlRollGlSh,GBCrcl,Circle,1/2oz,
GBCrcl15RollGlSh,GBCrcl,Circle,1/2oz,
GBCrcl15MtlRollSlSh,GBCrcl,Circle,1/2oz,
GBCrcl15RollSlSh,GBCrcl,Circle,1/2oz,
GBCrcl15MtlRollCuMatt,GBCrcl,Circle,1/2oz,
GBCrcl15RollCuMatt,GBCrcl,Circle,1/2oz,
GBCrcl15MtlRollBlkSh,GBCrcl,Circle,1/2oz,
GBCrcl15RollBlkSh,GBCrcl,Circle,1/2oz,
GBCrcl15Gl,GBCrcl,Circle,1/2oz,
GBCrcl15Sl,GBCrcl,Circle,1/2oz,
GBCrcl15SpryCuMatt,GBCrcl,Circle,1/2oz,
GBRect10BlkSht,GBRect,Vial,1/3oz,
GBRect10WhtSht,GBRect,Vial,1/3oz,
GBRect10SpryBlkSh,GBRect,,1/3oz,
GBRect10SpryBluMatt,GBRect,,1/3oz,
GBRect10SpryGlSh,GBRect,,1/3oz,
GBRect10SpryGlMatt,GBRect,,1/3oz,
GBRect10SprySlMatt,GBRect,,1/3oz,
GBRect10SprySlSh,GBRect,,1/3oz,
GBRect10MtlRollSlDot,GBRect,,1/3oz,
GBRect10RollSlDot,GBRect,,1/3oz,
GBRect10MtlRollPinkDot,GBRect,,1/3oz,
GBRect10RollPinkDot,GBRect,,1/3oz,
GBRect10MtlRollSlMatt,GBRect,,1/3oz,
GBRect10RollSlMatt,GBRect,,1/3oz,
GBRect10MtlRollGlMatt,GBRect,,1/3oz,
GBRect10RollGlMatt,GBRect,,1/3oz,
GBRect10MtlRollGlSh,GBRect,,1/3oz,
GBRect10RollGlSh,GBRect,,1/3oz,
GBRect10MtlRollSlSh,GBRect,,1/3oz,
GBRect10RollSlSh,GBRect,,1/3oz,
GBRect10MtlRollCuMatt,GBRect,,1/3oz,
GBRect10RollCuMatt,GBRect,,1/3oz,
GBRect10MtlRollBlkSh,GBRect,,1/3oz,
GBRect10RollBlkSh,GBRect,,1/3oz,
GBRect10Gl,GBRect,Vial,1/3oz,
GBRect10Sl,GBRect,Vial,1/3oz,
GBRect10SpryCuMatt,GBRect,,1/3oz,
GBTulip6BlkSht,GBTulip,Cylinder,1/5oz,
GBTulip6WhtSht,GBTulip,Cylinder,1/5oz,
GBTulip6SpryBlkMatt,GBTulip,Cylinder,1/5oz,
GBTulip6SpryBluMatt,GBTulip,Cylinder,1/5oz,
GBTulip6SpryGlSh,GBTulip,Cylinder,1/5oz,
GBTulip6SpryGlMatt,GBTulip,Cylinder,1/5oz,
GBTulip6SprySlMatt,GBTulip,Cylinder,1/5oz,
GBTulip6SprySlSh,GBTulip,Cylinder,1/5oz,
GBTulip6MtlRollSlDot,GBTulip,Cylinder,1/5oz,
GBTulip6RollSlDot,GBTulip,Cylinder,1/5oz,
GBTulip6MtlRollPinkDot,GBTulip,Cylinder,1/5oz,
GBTulip6RollPinkDot,GBTulip,Cylinder,1/5oz,
GBTulip6MtlRollSlMatt,GBTulip,Cylinder,1/5oz,
GBTulip6RollSlMatt,GBTulip,Cylinder,1/5oz,
GBTulip6MtlRollGlMatt,GBTulip,Cylinder,1/5oz,
GBTulip6RollGlMatt,GBTulip,Cylinder,1/5oz,
GBTulip6MtlRollGlSh,GBTulip,Cylinder,1/5oz,
GBTulip6RollGlSh,GBTulip,Cylinder,1/5oz,
GBTulip6MtlRollSlSh,GBTulip,Cylinder,1/5oz,
GBTulip6RollSlSh,GBTulip,Cylinder,1/5oz,
GBTulip6MtlRollCuMatt,GBTulip,Cylinder,1/5oz,
GBTulip6RollCuMatt,GBTulip,Cylinder,1/5oz,
GBTulip6MtlRollBlkSh,GBTulip,Cylinder,1/5oz,
GBTulip6RollBlkSh,GBTulip,Cylinder,1/5oz,
GBTulip6Gl,GBTulip,Cylinder,1/5oz,
GBTulip6Sl,GBTulip,Cylinder,1/5oz,
GBTulip6SpryCuMatt,GBTulip,Cylinder,1/5oz,
GBVialAmb1DrmBlackCapSht,GBVial,Vial,,
GBVialAmb1DrmBlkDropper,GBVial,Vial,,
GBVialAmb1DrmWhtCapSht,GBVial,Vial,,
GBVialBlu1DrmBlackCapSht,GBVial,Vial,,
GBVialBlu1DrmBlkDropper,GBVial,Vial,,
GBVialBlu1DrmWhtCapSht,GBVial,Vial,,
GBVialGr1DrmBlackCapSht,GBVial,Vial,,
GBVialGr1DrmBlkDropper,GBVial,Vial,,
GBVialGr1DrmWhtCapSht,GBVial,Vial,,
GBVial1DrmBlackCapSht,GBVial,Vial,,
GBVial01DrmBlkDropper,GBVial,Vial,,
GBVial01DrmWhtCapSht,GBVial,Vial,,
GBVialGreen2o3BlackCapSht,GBVial,Vial,,
GBVialGreen2o3WhtCapSht,GBVial,Vial,,
GBVialBlu2o3BlackCapSht,GBVial,Vial,,
GBVialBlu2o3WhtCapSht,GBVial,Vial,,
GBVialAmb1o5BlackCapSht,GBVial,Vial,,
GBVialAmb2BlackCap,GBVial,Vial,0.07 oz,
GBVialAmb2WhtCap,GBVial,Vial,0.07 oz,
GBVialClr2mlWhtCap,GBVial,Vial,0.07 oz,
GBElg5Blk,GBElg,Elegant,1/6oz,
GBElg05BlkSht,GBElg,Elegant,1/6oz,
GBElg05Gl,GBElg,Elegant,1/6oz,
GBElg05Sl,GBElg,Elegant,1/6oz,
GBElg05WhtSht,GBElg,Elegant,1/6oz,
GBAtom5Pnk,GBAtom,Cylinder,1/6oz,
GBAtom5SlHearts,GBAtom,Heart,1/6oz,
GBAtom10Lv,GBAtom,Cylinder,1/3oz,
GBAtom10PnkDot,GBAtom,Cylinder,1/3oz,
GBAtom10SlHearts,GBAtom,Heart,1/3oz,
GBHeartFrst4TslBlu,GBHeart,Heart,1/7oz,
GBHeartFrst4KeySl,GBHeart,Heart,1/7oz,
GBHeart4TslBlu,GBHeart,Heart,1/7oz,
GBHeart4KeyGld,GBHeart,Heart,1/7oz,
GBHeart4KeySl,GBHeart,Heart,1/7oz,
GBHeart4TslRed,GBHeart,Heart,1/7oz,
GBHeartBlue5TslBlu,GBHeart,Heart,0.17oz,
GBHeartBlue5KeyGld,GBHeart,Heart,0.17oz,
GBHeartBlue5KeySl,GBHeart,Heart,0.17oz,
GBHeartBlue5TslRed,GBHeart,Heart,0.17oz,
GBHeartFrst10TslBlu,GBHeart,Heart,1/3oz,
GBHeartFrst10KeyGld,GBHeart,Heart,1/3oz,
GBHeartFrst10KeySl,GBHeart,Heart,1/3oz,
GBHeartFrst10TslRed,GBHeart,Heart,1/3oz,
GBHeartBluFrst10TslBlu,GBHeart,Heart,1/3oz,
GBHeartBluFrst10KeyGld,GBHeart,Heart,1/3oz,
GBHeartBluFrst10KeySl,GBHeart,Heart,1/3oz,
GBHeartBluFrst10TslRed,GBHeart,Heart,1/3oz,
GB15ApthBlue,GBApth,Apothecary,1/2oz,
GB15Apth,GBApth,Apothecary,1/2oz,
GB15ApthGreen,GBApth,Apothecary,1/2oz,
GB1ozApthBlue,GBApth,Apothecary,1oz,
GB1ozApth,GBApth,Apothecary,1oz,
GB1ozApthGreen,GBApth,Apothecary,1oz,
GB4ozApthBlue,GBApth,Apothecary,4oz,
GB4ozApthClear,GBApth,Apothecary,4oz,
GB4ozApthGreen,GBApth,Apothecary,4oz,
GB4ozApthPearBlue,GBApth,Apothecary,4oz,
GB4ozApthPearClear,GBApth,Apothecary,4oz,
GB4ozApthRoundBlue,GBApth,Round,4oz,
GB4ozApthRound,GBApth,Round,4oz,
GB10ozApthBlue,GBApth,Apothecary,10oz,
GB10ozApthClear,GBApth,Apothecary,10oz,
GB10ozApthGreen,GBApth,Apothecary,10oz,
GB2ozApthBlue,GBApth,Apothecary,2oz,
GB2ozApth,GBApth,Apothecary,2oz,
GB2ozApthGreen,GBApth,Apothecary,2oz,
Alu125mlLotionPumpWhite,ALUAlu,Cylinder,4oz,
Alu125mlLotionPumpBlack,ALUAlu,Cylinder,4oz,
Alu65mlLotionPumpWhite,ALUAlu,Cylinder,,
GB1mlAmbVialBlk,GBVial,Vial,,
GB1mlAmbVialWht,GBVial,Vial,,
GB1mlVialBlk,GBVial,Vial,,
GB1mlVialWht,GBVial,Vial,,
GBCyl28MtlRollBlk,GBCyl,Cylinder,1oz,
GBCyl28MtlRollWht,GBCyl,Cylinder,1oz,
GBCyl28RollBlk,GBCyl,Cylinder,1oz,
GBCyl28RollWht,GBCyl,Cylinder,1oz,
GBCyl50MtlRollWht,GBCyl,Cylinder,,
GBCyl50RollWht,GBCyl,Cylinder,,
CreamJarBlu3,CJCreamJar,Cream jar,1/9oz,
CreamJarClr3,CJCreamJar,Cream jar,1/9oz,
CreamJarWhite4,CJCreamJar,Cream jar,1/7oz,
CreamJarWhite20,CJCreamJar,Cream jar,2/3oz,
CreamJarAmb5mlBlkCap,CJCreamJar,Cream jar,1/9oz,
CreamJarAmb5mlSlCap,CJCreamJar,Cream jar,1/9oz,
CreamJarClr5mlClrCap,CJCreamJar,Cream jar,,
CreamJarClr15Pnk,CJCreamJar,Cream jar,1/2oz,
CreamJarClr15Wht,CJCreamJar,Cream jar,1/2oz,
CreamJarFrst30BlkCap,CJCreamJar,Cream jar,1oz,
CreamJarFrst30SlCap,CJCreamJar,Cream jar,1oz,
CreamJarAmb30BlkCap,CJCreamJar,Cream jar,1oz,
CreamJarAmb30SlCap,CJCreamJar,Cream jar,1oz,
CreamJarFrst40BlkCap,CJCreamJar,Cream jar,,
CreamJarFrst40SlCap,CJCreamJar,Cream jar,,
CreamJarAmb40BlkCap,CJCreamJar,Cream jar,,
CreamJarAmb40SlCap,CJCreamJar,Cream jar,,
CreamJarFrst63BlkCap,CJCreamJar,Cream jar,,
CreamJarWhite63BlkCap,CJCreamJar,Cream jar,,
GB3TPlShnGlRed,GBT,Octagonal,,
GB3TPlShnSlBl,GBT,Octagonal,,
Gb6TPlShnGlRed,GBT,Octagonal,,
Gb6TPlShnSlBl,GBT,Octagonal,,
Gb12TPlShnGlRed,GBT,Octagonal,,
Gb12TPlShnSlBl,GBT,Octagonal,,
