Original_SKU,Cleaned_SKU,Is_SKU_Modified,Match_Found_In_Scrape,ODS_Inventory_ID,ODS_Price,Scrape_Price,ODS_Capacity_OZ,ODS_Capacity_ML,Scrape_Capacity,ODS_Description,Scrape_Description,Price_Diff,Price_Match
GBBstnAmb2ozMtlRollonMattSl,GBBstnAmb2ozMtlRollonMattSl,False,False,3389.0,,,2oz,"60ml,",,"Boston rounddesign60ml,2oz Amber glass bottlewithmetal roller ball plugandmatte silver cap.For use with perfume, fragrance oil, essential oils, body oils, thin lotions and ointments.Refillable bottle with large, 12mm diameter metal-roller ball.Price each",,,
GBBstnAmb2ozMtlRollonShnSl,GBBstnAmb2ozMtlRollonShnSl,False,False,3390.0,,,2oz,"60ml,",,"Boston rounddesign60ml,2oz Amber glass bottlewithmetal roller ball plugandshiny silver cap.For use with perfume, fragrance oil, essential oils, body oils, thin lotions and ointments.Refillable bottle with large, 12mm diameter metal-roller ball.Price each",,,
GBBstnAmb2ozMtlRollonMattBlk,GBBstnAmb2ozMtlRollonMattBlk,False,False,3387.0,,,2oz,"60ml,",,"Boston rounddesign60ml,2oz Amber glass bottlewithmetal roller ball plugandmatte black cap.For use with perfume, fragrance oil, essential oils, body oils, thin lotions and ointments.Refillable bottle with large, 12mm diameter metal-roller ball.Price each",,,
GBBstnAmb2ozMtlRollonGl,GBBstnAmb2ozMtlRollonGl,False,True,3386.0,,$1.05,2oz,"60ml,",60 ml (2.03 oz),"Boston rounddesign60ml,2oz Amber glass bottlewithmetal roller ball plugandshiny gold cap.For use with perfume, fragrance oil, essential oils, body oils, thin lotions and ointments.Refillable bottle with large, 12mm diameter metal-roller ball.Price each","Boston round design 60ml, 2oz Amber glass bottle with metal roller ball plug and shiny gold cap. For use with perfume, fragrance oil, essential oils, body oils, thin lotions and ointments. Refillable bottle with large, 12mm diameter metal-roller ball. Pri",,False
GBBstnAmb2ozMtlRollonMattGl,GBBstnAmb2ozMtlRollonMattGl,False,False,3388.0,,,2oz,"60ml,",,"Boston rounddesign60ml,2oz Amber glass bottlewithmetal roller ball plugandmatte gold cap.For use with perfume, fragrance oil, essential oils, body oils, thin lotions and ointments.Refillable bottle with large, 12mm diameter metal-roller ball.Price each",,,
GBBstnAmb2ozRollonMattSl,GBBstnAmb2ozRollonMattSl,False,False,3393.0,,,2oz,"60ml,",,"Boston rounddesign60ml,2oz Amber glass bottlewithplastic roller ball plugandmatte silver cap.For use with perfume, fragrance oil, essential oils, body oils, thin lotions and ointments.Refillable bottle with large, 12mm diameter roller ball.Price each",,,
GBBstnAmb2ozRollonShnSl,GBBstnAmb2ozRollonShnSl,False,False,3394.0,,,2oz,"60ml,",,"Boston rounddesign60ml,2oz Amber glass bottlewithplastic roller ball plugandshiny silver cap.For use with perfume, fragrance oil, essential oils, body oils, thin lotions and ointments.Refillable bottle with large, 12mm diameter roller ball.Price each",,,
GBBstnAmb2ozRollonMattBlk,GBBstnAmb2ozRollonMattBlk,False,False,3392.0,,,2oz,"60ml,",,"Boston rounddesign60ml,2oz Amber glass bottlewithplastic roller ball plugandmatte black cap.For use with perfume, fragrance oil, essential oils, body oils, thin lotions and ointments.Refillable bottle with large, 12mm diameter roller ball.Price each",,,
GBBstnAmb2ozRollonGl,GBBstnAmb2ozRollonGl,False,True,3391.0,,$0.90,2oz,"60ml,",60 ml (2.03 oz),"Boston rounddesign60ml,2oz Amber glass bottlewithplastic roller ball plugandshiny gold cap.For use with perfume, fragrance oil, essential oils, body oils, thin lotions and ointments.Refillable bottle with large, 12mm diameter roller ball.Price each","Boston round design 60ml, 2oz Amber glass bottle with plastic roller ball plug and shiny gold cap. For use with perfume, fragrance oil, essential oils, body oils, thin lotions and ointments. Refillable bottle with large, 12mm diameter roller ball.",,False
GBBstnAmb2ozRollonMattGl,GBBstnAmb2ozRollonMattGl,False,False,3187.0,,,2oz,"60ml,",,"Boston rounddesign60ml,2oz Amber glass bottlewithplastic roller ball plugandmatte gold cap.For use with perfume, fragrance oil, essential oils, body oils, thin lotions and ointments.Refillable bottle with large, 12mm diameter roller ball.Price each",,,
GBBstnAmb2ozWhtDropper,GBBstnAmb2ozWhtDropper,False,False,3188.0,,,2oz,"60ml,",,"Boston rounddesign60ml,2oz Amber glass bottlewithwhite dropper.For use with perfume oils, diffuser oils, serums, primers, facial oils or face oils, moisturizers, and beard oils.Price each",,,
GBBstnAmb2ozBlkDropperShnSlTrim,GBBstnAmb2ozBlkDropperShnSlTrim,False,False,3186.0,,,2oz,"60ml,",,"Boston rounddesign60ml,2oz Amber glass bottleandblack dropperwith ashiny silver trim cap.For use with perfume oils, diffuser oils, serums, primers, facial oils or face oils, moisturizers, and beard oils.Price each",,,
GBBstnAmb2ozWhtDropperShnGlTrim,GBBstnAmb2ozWhtDropperShnGlTrim,False,False,3189.0,,,2oz,"60ml,",,"Boston rounddesign60ml,2oz Amber glass bottleandwhite dropperwith ashiny gold trim cap.For use with perfume oils, diffuser oils, serums, primers, facial oils or face oils, moisturizers, and beard oils.Price each",,,
GBBstnAmb2ozWhtDropperShnSlTrim,GBBstnAmb2ozWhtDropperShnSlTrim,False,False,3190.0,,,2oz,"60ml,",,"Boston rounddesign60ml,2oz Amber glass bottleandwhite dropperwith ashiny silver trim cap.For use with perfume oils, diffuser oils, serums, primers, facial oils or face oils, moisturizers, and beard oils.Price each",,,
GBBstnAmb2ozBlkDropperShnGlTrim,GBBstnAmb2ozBlkDropperShnGlTrim,False,False,3185.0,,,2oz,"60ml,",,"Boston rounddesign60ml,2oz Amber glass bottleandblack dropperwith ashiny gold trim cap.For use with perfume oils, diffuser oils, serums, primers, facial oils or face oils, moisturizers, and beard oils.Price each",,,
GBBstnAmb2ozBlkDropper,GBBstnAmb2ozBlkDropper,False,False,3186.0,,,2oz,"60ml,",,"Boston rounddesign60ml,2oz Amber glass bottlewithblack dropper.For use with perfume oils, diffuser oils, serums, primers, facial oils or face oils, moisturizers, and beard oils.Price each",,,
GBBstnAmb2ozBlkCapSht,GBBstnAmb2ozBlkCapSht,False,True,3183.0,,$0.48,2oz,"60ml,",60 ml (2.03 oz),"Boston rounddesign60ml,2oz Amber glass bottlewithshort black cap.For use with Perfume oils, essential oils, diffuser oils and aromatherapy.Price each","Boston round design 60ml, 2oz Amber glass bottle with short black cap. For use with Perfume oils, essential oils, diffuser oils and aromatherapy.",,False
GBBstnBlu2ozMtlRollonMattSl,GBBstnBlu2ozMtlRollonMattSl,False,False,3403.0,,,2oz,"60ml,",,"Boston rounddesign60ml,2oz Cobalt blue glass bottlewithmetal roller ball plugandmatte silver cap.For use with perfume, fragrance oil, essential oils, body oils, thin lotions and ointments.Refillable bottle with large, 12mm diameter metal-roller ball.Price each",,,
GBBstnBlu2ozMtlRollonShnSl,GBBstnBlu2ozMtlRollonShnSl,False,False,3404.0,,,2oz,"60ml,",,"Boston rounddesign60ml,2oz Cobalt blue glass bottlewithmetal roller ball plugandshiny silver cap.For use with perfume, fragrance oil, essential oil, or aromatherapy.Refillable bottle with large, 12mm diameter metal-roller ball.Price each",,,
GBBstnBlu2ozMtlRollonMattBlk,GBBstnBlu2ozMtlRollonMattBlk,False,False,3401.0,,,2oz,"60ml,",,"Boston rounddesign60ml,2oz Cobalt blue glass bottlewithmetal roller ball plugandmatte black cap.For use with perfume, fragrance oil, essential oil, or aromatherapy.Refillable bottle with large, 12mm diameter metal-roller ball.Price each",,,
GBBstnBlu2ozMtlRollonGl,GBBstnBlu2ozMtlRollonGl,False,True,3400.0,,$1.05,2oz,"60ml,",60 ml (2.03 oz),"Boston rounddesign60ml,2oz Cobalt blue glass bottlewithmetal roller ball plugandshiny gold cap.For use with perfume, fragrance oil, essential oil, or aromatherapy.Refillable bottle with large, 12mm diameter metal-roller ball.Price each","Boston round design 60ml, 2oz Cobalt blue glass bottle with metal roller ball plug and shiny gold cap. For use with perfume or fragrance oil, essential oils, aromatic oils and aromatherapy. Refillable bottle with large, 12mm diameter metal-roller ball. Pr",,False
GBBstnBlu2ozMtlRollonMattGl,GBBstnBlu2ozMtlRollonMattGl,False,False,3402.0,,,2oz,"60ml,",,"Boston rounddesign60ml,2oz Cobalt blue glass bottlewithmetal roller ball plugandmatte gold cap.For use with perfume, fragrance oil, essential oil, or aromatherapy.Refillable bottle with large, 12mm diameter metal-roller ball.Price each",,,
GBBstnBlu2ozRollonMattSl,GBBstnBlu2ozRollonMattSl,False,False,3407.0,,,2oz,"60ml,",,"Boston rounddesign60ml,2oz Cobalt blue glass bottlewithplastic roller ball plugandmatte silver cap.For use with perfume, fragrance oil, essential oil, or aromatherapy.Refillable bottle with large, 12mm diameter roller ball.Price each",,,
GBBstnBlu2ozRollonShnSl,GBBstnBlu2ozRollonShnSl,False,False,3408.0,,,2oz,"60ml,",,"Boston rounddesign60ml,2oz Cobalt blue glass bottlewithplastic roller ball plugandshiny silver cap.For use with perfume, fragrance oil, essential oil, or aromatherapy.Refillable bottle with large, 12mm diameter roller ball.Price each",,,
GBBstnBlu2ozRollonMattBlk,GBBstnBlu2ozRollonMattBlk,False,False,3406.0,,,2oz,"60ml,",,"Boston rounddesign60ml,2oz Cobalt blue glass bottlewithplastic roller ball plugandmatte black cap.For use with perfume, fragrance oil, essential oil, or aromatherapy.Refillable bottle with large, 12mm diameter roller ball.Price each",,,
GBBstnBlu2ozRollonGl,GBBstnBlu2ozRollonGl,False,True,3405.0,,$0.90,2oz,"60ml,",60 ml (2.03 oz),"Boston rounddesign60ml,2oz Cobalt blue glass bottlewithplastic roller ball plugandshiny gold cap.For use with perfume, fragrance oil, essential oil, or aromatherapy oils.Refillable bottle with large, 12mm diameter roller ball.Price each","Boston round design 60ml, 2oz Cobalt blue glass bottle with plastic roller ball plug and shiny gold cap. For use with perfume or fragrance oil, essential oils, aromatic oils and aromatherapy. . oils. Refillable bottle with large, 12mm diameter roller ba",,False
GBBstnBlu2ozRollonMattGl,GBBstnBlu2ozRollonMattGl,False,False,3202.0,,,2oz,"60ml,",,"Boston rounddesign60ml,2oz Cobalt blue glass bottlewithplastic roller ball plugandmatte gold cap.For use with perfume, fragrance oil, essential oil, or aromatherapy oils.Refillable bottle with large, 12mm diameter roller ball.Price each",,,
GBBstnBlu2ozWhtDropper,GBBstnBlu2ozWhtDropper,False,False,3203.0,,,2oz,"60ml,",,"Boston rounddesign60ml,2oz Cobalt blue glass bottlewithwhite dropper00.For use with perfume oils, diffuser oils, serums, primers, facial oils or face oils, moisturizers, and beard oils.Price each",,,
GBBstnBlu2ozBlkDropperShnSlTrim,GBBstnBlu2ozBlkDropperShnSlTrim,False,False,3201.0,,,2oz,"60ml,",,"Boston rounddesign60ml,2oz Cobalt blue glass bottleandblack dropperwith ashiny silver trim cap.For use with perfume oils, diffuser oils, serums, primers, facial oils or face oils, moisturizers, and beard oils.Price each",,,
GBBstnBlu2ozWhtDropperShnGlTrim,GBBstnBlu2ozWhtDropperShnGlTrim,False,False,3204.0,,,2oz,"60ml,",,"Boston rounddesign60ml,2oz Cobalt blue glass bottleandwhite dropperwith ashiny gold trim cap.For use with perfume oils, diffuser oils, serums, primers, facial oils or face oils, moisturizers, and beard oils.Price each",,,
GBBstnBlu2ozWhtDropperShnSlTrim,GBBstnBlu2ozWhtDropperShnSlTrim,False,False,3205.0,,,2oz,"60ml,",,"Boston rounddesign60ml,2oz Cobalt blue glass bottleandwhite dropperwith ashiny silver trim cap.For use with perfume oils, diffuser oils, serums, primers, facial oils or face oils, moisturizers, and beard oils.Price each",,,
GBBstnBlu2ozBlkDropperShnGlTrim,GBBstnBlu2ozBlkDropperShnGlTrim,False,False,3200.0,,,2oz,"60ml,",,"Boston rounddesign60ml,2oz Cobalt blue glass bottleandblack dropperwith ashiny gold trim cap.For use with perfume oils, diffuser oils, serums, primers, facial oils or face oils, moisturizers, and beard oils.Price each",,,
GBBstnBlu2ozBlkDropper,GBBstnBlu2ozBlkDropper,False,True,3201.0,,$0.71,2oz,"60ml,",60 ml (2.03 oz),"Boston rounddesign60ml,2oz Cobalt blue glass bottlewithblack dropper00.For use with perfume oils, diffuser oils, serums, primers, facial oils or face oils, moisturizers, and beard oils.Price each","Boston round design 2 ounce cobalt blue glass bottle with black dropper, price each",,False
GBBstnBlu2ozBlkCapSht,GBBstnBlu2ozBlkCapSht,False,True,3198.0,,$0.48,2oz,"60ml,",60 ml (2.03 oz),"Boston rounddesign60ml,2oz Cobalt blue glass bottlewithshort black cap00.For use with Perfume oils, essential oils, diffuser oils and aromatherapy.Price each","Boston round design 60ml, 2oz Cobalt blue glass bottle with short black cap. For use with Perfume oils, essential oils, diffuser oils and aromatherapy.",,False
GBBstn2ozMtlRollonMattSl,GBBstn2ozMtlRollonMattSl,False,False,3365.0,,,2oz,"60ml,",,"Boston rounddesign60ml,2oz Clear glass bottlewithmetal roller ball plugandmatte silver cap.For use with perfume, fragrance oil, essential oils, body oils, thin lotions and ointments.Refillable bottle with large, 12mm diameter metal-roller ball.Price each",,,
GBBstn02ozMtlRollonShnSl,GBBstn2ozMtlRollonShnSl,True,False,3366.0,,,2oz,"60ml,",,"Boston rounddesign60ml,2oz Clear glass bottlewithmetal roller ball plugandshiny silver cap.For use with perfume, fragrance oil, essential oil, or aromatherapy.Refillable bottle with large, 12mm diameter metal-roller ball.Price each",,,
GBBstn02ozMtlRollonMattBlk,GBBstn2ozMtlRollonMattBlk,True,False,3363.0,,,2oz,"60ml,",,"Boston rounddesign60ml,2oz Clear glass bottlewithmetal roller ball plugandmatte black cap.For use with perfume, fragrance oil, essential oil, or aromatherapy.Refillable bottle with large, 12mm diameter metal-roller ball.Price each",,,
GBBstn02ozMtlRollonGl,GBBstn2ozMtlRollonGl,True,False,3362.0,,,2oz,"60ml,",,"Boston rounddesign60ml,2oz Clear glass bottlewithmetal roller ball plugandshiny gold cap.For use with perfume, fragrance oil, essential oil, or aromatherapy.Refillable bottle with large, 12mm diameter metal-roller ball.Price each",,,
GBBstn02ozMtlRollonMattGl,GBBstn2ozMtlRollonMattGl,True,False,3364.0,,,2oz,"60ml,",,"Boston rounddesign60ml,2oz Clear glass bottlewithmetal roller ball plugandmatte gold cap.For use with perfume, fragrance oil, essential oil, or aromatherapy.Refillable bottle with large, 12mm diameter metal-roller ball.Price each",,,
GBBstn02ozRollonMattSl,GBBstn2ozRollonMattSl,True,False,3369.0,,,2oz,"60ml,",,"Boston rounddesign60ml,2oz Clear glass bottlewithplastic roller ball plugandmatte silver cap.For use with perfume, fragrance oil, essential oil, or aromatherapy.Refillable bottle with large, 12mm diameter roller ball.Price each",,,
GBBstn02ozRollonShnSl,GBBstn2ozRollonShnSl,True,False,3370.0,,,2oz,"60ml,",,"Boston rounddesign60ml,2oz Clear glass bottlewithplastic roller ball plugandshiny silver cap.For use with perfume, fragrance oil, essential oil, or aromatherapy.Refillable bottle with large, 12mm diameter roller ball.Price each",,,
GBBstn02ozRollonMattBlk,GBBstn2ozRollonMattBlk,True,False,3368.0,,,2oz,"60ml,",,"Boston rounddesign60ml,2oz Clear glass bottlewithplastic roller ball plugandmatte black cap.For use with perfume, fragrance oil, essential oil, or aromatherapy.Refillable bottle with large, 12mm diameter roller ball.Price each",,,
GBBstn02ozRollonGl,GBBstn2ozRollonGl,True,False,3367.0,,,2oz,"60ml,",,"Boston rounddesign60ml,2oz Clear glass bottlewithplastic roller ball plugandshiny gold cap.For use with perfume, fragrance oil, essential oil, or aromatherapy.Refillable bottle with large, 12mm diameter roller ball.Price each",,,
GBBstn02ozRollonMattGl,GBBstn2ozRollonMattGl,True,False,1951.0,,,2oz,"60ml,",,"Boston rounddesign60ml,2oz Clear glass bottlewithplastic roller ball plugandmatte gold cap.For use with perfume, fragrance oil, essential oil, or aromatherapy.Refillable bottle with large, 12mm diameter roller ball.Price each",,,
GBBstn02ozWhtDropper,GBBstn2ozWhtDropper,True,False,297.0,,,2oz,"60ml,",,"Boston rounddesign60ml,2oz Clear glass bottlewithwhite dropper00.For use with perfume oils, diffuser oils, serums, primers, facial oils or face oils, moisturizers, and beard oils.Price each",,,
GBBstn02ozBlkDropperShnSlTrim,GBBstn2ozBlkDropperShnSlTrim,True,False,3170.0,,,2oz,"60ml,",,"Boston rounddesign60ml,2oz Clear glass bottleandblack dropperwith ashiny silver trim cap.For use with perfume oils, diffuser oils, serums, primers, facial oils or face oils, moisturizers, and beard oils.Price each",,,
GBBstn02ozWhtDropperShnGlTrim,GBBstn2ozWhtDropperShnGlTrim,True,False,3173.0,,,2oz,"60ml,",,"Boston rounddesign60ml,2oz Clear glass bottleandwhite dropperwith ashiny gold trim cap.For use with perfume oils, diffuser oils, serums, primers, facial oils or face oils, moisturizers, and beard oils.Price each",,,
GBBstn02ozWhtDropperShnSlTrim,GBBstn2ozWhtDropperShnSlTrim,True,False,3174.0,,,2oz,"60ml,",,"Boston rounddesign60ml,2oz Clear glass bottleandwhite dropperwith ashiny silver trim cap.For use with perfume oils, diffuser oils, serums, primers, facial oils or face oils, moisturizers, and beard oils.Price each",,,
GBBstn02ozBlkDropperShnGlTrim,GBBstn2ozBlkDropperShnGlTrim,True,False,3169.0,,,2oz,"60ml,",,"Boston rounddesign60ml,2oz Clear glass bottleandblack dropperwith ashiny gold trim cap.For use with perfume oils, diffuser oils, serums, primers, facial oils or face oils, moisturizers, and beard oils.Price each",,,
GBBstn02ozBlkDrp,GBBstn2ozBlkDrp,True,False,1983.0,,,2oz,"60ml,",,"Boston rounddesign60ml,2oz Clear glass bottlewithblack dropper00.For use with perfume oils, diffuser oils, serums, primers, facial oils or face oils, moisturizers, and beard oils.Price each",,,
GBBstn02ozBlkCapSht,GBBstn2ozBlkCapSht,True,True,3168.0,,$0.48,2oz,"60ml,",60 ml (2.03 oz),"Boston rounddesign60ml,2oz Clear glass bottlewithshort black cap00.For use with Perfume oils, essential oils, diffuser oils and aromatherapy.Price each","Boston round design 60ml, 2oz Clear glass bottle with short black cap. For use with Perfume oils, essential oils, diffuser oils and aromatherapy.",,False
GBBstnAmb1ozMtlRollonMattSl,GBBstnAmb1ozMtlRollonMattSl,False,False,3380.0,,,1oz,"30ml,",,"Boston rounddesign30ml,1oz Amber glass bottlewithmetal roller plugandmatte silver cap.For use with perfume, fragrance oil, essential oils, body oils, thin lotions and ointments.Refillable bottle with large, 12mm diameter metal-roller ball.Price each",,,
GBBstnAmb1ozMtlRollonShnSl,GBBstnAmb1ozMtlRollonShnSl,False,False,3381.0,,,1oz,"30ml,",,"Boston rounddesign30ml,1oz Amber glass bottlewithmetal roller plugandshiny silver cap.For use with perfume, fragrance oil, essential oil, or aromatherapy.Refillable bottle with large, 12mm diameter metal-roller ball.Price each",,,
GBBstnAmb1ozMtlRollonMattBlk,GBBstnAmb1ozMtlRollonMattBlk,False,False,3378.0,,,1oz,"30ml,",,"Boston rounddesign30ml,1oz Amber glass bottlewithmetal roller plugandmatte black cap.For use with perfume, fragrance oil, essential oil, or aromatherapy.Refillable bottle with large, 12mm diameter metal-roller ball.Price each",,,
GBBstnAmb1ozMtlRollonGl,GBBstnAmb1ozMtlRollonGl,False,True,3377.0,,$1.02,1oz,"30ml,",30 ml (1.01 oz),"Boston rounddesign30ml,1oz Amber glass bottlewithmetal roller plugandshiny gold cap.For use with perfume, fragrance oil, essential oil, or aromatherapy.Refillable bottle with large, 12mm diameter metal-roller ball.Price each","Boston round design 30ml, 1oz Amber glass bottle with metal roller plug and shiny gold cap. For use with perfume or fragrance oil, essential oils, aromatic oils and aromatherapy. Refillable bottle with large, 12mm diameter metal-roller ball.",,False
GBBstnAmb1ozMtlRollonMattGl,GBBstnAmb1ozMtlRollonMattGl,False,False,3379.0,,,1oz,"30ml,",,"Boston rounddesign30ml,1oz Amber glass bottlewithmetal roller plugandmatte gold cap.For use with perfume, fragrance oil, essential oil, or aromatherapy.Refillable bottle with large, 12mm diameter metal-roller ball.Price each",,,
GBBstnAmb1ozRollonMattSl,GBBstnAmb1ozRollonMattSl,False,False,3384.0,,,1oz,"30ml,",,"Boston rounddesign30ml,1oz Amber glass bottlewithplastic roller ball plugandmatte silver cap.For use with perfume, fragrance oil, essential oil, or aromatherapy.Refillable bottle with large, 12mm diameter roller ball.Price each",,,
GBBstnAmb1ozRollonShnSl,GBBstnAmb1ozRollonShnSl,False,False,3385.0,,,1oz,"30ml,",,"Boston rounddesign30ml,1oz Amber glass bottlewithplastic roller ball plugandshiny silver cap.For use with perfume, fragrance oil, essential oil, or aromatherapy.Refillable bottle with large, 12mm diameter roller ball.Price each",,,
GBBstnAmb1ozRollonMattBlk,GBBstnAmb1ozRollonMattBlk,False,False,3383.0,,,1oz,"30ml,",,"Boston rounddesign30ml,1oz Amber glass bottlewithplastic roller ball plugandmatte black cap.For use with perfume, fragrance oil, essential oil, or aromatherapy.Refillable bottle with large, 12mm diameter roller ball.Price each",,,
GBBstnAmb1ozRollonGl,GBBstnAmb1ozRollonGl,False,True,3382.0,,$0.87,1oz,"30ml,",30 ml (1.01 oz),"Boston rounddesign30ml,1oz Amber glass bottlewithplastic roller ball plugandshiny gold cap.For use with perfume, fragrance oil, essential oil, or aromatherapy.Refillable bottle with large, 12mm diameter roller ball.Price each","Boston round design 30ml, 1oz Amber glass bottle with plastic roller ball plug and shiny gold cap. For use with perfume or fragrance oil, essential oils, aromatic oils and aromatherapy. Refillable bottle with large, 12mm diameter roller ball.",,False
GBBstnAmb1ozRollonMattGl,GBBstnAmb1ozRollonMattGl,False,False,3179.0,,,1oz,"30ml,",,"Boston rounddesign30ml,1oz Amber glass bottlewithplastic roller ball plugandmatte gold cap.For use with perfume, fragrance oil, essential oil, or aromatherapy.Refillable bottle with large, 12mm diameter roller ball.Price each",,,
GBBstnAmb1ozWhtDropper,GBBstnAmb1ozWhtDropper,False,False,3180.0,,,1oz,"30ml,",,"Boston rounddesign30ml,1oz Amber glass bottlewithwhite dropper.For use with perfume oils, diffuser oils, serums, primers, facial oils or face oils, moisturizers, and beard oils.Price each",,,
GBBstnAmb1ozBlkDropperShnSlTrim,GBBstnAmb1ozBlkDropperShnSlTrim,False,False,3178.0,,,1oz,"30ml,",,"Boston rounddesign30ml,1oz Amber glass bottleandblack dropperwith ashiny silver trim cap.For use with perfume oils, diffuser oils, serums, primers, facial oils or face oils, moisturizers, and beard oils.Price each",,,
GBBstnAmb1ozWhtDropperShnGlTrim,GBBstnAmb1ozWhtDropperShnGlTrim,False,False,3181.0,,,1oz,"30ml,",,"Boston rounddesign30ml,1oz Amber glass bottleandwhite dropperwith ashiny gold trim cap.For use with perfume oils, diffuser oils, serums, primers, facial oils or face oils, moisturizers, and beard oils.Price each",,,
GBBstnAmb1ozWhtDropperShnSlTrim,GBBstnAmb1ozWhtDropperShnSlTrim,False,False,3182.0,,,1oz,"30ml,",,"Boston rounddesign30ml,1oz Amber glass bottleandwhite dropperwith ashiny silver trim cap.For use with perfume oils, diffuser oils, serums, primers, facial oils or face oils, moisturizers, and beard oils.Price each",,,
GBBstnAmb1ozBlkDropperShnGlTrim,GBBstnAmb1ozBlkDropperShnGlTrim,False,False,3177.0,,,1oz,"30ml,",,"Boston rounddesign30ml,1oz Amber glass bottleandblack dropperwith ashiny gold trim cap.For use with perfume oils, diffuser oils, serums, primers, facial oils or face oils, moisturizers, and beard oils.Price each",,,
GBBstnAmb1ozBlkDropper,GBBstnAmb1ozBlkDropper,False,True,3176.0,,$0.68,1oz,"30ml,",30 ml (1.01 oz),"Boston rounddesign30ml,1oz Amber glass bottlewithblack dropper.For use with perfume oils, diffuser oils, serums, primers, facial oils or face oils, moisturizers, and beard oils.Price each","Boston round design 30ml, 1oz Amber glass bottle with black dropper. For use with perfume oils, diffuser oils, serums, primers, facial oils or face oils, moisturizers, and beard oils.",,False
GBBstnAmb1ozBlkCapSht,GBBstnAmb1ozBlkCapSht,False,True,3175.0,,$0.45,1oz,"30ml,",30 ml (1.01 oz),"Boston rounddesign30ml,1oz Amber glass bottlewithshort black cap.For use with Perfume oils, essential oils, diffuser oils and aromatherapy.Price each","Boston round design 30ml, 1oz Amber glass bottle with short black cap. For use with Perfume oils, essential oils, diffuser oils and aromatherapy.",,False
GBBstnBlu1ozMtlRollonMattSl,GBBstnBlu1ozMtlRollonMattSl,False,False,1996.0,,,1oz,"30ml,",,"Boston rounddesign30ml,1oz Cobalt blue glass bottlewithmetal roller plugandmatte silver cap.For use with perfume, fragrance oil, essential oils, body oils, thin lotions and ointments.Refillable bottle with large, 12mm diameter metal-roller ball.Price each",,,
GBBstnBlu1ozMtlRollonShnSl,GBBstnBlu1ozMtlRollonShnSl,False,False,1997.0,,,1oz,"30ml,",,"Boston rounddesign30ml,1oz Cobalt blue glass bottlewithmetal roller plugandshiny silver cap.For use with perfume, fragrance oil, essential oil, or aromatherapy.Refillable bottle with large, 12mm diameter metal-roller ball.Price each",,,
GBBstnBlu1ozMtlRollonMattBlk,GBBstnBlu1ozMtlRollonMattBlk,False,False,1998.0,,,1oz,"30ml,",,"Boston rounddesign30ml,1oz Cobalt blue glass bottlewithmetal roller plugandmatte black cap.For use with perfume, fragrance oil, essential oil, or aromatherapy.Refillable bottle with large, 12mm diameter metal-roller ball.Price each",,,
GBBstnBlu1ozMtlRollonGl,GBBstnBlu1ozMtlRollonGl,False,True,1999.0,,$1.02,1oz,"30ml,",30 ml (1.01 oz),"Boston rounddesign30ml,1oz Cobalt blue glass bottlewithmetal roller plugandshiny gold cap.For use with perfume, fragrance oil, essential oil, or aromatherapy.Refillable bottle with large, 12mm diameter metal-roller ball.Price each","Boston round design 30ml, 1oz Cobalt blue glass bottle with metal roller plug and shiny gold cap. For use with perfume or fragrance oil, essential oils, aromatic oils and aromatherapy. Refillable bottle with large, 12mm diameter metal-roller ball.",,False
GBBstnBlu1ozMtlRollonMattGl,GBBstnBlu1ozMtlRollonMattGl,False,False,2000.0,,,1oz,"30ml,",,"Boston rounddesign30ml,1oz Cobalt blue glass bottlewithmetal roller plugandmatte gold cap.For use with perfume, fragrance oil, essential oil, or aromatherapy.Refillable bottle with large, 12mm diameter metal-roller ball.Price each",,,
GBBstnBlu1ozRollonMattSl,GBBstnBlu1ozRollonMattSl,False,False,1066.0,,,1oz,"30ml,",,"Boston rounddesign30ml,1oz Cobalt blue glass bottlewithplastic roller ball plugandmatte silver cap.For use with perfume, fragrance oil, essential oil, or aromatherapy.Refillable bottle with large, 12mm diameter roller ball.Price each",,,
GBBstnBlu1ozRollonShnSl,GBBstnBlu1ozRollonShnSl,False,False,1067.0,,,1oz,"30ml,",,"Boston rounddesign30ml,1oz Cobalt blue glass bottlewithplastic roller ball plugandshiny silver cap.For use with perfume, fragrance oil, essential oil, or aromatherapy.Refillable bottle with large, 12mm diameter roller ball.Price each",,,
GBBstnBlu1ozRollonMattBlk,GBBstnBlu1ozRollonMattBlk,False,False,1065.0,,,1oz,"30ml,",,"Boston rounddesign30ml,1oz Cobalt blue glass bottlewithplastic roller ball plugandmatte black cap.For use with perfume, fragrance oil, essential oil, or aromatherapy.Refillable bottle with large, 12mm diameter roller ball.Price each",,,
GBBstnBlu1ozRollonGl,GBBstnBlu1ozRollonGl,False,True,1072.0,,$0.87,1oz,"30ml,",30 ml (1.01 oz),"Boston rounddesign30ml,1oz Cobalt blue glass bottlewithplastic roller ball plugandshiny gold cap.For use with perfume, fragrance oil, essential oil, or aromatherapy.Refillable bottle with large, 12mm diameter roller ball.Price each","Boston round design 30ml, 1oz Cobalt blue glass bottle with plastic roller ball plug and shiny gold cap. For use with perfume or fragrance oil, essential oils, aromatic oils and aromatherapy. Refillable bottle with large, 12mm diameter roller ball.",,False
GBBstnBlu1ozRollonMattGl,GBBstnBlu1ozRollonMattGl,False,False,1995.0,,,1oz,"30ml,",,"Boston rounddesign30ml,1oz Cobalt blue glass bottlewithplastic roller ball plugandmatte gold cap.For use with perfume, fragrance oil, essential oil, or aromatherapy.Refillable bottle with large, 12mm diameter roller ball.Price each",,,
GBBstnBlu1ozWhtDropper,GBBstnBlu1ozWhtDropper,False,False,3195.0,,,1oz,"30ml,",,"Boston rounddesign30ml,1oz Cobalt blue glass bottlewithwhite dropper00.For use with perfume oils, diffuser oils, serums, primers, facial oils or face oils, moisturizers, and beard oils.Price each",,,
GBBstnBlu1ozBlkDropperShnSlTrim,GBBstnBlu1ozBlkDropperShnSlTrim,False,False,3194.0,,,1oz,"30ml,",,"Boston rounddesign30ml,1oz Cobalt blue glass bottleandblack dropperwith ashiny silver trim cap.For use with perfume oils, diffuser oils, serums, primers, facial oils or face oils, moisturizers, and beard oils.Price each",,,
GBBstnBlu1ozWhtDropperShnGlTrim,GBBstnBlu1ozWhtDropperShnGlTrim,False,False,3196.0,,,1oz,"30ml,",,"Boston rounddesign30ml,1oz Cobalt blue glass bottleandwhite dropperwith ashiny gold trim cap.For use with perfume oils, diffuser oils, serums, primers, facial oils or face oils, moisturizers, and beard oils.Price each",,,
GBBstnBlu1ozWhtDropperShnSlTrim,GBBstnBlu1ozWhtDropperShnSlTrim,False,False,3197.0,,,1oz,"30ml,",,"Boston rounddesign30ml,1oz Cobalt blue glass bottleandwhite dropperwith ashiny silver trim cap.For use with perfume oils, diffuser oils, serums, primers, facial oils or face oils, moisturizers, and beard oils.Price each",,,
GBBstnBlu1ozBlkDropperShnGlTrim,GBBstnBlu1ozBlkDropperShnGlTrim,False,False,3193.0,,,1oz,"30ml,",,"Boston rounddesign30ml,1oz Cobalt blue glass bottleandblack dropperwith ashiny gold trim cap.For use with perfume oils, diffuser oils, serums, primers, facial oils or face oils, moisturizers, and beard oils.Price each",,,
GBBstnBlu1ozBlkDropper,GBBstnBlu1ozBlkDropper,False,True,3192.0,,$0.68,1oz,"30ml,",30 ml (1.01 oz),"Boston rounddesign30ml,1oz Cobalt blue glass bottlewithblack dropper00.For use with perfume oils, diffuser oils, serums, primers, facial oils or face oils, moisturizers, and beard oils.Price each","Boston round design 30ml, 1oz Cobalt blue glass bottle with black dropper. For use with perfume oils, diffuser oils, serums, primers, facial oils or face oils, moisturizers, and beard oils.",,False
GBBstnBlu1ozBlkCapSht,GBBstnBlu1ozBlkCapSht,False,True,3191.0,,$0.45,1oz,"30ml,",30 ml (1.01 oz),"Boston rounddesign30ml,1oz Cobalt blue glass bottlewithshort black cap00.For use with Perfume oils, essential oils, diffuser oils and aromatherapy.Price each","Boston round design 30ml, 1oz Cobalt blue glass bottle with short black cap. For use with Perfume oils, essential oils, diffuser oils and aromatherapy.",,False
GBBstn1ozMtlRollonMattSl,GBBstn1ozMtlRollonMattSl,False,False,1985.0,,,1oz,"30ml,",,"Boston rounddesign30ml,1oz Clear glass bottlewithmetal roller plugandmatte silver cap.For use with perfume, fragrance oil, essential oils, body oils, thin lotions and ointments.Refillable bottle with large, 12mm diameter metal-roller ball.Price each",,,
GBBstn01ozMtlRollonShnSl,GBBstn1ozMtlRollonShnSl,True,False,1986.0,,,1oz,"30ml,",,"Boston rounddesign30ml,1oz Clear glass bottlewithmetal roller plugandshiny silver cap.For use with perfume, fragrance oil, essential oil, or aromatherapy.Refillable bottle with large, 12mm diameter metal-roller ball.Price each",,,
GBBstn01ozMtlRollonMattBlk,GBBstn1ozMtlRollonMattBlk,True,False,1987.0,,,1oz,"30ml,",,"Boston rounddesign30ml,1oz Clear glass bottlewithmetal roller plugandmatte black cap.For use with perfume, fragrance oil, essential oil, or aromatherapy.Refillable bottle with large, 12mm diameter metal-roller ball.Price each",,,
GBBstn01ozMtlRollonGl,GBBstn1ozMtlRollonGl,True,False,1988.0,,,1oz,"30ml,",,"Boston rounddesign30ml,1oz Clear glass bottlewithmetal roller plugandshiny gold cap.For use with perfume, fragrance oil, essential oil, or aromatherapy.Refillable bottle with large, 12mm diameter metal-roller ball.Price each",,,
GBBstn01ozMtlRollonMattGl,GBBstn1ozMtlRollonMattGl,True,False,1989.0,,,1oz,"30ml,",,"Boston rounddesign30ml,1oz Clear glass bottlewithmetal roller plugandmatte gold cap.For use with perfume, fragrance oil, essential oil, or aromatherapy.Refillable bottle with large, 12mm diameter metal-roller ball.Price each",,,
GBBstn01ozRollMattSl,GBBstn1ozRollMattSl,True,False,1070.0,,,1oz,"30ml,",,"Boston rounddesign30ml,1oz Clear glass bottlewithplastic roller ball plugandmatte silver cap.For use with perfume, fragrance oil, essential oil, or aromatherapy.Refillable bottle with large, 12mm diameter roller ball.Price each",,,
GBBstn01ozRollShnSl,GBBstn1ozRollShnSl,True,False,1071.0,,,1oz,"30ml,",,"Boston rounddesign30ml,1oz Clear glass bottlewithplastic roller ball plugandshiny silver cap.For use with perfume, fragrance oil, essential oil, or aromatherapy.Refillable bottle with large, 12mm diameter roller ball.Price each",,,
GBBstn01ozRollMattBlk,GBBstn1ozRollMattBlk,True,False,1093.0,,,1oz,"30ml,",,"Boston rounddesign30ml,1oz Clear glass bottlewithplastic roller ball plugandmatte black cap.For use with perfume, fragrance oil, essential oil, or aromatherapy.Refillable bottle with large, 12mm diameter roller ball.Price each",,,
GBBstn01ozRollGl,GBBstn1ozRollGl,True,False,1064.0,,,1oz,"30ml,",,"Boston rounddesign30ml,1oz Clear glass bottlewithplastic roller ball plugandshiny gold cap.For use with perfume, fragrance oil, essential oil, or aromatherapy.Refillable bottle with large, 12mm diameter roller ball.Price each",,,
GBBstn01ozRollMattGl,GBBstn1ozRollMattGl,True,False,1984.0,,,1oz,"30ml,",,"Boston rounddesign30ml,1oz Clear glass bottlewithplastic roller ball plugandmatte gold cap.For use with perfume, fragrance oil, essential oil, or aromatherapy.Refillable bottle with large, 12mm diameter roller ball.Price each",,,
GBBstn01ozWhtDrp,GBBstn1ozWhtDrp,True,False,197.0,,,1oz,"30ml,",,"Boston rounddesign30ml,1oz Clear glass bottlewithwhite dropper00.For use with perfume oils, diffuser oils, serums, primers, facial oils or face oils, moisturizers, and beard oils.Price each",,,
GBBstn01ozBlkDrpShnSlTrim,GBBstn1ozBlkDrpShnSlTrim,True,False,2016.0,,,1oz,"30ml,",,"Boston rounddesign30ml,1oz Clear glass bottleandblack dropperwith ashiny silver trim cap.For use with perfume oils, diffuser oils, serums, primers, facial oils or face oils, moisturizers, and beard oils.Price each",,,
GBBstn01ozWhtDrpShnGlTrim,GBBstn1ozWhtDrpShnGlTrim,True,False,2014.0,,,1oz,"30ml,",,"Boston rounddesign30ml,1oz Clear glass bottleandwhite dropperwith ashiny gold trim cap.For use with perfume oils, diffuser oils, serums, primers, facial oils or face oils, moisturizers, and beard oils.Price each",,,
GBBstn01ozWhtDrpShnSlTrim,GBBstn1ozWhtDrpShnSlTrim,True,False,2015.0,,,1oz,"30ml,",,"Boston rounddesign30ml,1oz Clear glass bottleandwhite dropperwith ashiny silver trim cap.For use with perfume oils, diffuser oils, serums, primers, facial oils or face oils, moisturizers, and beard oils.Price each",,,
GBBstn01ozBlkDrpShnGlTrim,GBBstn1ozBlkDrpShnGlTrim,True,False,2013.0,,,1oz,"30ml,",,"Boston rounddesign30ml,1oz Clear glass bottleandblack dropperwith ashiny gold trim cap.For use with perfume oils, diffuser oils, serums, primers, facial oils or face oils, moisturizers, and beard oils.Price each",,,
GBBstn01ozBlkDrp,GBBstn1ozBlkDrp,True,True,2017.0,,$0.68,1oz,"30ml,",30 ml (1.01 oz),"Boston rounddesign30ml,1oz Clear glass bottlewithblack dropper00.For use with perfume oils, diffuser oils, serums, primers, facial oils or face oils, moisturizers, and beard oils.Price each","Boston round design 30ml, 1oz Clear glass bottle with black dropper. For use with perfume oils, diffuser oils, serums, primers, facial oils or face oils, moisturizers, and beard oils.",,False
GBBstn01ozBlkCapSht,GBBstn1ozBlkCapSht,True,True,3166.0,,$0.45,1oz,"30ml,",30 ml (1.01 oz),"Boston rounddesign30ml,1oz Clear glass bottlewithshort black cap00.For use with Perfume oils, essential oils, diffuser oils and aromatherapy.Price each","Boston round design 30ml, 1oz Clear glass bottle with short black cap. For use with Perfume oils, essential oils, diffuser oils and aromatherapy.",,False
GBBstnAmb15mlBlkCapSht,GBBstnAmb15mlBlkCapSht,False,True,3371.0,,$0.40,1/2 oz,"15ml,",15 ml (0.51 oz),"Boston rounddesign15ml,1/2 oz Amber glass bottlewithshort black cap.For use with Perfume oils, essential oils, diffuser oils and aromatherapy.Price each","Boston round design 15ml, 1/2 oz Amber glass bottle with short black cap. For use with Perfume oils, essential oils, diffuser oils and aromatherapy.",,False
GBBstnAmb15mlBlkDropperSlTrim,GBBstnAmb15mlBlkDropperSlTrim,False,False,3373.0,,,1/2 oz,"15ml,",,"Boston rounddesign15ml,1/2 oz Amber glass bottleandblack dropperwith ashiny silver trim cap.For use with perfume oils, diffuser oils, serums, primers, facial oils or face oils, moisturizers, and beard oils.Price each",,,
GBBstnAmb15mlWhtDropperSlTrim,GBBstnAmb15mlWhtDropperSlTrim,False,False,3376.0,,,1/2 oz,"15ml,",,"Boston rounddesign15ml,1/2 oz Amber glass bottleandwhite dropperwith ashiny silver trim cap.For use with perfume oils, diffuser oils, serums, primers, facial oils or face oils, moisturizers, and beard oils.Price each",,,
GBBstnAmb15mlWhtDropperGlTrim,GBBstnAmb15mlWhtDropperGlTrim,False,False,3375.0,,,1/2 oz,"15ml,",,"Boston rounddesign15ml,1/2 oz Amber glass bottleandwhite dropperwith ashiny gold trim cap.For use with perfume oils, diffuser oils, serums, primers, facial oils or face oils, moisturizers, and beard oils.Price each",,,
GBBstnAmb15mlBlkDropper,GBBstnAmb15mlBlkDropper,False,True,3372.0,,$0.64,1/2 oz,"15ml,",15 ml (0.51 oz),"Boston rounddesign15ml,1/2 oz Amber glass bottlewitha black dropper.For use with perfume oils, diffuser oils, serums, primers, facial oils or face oils, moisturizers, and beard oils.Price each","Boston round design 15ml, 1/2 oz Amber glass bottle with a black dropper. For use with perfume oils, diffuser oils, serums, primers, facial oils or face oils, moisturizers, and beard oils.",,False
GBBstnAmb15mlWhtDropper,GBBstnAmb15mlWhtDropper,False,False,3374.0,,,1/2 oz,"15ml,",,"Boston rounddesign15ml,1/2 oz Amber glass bottlewitha white dropper0.For use with perfume oils, diffuser oils, serums, primers, facial oils or face oils, moisturizers, and beard oils.Price each",,,
GBBstnBlu15BlkCapSht,GBBstnBlu15BlkCapSht,False,True,107.0,,$0.40,1/2 oz,"15ml,",15 ml (0.51 oz),"Boston rounddesign15ml,1/2 oz Cobalt blue glass bottlewithshort black cap00.For use with Perfume oils, essential oils, diffuser oils and aromatherapy.Price each","Boston round design 15ml, 1/2 oz Cobalt blue glass bottle with short black cap. For use with Perfume oils, essential oils, diffuser oils and aromatherapy.",,False
GBBstnBlu15mlBlkDropperSlTrim,GBBstnBlu15mlBlkDropperSlTrim,False,False,3396.0,,,1/2 oz,"15ml,",,"Boston rounddesign15ml,1/2 oz Cobalt blue glass bottleandblack dropperand ashiny silver trim cap.For use with perfume oils, diffuser oils, serums, primers, facial oils or face oils, moisturizers, and beard oils.Price each",,,
GBBstnBlu15WhtDrpSlTrim,GBBstnBlu15WhtDrpSlTrim,False,False,2023.0,,,1/2 oz,"15ml,",,"Boston rounddesign15ml,1/2 oz Cobalt blue glass bottleandwhite dropperand ashiny silver trim cap.For use with perfume oils, diffuser oils, serums, primers, facial oils or face oils, moisturizers, and beard oils.Price each",,,
GBBstnBlu15WhtDrpGlTrim,GBBstnBlu15WhtDrpGlTrim,False,False,2024.0,,,1/2 oz,"15ml,",,"Boston rounddesign15ml,1/2 oz Cobalt blue glass bottleandwhite dropperand ashiny gold trim cap.For use with perfume oils, diffuser oils, serums, primers, facial oils or face oils, moisturizers, and beard oils.Price each",,,
GBBstnBlu15BlkDrp,GBBstnBlu15BlkDrp,False,False,2025.0,,,1/2 oz,"15ml,",,"Boston rounddesign15ml,1/2 oz Cobalt blue glass bottlewitha black dropper0.For use with perfume oils, diffuser oils, serums, primers, facial oils or face oils, moisturizers, and beard oils.Price each",,,
GBBstnBlu15WhtDrp,GBBstnBlu15WhtDrp,False,False,2023.0,,,1/2 oz,"15ml,",,"Boston rounddesign15ml,1/2 oz Cobalt blue glass bottlewitha white dropper00.For use with perfume oils, diffuser oils, serums, primers, facial oils or face oils, moisturizers, and beard oils.Price each",,,
GBBstnBlu15BlkDrpGlTrim,GBBstnBlu15BlkDrpGlTrim,False,False,3490.0,,,1/2 oz,"15ml,",,"Boston rounddesign15ml,1/2 oz Cobalt blue glass bottlewithblack dropper0shiny gold trim cap.For use with perfume oils, diffuser oils, serums, primers, facial oils or face oils, moisturizers, and beard oils.Price each",,,
GBBstn15BlkCapSht,GBBstn15BlkCapSht,False,True,201.0,,$0.40,1/2 oz,"15ml,",15 ml (0.51 oz),"Boston rounddesign15ml,1/2 oz Clear glass bottlewithshort black cap00.For use with Perfume oils, essential oils, diffuser oils and aromatherapy.Price each","Boston round design 15ml, 1/2 oz Clear glass bottle with short black cap. For use with Perfume oils, essential oils, diffuser oils and aromatherapy.",,False
GBBstn015BlkDrpSlTrim,GBBstn015BlkDrpSlTrim,False,False,2027.0,,,1/2 oz,"15ml,",,"Boston rounddesign15ml,1/2 oz Clear glass bottleandblack dropperand ashiny silver trim cap.For use with perfume oils, diffuser oils, serums, primers, facial oils or face oils, moisturizers, and beard oils.Price each",,,
GBBstn015WhtDrpSlTrim,GBBstn015WhtDrpSlTrim,False,False,2028.0,,,1/2 oz,"15ml,",,"Boston rounddesign15ml,1/2 oz Clear glass bottleandwhite dropperand ashiny silver trim cap.For use with perfume oils, diffuser oils, serums, primers, facial oils or face oils, moisturizers, and beard oils.Price each",,,
GBBstn015WhtDrpGlTrim,GBBstn015WhtDrpGlTrim,False,False,2029.0,,,1/2 oz,"15ml,",,"Boston rounddesign15ml,1/2 oz Clear glass bottleandwhite dropperand ashiny gold trim cap.For use with perfume oils, diffuser oils, serums, primers, facial oils or face oils, moisturizers, and beard oils.Price each",,,
GBBstn015BlkDrp,GBBstn015BlkDrp,False,False,2030.0,,,1/2 oz,"15ml,",,"Boston rounddesign15ml,1/2 oz Clear glass bottlewitha black dropper00.For use with perfume oils, diffuser oils, serums, primers, facial oils or face oils, moisturizers, and beard oils.Price each",,,
GBBstn015WhtDrp,GBBstn015WhtDrp,False,False,202.0,,,1/2 oz,"15ml,",,"Boston rounddesign15ml,1/2 oz Clear glass bottlewitha white dropper00.For use with perfume oils, diffuser oils, serums, primers, facial oils or face oils, moisturizers, and beard oils.Price each",,,
GBBstn015BlkDrpGlTrim,GBBstn015BlkDrpGlTrim,False,False,3491.0,,,1/2 oz,"15ml,",,"Boston rounddesign15ml,1/2 oz Clear glass bottlewitha black dropperand ashiny gold trim cap.For use with perfume oils, diffuser oils, serums, primers, facial oils or face oils, moisturizers, and beard oils.Price each",,,
GBCyl25RdcrShnGl,GBCyl25RdcrShnGl,False,False,2032.0,,,1oz,25 ml,,Cylinderdesign25 ml or 1oz Clear glass bottle withreducerandshiny gold cap.,,,
GBCyl25RdcrShnBlkTall,GBCyl25RdcrShnBlkTall,False,False,2033.0,,,1oz,25 ml,,Cylinderdesign25 ml1oz Clear glass bottle withreducerandtall black shiny cap.,,,
GBCyl25RdcrShnBlk,GBCyl25RdcrShnBlk,False,False,2034.0,,,1oz,25 ml,,Cylinderdesign25 ml1oz Clear glass bottle withreducerandblack shiny cap.,,,
GBCyl25RdcrBlkLthr,GBCyl25RdcrBlkLthr,False,False,2035.0,,,1oz,25 ml,,Cylinderdesign25 ml1oz Clear glass bottle withreducerandblack faux leather cap.,,,
GBCyl25RdcrBrwnLthr,GBCyl25RdcrBrwnLthr,False,False,2036.0,,,1oz,25 ml,,Cylinderdesign25 ml1oz Clear glass bottle withreducerandbrown faux leather cap.,,,
GBCyl25RdcrLBrwnLthr,GBCyl25RdcrLBrwnLthr,False,False,2037.0,,,1oz,25 ml,,Cylinderdesign25 ml1oz Clear glass bottle withreducerandlight brown faux leather cap.,,,
GBCyl25RdcrShnSl,GBCyl25RdcrShnSl,False,False,2038.0,,,1oz,25 ml,,Cylinderdesign25 ml1oz Clear glass bottle withreducerandshiny silver cap.,,,
GBCyl25RdcrMtSlTall,GBCyl25RdcrMtSlTall,False,False,2039.0,,,1oz,25 ml,,Cylinderdesign25 ml1oz Clear glass bottle withreducerandtall silver matte cap.,,,
GBCyl25RdcrMtSl,GBCyl25RdcrMtSl,False,False,2040.0,,,1oz,25 ml,,Cylinderdesign25 ml1oz Clear glass bottle withreducerandsilver matte cap.,,,
GBCyl25RdcrWht,GBCyl25RdcrWht,False,False,2041.0,,,1oz,25 ml,,Cylinderdesign25 ml1oz Clear glass bottle withreducerandwhite cap.,,,
GBCyl25SpryMtGl,GBCyl25SpryMtGl,False,False,2042.0,,,1oz,25 ml,,Cylinderdesign25 ml1oz Clear glass bottle withmatte gold spray pump.,,,
LBCyl25LtnMtGl,LBCyl25LtnMtGl,False,False,2043.0,,,1oz,25 ml,,Cylinderdesign25 ml1oz Clear glass bottle withmatte gold lotion pump.,,,
GBCyl25SpryShnGl,GBCyl25SpryShnGl,False,False,2044.0,,,1oz,25 ml,,Cylinderdesign25 ml1oz Clear glass bottle withshiny gold spray pump.,,,
LBCyl25LtnShnGl,LBCyl25LtnShnGl,False,False,2045.0,,,1oz,25 ml,,Cylinderdesign25 ml1oz Clear glass bottle withshiny gold lotion pump.,,,
GBCyl25SpryShnBlk,GBCyl25SpryShnBlk,False,False,2046.0,,,1oz,25 ml,,Cylinderdesign25 ml1oz Clear glass bottle withshiny black spray pump.,,,
LBCyl25LtnShnBlk,LBCyl25LtnShnBlk,False,False,2047.0,,,1oz,25 ml,,Cylinderdesign25 ml1oz Clear glass bottle withshiny black lotion pump.,,,
GBCyl25SpryMtSl,GBCyl25SpryMtSl,False,False,3492.0,,,1oz,25 ml,,Cylinderdesign25 ml1oz Clear glass bottle withmatte silver spray pump.,,,
LBCyl25LtnMtSl,LBCyl25LtnMtSl,False,False,2048.0,,,1oz,25 ml,,Cylinderdesign25 ml1oz Clear glass bottle withmatte silver lotion pump.,,,
LBCyl25LtnClOvrCap,LBCyl25LtnClOvrCap,False,False,2049.0,,,1oz,25 ml,,Cylinderdesign25 ml1oz Clear glass bottle with matte silver collar treatment pump.,,,
GBCyl25SpryShnSl,GBCyl25SpryShnSl,False,False,2050.0,,,1oz,25 ml,,Cylinderdesign25 ml1oz Clear glass bottle withshiny silver spray pump.,,,
LBCyl25LtnShnSl,LBCyl25LtnShnSl,False,False,2051.0,,,1oz,25 ml,,Cylinderdesign25 ml1oz Clear glass bottle withshiny silver lotion pump.,,,
GBCyl25AnSpLvn,GBCyl25AnSpLvn,False,False,2052.0,,,1oz,25 ml,,Cylinderdesign25 ml1oz Clear glass bottle with lavender vintage style bulb sprayer.,,,
GBCyl25AnSpPnk,GBCyl25AnSpPnk,False,False,2053.0,,,1oz,25 ml,,Cylinderdesign25 ml1oz Clear glass bottle with pink vintage style bulb sprayer.,,,
GBCyl25AnSpMtSl,GBCyl25AnSpMtSl,False,False,2054.0,,,1oz,25 ml,,Cylinderdesign25 ml1oz Clear glass bottle with matte silver vintage style sprayer.,,,
GBCyl25AnSpIvySl,GBCyl25AnSpIvySl,False,False,2055.0,,,1oz,25 ml,,Cylinderdesign25 ml1oz Clear glass bottle with ivory vintage style bulb sprayer.,,,
GBCyl25AnSpGl,GBCyl25AnSpGl,False,False,2056.0,,,1oz,25 ml,,Cylinderdesign25 ml1oz Clear glass bottle with gold vintage style sprayer.,,,
GBCyl25AnSpIvyGl,GBCyl25AnSpIvyGl,False,False,2057.0,,,1oz,25 ml,,Cylinderdesign25 ml1oz Clear glass bottle with ivory vintage style bulb sprayer.,,,
GBCyl25AnSpBlk,GBCyl25AnSpBlk,False,True,2058.0,,$5.08,1oz,25 ml,25 ml (0.85 oz),Cylinderdesign25 ml1oz Clear glass bottle with black vintage style bulb sprayer.,"Cylinder design 25ml clear glass bottle with black vintage style bulb sprayer with shiny silver collar cap. For use with cologne, Eau de Parfum, air freshner, face and body spray, or room spray.",,False
GBCyl25AnSpWht,GBCyl25AnSpWht,False,False,2059.0,,,1oz,25 ml,,Cylinderdesign25 ml1oz Clear glass bottle with white vintage style bulb sprayer.,,,
GBCyl25AnSpRed,GBCyl25AnSpRed,False,False,2060.0,,,1oz,25 ml,,Cylinderdesign25 ml1oz Clear glass bottle with red vintage style bulb sprayer.,,,
GBCyl25DrpSl,GBCyl25DrpSl,False,False,2061.0,,,1oz,25 ml,,Cylinderdesign25 ml1oz Clear glass bottle with white dropper shiny silver collar cap.,,,
GBCyl25DrpGl,GBCyl25DrpGl,False,True,2062.0,,$1.57,1oz,25 ml,25 ml (0.85 oz),Cylinderdesign25 ml1oz Clear glass bottle with white dropper shiny gold collar cap.,"Cylinder design 25 ml clear glass bottle with white dropper with shiny gold collar cap. For use with perfume oils, diffuser oils, serums, primers, facial oils or face oils, moisturizer, and beard oils.",,False
GBCyl25DrpCu,GBCyl25DrpCu,False,True,2063.0,,$1.57,1oz,25 ml,25 ml (0.85 oz),Cylinderdesign25 ml1oz Clear glass bottle with white dropper shiny copper collar cap.,"Cylinder design 25 ml clear glass bottle with white dropper with Matte copper collar cap. For use with perfume oils, diffuser oils, serums, primers, facial oils or face oils, moisturizer, and beard oils.",,False
GBCyl25RdcrPnkLthr,GBCyl25RdcrPnkLthr,False,False,2064.0,,,1oz,25 ml,,Cylinderdesign25 ml1oz Clear glass bottle with reducer and pink faux leather cap.,,,
GBCyl25RdcrIvyLthr,GBCyl25RdcrIvyLthr,False,False,2065.0,,,1oz,25 ml,,Cylinderdesign25 ml1oz Clear glass bottle with reducer and ivory faux leather cap.,,,
GBCyl25SpryCu,GBCyl25SpryCu,False,False,2066.0,,,1oz,25 ml,,Cylinderdesign25 ml1oz Clear glass bottle with matte copper spray pump.,,,
LBCyl25LtnCu,LBCyl25LtnCu,False,False,2067.0,,,1oz,25 ml,,Cylinderdesign25 ml1oz Clear glass bottle with matte copper lotion pump.,,,
GBCyl50RdcrShnGl,GBCyl50RdcrShnGl,False,False,2068.0,,,1.7oz,50 ml,,Cylinderdesign50 ml1.7oz Clear glass bottle with reducer and shiny gold cap.,,,
GBCyl50RdcrShnBlkTall,GBCyl50RdcrShnBlkTall,False,False,2069.0,,,1.7oz,50 ml,,Cylinderdesign50 ml1.7oz Clear glass bottle with reducer and tall black shiny cap.,,,
GBCyl50RdcrShnBlk,GBCyl50RdcrShnBlk,False,False,2070.0,,,1.7oz,50 ml,,Cylinderdesign50 ml1.7oz Clear glass bottle with reducer and black shiny cap.,,,
GBCyl50RdcrBlkLthr,GBCyl50RdcrBlkLthr,False,True,2071.0,,$1.85,1.7oz,50 ml,50 ml (1.69 oz),Cylinderdesign50 ml1.7oz Clear glass bottle with reducer and black faux leather cap.,"Cylinder design 50 ml, 1.7oz clear glass bottle with reducer and black faux leather cap. For use with cologne, aftershave, splash on, and perfume or fragrance oil, beard oils. Cylinder design is a family of bottles available in 30ml, 50ml and 100ml size",,False
GBCyl50RdcrBrwnLthr,GBCyl50RdcrBrwnLthr,False,False,2072.0,,,1.7oz,50 ml,,Cylinderdesign50 ml1.7oz Clear glass bottle with reducer and brown faux leather cap.,,,
GBCyl50RdcrLBrwnLthr,GBCyl50RdcrLBrwnLthr,False,False,2073.0,,,1.7oz,50 ml,,Cylinderdesign50 ml1.7oz Clear glass bottle with reducer and light brown faux leather cap.,,,
GBCyl50RdcrShnSl,GBCyl50RdcrShnSl,False,False,2074.0,,,1.7oz,50 ml,,Cylinderdesign50 ml1.7oz Clear glass bottle with reducer and shiny silver cap.,,,
GBCyl50RdcrMtSlTall,GBCyl50RdcrMtSlTall,False,False,2075.0,,,1.7oz,50 ml,,Cylinderdesign50 ml1.7oz Clear glass bottle with reducer and tall silver matte cap.,,,
GBCyl50RdcrMtSl,GBCyl50RdcrMtSl,False,False,2076.0,,,1.7oz,50 ml,,Cylinderdesign50 ml1.7oz Clear glass bottle with reducer and silver matte cap.,,,
GBCyl50RdcrWht,GBCyl50RdcrWht,False,False,2077.0,,,1.7oz,50 ml,,Cylinderdesign50 ml1.7oz Clear glass bottle with reducer and white cap.,,,
GBCyl50SpryMtGl,GBCyl50SpryMtGl,False,False,2078.0,,,1.7oz,50 ml,,Cylinderdesign50 ml1.7oz Clear glass bottle with matte gold spray pump.,,,
LBCyl50LtnMtGl,LBCyl50LtnMtGl,False,False,2079.0,,,1.7oz,"50 ml,  ",,"Cylinderdesign50 ml,  1.7oz Clear glass bottle  withmatte gold lotion pump.For use with lotions, moisturizer, and serums.Cylinder design is a family of bottles available in 25ml, 50ml and 100ml sizes.Price each",,,
GBCyl50SpryShnGl,GBCyl50SpryShnGl,False,False,3493.0,,,1.7oz,"50 ml,  ",,"Cylinderdesign50 ml,  1.7oz Clear glass bottle  withshiny gold spray pump.For use with cologne, Eau de Parfum, air freshner, face and body spray, or room spray.Cylinder design is a family of bottles available in 25ml, 50ml and 100ml sizes.Price each",,,
LBCyl50LtnShnGl,LBCyl50LtnShnGl,False,False,2080.0,,,1.7oz,"50 ml,  ",,"Cylinderdesign50 ml,  1.7oz Clear glass bottle  withshiny gold lotion pump.For use with lotions, moisturizer, and serums.Cylinder design is a family of bottles available in 25ml, 50ml and 100ml sizes.Price each",,,
GBCyl50SpryShnBlk,GBCyl50SpryShnBlk,False,False,3494.0,,,1.7oz,"50 ml,  ",,"Cylinderdesign50 ml,  1.7oz Clear glass bottle  withshiny black spray pump.For use with cologne, Eau de Parfum, air freshner, face and body spray, or room spray.Cylinder design is a family of bottles available in 25ml, 50ml and 100ml sizes.Price each",,,
LBCyl50LtnShnBlk,LBCyl50LtnShnBlk,False,False,2081.0,,,1.7oz,"50 ml,  ",,"Cylinderdesign50 ml,  1.7oz Clear glass bottle  withshiny black lotion pump.For use with lotions, moisturizer, and serums.Cylinder design is a family of bottles available in 25ml, 50ml and 100ml sizes.Price each",,,
GBCyl50SpryMtSl,GBCyl50SpryMtSl,False,False,3495.0,,,1.7oz,"50 ml,  ",,"Cylinderdesign50 ml,  1.7oz Clear glass bottle  withmatte silver spray pump.For use with cologne, Eau de Parfum, air freshner, face and body spray, or room spray.Cylinder design is a family of bottles available in 25ml, 50ml and 100ml sizes.Price each",,,
LBCyl50LtnMtSl,LBCyl50LtnMtSl,False,False,2082.0,,,1.7oz,"50 ml,  ",,"Cylinderdesign50 ml,  1.7oz Clear glass bottle  withmatte silver lotion pump.For use with lotions, moisturizer, and serums.Cylinder design is a family of bottles available in 25ml, 50ml and 100ml sizes.Price each",,,
LBCyl50LtnClOvrCap,LBCyl50LtnClOvrCap,False,True,2083.0,,$2.57,1.7oz,"50 ml,  ",50 ml (1.69 oz),"Cylinderdesign50 ml,  1.7oz Clear glass bottle  withwith a matte silver collar treatment pump and clear overcap.0.For use with lotions, moisturizer, and serums.Cylinder design is a family of bottles available in 25ml, 50ml and 100ml sizes.Price each","Cylinder design 50 ml, 1.7oz clear glass bottle with with a matte silver collar treatment pump and clear overcap. For use with serums, light creams, moisturizers, facial oils or face oils, beard oils, body lotions, body wash, and hair products. Cylinder d",,False
GBCyl50SpryShnSl,GBCyl50SpryShnSl,False,False,3496.0,,,1.7oz,"50 ml,  ",,"Cylinderdesign50 ml,  1.7oz Clear glass bottle  withshiny silver spray pump0.For use with cologne, Eau de Parfum, air freshner, face and body spray, or room spray.Cylinder design is a family of bottles available in 25ml, 50ml and 100ml sizes.Price each",,,
LBCyl50LtnShnSl,LBCyl50LtnShnSl,False,False,2084.0,,,1.7oz,"50 ml,  ",,"Cylinderdesign50 ml,  1.7oz Clear glass bottle  withshiny silver lotion pump0.For use with lotions, moisturizer, and serums.Cylinder design is a family of bottles available in 25ml, 50ml and 100ml sizes.Price each",,,
GBCyl50AnSpLvn,GBCyl50AnSpLvn,False,False,2085.0,,,1.7oz,"50 ml,  ",,"Cylinderdesign50 ml,  1.7oz Clear glass bottle  withlavender vintage style bulb sprayerwithshiny silver collar cap.For use with cologne, Eau de Parfum, air freshner, face and body spray, or room spray. Antique or vintage bulb sprayers enhance the beauty of your product.Cylinder design is a family of bottles available in 25ml, 50ml and 100ml sizes.Price each",,,
GBCyl50AnSpPnk,GBCyl50AnSpPnk,False,False,2086.0,,,1.7oz,"50 ml,  ",,"Cylinderdesign50 ml,  1.7oz Clear glass bottle  withpink vintage style bulb sprayerwithshiny gold collar cap.For use with cologne, Eau de Parfum, air freshner, face and body spray, or room spray. Antique or vintage bulb sprayers enhance the beauty of your product.Cylinder design is a family of bottles available in 25ml, 50ml and 100ml sizes.Price each",,,
GBCyl50AnSpMtSl,GBCyl50AnSpMtSl,False,False,2087.0,,,1.7oz,"50 ml,  ",,#REF!,,,
GBCyl50AnSpIvySl,GBCyl50AnSpIvySl,False,False,2088.0,,,1.7oz,"50 ml,  ",,"Cylinderdesign50 ml,  1.7oz Clear glass bottle  withivory vintage style bulb sprayerwithshiny silver collar cap.For use with cologne, Eau de Parfum, air freshner, face and body spray, or room spray. Antique or vintage bulb sprayers enhance the beauty of your product.Cylinder design is a family of bottles available in 25ml, 50ml and 100ml sizes.Price each",,,
GBCyl50AnSpGl,GBCyl50AnSpGl,False,False,2089.0,,,1.7oz,"50 ml,  ",,"Cylinderdesign50 ml,  1.7oz Clear glass bottle  withgold vintage style sprayerwithshiny gold collar cap.For use with cologne, Eau de Parfum, air freshner, face and body spray, or room spray. Antique or vintage bulb sprayers enhance the beauty of your product.Cylinder design is a family of bottles available in 25ml, 50ml and 100ml sizes.Price each",,,
GBCyl50AnSpIvyGl,GBCyl50AnSpIvyGl,False,False,2090.0,,,1.7oz,"50 ml,  ",,"Cylinderdesign50 ml,  1.7oz Clear glass bottle  withivory vintage style bulb sprayerwithshiny gold collar cap.For use with cologne, Eau de Parfum, air freshner, face and body spray, or room spray. Antique or vintage bulb sprayers enhance the beauty of your product.Cylinder design is a family of bottles available in 25ml, 50ml and 100ml sizes.Price each",,,
GBCyl50AnSpBlk,GBCyl50AnSpBlk,False,True,2091.0,,$5.27,1.7oz,"50 ml,  ",50 ml (1.69 oz),"Cylinderdesign50 ml,  1.7oz Clear glass bottle  withblack vintage style bulb sprayerwithshiny silver collar cap.For use with cologne, Eau de Parfum, air freshner, face and body spray, or room spray. Antique or vintage bulb sprayers enhance the beauty of your product.Cylinder design is a family of bottles available in 25ml, 50ml and 100ml sizes.Price each","Cylinder design 50 ml, 1.7oz clear glass bottle with black vintage style bulb sprayer with shiny silver collar cap. For use with cologne, Eau de Parfum, air freshner, face and body spray, or room spray. Antique or vintage bulb sprayers enhance the beau",,False
GBCyl50AnSpWht,GBCyl50AnSpWht,False,False,2092.0,,,1.7oz,"50 ml,  ",,"Cylinderdesign50 ml,  1.7oz Clear glass bottle  withwhite vintage style bulb sprayerwithshiny silver collar cap.For use with cologne, Eau de Parfum, air freshner, face and body spray, or room spray. Antique or vintage bulb sprayers enhance the beauty of your product.Cylinder design is a family of bottles available in 25ml, 50ml and 100ml sizes.Price each",,,
GBCyl50AnSpRed,GBCyl50AnSpRed,False,False,2093.0,,,1.7oz,"50 ml,  ",,"Cylinderdesign50 ml,  1.7oz Clear glass bottle  withred vintage style bulb sprayerwithshiny silver collar cap.For use with cologne, Eau de Parfum, air freshner, face and body spray, or room spray. Antique or vintage bulb sprayers enhance the beauty of your product.Cylinder design is a family of bottles available in 25ml, 50ml and 100ml sizes.Price each",,,
GBCyl50AnSpTslLvn,GBCyl50AnSpTslLvn,False,False,2094.0,,,1.7oz,"50 ml,  ",,"Cylinderdesign50 ml,  1.7oz Clear glass bottle  withLavender vintage style bulb sprayer with Tasselandshiny silver collar cap.For use with cologne, Eau de Parfum, air freshner, face and body spray, or room spray. Antique or vintage bulb sprayers enhance the beauty of your product.Cylinder design is a family of bottles available in 25ml, 50ml and 100ml sizes.Price each",,,
GBCyl50AnSpTslIvyGl,GBCyl50AnSpTslIvyGl,False,False,2095.0,,,1.7oz,"50 ml,  ",,"Cylinderdesign50 ml,  1.7oz Clear glass bottle  withIvory vintage style bulb sprayer with tasselandshiny gold collar cap.For use with cologne, Eau de Parfum, air freshner, face and body spray, or room spray. Antique or vintage bulb sprayers enhance the beauty of your product.Cylinder design is a family of bottles available in 25ml, 50ml and 100ml sizes.Price each",,,
GBCyl50AnSpTslIvySl,GBCyl50AnSpTslIvySl,False,False,2096.0,,,1.7oz,"50 ml,  ",,"Cylinderdesign50 ml,  1.7oz Clear glass bottle  withIvory vintage style bulb sprayer with tasselandshiny silver collar cap.For use with cologne, Eau de Parfum, air freshner, face and body spray, or room spray. Antique or vintage bulb sprayers enhance the beauty of your product.Cylinder design is a family of bottles available in 25ml, 50ml and 100ml sizes.Price each",,,
GBCyl50AnSpTslWht,GBCyl50AnSpTslWht,False,False,2097.0,,,1.7oz,"50 ml,  ",,"Cylinderdesign50 ml,  1.7oz Clear glass bottle  withWhite vintage style bulb sprayer with tasselandshiny silver collar cap.For use with cologne, Eau de Parfum, air freshner, face and body spray, or room spray. Antique or vintage bulb sprayers enhance the beauty of your product.Cylinder design is a family of bottles available in 25ml, 50ml and 100ml sizes.Price each",,,
GBCyl50AnSpTslPnk,GBCyl50AnSpTslPnk,False,False,2098.0,,,1.7oz,"50 ml,  ",,"Cylinderdesign50 ml,  1.7oz Clear glass bottle  withPink vintage style bulb sprayer with tasselandshiny gold collar cap.For use with cologne, Eau de Parfum, air freshner, face and body spray, or room spray. Antique or vintage bulb sprayers enhance the beauty of your product.Cylinder design is a family of bottles available in 25ml, 50ml and 100ml sizes.Price each",,,
GBCyl50AnSpTslRed,GBCyl50AnSpTslRed,False,False,2099.0,,,1.7oz,"50 ml,  ",,"Cylinderdesign50 ml,  1.7oz Clear glass bottle  withRed vintage style bulb sprayer with tasselandshiny silver collar cap.For use with cologne, Eau de Parfum, air freshner, face and body spray, or room spray. Antique or vintage bulb sprayers enhance the beauty of your product.Cylinder design is a family of bottles available in 25ml, 50ml and 100ml sizes.Price each",,,
GBCyl50AnSpTslBlk,GBCyl50AnSpTslBlk,False,True,2100.0,,$5.99,1.7oz,"50 ml,  ",50 ml (1.69 oz),"Cylinderdesign50 ml,  1.7oz Clear glass bottle  withBlack vintage style bulb sprayer with tasselandshiny silver collar cap.For use with cologne, Eau de Parfum, air freshner, face and body spray, or room spray. Antique or vintage bulb sprayers enhance the beauty of your product.Cylinder design is a family of bottles available in 25ml, 50ml and 100ml sizes.Price each","Cylinder design 50 ml, 1.7oz clear glass bottle with Black vintage style bulb sprayer with tasseland shiny silver collar cap. For use with cologne, Eau de Parfum, air freshner, face and body spray, or room spray. Antique or vintage bulb sprayers enhanc",,False
GBCyl50AnSpTslMtSl,GBCyl50AnSpTslMtSl,False,False,2101.0,,,1.7oz,"50 ml,  ",,"Cylinderdesign50 ml,  1.7oz Clear glass bottle  withSilver vintage style bulb sprayer with tasselandmatte silver collar cap.For use with cologne, Eau de Parfum, air freshner, face and body spray, or room spray. Antique or vintage bulb sprayers enhance the beauty of your product.Cylinder design is a family of bottles available in 25ml, 50ml and 100ml sizes.Price each",,,
GBCyl50AnSpTslGl,GBCyl50AnSpTslGl,False,False,2102.0,,,1.7oz,"50 ml,  ",,"Cylinderdesign50 ml,  1.7oz Clear glass bottle  withGold vintage style bulb sprayer with tasselandshiny gold collar cap.For use with cologne, Eau de Parfum, air freshner, face and body spray, or room spray. Antique or vintage bulb sprayers enhance the beauty of your product.Cylinder design is a family of bottles available in 25ml, 50ml and 100ml sizes.Price each",,,
GBCyl50RdcrPnkLthr,GBCyl50RdcrPnkLthr,False,False,2103.0,,,1.7oz,"50 ml,  ",,"Cylinderdesign50 ml,  1.7oz Clear glass bottle  withreducerandpink faux leather cap.For use with cologne, aftershave, splash on, and perfume or fragrance oil, beard oils.Cylinder design is a family of bottles available in 25ml, 50ml and 100ml sizes.Price each",,,
GBCyl50RdcrIvyLthr,GBCyl50RdcrIvyLthr,False,False,2104.0,,,1.7oz,"50 ml,  ",,"Cylinderdesign50 ml,  1.7oz Clear glass bottle  withreducerandivory faux leather cap.For use with cologne, aftershave, splash on, and perfume or fragrance oil, beard oils.Cylinder design is a family of bottles available in 25ml, 50ml and 100ml sizes.Price each",,,
GBCyl50SpryCu,GBCyl50SpryCu,False,True,2105.0,,$2.57,1.7oz,"50 ml,  ",50 ml (1.69 oz),"Cylinderdesign50 ml,  1.7oz Clear glass bottle  withmatte copper spray pump0.For use with cologne, Eau de Parfum, air freshner, face and body spray, or room spray.Cylinder design is a family of bottles available in 25ml, 50ml and 100ml sizes.Price each","Cylinder design 50 ml, 1.7oz clear glass bottle with matte copper spray pump. For use with cologne, Eau de Parfum, air freshner, face and body spray, or room spray. Cylinder design is a family of bottles available in 30ml, 50ml and 100ml sizes.",,False
LBCyl50LtnCu,LBCyl50LtnCu,False,False,2106.0,,,1.7oz,"50 ml,  ",,"Cylinderdesign50 ml,  1.7oz Clear glass bottle  withmatte copper lotion pump0.For use with lotions, moisturizer, and serums.Cylinder design is a family of bottles available in 25ml, 50ml and 100ml sizes.Price each",,,
GBCyl100RdcrShnGl,GBCyl100RdcrShnGl,False,False,2107.0,,,3 1/2oz,"100 ml,  ",,"Cylinderdesign100 ml,  3 1/2oz Clear glass bottle  withreducerandshiny gold cap.For use with cologne, aftershave, splash on, and perfume or fragrance oil, beard oils.Cylinder design is a family of bottles available in 25ml, 50ml and 100ml sizes.Price each",,,
GBCyl100RdcrShnBlkTall,GBCyl100RdcrShnBlkTall,False,False,2108.0,,,3 1/2oz,"100 ml,  ",,"Cylinderdesign100 ml,  3 1/2oz Clear glass bottle  withreducerandtall black shiny cap.For use with cologne, aftershave, splash on, and perfume or fragrance oil, beard oils.Cylinder design is a family of bottles available in 25ml, 50ml and 100ml sizes.Price each",,,
GBCyl100RdcrShnBlk,GBCyl100RdcrShnBlk,False,False,2109.0,,,3 1/2oz,"100 ml,  ",,"Cylinderdesign100 ml,  3 1/2oz Clear glass bottle  withreducerandblack shiny cap.For use with cologne, aftershave, splash on, and perfume or fragrance oil, beard oils.Cylinder design is a family of bottles available in 25ml, 50ml and 100ml sizes.Price each",,,
GBCyl100RdcrBlkLthr,GBCyl100RdcrBlkLthr,False,True,3136.0,,$2.19,3 1/2oz,"100 ml,  ",100 ml (3.38 oz),"Cylinderdesign100 ml,  3 1/2oz Clear glass bottle  withreducerandblack faux leather cap.For use with cologne, aftershave, splash on, and perfume or fragrance oil, beard oils.Cylinder design is a family of bottles available in 25ml, 50ml and 100ml sizes.Price each","Cylinder design 100 ml, 3 1/2oz clear glass bottle with reducer and black faux leather cap. For use with cologne, aftershave, splash on, and perfume or fragrance oil, beard oils. Cylinder design is a family of bottles available in 30ml, 50ml and 100ml s",,False
GBCyl100RdcrBrwnLthr,GBCyl100RdcrBrwnLthr,False,False,2111.0,,,3 1/2oz,"100 ml,  ",,"Cylinderdesign100 ml,  3 1/2oz Clear glass bottle  withreducerandbrown faux leather cap.For use with cologne, aftershave, splash on, and perfume or fragrance oil, beard oils.Cylinder design is a family of bottles available in 25ml, 50ml and 100ml sizes.Price each",,,
GBCyl100RdcrLBrwnLthr,GBCyl100RdcrLBrwnLthr,False,False,2112.0,,,3 1/2oz,"100 ml,  ",,"Cylinderdesign100 ml,  3 1/2oz Clear glass bottle  withreducerandlight brown faux leather cap.For use with cologne, aftershave, splash on, and perfume or fragrance oil, beard oils.Cylinder design is a family of bottles available in 25ml, 50ml and 100ml sizes.Price each",,,
GBCyl100RdcrShnSl,GBCyl100RdcrShnSl,False,False,2113.0,,,3 1/2oz,"100 ml,  ",,"Cylinderdesign100 ml,  3 1/2oz Clear glass bottle  withreducerandshiny silver cap.For use with cologne, aftershave, splash on, and perfume or fragrance oil, beard oils.Cylinder design is a family of bottles available in 25ml, 50ml and 100ml sizes.Price each",,,
GBCyl100RdcrMtSlTall,GBCyl100RdcrMtSlTall,False,False,2114.0,,,3 1/2oz,"100 ml,  ",,"Cylinderdesign100 ml,  3 1/2oz Clear glass bottle  withreducerandtall silver matte cap.For use with cologne, aftershave, splash on, and perfume or fragrance oil, beard oils.Cylinder design is a family of bottles available in 25ml, 50ml and 100ml sizes.Price each",,,
GBCyl100RdcrMtSl,GBCyl100RdcrMtSl,False,False,2115.0,,,3 1/2oz,"100 ml,  ",,"Cylinderdesign100 ml,  3 1/2oz Clear glass bottle  withreducerandsilver matte cap.For use with cologne, aftershave, splash on, and perfume or fragrance oil, beard oils.Cylinder design is a family of bottles available in 25ml, 50ml and 100ml sizes.Price each",,,
GBCyl100RdcrWht,GBCyl100RdcrWht,False,False,2116.0,,,3 1/2oz,"100 ml,  ",,"Cylinderdesign100 ml,  3 1/2oz Clear glass bottle  withreducerandwhite cap.For use with cologne, aftershave, splash on, and perfume or fragrance oil, beard oils.Cylinder design is a family of bottles available in 25ml, 50ml and 100ml sizes.Price each",,,
GBCyl100SpryMtGl,GBCyl100SpryMtGl,False,False,2117.0,,,3 1/2oz,"100 ml,  ",,"Cylinderdesign100 ml,  3 1/2oz Clear glass bottle  withmatte gold spray pump0.For use with cologne, Eau de Parfum, air freshner, face and body spray, or room spray.Cylinder design is a family of bottles available in 25ml, 50ml and 100ml sizes.Price each",,,
LBCyl100LtnMtGl,LBCyl100LtnMtGl,False,False,2118.0,,,3 1/2oz,"100 ml,  ",,"Cylinderdesign100 ml,  3 1/2oz Clear glass bottle  withmatte gold lotion pump0.For use with lotions, moisturizer, and serums.Cylinder design is a family of bottles available in 25ml, 50ml and 100ml sizes.Price each",,,
GBCyl100SpryShnGl,GBCyl100SpryShnGl,False,False,3497.0,,,3 1/2oz,"100 ml,  ",,"Cylinderdesign100 ml,  3 1/2oz Clear glass bottle  withshiny gold spray pump0.For use with cologne, Eau de Parfum, air freshner, face and body spray, or room spray.Cylinder design is a family of bottles available in 25ml, 50ml and 100ml sizes.Price each",,,
LBCyl100LtnShnGl,LBCyl100LtnShnGl,False,False,1257.0,,,3 1/2oz,"100 ml,  ",,"Cylinderdesign100 ml,  3 1/2oz Clear glass bottle  withshiny gold lotion pump0.For use with lotions, moisturizer, and serums.Cylinder design is a family of bottles available in 25ml, 50ml and 100ml sizes.Price each",,,
GBCyl100SpryShnBlk,GBCyl100SpryShnBlk,False,False,3498.0,,,3 1/2oz,"100 ml,  ",,"Cylinderdesign100 ml,  3 1/2oz Clear glass bottle  withshiny black spray pump0.For use with cologne, Eau de Parfum, air freshner, face and body spray, or room spray.Cylinder design is a family of bottles available in 25ml, 50ml and 100ml sizes.Price each",,,
LBCyl100LtnShnBlk,LBCyl100LtnShnBlk,False,False,1256.0,,,3 1/2oz,"100 ml,  ",,"Cylinderdesign100 ml,  3 1/2oz Clear glass bottle  withshiny black lotion pump0.For use with lotions, moisturizer, and serums.Cylinder design is a family of bottles available in 25ml, 50ml and 100ml sizes.Price each",,,
GBCyl100SpryMtSl,GBCyl100SpryMtSl,False,False,3499.0,,,3 1/2oz,"100 ml,  ",,"Cylinderdesign100 ml,  3 1/2oz Clear glass bottle  withmatte silver spray pump0.For use with cologne, Eau de Parfum, air freshner, face and body spray, or room spray.Cylinder design is a family of bottles available in 25ml, 50ml and 100ml sizes.Price each",,,
LBCyl100LtnMtSl,LBCyl100LtnMtSl,False,False,2119.0,,,3 1/2oz,"100 ml,  ",,"Cylinderdesign100 ml,  3 1/2oz Clear glass bottle  withmatte silver lotion pump0.For use with lotions, moisturizer, and serums.Cylinder design is a family of bottles available in 25ml, 50ml and 100ml sizes.Price each",,,
LBCyl100LtnClOvrCap,LBCyl100LtnClOvrCap,False,True,3135.0,,$2.90,3 1/2oz,"100 ml,  ",100 ml (3.38 oz),"Cylinderdesign100 ml,  3 1/2oz Clear glass bottle  withwith a matte silver collar treatment pump and clear overcap..For use with lotions, moisturizer, and serums.Cylinder design is a family of bottles available in 25ml, 50ml and 100ml sizes.Price each","Cylinder design 100 ml, 3 1/2oz clear glass bottle with with a matte silver collar treatment pump and clear overcap. For use with serums, light creams, moisturizers, facial oils or face oils, beard oils, body lotions, body wash, and hair products. Cylinde",,False
GBCyl100SpryShnSl,GBCyl100SpryShnSl,False,False,3500.0,,,3 1/2oz,"100 ml,  ",,"Cylinderdesign100 ml,  3 1/2oz Clear glass bottle  withshiny silver spray pump.For use with cologne, Eau de Parfum, air freshner, face and body spray, or room spray.Cylinder design is a family of bottles available in 25ml, 50ml and 100ml sizes.Price each",,,
LBCyl100LtnShnSl,LBCyl100LtnShnSl,False,False,1258.0,,,3 1/2oz,"100 ml,  ",,"Cylinderdesign100 ml,  3 1/2oz Clear glass bottle  withshiny silver lotion pump.For use with lotions, moisturizer, and serums.Cylinder design is a family of bottles available in 25ml, 50ml and 100ml sizes.Price each",,,
GBCyl100AnSpLvn,GBCyl100AnSpLvn,False,False,2120.0,,,3 1/2oz,"100 ml,  ",,"Cylinderdesign100 ml,  3 1/2oz Clear glass bottle  withlavender vintage style bulb sprayerwithshiny silver collar cap.For use with cologne, Eau de Parfum, air freshner, face and body spray, or room spray. Antique or vintage bulb sprayers enhance the beauty of your product.Cylinder design is a family of bottles available in 25ml, 50ml and 100ml sizes.Price each",,,
GBCyl100AnSpPnk,GBCyl100AnSpPnk,False,False,2121.0,,,3 1/2oz,"100 ml,  ",,"Cylinderdesign100 ml,  3 1/2oz Clear glass bottle  withpink vintage style bulb sprayerwithshiny gold collar cap.For use with cologne, Eau de Parfum, air freshner, face and body spray, or room spray. Antique or vintage bulb sprayers enhance the beauty of your product.Cylinder design is a family of bottles available in 25ml, 50ml and 100ml sizes.Price each",,,
GBCyl100AnSpMtSl,GBCyl100AnSpMtSl,False,False,2122.0,,,3 1/2oz,"100 ml,  ",,"Cylinderdesign100 ml,  3 1/2oz Clear glass bottle  withmatte silver vintage style sprayerwithmatte silver collar cap.For use with cologne, Eau de Parfum, air freshner, face and body spray, or room spray. Antique or vintage bulb sprayers enhance the beauty of your product.Cylinder design is a family of bottles available in 25ml, 50ml and 100ml sizes.Price each",,,
GBCyl100AnSpIvySl,GBCyl100AnSpIvySl,False,False,2123.0,,,3 1/2oz,"100 ml,  ",,"Cylinderdesign100 ml,  3 1/2oz Clear glass bottle  withivory vintage style bulb sprayerwithshiny silver collar cap.For use with cologne, Eau de Parfum, air freshner, face and body spray, or room spray. Antique or vintage bulb sprayers enhance the beauty of your product.Cylinder design is a family of bottles available in 25ml, 50ml and 100ml sizes.Price each",,,
GBCyl100AnSpGl,GBCyl100AnSpGl,False,False,2124.0,,,3 1/2oz,"100 ml,  ",,"Cylinderdesign100 ml,  3 1/2oz Clear glass bottle  withgold vintage style sprayerwithshiny gold collar cap.For use with cologne, Eau de Parfum, air freshner, face and body spray, or room spray. Antique or vintage bulb sprayers enhance the beauty of your product.Cylinder design is a family of bottles available in 25ml, 50ml and 100ml sizes.Price each",,,
GBCyl100AnSpIvyGl,GBCyl100AnSpIvyGl,False,False,2125.0,,,3 1/2oz,"100 ml,  ",,"Cylinderdesign100 ml,  3 1/2oz Clear glass bottle  withivory vintage style bulb sprayerwithshiny gold collar cap.For use with cologne, Eau de Parfum, air freshner, face and body spray, or room spray. Antique or vintage bulb sprayers enhance the beauty of your product.Cylinder design is a family of bottles available in 25ml, 50ml and 100ml sizes.Price each",,,
GBCyl100AnSpBlk,GBCyl100AnSpBlk,False,True,2126.0,,$5.61,3 1/2oz,"100 ml,  ",100 ml (3.38 oz),"Cylinderdesign100 ml,  3 1/2oz Clear glass bottle  withblack vintage style bulb sprayerwithshiny silver collar cap.For use with cologne, Eau de Parfum, air freshner, face and body spray, or room spray. Antique or vintage bulb sprayers enhance the beauty of your product.Cylinder design is a family of bottles available in 25ml, 50ml and 100ml sizes.Price each","Cylinder design 100 ml, 3 1/2oz clear glass bottle with black vintage style bulb sprayer with shiny silver collar cap. For use with cologne, Eau de Parfum, air freshner, face and body spray, or room spray. Antique or vintage bulb sprayers enhance the b",,False
GBCyl100AnSpWht,GBCyl100AnSpWht,False,False,2127.0,,,3 1/2oz,"100 ml,  ",,"Cylinderdesign100 ml,  3 1/2oz Clear glass bottle  withwhite vintage style bulb sprayerwithshiny silver collar cap.For use with cologne, Eau de Parfum, air freshner, face and body spray, or room spray. Antique or vintage bulb sprayers enhance the beauty of your product.Cylinder design is a family of bottles available in 25ml, 50ml and 100ml sizes.Price each",,,
GBCyl100AnSpRed,GBCyl100AnSpRed,False,False,2128.0,,,3 1/2oz,"100 ml,  ",,"Cylinderdesign100 ml,  3 1/2oz Clear glass bottle  withred vintage style bulb sprayerwithshiny silver collar cap.For use with cologne, Eau de Parfum, air freshner, face and body spray, or room spray. Antique or vintage bulb sprayers enhance the beauty of your product.Cylinder design is a family of bottles available in 25ml, 50ml and 100ml sizes.Price each",,,
GBCyl100AnSpTslLvn,GBCyl100AnSpTslLvn,False,False,2129.0,,,3 1/2oz,"100 ml,  ",,"Cylinderdesign100 ml,  3 1/2oz Clear glass bottle  withLavender vintage style bulb sprayer with Tasselandshiny silver collar cap.For use with cologne, Eau de Parfum, air freshner, face and body spray, or room spray. Antique or vintage bulb sprayers enhance the beauty of your product.Cylinder design is a family of bottles available in 25ml, 50ml and 100ml sizes.Price each",,,
GBCyl100AnSpTslIvyGl,GBCyl100AnSpTslIvyGl,False,False,2130.0,,,3 1/2oz,"100 ml,  ",,"Cylinderdesign100 ml,  3 1/2oz Clear glass bottle  withIvory vintage style bulb sprayer with tasselandshiny gold collar cap.For use with cologne, Eau de Parfum, air freshner, face and body spray, or room spray. Antique or vintage bulb sprayers enhance the beauty of your product.Cylinder design is a family of bottles available in 25ml, 50ml and 100ml sizes.Price each",,,
GBCyl100AnSpTslIvySl,GBCyl100AnSpTslIvySl,False,False,2131.0,,,3 1/2oz,"100 ml,  ",,"Cylinderdesign100 ml,  3 1/2oz Clear glass bottle  withIvory vintage style bulb sprayer with tasselandshiny silver collar cap.For use with cologne, Eau de Parfum, air freshner, face and body spray, or room spray. Antique or vintage bulb sprayers enhance the beauty of your product.Cylinder design is a family of bottles available in 25ml, 50ml and 100ml sizes.Price each",,,
GBCyl100AnSpTslWht,GBCyl100AnSpTslWht,False,False,2132.0,,,3 1/2oz,"100 ml,  ",,"Cylinderdesign100 ml,  3 1/2oz Clear glass bottle  withWhite vintage style bulb sprayer with tasselandshiny silver collar cap.For use with cologne, Eau de Parfum, air freshner, face and body spray, or room spray. Antique or vintage bulb sprayers enhance the beauty of your product.Cylinder design is a family of bottles available in 25ml, 50ml and 100ml sizes.Price each",,,
GBCyl100AnSpTslPnk,GBCyl100AnSpTslPnk,False,False,2133.0,,,3 1/2oz,"100 ml,  ",,"Cylinderdesign100 ml,  3 1/2oz Clear glass bottle  withPink vintage style bulb sprayer with tasselandshiny gold collar cap.For use with cologne, Eau de Parfum, air freshner, face and body spray, or room spray. Antique or vintage bulb sprayers enhance the beauty of your product.Cylinder design is a family of bottles available in 25ml, 50ml and 100ml sizes.Price each",,,
GBCyl100AnSpTslRed,GBCyl100AnSpTslRed,False,False,2134.0,,,3 1/2oz,"100 ml,  ",,"Cylinderdesign100 ml,  3 1/2oz Clear glass bottle  withRed vintage style bulb sprayer with tasselandshiny silver collar cap.For use with cologne, Eau de Parfum, air freshner, face and body spray, or room spray. Antique or vintage bulb sprayers enhance the beauty of your product.Cylinder design is a family of bottles available in 25ml, 50ml and 100ml sizes.Price each",,,
GBCyl100AnSpTslBlk,GBCyl100AnSpTslBlk,False,True,2135.0,,$6.32,3 1/2oz,"100 ml,  ",100 ml (3.38 oz),"Cylinderdesign100 ml,  3 1/2oz Clear glass bottle  withBlack vintage style bulb sprayer with tasselandshiny silver collar cap.For use with cologne, Eau de Parfum, air freshner, face and body spray, or room spray. Antique or vintage bulb sprayers enhance the beauty of your product.Cylinder design is a family of bottles available in 25ml, 50ml and 100ml sizes.Price each","Cylinder design 100 ml, 3 1/2oz clear glass bottle with Black vintage style bulb sprayer with tasseland shiny silver collar cap. For use with cologne, Eau de Parfum, air freshner, face and body spray, or room spray. Antique or vintage bulb sprayers enh",,False
GBCyl100AnSpTslMtSl,GBCyl100AnSpTslMtSl,False,False,2136.0,,,3 1/2oz,"100 ml,  ",,"Cylinderdesign100 ml,  3 1/2oz Clear glass bottle  withSilver vintage style bulb sprayer with tasselandmatte silver collar cap.For use with cologne, Eau de Parfum, air freshner, face and body spray, or room spray. Antique or vintage bulb sprayers enhance the beauty of your product.Cylinder design is a family of bottles available in 25ml, 50ml and 100ml sizes.Price each",,,
GBCyl100AnSpTslGl,GBCyl100AnSpTslGl,False,False,2137.0,,,3 1/2oz,"100 ml,  ",,"Cylinderdesign100 ml,  3 1/2oz Clear glass bottle  withGold vintage style bulb sprayer with tasselandshiny gold collar cap.For use with cologne, Eau de Parfum, air freshner, face and body spray, or room spray. Antique or vintage bulb sprayers enhance the beauty of your product.Cylinder design is a family of bottles available in 25ml, 50ml and 100ml sizes.Price each",,,
GBCyl100RdcrPnkLthr,GBCyl100RdcrPnkLthr,False,False,3138.0,,,3 1/2oz,"100 ml,  ",,"Cylinderdesign100 ml,  3 1/2oz Clear glass bottle  withreducerandpink faux leather cap.For use with cologne, aftershave, splash on, and perfume or fragrance oil, beard oils.Cylinder design is a family of bottles available in 25ml, 50ml and 100ml sizes.Price each",,,
GBCyl100RdcrIvyLthr,GBCyl100RdcrIvyLthr,False,False,3137.0,,,3 1/2oz,"100 ml,  ",,"Cylinderdesign100 ml,  3 1/2oz Clear glass bottle  withreducerandivory faux leather cap.For use with cologne, aftershave, splash on, and perfume or fragrance oil, beard oils.Cylinder design is a family of bottles available in 25ml, 50ml and 100ml sizes.Price each",,,
GBCyl100SpryCu,GBCyl100SpryCu,False,True,2140.0,,$2.90,3 1/2oz,"100 ml,  ",100 ml (3.38 oz),"Cylinderdesign100 ml,  3 1/2oz Clear glass bottle  withmatte copper spray pump0.For use with cologne, Eau de Parfum, air freshner, face and body spray, or room spray.Cylinder design is a family of bottles available in 25ml, 50ml and 100ml sizes.Price each","Cylinder design 100 ml, 3 1/2oz clear glass bottle with matte copper spray pump. For use with cologne, Eau de Parfum, air freshner, face and body spray, or room spray. Cylinder design is a family of bottles available in 30ml, 50ml and 100ml sizes. Pric",,False
LBCyl100LtnCu,LBCyl100LtnCu,False,False,2141.0,,,3 1/2oz,"100 ml,  ",,"Cylinderdesign100 ml,  3 1/2oz Clear glass bottle  withmatte copper lotion pump0.For use with lotions, moisturizer, and serums.Cylinder design is a family of bottles available in 25ml, 50ml and 100ml sizes.Price each",,,
GBCrcl50RdcrShnGl,GBCrcl50RdcrShnGl,False,False,471.0,,,1.7oz,"50 ml,  ",,"Circledesign50 ml,  1.7oz Clear glass bottle  withreducerandshiny gold cap.For use with cologne, aftershave, splash on, and perfume or fragrance oil, beard oils.Circle design is a famiily of bottles available in 15ml, 30ml, 50ml and 100ml size.Price each",,,
GBCrcl50RdcrShnBlkTall,GBCrcl50RdcrShnBlkTall,False,False,2142.0,,,1.7oz,"50 ml,  ",,"Circledesign50 ml,  1.7oz Clear glass bottle  withreducerandtall black shiny cap.For use with cologne, aftershave, splash on, and perfume or fragrance oil, beard oils.Circle design is a famiily of bottles available in 15ml, 30ml, 50ml and 100ml size.Price each",,,
GBCrcl50RdcrShnBlk,GBCrcl50RdcrShnBlk,False,False,2143.0,,,1.7oz,"50 ml,  ",,"Circledesign50 ml,  1.7oz Clear glass bottle  withreducerandblack shiny cap.For use with cologne, aftershave, splash on, and perfume or fragrance oil, beard oils.Circle design is a famiily of bottles available in 15ml, 30ml, 50ml and 100ml size.Price each",,,
GBCrcl50RdcrBlkLthr,GBCrcl50RdcrBlkLthr,False,True,1193.0,,$1.76,1.7oz,"50 ml,  ",50 ml (1.69 oz),"Circledesign50 ml,  1.7oz Clear glass bottle  withreducerandblack faux leather cap.For use with cologne, aftershave, splash on, and perfume or fragrance oil, beard oils.Circle design is a famiily of bottles available in 15ml, 30ml, 50ml and 100ml size.Price each","Circle design 50 ml, 1.7oz clear glass bottle with reducer and black faux leather cap. For use with cologne, aftershave, splash on, and perfume or fragrance oil, beard oils. Circle design is a famiily of bottles available in 15ml, 30ml, 50ml and 100ml s",,False
GBCrcl50RdcrBrwnLthr,GBCrcl50RdcrBrwnLthr,False,False,2144.0,,,1.7oz,"50 ml,  ",,"Circledesign50 ml,  1.7oz Clear glass bottle  withreducerandbrown faux leather cap.For use with cologne, aftershave, splash on, and perfume or fragrance oil, beard oils.Circle design is a famiily of bottles available in 15ml, 30ml, 50ml and 100ml size.Price each",,,
GBCrcl50RdcrLBrwnLthr,GBCrcl50RdcrLBrwnLthr,False,False,2145.0,,,1.7oz,"50 ml,  ",,"Circledesign50 ml,  1.7oz Clear glass bottle  withreducerandlight brown faux leather cap.For use with cologne, aftershave, splash on, and perfume or fragrance oil, beard oils.Circle design is a famiily of bottles available in 15ml, 30ml, 50ml and 100ml size.Price each",,,
GBCrcl50RdcrShnSl,GBCrcl50RdcrShnSl,False,False,470.0,,,1.7oz,"50 ml,  ",,"Circledesign50 ml,  1.7oz Clear glass bottle  withreducerandshiny silver cap.For use with cologne, aftershave, splash on, and perfume or fragrance oil, beard oils.Circle design is a famiily of bottles available in 15ml, 30ml, 50ml and 100ml size.Price each",,,
GBCrcl50RdcrMtSlTall,GBCrcl50RdcrMtSlTall,False,False,2146.0,,,1.7oz,"50 ml,  ",,"Circledesign50 ml,  1.7oz Clear glass bottle  withreducerandtall silver matte cap.For use with cologne, aftershave, splash on, and perfume or fragrance oil, beard oils.Circle design is a famiily of bottles available in 15ml, 30ml, 50ml and 100ml size.Price each",,,
GBCrcl50RdcrMtSl,GBCrcl50RdcrMtSl,False,False,3411.0,,,1.7oz,"50 ml,  ",,"Circledesign50 ml,  1.7oz Clear glass bottle  withreducerandsilver matte cap.For use with cologne, aftershave, splash on, and perfume or fragrance oil, beard oils.Circle design is a famiily of bottles available in 15ml, 30ml, 50ml and 100ml size.Price each",,,
GBCrcl50RdcrWht,GBCrcl50RdcrWht,False,False,2147.0,,,1.7oz,"50 ml,  ",,"Circledesign50 ml,  1.7oz Clear glass bottle  withreducerandwhite cap.For use with cologne, aftershave, splash on, and perfume or fragrance oil, beard oils.Circle design is a famiily of bottles available in 15ml, 30ml, 50ml and 100ml size.Price each",,,
GBCrcl50SpryMtGl,GBCrcl50SpryMtGl,False,False,2148.0,,,1.7oz,"50 ml,  ",,"Circledesign50 ml,  1.7oz Clear glass bottle  withmatte gold spray pump0.For use with cologne, Eau de Parfum, air freshner, face and body spray, or room spray.Circle design is a famiily of bottles available in 15ml, 30ml, 50ml and 100ml size.Price each",,,
LBCrcl50LtnMtGl,LBCrcl50LtnMtGl,False,False,2149.0,,,1.7oz,"50 ml,  ",,"Circledesign50 ml,  1.7oz Clear glass bottle  withmatte gold lotion pump0.For use with lotions, moisturizer, and serums.Circle design is a famiily of bottles available in 15ml, 30ml, 50ml and 100ml size.Price each",,,
GBCrcl50SpryShnGl,GBCrcl50SpryShnGl,False,False,2150.0,,,1.7oz,"50 ml,  ",,"Circledesign50 ml,  1.7oz Clear glass bottle  withshiny gold spray pump0.For use with cologne, Eau de Parfum, air freshner, face and body spray, or room spray.Circle design is a famiily of bottles available in 15ml, 30ml, 50ml and 100ml size.Price each",,,
LBCrcl50LtnShnGl,LBCrcl50LtnShnGl,False,False,2151.0,,,1.7oz,"50 ml,  ",,"Circledesign50 ml,  1.7oz Clear glass bottle  withshiny gold lotion pump0.For use with lotions, moisturizer, and serums.Circle design is a famiily of bottles available in 15ml, 30ml, 50ml and 100ml size.Price each",,,
GBCrcl50SpryShnBlk,GBCrcl50SpryShnBlk,False,False,2152.0,,,1.7oz,"50 ml,  ",,"Circledesign50 ml,  1.7oz Clear glass bottle  withshiny black spray pump0.For use with cologne, Eau de Parfum, air freshner, face and body spray, or room spray.Circle design is a famiily of bottles available in 15ml, 30ml, 50ml and 100ml size.Price each",,,
LBCrcl50LtnShnBlk,LBCrcl50LtnShnBlk,False,False,2153.0,,,1.7oz,"50 ml,  ",,"Circledesign50 ml,  1.7oz Clear glass bottle  withshiny black lotion pump0.For use with lotions, moisturizer, and serums.Circle design is a famiily of bottles available in 15ml, 30ml, 50ml and 100ml size.Price each",,,
GBCrcl50SpryMtSl,GBCrcl50SpryMtSl,False,False,1244.0,,,1.7oz,"50 ml,  ",,"Circledesign50 ml,  1.7oz Clear glass bottle  withmatte silver spray pump0.For use with cologne, Eau de Parfum, air freshner, face and body spray, or room spray.Circle design is a famiily of bottles available in 15ml, 30ml, 50ml and 100ml size.Price each",,,
LBCrcl50LtnMtSl,LBCrcl50LtnMtSl,False,False,2154.0,,,1.7oz,"50 ml,  ",,"Circledesign50 ml,  1.7oz Clear glass bottle  withmatte silver lotion pump0.For use with lotions, moisturizer, and serums.Circle design is a famiily of bottles available in 15ml, 30ml, 50ml and 100ml size.Price each",,,
LBCrcl50LtnClOvrCap,LBCrcl50LtnClOvrCap,False,True,2155.0,,$2.47,1.7oz,"50 ml,  ",50 ml (1.69 oz),"Circledesign50 ml,  1.7oz Clear glass bottle  withwith a matte silver collar treatment pump and clear overcap.0.For use with lotions, moisturizer, and serums.Circle design is a famiily of bottles available in 15ml, 30ml, 50ml and 100ml size.Price each","Circle design 50 ml, 1.7oz clear glass bottle with with a matte silver collar treatment pump and clear overcap. For use with serums, light creams, moisturizers, facial oils or face oils, beard oils, body lotions, body wash, and hair products. Circle desig",,False
GBCrcl50SpryShnSl,GBCrcl50SpryShnSl,False,False,2156.0,,,1.7oz,"50 ml,  ",,"Circledesign50 ml,  1.7oz Clear glass bottle  withshiny silver spray pump0.For use with cologne, Eau de Parfum, air freshner, face and body spray, or room spray.Circle design is a famiily of bottles available in 15ml, 30ml, 50ml and 100ml size.Price each",,,
LBCrcl50LtnShnSl,LBCrcl50LtnShnSl,False,False,2157.0,,,1.7oz,"50 ml,  ",,"Circledesign50 ml,  1.7oz Clear glass bottle  withshiny silver lotion pump.For use with lotions, moisturizer, and serums.Circle design is a famiily of bottles available in 15ml, 30ml, 50ml and 100ml size.Price each",,,
GBCrcl50AnSpLvn,GBCrcl50AnSpLvn,False,False,2158.0,,,1.7oz,"50 ml,  ",,"Circledesign50 ml,  1.7oz Clear glass bottle  withlavender vintage style bulb sprayerwithshiny silver collar cap.For use with cologne, Eau de Parfum, air freshner, face and body spray, or room spray. Antique or vintage bulb sprayers enhance the beauty of your product.Circle design is a famiily of bottles available in 15ml, 30ml, 50ml and 100ml size.Price each",,,
GBCrcl50AnSpPnk,GBCrcl50AnSpPnk,False,False,2159.0,,,1.7oz,"50 ml,  ",,"Circledesign50 ml,  1.7oz Clear glass bottle  withpink vintage style bulb sprayerwithshiny gold collar cap.For use with cologne, Eau de Parfum, air freshner, face and body spray, or room spray. Antique or vintage bulb sprayers enhance the beauty of your product.Circle design is a famiily of bottles available in 15ml, 30ml, 50ml and 100ml size.Price each",,,
GBCrcl50AnSpMtSl,GBCrcl50AnSpMtSl,False,False,2160.0,,,1.7oz,"50 ml,  ",,"Circledesign50 ml,  1.7oz Clear glass bottle  withmatte silver vintage style sprayerwithmatte silver collar cap.For use with cologne, Eau de Parfum, air freshner, face and body spray, or room spray. Antique or vintage bulb sprayers enhance the beauty of your product.Circle design is a famiily of bottles available in 15ml, 30ml, 50ml and 100ml size.Price each",,,
GBCrcl50AnSpIvySl,GBCrcl50AnSpIvySl,False,False,2161.0,,,1.7oz,"50 ml,  ",,"Circledesign50 ml,  1.7oz Clear glass bottle  withivory vintage style bulb sprayerwithshiny silver collar cap.For use with cologne, Eau de Parfum, air freshner, face and body spray, or room spray. Antique or vintage bulb sprayers enhance the beauty of your product.Circle design is a famiily of bottles available in 15ml, 30ml, 50ml and 100ml size.Price each",,,
GBCrcl50AnSpGl,GBCrcl50AnSpGl,False,False,2162.0,,,1.7oz,"50 ml,  ",,"Circledesign50 ml,  1.7oz Clear glass bottle  withgold vintage style sprayerwithshiny gold collar cap.For use with cologne, Eau de Parfum, air freshner, face and body spray, or room spray. Antique or vintage bulb sprayers enhance the beauty of your product.Circle design is a famiily of bottles available in 15ml, 30ml, 50ml and 100ml size.Price each",,,
GBCrcl50AnSpIvyGl,GBCrcl50AnSpIvyGl,False,False,2163.0,,,1.7oz,"50 ml,  ",,"Circledesign50 ml,  1.7oz Clear glass bottle  withivory vintage style bulb sprayerwithshiny gold collar cap.For use with cologne, Eau de Parfum, air freshner, face and body spray, or room spray. Antique or vintage bulb sprayers enhance the beauty of your product.Circle design is a famiily of bottles available in 15ml, 30ml, 50ml and 100ml size.Price each",,,
GBCrcl50AnSpBlk,GBCrcl50AnSpBlk,False,True,2164.0,,$5.18,1.7oz,"50 ml,  ",50 ml (1.69 oz),"Circledesign50 ml,  1.7oz Clear glass bottle  withblack vintage style bulb sprayerwithshiny silver collar cap.For use with cologne, Eau de Parfum, air freshner, face and body spray, or room spray. Antique or vintage bulb sprayers enhance the beauty of your product.Circle design is a famiily of bottles available in 15ml, 30ml, 50ml and 100ml size.Price each","Circle design 50 ml, 1.7oz clear glass bottle with black vintage style bulb sprayer with shiny silver collar cap. For use with cologne, Eau de Parfum, air freshner, face and body spray, or room spray. Antique or vintage bulb sprayers enhance the beauty",,False
GBCrcl50AnSpWht,GBCrcl50AnSpWht,False,False,2165.0,,,1.7oz,"50 ml,  ",,"Circledesign50 ml,  1.7oz Clear glass bottle  withwhite vintage style bulb sprayerwithshiny silver collar cap.For use with cologne, Eau de Parfum, air freshner, face and body spray, or room spray. Antique or vintage bulb sprayers enhance the beauty of your product.Circle design is a famiily of bottles available in 15ml, 30ml, 50ml and 100ml size.Price each",,,
GBCrcl50AnSpRed,GBCrcl50AnSpRed,False,False,2166.0,,,1.7oz,"50 ml,  ",,"Circledesign50 ml,  1.7oz Clear glass bottle  withred vintage style bulb sprayerwithshiny silver collar cap.For use with cologne, Eau de Parfum, air freshner, face and body spray, or room spray. Antique or vintage bulb sprayers enhance the beauty of your product.Circle design is a famiily of bottles available in 15ml, 30ml, 50ml and 100ml size.Price each",,,
GBCrcl50AnSpTslLvn,GBCrcl50AnSpTslLvn,False,False,2167.0,,,1.7oz,"50 ml,  ",,"Circledesign50 ml,  1.7oz Clear glass bottle  withLavender vintage style bulb sprayer with Tasselandshiny silver collar cap.For use with cologne, Eau de Parfum, air freshner, face and body spray, or room spray. Antique or vintage bulb sprayers enhance the beauty of your product.Circle design is a famiily of bottles available in 15ml, 30ml, 50ml and 100ml size.Price each",,,
GBCrcl50AnSpTslIvyGl,GBCrcl50AnSpTslIvyGl,False,False,2168.0,,,1.7oz,"50 ml,  ",,"Circledesign50 ml,  1.7oz Clear glass bottle  withIvory vintage style bulb sprayer with tasselandshiny gold collar cap.For use with cologne, Eau de Parfum, air freshner, face and body spray, or room spray. Antique or vintage bulb sprayers enhance the beauty of your product.Circle design is a famiily of bottles available in 15ml, 30ml, 50ml and 100ml size.Price each",,,
GBCrcl50AnSpTslIvySl,GBCrcl50AnSpTslIvySl,False,False,2169.0,,,1.7oz,"50 ml,  ",,"Circledesign50 ml,  1.7oz Clear glass bottle  withIvory vintage style bulb sprayer with tasselandshiny silver collar cap.For use with cologne, Eau de Parfum, air freshner, face and body spray, or room spray. Antique or vintage bulb sprayers enhance the beauty of your product.Circle design is a famiily of bottles available in 15ml, 30ml, 50ml and 100ml size.Price each",,,
GBCrcl50AnSpTslWht,GBCrcl50AnSpTslWht,False,False,2170.0,,,1.7oz,"50 ml,  ",,"Circledesign50 ml,  1.7oz Clear glass bottle  withWhite vintage style bulb sprayer with tasselandshiny silver collar cap.For use with cologne, Eau de Parfum, air freshner, face and body spray, or room spray. Antique or vintage bulb sprayers enhance the beauty of your product.Circle design is a famiily of bottles available in 15ml, 30ml, 50ml and 100ml size.Price each",,,
GBCrcl50AnSpTslPnk,GBCrcl50AnSpTslPnk,False,False,2171.0,,,1.7oz,"50 ml,  ",,"Circledesign50 ml,  1.7oz Clear glass bottle  withPink vintage style bulb sprayer with tasselandshiny gold collar cap.For use with cologne, Eau de Parfum, air freshner, face and body spray, or room spray. Antique or vintage bulb sprayers enhance the beauty of your product.Circle design is a famiily of bottles available in 15ml, 30ml, 50ml and 100ml size.Price each",,,
GBCrcl50AnSpTslRed,GBCrcl50AnSpTslRed,False,False,2172.0,,,1.7oz,"50 ml,  ",,"Circledesign50 ml,  1.7oz Clear glass bottle  withRed vintage style bulb sprayer with tasselandshiny silver collar cap.For use with cologne, Eau de Parfum, air freshner, face and body spray, or room spray. Antique or vintage bulb sprayers enhance the beauty of your product.Circle design is a famiily of bottles available in 15ml, 30ml, 50ml and 100ml size.Price each",,,
GBCrcl50AnSpTslBlk,GBCrcl50AnSpTslBlk,False,True,2173.0,,$5.89,1.7oz,"50 ml,  ",50 ml (1.69 oz),"Circledesign50 ml,  1.7oz Clear glass bottle  withBlack vintage style bulb sprayer with tasselandshiny silver collar cap.For use with cologne, Eau de Parfum, air freshner, face and body spray, or room spray. Antique or vintage bulb sprayers enhance the beauty of your product.Circle design is a famiily of bottles available in 15ml, 30ml, 50ml and 100ml size.Price each","Circle design 50 ml, 1.7oz clear glass bottle with Black vintage style bulb sprayer with tasseland shiny silver collar cap. For use with cologne, Eau de Parfum, air freshner, face and body spray, or room spray. Antique or vintage bulb sprayers enhance",,False
GBCrcl50AnSpTslMtSl,GBCrcl50AnSpTslMtSl,False,False,2174.0,,,1.7oz,"50 ml,  ",,"Circledesign50 ml,  1.7oz Clear glass bottle  withSilver vintage style bulb sprayer with tasselandmatte silver collar cap.For use with cologne, Eau de Parfum, air freshner, face and body spray, or room spray. Antique or vintage bulb sprayers enhance the beauty of your product.Circle design is a famiily of bottles available in 15ml, 30ml, 50ml and 100ml size.Price each",,,
GBCrcl50AnSpTslGl,GBCrcl50AnSpTslGl,False,False,2175.0,,,1.7oz,"50 ml,  ",,"Circledesign50 ml,  1.7oz Clear glass bottle  withGold vintage style bulb sprayer with tasselandshiny gold collar cap.For use with cologne, Eau de Parfum, air freshner, face and body spray, or room spray. Antique or vintage bulb sprayers enhance the beauty of your product.Circle design is a famiily of bottles available in 15ml, 30ml, 50ml and 100ml size.Price each",,,
GBCrcl50DrpSl,GBCrcl50DrpSl,False,False,2176.0,,,1.7oz,"50 ml,  ",,"Circledesign50 ml,  1.7oz Clear glass bottle  withwhite dropperwithshiny silver collar cap.For use with perfume oils, diffuser oils, serums, primers, facial oils or face oils, moisturizer, and beard oils.Circle design is a famiily of bottles available in 15ml, 30ml, 50ml and 100ml size.Price each",,,
GBCrcl50DrpGl,GBCrcl50DrpGl,False,False,2177.0,,,1.7oz,"50 ml,  ",,"Circledesign50 ml,  1.7oz Clear glass bottle  withwhite dropperwithshiny gold collar cap.For use with perfume oils, diffuser oils, serums, primers, facial oils or face oils, moisturizer, and beard oils.Circle design is a famiily of bottles available in 15ml, 30ml, 50ml and 100ml size.Price each",,,
GBCrcl50DrpCu,GBCrcl50DrpCu,False,True,2178.0,,$1.66,1.7oz,"50 ml,  ",50 ml (1.69 oz),"Circledesign50 ml,  1.7oz Clear glass bottle  withwhite dropperwithshiny copper collar cap.For use with perfume oils, diffuser oils, serums, primers, facial oils or face oils, moisturizer, and beard oils.Circle design is a famiily of bottles available in 15ml, 30ml, 50ml and 100ml size.Price each","Circle design 50 ml, 1.7oz clear glass bottle with white dropper with shiny copper collar cap. For use with perfume oils, diffuser oils, serums, primers, facial oils or face oils, moisturizer, and beard oils.Circle design is a famiily of bottles availab",,False
GBCrcl50RdcrPnkLthr,GBCrcl50RdcrPnkLthr,False,False,1195.0,,,1.7oz,"50 ml,  ",,"Circledesign50 ml,  1.7oz Clear glass bottle  withreducerandpink faux leather cap.For use with cologne, aftershave, splash on, and perfume or fragrance oil, beard oils.Circle design is a famiily of bottles available in 15ml, 30ml, 50ml and 100ml size.Price each",,,
GBCrcl50RdcrIvyLthr,GBCrcl50RdcrIvyLthr,False,False,1194.0,,,1.7oz,"50 ml,  ",,"Circledesign50 ml,  1.7oz Clear glass bottle  withreducerandivory faux leather cap.For use with cologne, aftershave, splash on, and perfume or fragrance oil, beard oils.Circle design is a famiily of bottles available in 15ml, 30ml, 50ml and 100ml size.Price each",,,
GBCrcl50SpryCu,GBCrcl50SpryCu,False,True,2179.0,,$2.47,1.7oz,"50 ml,  ",50 ml (1.69 oz),"Circledesign50 ml,  1.7oz Clear glass bottle  withmatte copper spray pump00.For use with cologne, Eau de Parfum, air freshner, face and body spray, or room spray.Circle design is a famiily of bottles available in 15ml, 30ml, 50ml and 100ml size.Price each","Circle design 50 ml, 1.7oz clear glass bottle with matte copper spray pump. For use with cologne, Eau de Parfum, air freshner, face and body spray, or room spray. Circle design is a famiily of bottles available in 15ml, 30ml, 50ml and 100ml size.",,False
LBCrcl50LtnCu,LBCrcl50LtnCu,False,False,2180.0,,,1.7oz,"50 ml,  ",,"Circledesign50 ml,  1.7oz Clear glass bottle  withmatte copper lotion pump00.For use with lotions, moisturizer, and serums.Circle design is a famiily of bottles available in 15ml, 30ml, 50ml and 100ml size.Price each",,,
GBCrcl100RdcrShnGl,GBCrcl100RdcrShnGl,False,False,2181.0,,,3 1/2oz,"100 ml,  ",,"Circledesign100 ml,  3 1/2oz Clear glass bottle  withreducerandshiny gold cap.For use with cologne, aftershave, splash on, and perfume or fragrance oil, beard oils.Circle design is a famiily of bottles available in 15ml, 30ml, 50ml and 100ml size.Price each",,,
GBCrcl100RdcrShnBlkTall,GBCrcl100RdcrShnBlkTall,False,False,2182.0,,,3 1/2oz,"100 ml,  ",,"Circledesign100 ml,  3 1/2oz Clear glass bottle  withreducerandtall black shiny cap.For use with cologne, aftershave, splash on, and perfume or fragrance oil, beard oils.Circle design is a famiily of bottles available in 15ml, 30ml, 50ml and 100ml size.Price each",,,
GBCrcl100RdcrShnBlk,GBCrcl100RdcrShnBlk,False,False,2183.0,,,3 1/2oz,"100 ml,  ",,"Circledesign100 ml,  3 1/2oz Clear glass bottle  withreducerandblack shiny cap.For use with cologne, aftershave, splash on, and perfume or fragrance oil, beard oils.Circle design is a famiily of bottles available in 15ml, 30ml, 50ml and 100ml size.Price each",,,
GBCrcl100RdcrBlkLthr,GBCrcl100RdcrBlkLthr,False,True,1188.0,,$2.19,3 1/2oz,"100 ml,  ",100 ml (3.38 oz),"Circledesign100 ml,  3 1/2oz Clear glass bottle  withreducerandblack faux leather cap.For use with cologne, aftershave, splash on, and perfume or fragrance oil, beard oils.Circle design is a famiily of bottles available in 15ml, 30ml, 50ml and 100ml size.Price each","Circle design 100 ml, 3 1/2oz clear glass bottle with reducer and black faux leather cap. For use with cologne, aftershave, splash on, and perfume or fragrance oil, beard oils. Circle design is a famiily of bottles available in 15ml, 30ml, 50ml and 100m",,False
GBCrcl100RdcrBrwnLthr,GBCrcl100RdcrBrwnLthr,False,False,2184.0,,,3 1/2oz,"100 ml,  ",,"Circledesign100 ml,  3 1/2oz Clear glass bottle  withreducerandbrown faux leather cap.For use with cologne, aftershave, splash on, and perfume or fragrance oil, beard oils.Circle design is a famiily of bottles available in 15ml, 30ml, 50ml and 100ml size.Price each",,,
GBCrcl100RdcrLBrwnLthr,GBCrcl100RdcrLBrwnLthr,False,False,2185.0,,,3 1/2oz,"100 ml,  ",,"Circledesign100 ml,  3 1/2oz Clear glass bottle  withreducerandlight brown faux leather cap.For use with cologne, aftershave, splash on, and perfume or fragrance oil, beard oils.Circle design is a famiily of bottles available in 15ml, 30ml, 50ml and 100ml size.Price each",,,
GBCrcl100RdcrShnSl,GBCrcl100RdcrShnSl,False,False,2186.0,,,3 1/2oz,"100 ml,  ",,"Circledesign100 ml,  3 1/2oz Clear glass bottle  withreducerandshiny silver cap.For use with cologne, aftershave, splash on, and perfume or fragrance oil, beard oils.Circle design is a famiily of bottles available in 15ml, 30ml, 50ml and 100ml size.Price each",,,
GBCrcl100RdcrMtSlTall,GBCrcl100RdcrMtSlTall,False,False,2187.0,,,3 1/2oz,"100 ml,  ",,"Circledesign100 ml,  3 1/2oz Clear glass bottle  withreducerandtall silver matte cap.For use with cologne, aftershave, splash on, and perfume or fragrance oil, beard oils.Circle design is a famiily of bottles available in 15ml, 30ml, 50ml and 100ml size.Price each",,,
GBCrcl100RdcrMtSl,GBCrcl100RdcrMtSl,False,False,2188.0,,,3 1/2oz,"100 ml,  ",,"Circledesign100 ml,  3 1/2oz Clear glass bottle  withreducerandsilver matte cap.For use with cologne, aftershave, splash on, and perfume or fragrance oil, beard oils.Circle design is a famiily of bottles available in 15ml, 30ml, 50ml and 100ml size.Price each",,,
GBCrcl100RdcrWht,GBCrcl100RdcrWht,False,False,2189.0,,,3 1/2oz,"100 ml,  ",,"Circledesign100 ml,  3 1/2oz Clear glass bottle  withreducerandwhite cap.For use with cologne, aftershave, splash on, and perfume or fragrance oil, beard oils.Circle design is a famiily of bottles available in 15ml, 30ml, 50ml and 100ml size.Price each",,,
GBCrcl100SpryMtGl,GBCrcl100SpryMtGl,False,False,2190.0,,,3 1/2oz,"100 ml,  ",,"Circledesign100 ml,  3 1/2oz Clear glass bottle  withmatte gold spray pump0.For use with cologne, Eau de Parfum, air freshner, face and body spray, or room spray.Circle design is a famiily of bottles available in 15ml, 30ml, 50ml and 100ml size.Price each",,,
LBCrcl100LtnMtGl,LBCrcl100LtnMtGl,False,False,2191.0,,,3 1/2oz,"100 ml,  ",,"Circledesign100 ml,  3 1/2oz Clear glass bottle  withmatte gold lotion pump0.For use with lotions, moisturizer, and serums.Circle design is a famiily of bottles available in 15ml, 30ml, 50ml and 100ml size.Price each",,,
GBCrcl100SpryShnGl,GBCrcl100SpryShnGl,False,False,2192.0,,,3 1/2oz,"100 ml,  ",,"Circledesign100 ml,  3 1/2oz Clear glass bottle  withshiny gold spray pump0.For use with cologne, Eau de Parfum, air freshner, face and body spray, or room spray.Circle design is a famiily of bottles available in 15ml, 30ml, 50ml and 100ml size.Price each",,,
LBCrcl100LtnShnGl,LBCrcl100LtnShnGl,False,False,2193.0,,,3 1/2oz,"100 ml,  ",,"Circledesign100 ml,  3 1/2oz Clear glass bottle  withshiny gold lotion pump0.For use with lotions, moisturizer, and serums.Circle design is a famiily of bottles available in 15ml, 30ml, 50ml and 100ml size.Price each",,,
GBCrcl100SpryShnBlk,GBCrcl100SpryShnBlk,False,False,2194.0,,,3 1/2oz,"100 ml,  ",,"Circledesign100 ml,  3 1/2oz Clear glass bottle  withshiny black spray pump0.For use with cologne, Eau de Parfum, air freshner, face and body spray, or room spray.Circle design is a famiily of bottles available in 15ml, 30ml, 50ml and 100ml size.Price each",,,
LBCrcl100LtnShnBlk,LBCrcl100LtnShnBlk,False,False,2195.0,,,3 1/2oz,"100 ml,  ",,"Circledesign100 ml,  3 1/2oz Clear glass bottle  withshiny black lotion pump0.For use with lotions, moisturizer, and serums.Circle design is a famiily of bottles available in 15ml, 30ml, 50ml and 100ml size.Price each",,,
GBCrcl100SpryMtSl,GBCrcl100SpryMtSl,False,False,2196.0,,,3 1/2oz,"100 ml,  ",,"Circledesign100 ml,  3 1/2oz Clear glass bottle  withmatte silver spray pump.For use with cologne, Eau de Parfum, air freshner, face and body spray, or room spray.Circle design is a famiily of bottles available in 15ml, 30ml, 50ml and 100ml size.Price each",,,
LBCrcl100LtnMtSl,LBCrcl100LtnMtSl,False,False,2197.0,,,3 1/2oz,"100 ml,  ",,"Circledesign100 ml,  3 1/2oz Clear glass bottle  withmatte silver lotion pump0.For use with lotions, moisturizer, and serums.Circle design is a famiily of bottles available in 15ml, 30ml, 50ml and 100ml size.Price each",,,
LBCrcl100LtnClOvrCap,LBCrcl100LtnClOvrCap,False,True,2198.0,,$2.90,3 1/2oz,"100 ml,  ",100 ml (3.38 oz),"Circledesign100 ml,  3 1/2oz Clear glass bottle  withwith a matte silver collar treatment pump and clear overcap.0.For use with lotions, moisturizer, and serums.Circle design is a famiily of bottles available in 15ml, 30ml, 50ml and 100ml size.Price each","Circle design 100 ml, 3 1/2oz clear glass bottle with with a matte silver collar treatment pump and clear overcap. For use with serums, light creams, moisturizers, facial oils or face oils, beard oils, body lotions, body wash, and hair products. Circle de",,False
GBCrcl100SpryShnSl,GBCrcl100SpryShnSl,False,False,2199.0,,,3 1/2oz,"100 ml,  ",,"Circledesign100 ml,  3 1/2oz Clear glass bottle  withshiny silver spray pump0.For use with cologne, Eau de Parfum, air freshner, face and body spray, or room spray.Circle design is a famiily of bottles available in 15ml, 30ml, 50ml and 100ml size.Price each",,,
LBCrcl100LtnShnSl,LBCrcl100LtnShnSl,False,False,2201.0,,,3 1/2oz,"100 ml,  ",,"Circledesign100 ml,  3 1/2oz Clear glass bottle  withshiny silver lotion pump0.For use with lotions, moisturizer, and serums.Circle design is a famiily of bottles available in 15ml, 30ml, 50ml and 100ml size.Price each",,,
GBCrcl100AnSpLvn,GBCrcl100AnSpLvn,False,False,441.0,,,3 1/2oz,"100 ml,  ",,"Circledesign100 ml,  3 1/2oz Clear glass bottle  withlavender vintage style bulb sprayerwithshiny silver collar cap.For use with cologne, Eau de Parfum, air freshner, face and body spray, or room spray. Antique or vintage bulb sprayers enhance the beauty of your product.Circle design is a famiily of bottles available in 15ml, 30ml, 50ml and 100ml size.Price each",,,
GBCrcl100AnSpPnk,GBCrcl100AnSpPnk,False,False,3501.0,,,3 1/2oz,"100 ml,  ",,"Circledesign100 ml,  3 1/2oz Clear glass bottle  withpink vintage style bulb sprayerwithshiny gold collar cap.For use with cologne, Eau de Parfum, air freshner, face and body spray, or room spray. Antique or vintage bulb sprayers enhance the beauty of your product.Circle design is a famiily of bottles available in 15ml, 30ml, 50ml and 100ml size.Price each",,,
GBCrcl100AnSpMtSl,GBCrcl100AnSpMtSl,False,False,2202.0,,,3 1/2oz,"100 ml,  ",,"Circledesign100 ml,  3 1/2oz Clear glass bottle  withmatte silver vintage style sprayerwithmatte silver collar cap.For use with cologne, Eau de Parfum, air freshner, face and body spray, or room spray. Antique or vintage bulb sprayers enhance the beauty of your product.Circle design is a famiily of bottles available in 15ml, 30ml, 50ml and 100ml size.Price each",,,
GBCrcl100AnSpIvySl,GBCrcl100AnSpIvySl,False,False,1025.0,,,3 1/2oz,"100 ml,  ",,"Circledesign100 ml,  3 1/2oz Clear glass bottle  withivory vintage style bulb sprayerwithshiny silver collar cap.For use with cologne, Eau de Parfum, air freshner, face and body spray, or room spray. Antique or vintage bulb sprayers enhance the beauty of your product.Circle design is a famiily of bottles available in 15ml, 30ml, 50ml and 100ml size.Price each",,,
GBCrcl100AnSpGl,GBCrcl100AnSpGl,False,False,440.0,,,3 1/2oz,"100 ml,  ",,"Circledesign100 ml,  3 1/2oz Clear glass bottle  withgold vintage style sprayerwithshiny gold collar cap.For use with cologne, Eau de Parfum, air freshner, face and body spray, or room spray. Antique or vintage bulb sprayers enhance the beauty of your product.Circle design is a famiily of bottles available in 15ml, 30ml, 50ml and 100ml size.Price each",,,
GBCrcl100AnSpIvyGl,GBCrcl100AnSpIvyGl,False,False,2204.0,,,3 1/2oz,"100 ml,  ",,"Circledesign100 ml,  3 1/2oz Clear glass bottle  withivory vintage style bulb sprayerwithshiny gold collar cap.For use with cologne, Eau de Parfum, air freshner, face and body spray, or room spray. Antique or vintage bulb sprayers enhance the beauty of your product.Circle design is a famiily of bottles available in 15ml, 30ml, 50ml and 100ml size.Price each",,,
GBCrcl100AnSpBlk,GBCrcl100AnSpBlk,False,True,438.0,,$5.61,3 1/2oz,"100 ml,  ",100 ml (3.38 oz),"Circledesign100 ml,  3 1/2oz Clear glass bottle  withblack vintage style bulb sprayerwithshiny silver collar cap.For use with cologne, Eau de Parfum, air freshner, face and body spray, or room spray. Antique or vintage bulb sprayers enhance the beauty of your product.Circle design is a famiily of bottles available in 15ml, 30ml, 50ml and 100ml size.Price each","Circle design 100 ml, 3 1/2oz clear glass bottle with black vintage style bulb sprayer with shiny silver collar cap. For use with cologne, Eau de Parfum, air freshner, face and body spray, or room spray. Antique or vintage bulb sprayers enhance the bea",,False
GBCrcl100AnSpWht,GBCrcl100AnSpWht,False,False,2206.0,,,3 1/2oz,"100 ml,  ",,"Circledesign100 ml,  3 1/2oz Clear glass bottle  withwhite vintage style bulb sprayerwithshiny silver collar cap.For use with cologne, Eau de Parfum, air freshner, face and body spray, or room spray. Antique or vintage bulb sprayers enhance the beauty of your product.Circle design is a famiily of bottles available in 15ml, 30ml, 50ml and 100ml size.Price each",,,
GBCrcl100AnSpRed,GBCrcl100AnSpRed,False,False,1026.0,,,3 1/2oz,"100 ml,  ",,"Circledesign100 ml,  3 1/2oz Clear glass bottle  withred vintage style bulb sprayerwithshiny silver collar cap.For use with cologne, Eau de Parfum, air freshner, face and body spray, or room spray. Antique or vintage bulb sprayers enhance the beauty of your product.Circle design is a famiily of bottles available in 15ml, 30ml, 50ml and 100ml size.Price each",,,
GBCrcl100AnSpTslLvn,GBCrcl100AnSpTslLvn,False,False,446.0,,,3 1/2oz,"100 ml,  ",,"Circledesign100 ml,  3 1/2oz Clear glass bottle  withLavender vintage style bulb sprayer with Tasselandshiny silver collar cap.For use with cologne, Eau de Parfum, air freshner, face and body spray, or room spray. Antique or vintage bulb sprayers enhance the beauty of your product.Circle design is a famiily of bottles available in 15ml, 30ml, 50ml and 100ml size.Price each",,,
GBCrcl100AnSpTslIvyGl,GBCrcl100AnSpTslIvyGl,False,False,445.0,,,3 1/2oz,"100 ml,  ",,"Circledesign100 ml,  3 1/2oz Clear glass bottle  withIvory vintage style bulb sprayer with tasselandshiny gold collar cap.For use with cologne, Eau de Parfum, air freshner, face and body spray, or room spray. Antique or vintage bulb sprayers enhance the beauty of your product.Circle design is a famiily of bottles available in 15ml, 30ml, 50ml and 100ml size.Price each",,,
GBCrcl100AnSpTslIvySl,GBCrcl100AnSpTslIvySl,False,False,1224.0,,,3 1/2oz,"100 ml,  ",,"Circledesign100 ml,  3 1/2oz Clear glass bottle  withIvory vintage style bulb sprayer with tasselandshiny silver collar cap.For use with cologne, Eau de Parfum, air freshner, face and body spray, or room spray. Antique or vintage bulb sprayers enhance the beauty of your product.Circle design is a famiily of bottles available in 15ml, 30ml, 50ml and 100ml size.Price each",,,
GBCrcl100AnSpTslWht,GBCrcl100AnSpTslWht,False,False,2208.0,,,3 1/2oz,"100 ml,  ",,"Circledesign100 ml,  3 1/2oz Clear glass bottle  withWhite vintage style bulb sprayer with tasselandshiny silver collar cap.For use with cologne, Eau de Parfum, air freshner, face and body spray, or room spray. Antique or vintage bulb sprayers enhance the beauty of your product.Circle design is a famiily of bottles available in 15ml, 30ml, 50ml and 100ml size.Price each",,,
GBCrcl100AnSpTslPnk,GBCrcl100AnSpTslPnk,False,False,447.0,,,3 1/2oz,"100 ml,  ",,"Circledesign100 ml,  3 1/2oz Clear glass bottle  withPink vintage style bulb sprayer with tasselandshiny gold collar cap.For use with cologne, Eau de Parfum, air freshner, face and body spray, or room spray. Antique or vintage bulb sprayers enhance the beauty of your product.Circle design is a famiily of bottles available in 15ml, 30ml, 50ml and 100ml size.Price each",,,
GBCrcl100AnSpTslRed,GBCrcl100AnSpTslRed,False,False,1225.0,,,3 1/2oz,"100 ml,  ",,"Circledesign100 ml,  3 1/2oz Clear glass bottle  withRed vintage style bulb sprayer with tasselandshiny silver collar cap.For use with cologne, Eau de Parfum, air freshner, face and body spray, or room spray. Antique or vintage bulb sprayers enhance the beauty of your product.Circle design is a famiily of bottles available in 15ml, 30ml, 50ml and 100ml size.Price each",,,
GBCrcl100AnSpTslBlk,GBCrcl100AnSpTslBlk,False,True,443.0,,$6.32,3 1/2oz,"100 ml,  ",100 ml (3.38 oz),"Circledesign100 ml,  3 1/2oz Clear glass bottle  withBlack vintage style bulb sprayer with tasselandshiny silver collar cap.For use with cologne, Eau de Parfum, air freshner, face and body spray, or room spray. Antique or vintage bulb sprayers enhance the beauty of your product.Circle design is a famiily of bottles available in 15ml, 30ml, 50ml and 100ml size.Price each","Circle design 100 ml, 3 1/2oz clear glass bottle with Black vintage style bulb sprayer with tasseland shiny silver collar cap. For use with cologne, Eau de Parfum, air freshner, face and body spray, or room spray. Antique or vintage bulb sprayers enhan",,False
GBCrcl100AnSpTslMtSl,GBCrcl100AnSpTslMtSl,False,False,3206.0,,,3 1/2oz,"100 ml,  ",,"Circledesign100 ml,  3 1/2oz Clear glass bottle  withSilver vintage style bulb sprayer with tasselandmatte silver collar cap.For use with cologne, Eau de Parfum, air freshner, face and body spray, or room spray. Antique or vintage bulb sprayers enhance the beauty of your product.Circle design is a famiily of bottles available in 15ml, 30ml, 50ml and 100ml size.Price each",,,
GBCrcl100AnSpTslGl,GBCrcl100AnSpTslGl,False,False,444.0,,,3 1/2oz,"100 ml,  ",,"Circledesign100 ml,  3 1/2oz Clear glass bottle  withGold vintage style bulb sprayer with tasselandshiny gold collar cap.For use with cologne, Eau de Parfum, air freshner, face and body spray, or room spray. Antique or vintage bulb sprayers enhance the beauty of your product.Circle design is a famiily of bottles available in 15ml, 30ml, 50ml and 100ml size.Price each",,,
GBCrcl100RdcrPnkLthr,GBCrcl100RdcrPnkLthr,False,False,1189.0,,,3 1/2oz,"100 ml,  ",,"Circledesign100 ml,  3 1/2oz Clear glass bottle  withreducerandpink faux leather cap.For use with cologne, aftershave, splash on, and perfume or fragrance oil, beard oils.Circle design is a famiily of bottles available in 15ml, 30ml, 50ml and 100ml size.Price each",,,
GBCrcl100RdcrIvyLthr,GBCrcl100RdcrIvyLthr,False,False,2210.0,,,3 1/2oz,"100 ml,  ",,"Circledesign100 ml,  3 1/2oz Clear glass bottle  withreducerandivory faux leather cap.For use with cologne, aftershave, splash on, and perfume or fragrance oil, beard oils.Circle design is a famiily of bottles available in 15ml, 30ml, 50ml and 100ml size.Price each",,,
GBCrcl100SpryCu,GBCrcl100SpryCu,False,True,2212.0,,$2.90,3 1/2oz,"100 ml,  ",100 ml (3.38 oz),"Circledesign100 ml,  3 1/2oz Clear glass bottle  withmatte copper spray pump00.For use with cologne, Eau de Parfum, air freshner, face and body spray, or room spray.Circle design is a famiily of bottles available in 15ml, 30ml, 50ml and 100ml size.Price each","Circle design 100 ml, 3 1/2oz clear glass bottle with matte copper spray pump. For use with cologne, Eau de Parfum, air freshner, face and body spray, or room spray. Circle design is a family of bottles available in 15ml, 30ml, 50ml and 100ml size. Matt",,False
LBCrcl100LtnCu,LBCrcl100LtnCu,False,False,2214.0,,,3 1/2oz,"100 ml,  ",,"Circledesign100 ml,  3 1/2oz Clear glass bottle  withmatte copper lotion pump0.For use with lotions, moisturizer, and serums.Circle design is a famiily of bottles available in 15ml, 30ml, 50ml and 100ml size.Price each",,,
GBCrclFrst100RdcrShnGl,GBCrclFrst100RdcrShnGl,False,False,411.0,,,3 1/2oz,"100 ml,  ",,"Circledesign100 ml,  3 1/2ozFrosted glass bottlewithreducerandshiny gold cap.For use with cologne, aftershave, splash on, and perfume or fragrance oil, beard oils.Circle design is a famiily of bottles available in 15ml, 30ml, 50ml and 100ml size.Price each",,,
GBCrclFrst100RdcrShnBlkTall,GBCrclFrst100RdcrShnBlkTall,False,False,2217.0,,,3 1/2oz,"100 ml,  ",,"Circledesign100 ml,  3 1/2ozFrosted glass bottlewithreducerandtall black shiny cap.For use with cologne, aftershave, splash on, and perfume or fragrance oil, beard oils.Circle design is a famiily of bottles available in 15ml, 30ml, 50ml and 100ml size.Price each",,,
GBCrclFrst100RdcrShnBlk,GBCrclFrst100RdcrShnBlk,False,False,2219.0,,,3 1/2oz,"100 ml,  ",,"Circledesign100 ml,  3 1/2ozFrosted glass bottlewithreducerandblack shiny cap.For use with cologne, aftershave, splash on, and perfume or fragrance oil, beard oils.Circle design is a famiily of bottles available in 15ml, 30ml, 50ml and 100ml size.Price each",,,
GBCrclFrst100RdcrBlkLthr,GBCrclFrst100RdcrBlkLthr,False,True,1190.0,,$2.66,3 1/2oz,"100 ml,  ",100 ml (3.38 oz),"Circledesign100 ml,  3 1/2ozFrosted glass bottlewithreducerandblack faux leather cap.For use with cologne, aftershave, splash on, and perfume or fragrance oil, beard oils.Circle design is a famiily of bottles available in 15ml, 30ml, 50ml and 100ml size.Price each","Circle design 100 ml, 3 1/2oz frosted glass bottle with reducer and black faux leather cap. For use with cologne, aftershave, splash on, and perfume or fragrance oil, beard oils. Circle design is a famiily of bottles available in 15ml, 30ml, 50ml and 100m",,False
GBCrclFrst100RdcrBrwnLthr,GBCrclFrst100RdcrBrwnLthr,False,False,2221.0,,,3 1/2oz,"100 ml,  ",,"Circledesign100 ml,  3 1/2ozFrosted glass bottlewithreducerandbrown faux leather cap.For use with cologne, aftershave, splash on, and perfume or fragrance oil, beard oils.Circle design is a famiily of bottles available in 15ml, 30ml, 50ml and 100ml size.Price each",,,
GBCrclFrst100RdcrLBrwnLthr,GBCrclFrst100RdcrLBrwnLthr,False,False,2223.0,,,3 1/2oz,"100 ml,  ",,"Circledesign100 ml,  3 1/2ozFrosted glass bottlewithreducerandlight brown faux leather cap.For use with cologne, aftershave, splash on, and perfume or fragrance oil, beard oils.Circle design is a famiily of bottles available in 15ml, 30ml, 50ml and 100ml size.Price each",,,
GBCrclFrst100RdcrShnSl,GBCrclFrst100RdcrShnSl,False,False,410.0,,,3 1/2oz,"100 ml,  ",,"Circledesign100 ml,  3 1/2ozFrosted glass bottlewithreducerandshiny silver cap.For use with cologne, aftershave, splash on, and perfume or fragrance oil, beard oils.Circle design is a famiily of bottles available in 15ml, 30ml, 50ml and 100ml size.Price each",,,
GBCrclFrst100RdcrMtSlTall,GBCrclFrst100RdcrMtSlTall,False,False,2225.0,,,3 1/2oz,"100 ml,  ",,"Circledesign100 ml,  3 1/2ozFrosted glass bottlewithreducerandtall silver matte cap.For use with cologne, aftershave, splash on, and perfume or fragrance oil, beard oils.Circle design is a famiily of bottles available in 15ml, 30ml, 50ml and 100ml size.Price each",,,
GBCrclFrst100RdcrMtSl,GBCrclFrst100RdcrMtSl,False,False,2227.0,,,3 1/2oz,"100 ml,  ",,"Circledesign100 ml,  3 1/2ozFrosted glass bottlewithreducerandsilver matte cap.For use with cologne, aftershave, splash on, and perfume or fragrance oil, beard oils.Circle design is a famiily of bottles available in 15ml, 30ml, 50ml and 100ml size.Price each",,,
GBCrclFrst100RdcrWht,GBCrclFrst100RdcrWht,False,False,2229.0,,,3 1/2oz,"100 ml,  ",,"Circledesign100 ml,  3 1/2ozFrosted glass bottlewithreducerandwhite cap.For use with cologne, aftershave, splash on, and perfume or fragrance oil, beard oils.Circle design is a famiily of bottles available in 15ml, 30ml, 50ml and 100ml size.Price each",,,
GBCrclFrst100SpryMtGl,GBCrclFrst100SpryMtGl,False,False,2231.0,,,3 1/2oz,"100 ml,  ",,"Circledesign100 ml,  3 1/2ozFrosted glass bottlewithmatte gold spray pump0.For use with cologne, Eau de Parfum, air freshner, face and body spray, or room spray.Circle design is a famiily of bottles available in 15ml, 30ml, 50ml and 100ml size.Price each",,,
LBCrclFrst100LtnMtGl,LBCrclFrst100LtnMtGl,False,False,2233.0,,,3 1/2oz,"100 ml,  ",,"Circledesign100 ml,  3 1/2ozFrosted glass bottlewithmatte gold lotion pump0.For use with lotions, moisturizer, and serums.Circle design is a famiily of bottles available in 15ml, 30ml, 50ml and 100ml size.Price each",,,
GBCrclFrst100SpryShnGl,GBCrclFrst100SpryShnGl,False,False,2235.0,,,3 1/2oz,"100 ml,  ",,"Circledesign100 ml,  3 1/2ozFrosted glass bottlewithshiny gold spray pump.For use with cologne, Eau de Parfum, air freshner, face and body spray, or room spray.Circle design is a famiily of bottles available in 15ml, 30ml, 50ml and 100ml size.Price each",,,
LBCrclFrst100LtnShnGl,LBCrclFrst100LtnShnGl,False,False,2237.0,,,3 1/2oz,"100 ml,  ",,"Circledesign100 ml,  3 1/2ozFrosted glass bottlewithshiny gold lotion pump.For use with lotions, moisturizer, and serums.Circle design is a famiily of bottles available in 15ml, 30ml, 50ml and 100ml size.Price each",,,
GBCrclFrst100SpryShnBlk,GBCrclFrst100SpryShnBlk,False,False,2239.0,,,3 1/2oz,"100 ml,  ",,"Circledesign100 ml,  3 1/2ozFrosted glass bottlewithshiny black spray pump.For use with cologne, Eau de Parfum, air freshner, face and body spray, or room spray.Circle design is a famiily of bottles available in 15ml, 30ml, 50ml and 100ml size.Price each",,,
LBCrclFrst100LtnShnBlk,LBCrclFrst100LtnShnBlk,False,False,2241.0,,,3 1/2oz,"100 ml,  ",,"Circledesign100 ml,  3 1/2ozFrosted glass bottlewithshiny black lotion pump.For use with lotions, moisturizer, and serums.Circle design is a famiily of bottles available in 15ml, 30ml, 50ml and 100ml size.Price each",,,
GBCrclFrst100SpryMtSl,GBCrclFrst100SpryMtSl,False,False,2243.0,,,3 1/2oz,"100 ml,  ",,"Circledesign100 ml,  3 1/2ozFrosted glass bottlewithmatte silver spray pump.For use with cologne, Eau de Parfum, air freshner, face and body spray, or room spray.Circle design is a famiily of bottles available in 15ml, 30ml, 50ml and 100ml size.Price each",,,
LBCrclFrst100LtnMtSl,LBCrclFrst100LtnMtSl,False,False,2245.0,,,3 1/2oz,"100 ml,  ",,"Circledesign100 ml,  3 1/2ozFrosted glass bottlewithmatte silver lotion pump.For use with lotions, moisturizer, and serums.Circle design is a famiily of bottles available in 15ml, 30ml, 50ml and 100ml size.Price each",,,
LBCrclFrst100LtnClOvrCap,LBCrclFrst100LtnClOvrCap,False,True,2247.0,,$3.37,3 1/2oz,"100 ml,  ",100 ml (3.38 oz),"Circledesign100 ml,  3 1/2ozFrosted glass bottlewithwith a matte silver collar treatment pump and clear overcap..For use with lotions, moisturizer, and serums.Circle design is a famiily of bottles available in 15ml, 30ml, 50ml and 100ml size.Price each","Circle design 100 ml, 3 1/2oz frosted glass bottle with with a matte silver collar treatment pump and clear overcap. For use with serums, light creams, moisturizers, facial oils or face oils, beard oils, body lotions, body wash, and hair products. Circle",,False
GBCrclFrst100SpryShnSl,GBCrclFrst100SpryShnSl,False,False,2249.0,,,3 1/2oz,"100 ml,  ",,"Circledesign100 ml,  3 1/2ozFrosted glass bottlewithshiny silver spray pump.For use with cologne, Eau de Parfum, air freshner, face and body spray, or room spray.Circle design is a famiily of bottles available in 15ml, 30ml, 50ml and 100ml size.Price each",,,
LBCrclFrst100LtnShnSl,LBCrclFrst100LtnShnSl,False,False,2251.0,,,3 1/2oz,"100 ml,  ",,"Circledesign100 ml,  3 1/2ozFrosted glass bottlewithshiny silver lotion pump.For use with lotions, moisturizer, and serums.Circle design is a famiily of bottles available in 15ml, 30ml, 50ml and 100ml size.Price each",,,
GBCrclFrst100AnSpLvn,GBCrclFrst100AnSpLvn,False,False,898.0,,,3 1/2oz,"100 ml,  ",,"Circledesign100 ml,  3 1/2ozFrosted glass bottlewithlavender vintage style bulb sprayerwithshiny silver collar cap.For use with cologne, Eau de Parfum, air freshner, face and body spray, or room spray. Antique or vintage bulb sprayers enhance the beauty of your product.Circle design is a famiily of bottles available in 15ml, 30ml, 50ml and 100ml size.Price each",,,
GBCrclFrst100AnSpPnk,GBCrclFrst100AnSpPnk,False,False,899.0,,,3 1/2oz,"100 ml,  ",,"Circledesign100 ml,  3 1/2ozFrosted glass bottlewithpink vintage style bulb sprayerwithshiny gold collar cap.For use with cologne, Eau de Parfum, air freshner, face and body spray, or room spray. Antique or vintage bulb sprayers enhance the beauty of your product.Circle design is a famiily of bottles available in 15ml, 30ml, 50ml and 100ml size.Price each",,,
GBCrclFrst100AnSpMtSl,GBCrclFrst100AnSpMtSl,False,False,2253.0,,,3 1/2oz,"100 ml,  ",,"Circledesign100 ml,  3 1/2ozFrosted glass bottlewithmatte silver vintage style sprayerwithmatte silver collar cap.For use with cologne, Eau de Parfum, air freshner, face and body spray, or room spray. Antique or vintage bulb sprayers enhance the beauty of your product.Circle design is a famiily of bottles available in 15ml, 30ml, 50ml and 100ml size.Price each",,,
GBCrclFrst100AnSpIvySl,GBCrclFrst100AnSpIvySl,False,False,3207.0,,,3 1/2oz,"100 ml,  ",,"Circledesign100 ml,  3 1/2ozFrosted glass bottlewithivory vintage style bulb sprayerwithshiny silver collar cap.For use with cologne, Eau de Parfum, air freshner, face and body spray, or room spray. Antique or vintage bulb sprayers enhance the beauty of your product.Circle design is a famiily of bottles available in 15ml, 30ml, 50ml and 100ml size.Price each",,,
GBCrclFrst100AnSpGl,GBCrclFrst100AnSpGl,False,False,894.0,,,3 1/2oz,"100 ml,  ",,"Circledesign100 ml,  3 1/2ozFrosted glass bottlewithgold vintage style sprayerwithshiny gold collar cap.For use with cologne, Eau de Parfum, air freshner, face and body spray, or room spray. Antique or vintage bulb sprayers enhance the beauty of your product.Circle design is a famiily of bottles available in 15ml, 30ml, 50ml and 100ml size.Price each",,,
GBCrclFrst100AnSpIvyGl,GBCrclFrst100AnSpIvyGl,False,False,896.0,,,3 1/2oz,"100 ml,  ",,"Circledesign100 ml,  3 1/2ozFrosted glass bottlewithivory vintage style bulb sprayerwithshiny gold collar cap.For use with cologne, Eau de Parfum, air freshner, face and body spray, or room spray. Antique or vintage bulb sprayers enhance the beauty of your product.Circle design is a famiily of bottles available in 15ml, 30ml, 50ml and 100ml size.Price each",,,
GBCrclFrst100AnSpBlk,GBCrclFrst100AnSpBlk,False,True,893.0,,$6.08,3 1/2oz,"100 ml,  ",100 ml (3.38 oz),"Circledesign100 ml,  3 1/2ozFrosted glass bottlewithblack vintage style bulb sprayerwithshiny silver collar cap.For use with cologne, Eau de Parfum, air freshner, face and body spray, or room spray. Antique or vintage bulb sprayers enhance the beauty of your product.Circle design is a famiily of bottles available in 15ml, 30ml, 50ml and 100ml size.Price each","Circle design 100 ml, 3 1/2oz frosted glass bottle with black vintage style bulb sprayer with shiny silver collar cap. For use with cologne, Eau de Parfum, air freshner, face and body spray, or room spray. Antique or vintage bulb sprayers enhance the bea",,False
GBCrclFrst100AnSpWht,GBCrclFrst100AnSpWht,False,False,2255.0,,,3 1/2oz,"100 ml,  ",,"Circledesign100 ml,  3 1/2ozFrosted glass bottlewithwhite vintage style bulb sprayerwithshiny silver collar cap.For use with cologne, Eau de Parfum, air freshner, face and body spray, or room spray. Antique or vintage bulb sprayers enhance the beauty of your product.Circle design is a famiily of bottles available in 15ml, 30ml, 50ml and 100ml size.Price each",,,
GBCrclFrst100AnSpRed,GBCrclFrst100AnSpRed,False,False,969.0,,,3 1/2oz,"100 ml,  ",,"Circledesign100 ml,  3 1/2ozFrosted glass bottlewithred vintage style bulb sprayerwithshiny silver collar cap.For use with cologne, Eau de Parfum, air freshner, face and body spray, or room spray. Antique or vintage bulb sprayers enhance the beauty of your product.Circle design is a famiily of bottles available in 15ml, 30ml, 50ml and 100ml size.Price each",,,
GBCrclFrst100AnSpTslLvn,GBCrclFrst100AnSpTslLvn,False,False,902.0,,,3 1/2oz,"100 ml,  ",,"Circledesign100 ml,  3 1/2ozFrosted glass bottlewithLavender vintage style bulb sprayer with Tasselandshiny silver collar cap.For use with cologne, Eau de Parfum, air freshner, face and body spray, or room spray. Antique or vintage bulb sprayers enhance the beauty of your product.Circle design is a famiily of bottles available in 15ml, 30ml, 50ml and 100ml size.Price each",,,
GBCrclFrst100AnSpTslIvyGl,GBCrclFrst100AnSpTslIvyGl,False,False,895.0,,,3 1/2oz,"100 ml,  ",,"Circledesign100 ml,  3 1/2ozFrosted glass bottlewithIvory vintage style bulb sprayer with tasselandshiny gold collar cap.For use with cologne, Eau de Parfum, air freshner, face and body spray, or room spray. Antique or vintage bulb sprayers enhance the beauty of your product.Circle design is a famiily of bottles available in 15ml, 30ml, 50ml and 100ml size.Price each",,,
GBCrclFrst100AnSpTslIvySl,GBCrclFrst100AnSpTslIvySl,False,False,897.0,,,3 1/2oz,"100 ml,  ",,"Circledesign100 ml,  3 1/2ozFrosted glass bottlewithIvory vintage style bulb sprayer with tasselandshiny silver collar cap.For use with cologne, Eau de Parfum, air freshner, face and body spray, or room spray. Antique or vintage bulb sprayers enhance the beauty of your product.Circle design is a famiily of bottles available in 15ml, 30ml, 50ml and 100ml size.Price each",,,
GBCrclFrst100AnSpTslWht,GBCrclFrst100AnSpTslWht,False,False,2257.0,,,3 1/2oz,"100 ml,  ",,"Circledesign100 ml,  3 1/2ozFrosted glass bottlewithWhite vintage style bulb sprayer with tasselandshiny silver collar cap.For use with cologne, Eau de Parfum, air freshner, face and body spray, or room spray. Antique or vintage bulb sprayers enhance the beauty of your product.Circle design is a famiily of bottles available in 15ml, 30ml, 50ml and 100ml size.Price each",,,
GBCrclFrst100AnSpTslPnk,GBCrclFrst100AnSpTslPnk,False,False,903.0,,,3 1/2oz,"100 ml,  ",,"Circledesign100 ml,  3 1/2ozFrosted glass bottlewithPink vintage style bulb sprayer with tasselandshiny gold collar cap.For use with cologne, Eau de Parfum, air freshner, face and body spray, or room spray. Antique or vintage bulb sprayers enhance the beauty of your product.Circle design is a famiily of bottles available in 15ml, 30ml, 50ml and 100ml size.Price each",,,
GBCrclFrst100AnSpTslRed,GBCrclFrst100AnSpTslRed,False,False,966.0,,,3 1/2oz,"100 ml,  ",,"Circledesign100 ml,  3 1/2ozFrosted glass bottlewithRed vintage style bulb sprayer with tasselandshiny silver collar cap.For use with cologne, Eau de Parfum, air freshner, face and body spray, or room spray. Antique or vintage bulb sprayers enhance the beauty of your product.Circle design is a famiily of bottles available in 15ml, 30ml, 50ml and 100ml size.Price each",,,
GBCrclFrst100AnSpTslBlk,GBCrclFrst100AnSpTslBlk,False,True,900.0,,$6.79,3 1/2oz,"100 ml,  ",100 ml (3.38 oz),"Circledesign100 ml,  3 1/2ozFrosted glass bottlewithBlack vintage style bulb sprayer with tasselandshiny silver collar cap.For use with cologne, Eau de Parfum, air freshner, face and body spray, or room spray. Antique or vintage bulb sprayers enhance the beauty of your product.Circle design is a famiily of bottles available in 15ml, 30ml, 50ml and 100ml size.Price each","Circle design 100 ml, 3 1/2oz frosted glass bottle with Black vintage style bulb sprayer with tasseland shiny silver collar cap. For use with cologne, Eau de Parfum, air freshner, face and body spray, or room spray. Antique or vintage bulb sprayers enhan",,False
GBCrclFrst100AnSpTslMtSl,GBCrclFrst100AnSpTslMtSl,False,False,2259.0,,,3 1/2oz,"100 ml,  ",,"Circledesign100 ml,  3 1/2ozFrosted glass bottlewithSilver vintage style bulb sprayer with tasselandmatte silver collar cap.For use with cologne, Eau de Parfum, air freshner, face and body spray, or room spray. Antique or vintage bulb sprayers enhance the beauty of your product.Circle design is a famiily of bottles available in 15ml, 30ml, 50ml and 100ml size.Price each",,,
GBCrclFrst100AnSpTslGl,GBCrclFrst100AnSpTslGl,False,False,901.0,,,3 1/2oz,"100 ml,  ",,"Circledesign100 ml,  3 1/2ozFrosted glass bottlewithGold vintage style bulb sprayer with tasselandshiny gold collar cap.For use with cologne, Eau de Parfum, air freshner, face and body spray, or room spray. Antique or vintage bulb sprayers enhance the beauty of your product.Circle design is a famiily of bottles available in 15ml, 30ml, 50ml and 100ml size.Price each",,,
GBCrclFrst100RdcrPnkLthr,GBCrclFrst100RdcrPnkLthr,False,False,1192.0,,,3 1/2oz,"100 ml,  ",,"Circledesign100 ml,  3 1/2ozFrosted glass bottlewithreducerandpink faux leather cap.For use with cologne, aftershave, splash on, and perfume or fragrance oil, beard oils.Circle design is a famiily of bottles available in 15ml, 30ml, 50ml and 100ml size.Price each",,,
GBCrclFrst100RdcrIvyLthr,GBCrclFrst100RdcrIvyLthr,False,False,1191.0,,,3 1/2oz,"100 ml,  ",,"Circledesign100 ml,  3 1/2ozFrosted glass bottlewithreducerandivory faux leather cap.For use with cologne, aftershave, splash on, and perfume or fragrance oil, beard oils.Circle design is a famiily of bottles available in 15ml, 30ml, 50ml and 100ml size.Price each",,,
GBCrclFrst100SpryCu,GBCrclFrst100SpryCu,False,True,2260.0,,$3.37,3 1/2oz,"100 ml,  ",100 ml (3.38 oz),"Circledesign100 ml,  3 1/2ozFrosted glass bottlewithmatte copper spray pump0.For use with cologne, Eau de Parfum, air freshner, face and body spray, or room spray.Circle design is a famiily of bottles available in 15ml, 30ml, 50ml and 100ml size.Price each","Circle design 100 ml, 3 1/2oz frosted glass bottle with matte copper spray pump. For use with cologne, Eau de Parfum, air freshner, face and body spray, or room spray. Circle design is a famiily of bottles available in 15ml, 30ml, 50ml and 100ml size. Pri",,False
LBCrclFrst100LtnCu,LBCrclFrst100LtnCu,False,False,2261.0,,,3 1/2oz,"100 ml,  ",,"Circledesign100 ml,  3 1/2ozFrosted glass bottlewithmatte copper lotion pump0.For use with lotions, moisturizer, and serums.Circle design is a famiily of bottles available in 15ml, 30ml, 50ml and 100ml size.Price each",,,
GBRnd128RdcrShnGl,GBRnd128RdcrShnGl,False,False,2262.0,,,4.33oz,"128 ml,  ",,"Rounddesign128 ml,  4.33oz Clear glass bottle  withreducerandshiny gold cap.For use with cologne, aftershave, splash on, and perfume or fragrance oil, beard oils.Round design bottle is available in 2 sizes - 78ml and 128 ml.Price each",,,
GBRnd128RdcrShnBlkTall,GBRnd128RdcrShnBlkTall,False,False,2263.0,,,4.33oz,"128 ml,  ",,"Rounddesign128 ml,  4.33oz Clear glass bottle  withreducerandtall black shiny cap.For use with cologne, aftershave, splash on, and perfume or fragrance oil, beard oils.Round design bottle is available in 2 sizes - 78ml and 128 ml.Price each",,,
GBRnd128RdcrShnBlk,GBRnd128RdcrShnBlk,False,False,2264.0,,,4.33oz,"128 ml,  ",,"Rounddesign128 ml,  4.33oz Clear glass bottle  withreducerandblack shiny cap.For use with cologne, aftershave, splash on, and perfume or fragrance oil, beard oils.Round design bottle is available in 2 sizes - 78ml and 128 ml.Price each",,,
GBRnd128RdcrBlkLthr,GBRnd128RdcrBlkLthr,False,True,1153.0,,$2.19,4.33oz,"128 ml,  ",128 ml (4.33 oz),"Rounddesign128 ml,  4.33oz Clear glass bottle  withreducerandblack faux leather cap.For use with cologne, aftershave, splash on, and perfume or fragrance oil, beard oils.Round design bottle is available in 2 sizes - 78ml and 128 ml.Price each","Round design 128 ml, 4.33oz clear glass bottle with reducer and black faux leather cap. For use with cologne, aftershave, splash on, and perfume or fragrance oil, beard oils. Round design bottle is available in 2 sizes - 78ml and 128 ml.",,False
GBRnd128RdcrBrwnLthr,GBRnd128RdcrBrwnLthr,False,False,2265.0,,,4.33oz,"128 ml,  ",,"Rounddesign128 ml,  4.33oz Clear glass bottle  withreducerandbrown faux leather cap.For use with cologne, aftershave, splash on, and perfume or fragrance oil, beard oils.Round design bottle is available in 2 sizes - 78ml and 128 ml.Price each",,,
GBRnd128RdcrLBrwnLthr,GBRnd128RdcrLBrwnLthr,False,False,2266.0,,,4.33oz,"128 ml,  ",,"Rounddesign128 ml,  4.33oz Clear glass bottle  withreducerandlight brown faux leather cap.For use with cologne, aftershave, splash on, and perfume or fragrance oil, beard oils.Round design bottle is available in 2 sizes - 78ml and 128 ml.Price each",,,
GBRnd128RdcrShnSl,GBRnd128RdcrShnSl,False,False,2267.0,,,4.33oz,"128 ml,  ",,"Rounddesign128 ml,  4.33oz Clear glass bottle  withreducerandshiny silver cap.For use with cologne, aftershave, splash on, and perfume or fragrance oil, beard oils.Round design bottle is available in 2 sizes - 78ml and 128 ml.Price each",,,
GBRnd128RdcrMtSlTall,GBRnd128RdcrMtSlTall,False,False,2268.0,,,4.33oz,"128 ml,  ",,"Rounddesign128 ml,  4.33oz Clear glass bottle  withreducerandtall silver matte cap.For use with cologne, aftershave, splash on, and perfume or fragrance oil, beard oils.Round design bottle is available in 2 sizes - 78ml and 128 ml.Price each",,,
GBRnd128RdcrMtSl,GBRnd128RdcrMtSl,False,False,2269.0,,,4.33oz,"128 ml,  ",,"Rounddesign128 ml,  4.33oz Clear glass bottle  withreducerandsilver matte cap.For use with cologne, aftershave, splash on, and perfume or fragrance oil, beard oils.Round design bottle is available in 2 sizes - 78ml and 128 ml.Price each",,,
GBRnd128RdcrWht,GBRnd128RdcrWht,False,False,2270.0,,,4.33oz,"128 ml,  ",,"Rounddesign128 ml,  4.33oz Clear glass bottle  withreducerandwhite cap.For use with cologne, aftershave, splash on, and perfume or fragrance oil, beard oils.Round design bottle is available in 2 sizes - 78ml and 128 ml.Price each",,,
GBRnd128SpryMtGl,GBRnd128SpryMtGl,False,False,2271.0,,,4.33oz,"128 ml,  ",,"Rounddesign128 ml,  4.33oz Clear glass bottle  withmatte gold spray pump0.For use with cologne, Eau de Parfum, air freshner, face and body spray, or room spray.Round design bottle is available in 2 sizes - 78ml and 128 ml.Price each",,,
LBRnd128LtnMtGl,LBRnd128LtnMtGl,False,False,3502.0,,,4.33oz,"128 ml,  ",,"Rounddesign128 ml,  4.33oz Clear glass bottle  withmatte gold lotion pump0.For use with lotions, moisturizer, and serums.Round design bottle is available in 2 sizes - 78ml and 128 ml.Price each",,,
GBRnd128SpryShnGl,GBRnd128SpryShnGl,False,False,3503.0,,,4.33oz,"128 ml,  ",,"Rounddesign128 ml,  4.33oz Clear glass bottle  withshiny gold spray pump.For use with cologne, Eau de Parfum, air freshner, face and body spray, or room spray.Round design bottle is available in 2 sizes - 78ml and 128 ml.Price each",,,
LBRnd128LtnShnGl,LBRnd128LtnShnGl,False,False,2272.0,,,4.33oz,"128 ml,  ",,"Rounddesign128 ml,  4.33oz Clear glass bottle  withshiny gold lotion pump.For use with lotions, moisturizer, and serums.Round design bottle is available in 2 sizes - 78ml and 128 ml.Price each",,,
GBRnd128SpryShnBlk,GBRnd128SpryShnBlk,False,False,3504.0,,,4.33oz,"128 ml,  ",,"Rounddesign128 ml,  4.33oz Clear glass bottle  withshiny black spray pump.For use with cologne, Eau de Parfum, air freshner, face and body spray, or room spray.Round design bottle is available in 2 sizes - 78ml and 128 ml.Price each",,,
LBRnd128LtnShnBlk,LBRnd128LtnShnBlk,False,False,3505.0,,,4.33oz,"128 ml,  ",,"Rounddesign128 ml,  4.33oz Clear glass bottle  withshiny black lotion pump.For use with lotions, moisturizer, and serums.Round design bottle is available in 2 sizes - 78ml and 128 ml.Price each",,,
GBRnd128SpryMtSl,GBRnd128SpryMtSl,False,False,3506.0,,,4.33oz,"128 ml,  ",,"Rounddesign128 ml,  4.33oz Clear glass bottle  withmatte silver spray pump.For use with cologne, Eau de Parfum, air freshner, face and body spray, or room spray.Round design bottle is available in 2 sizes - 78ml and 128 ml.Price each",,,
LBRnd128LtnMtSl,LBRnd128LtnMtSl,False,False,2273.0,,,4.33oz,"128 ml,  ",,"Rounddesign128 ml,  4.33oz Clear glass bottle  withmatte silver lotion pump.For use with lotions, moisturizer, and serums.Round design bottle is available in 2 sizes - 78ml and 128 ml.Price each",,,
LBRnd128LtnClOvrCap,LBRnd128LtnClOvrCap,False,True,3507.0,,$2.90,4.33oz,"128 ml,  ",128 ml (4.33 oz),"Rounddesign128 ml,  4.33oz Clear glass bottle  withwith a matte silver collar treatment pump and clear overcap..For use with lotions, moisturizer, and serums.Round design bottle is available in 2 sizes - 78ml and 128 ml.Price each","Round design 128 ml, 4.33oz clear glass bottle with with a matte silver collar treatment pump and clear overcap. For use with serums, light creams, moisturizers, facial oils or face oils, beard oils, body lotions, body wash, and hair products. Round desig",,False
GBRnd128SpryShnSl,GBRnd128SpryShnSl,False,False,3508.0,,,4.33oz,"128 ml,  ",,"Rounddesign128 ml,  4.33oz Clear glass bottle  withshiny silver spray pump.For use with cologne, Eau de Parfum, air freshner, face and body spray, or room spray.Round design bottle is available in 2 sizes - 78ml and 128 ml.Price each",,,
LBRnd128LtnShnSl,LBRnd128LtnShnSl,False,False,3509.0,,,4.33oz,"128 ml,  ",,"Rounddesign128 ml,  4.33oz Clear glass bottle  withshiny silver lotion pump.For use with lotions, moisturizer, and serums.Round design bottle is available in 2 sizes - 78ml and 128 ml.Price each",,,
GBRnd128AnSpLvn,GBRnd128AnSpLvn,False,False,187.0,,,4.33oz,"128 ml,  ",,"Rounddesign128 ml,  4.33oz Clear glass bottle  withlavender vintage style bulb sprayerwithshiny silver collar cap.For use with cologne, Eau de Parfum, air freshner, face and body spray, or room spray. Antique or vintage bulb sprayers enhance the beauty of your product.Round design bottle is available in 2 sizes - 78ml and 128 ml.Price each",,,
GBRnd128AnSpPnk,GBRnd128AnSpPnk,False,False,185.0,,,4.33oz,"128 ml,  ",,"Rounddesign128 ml,  4.33oz Clear glass bottle  withpink vintage style bulb sprayerwithshiny gold collar cap.For use with cologne, Eau de Parfum, air freshner, face and body spray, or room spray. Antique or vintage bulb sprayers enhance the beauty of your product.Round design bottle is available in 2 sizes - 78ml and 128 ml.Price each",,,
GBRnd128AnSpMtSl,GBRnd128AnSpMtSl,False,False,2274.0,,,4.33oz,"128 ml,  ",,"Rounddesign128 ml,  4.33oz Clear glass bottle  withmatte silver vintage style sprayerwithmatte silver collar cap.For use with cologne, Eau de Parfum, air freshner, face and body spray, or room spray. Antique or vintage bulb sprayers enhance the beauty of your product.Round design bottle is available in 2 sizes - 78ml and 128 ml.Price each",,,
GBRnd128AnSpIvySl,GBRnd128AnSpIvySl,False,False,1027.0,,,4.33oz,"128 ml,  ",,"Rounddesign128 ml,  4.33oz Clear glass bottle  withivory vintage style bulb sprayerwithshiny silver collar cap.For use with cologne, Eau de Parfum, air freshner, face and body spray, or room spray. Antique or vintage bulb sprayers enhance the beauty of your product.Round design bottle is available in 2 sizes - 78ml and 128 ml.Price each",,,
GBRnd128AnSpGl,GBRnd128AnSpGl,False,False,254.0,,,4.33oz,"128 ml,  ",,"Rounddesign128 ml,  4.33oz Clear glass bottle  withgold vintage style sprayerwithshiny gold collar cap.For use with cologne, Eau de Parfum, air freshner, face and body spray, or room spray. Antique or vintage bulb sprayers enhance the beauty of your product.Round design bottle is available in 2 sizes - 78ml and 128 ml.Price each",,,
GBRnd128AnSpIvyGl,GBRnd128AnSpIvyGl,False,False,186.0,,,4.33oz,"128 ml,  ",,"Rounddesign128 ml,  4.33oz Clear glass bottle  withivory vintage style bulb sprayerwithshiny gold collar cap.For use with cologne, Eau de Parfum, air freshner, face and body spray, or room spray. Antique or vintage bulb sprayers enhance the beauty of your product.Round design bottle is available in 2 sizes - 78ml and 128 ml.Price each",,,
GBRnd128AnSpBlk,GBRnd128AnSpBlk,False,True,184.0,,$5.61,4.33oz,"128 ml,  ",128 ml (4.33 oz),"Rounddesign128 ml,  4.33oz Clear glass bottle  withblack vintage style bulb sprayerwithshiny silver collar cap.For use with cologne, Eau de Parfum, air freshner, face and body spray, or room spray. Antique or vintage bulb sprayers enhance the beauty of your product.Round design bottle is available in 2 sizes - 78ml and 128 ml.Price each","Round design 128 ml, 4.33oz clear glass bottle with black vintage style bulb sprayer with shiny silver collar cap. For use with cologne, Eau de Parfum, air freshner, face and body spray, or room spray. Antique or vintage bulb sprayers enhance the beaut",,False
GBRnd128AnSpWht,GBRnd128AnSpWht,False,False,2276.0,,,4.33oz,"128 ml,  ",,"Rounddesign128 ml,  4.33oz Clear glass bottle  withwhite vintage style bulb sprayerwithshiny silver collar cap.For use with cologne, Eau de Parfum, air freshner, face and body spray, or room spray. Antique or vintage bulb sprayers enhance the beauty of your product.Round design bottle is available in 2 sizes - 78ml and 128 ml.Price each",,,
GBRnd128AnSpRed,GBRnd128AnSpRed,False,False,2277.0,,,4.33oz,"128 ml,  ",,"Rounddesign128 ml,  4.33oz Clear glass bottle  withred vintage style bulb sprayerwithshiny silver collar cap.For use with cologne, Eau de Parfum, air freshner, face and body spray, or room spray. Antique or vintage bulb sprayers enhance the beauty of your product.Round design bottle is available in 2 sizes - 78ml and 128 ml.Price each",,,
GBRnd128AnSpTslLvn,GBRnd128AnSpTslLvn,False,False,252.0,,,4.33oz,"128 ml,  ",,"Rounddesign128 ml,  4.33oz Clear glass bottle  withLavender vintage style bulb sprayer with Tasselandshiny silver collar cap.For use with cologne, Eau de Parfum, air freshner, face and body spray, or room spray. Antique or vintage bulb sprayers enhance the beauty of your product.Round design bottle is available in 2 sizes - 78ml and 128 ml.Price each",,,
GBRnd128AnSpTslIvyGl,GBRnd128AnSpTslIvyGl,False,False,251.0,,,4.33oz,"128 ml,  ",,"Rounddesign128 ml,  4.33oz Clear glass bottle  withIvory vintage style bulb sprayer with tasselandshiny gold collar cap.For use with cologne, Eau de Parfum, air freshner, face and body spray, or room spray. Antique or vintage bulb sprayers enhance the beauty of your product.Round design bottle is available in 2 sizes - 78ml and 128 ml.Price each",,,
GBRnd128AnSpTslIvySl,GBRnd128AnSpTslIvySl,False,False,1211.0,,,4.33oz,"128 ml,  ",,"Rounddesign128 ml,  4.33oz Clear glass bottle  withIvory vintage style bulb sprayer with tasselandshiny silver collar cap.For use with cologne, Eau de Parfum, air freshner, face and body spray, or room spray. Antique or vintage bulb sprayers enhance the beauty of your product.Round design bottle is available in 2 sizes - 78ml and 128 ml.Price each",,,
GBRnd128AnSpTslWht,GBRnd128AnSpTslWht,False,False,2278.0,,,4.33oz,"128 ml,  ",,"Rounddesign128 ml,  4.33oz Clear glass bottle  withWhite vintage style bulb sprayer with tasselandshiny silver collar cap.For use with cologne, Eau de Parfum, air freshner, face and body spray, or room spray. Antique or vintage bulb sprayers enhance the beauty of your product.Round design bottle is available in 2 sizes - 78ml and 128 ml.Price each",,,
GBRnd128AnSpTslPnk,GBRnd128AnSpTslPnk,False,False,250.0,,,4.33oz,"128 ml,  ",,"Rounddesign128 ml,  4.33oz Clear glass bottle  withPink vintage style bulb sprayer with tasselandshiny gold collar cap.For use with cologne, Eau de Parfum, air freshner, face and body spray, or room spray. Antique or vintage bulb sprayers enhance the beauty of your product.Round design bottle is available in 2 sizes - 78ml and 128 ml.Price each",,,
GBRnd128AnSpTslRed,GBRnd128AnSpTslRed,False,False,1212.0,,,4.33oz,"128 ml,  ",,"Rounddesign128 ml,  4.33oz Clear glass bottle  withRed vintage style bulb sprayer with tasselandshiny silver collar cap.For use with cologne, Eau de Parfum, air freshner, face and body spray, or room spray. Antique or vintage bulb sprayers enhance the beauty of your product.Round design bottle is available in 2 sizes - 78ml and 128 ml.Price each",,,
GBRnd128AnSpTslBlk,GBRnd128AnSpTslBlk,False,True,249.0,,$6.32,4.33oz,"128 ml,  ",128 ml (4.33 oz),"Rounddesign128 ml,  4.33oz Clear glass bottle  withBlack vintage style bulb sprayer with tasselandshiny silver collar cap.For use with cologne, Eau de Parfum, air freshner, face and body spray, or room spray. Antique or vintage bulb sprayers enhance the beauty of your product.Round design bottle is available in 2 sizes - 78ml and 128 ml.Price each","Round design 128 ml, 4.33oz clear glass bottle with Black vintage style bulb sprayer with tasseland shiny silver collar cap. For use with cologne, Eau de Parfum, air freshner, face and body spray, or room spray. Antique or vintage bulb sprayers enhance",,False
GBRnd128AnSpTslMtSl,GBRnd128AnSpTslMtSl,False,False,2279.0,,,4.33oz,"128 ml,  ",,"Rounddesign128 ml,  4.33oz Clear glass bottle  withSilver vintage style bulb sprayer with tasselandmatte silver collar cap.For use with cologne, Eau de Parfum, air freshner, face and body spray, or room spray. Antique or vintage bulb sprayers enhance the beauty of your product.Round design bottle is available in 2 sizes - 78ml and 128 ml.Price each",,,
GBRnd128AnSpTslGl,GBRnd128AnSpTslGl,False,False,253.0,,,4.33oz,"128 ml,  ",,"Rounddesign128 ml,  4.33oz Clear glass bottle  withGold vintage style bulb sprayer with tasselandshiny gold collar cap.For use with cologne, Eau de Parfum, air freshner, face and body spray, or room spray. Antique or vintage bulb sprayers enhance the beauty of your product.Round design bottle is available in 2 sizes - 78ml and 128 ml.Price each",,,
GBRnd128DrpSl,GBRnd128DrpSl,False,False,2280.0,,,4.33oz,"128 ml,  ",,"Rounddesign128 ml,  4.33oz Clear glass bottle  withwhite dropperwithshiny silver collar cap.For use with perfume oils, diffuser oils, serums, primers, facial oils or face oils, moisturizer, and beard oils.Round design bottle is available in 2 sizes - 78ml and 128 ml.Price each",,,
GBRnd128DrpGl,GBRnd128DrpGl,False,False,2281.0,,,4.33oz,"128 ml,  ",,"Rounddesign128 ml,  4.33oz Clear glass bottle  withwhite dropperwithshiny gold collar cap.For use with perfume oils, diffuser oils, serums, primers, facial oils or face oils, moisturizer, and beard oils.Round design bottle is available in 2 sizes - 78ml and 128 ml.Price each",,,
GBRnd128DrpCu,GBRnd128DrpCu,False,True,2282.0,,$2.09,4.33oz,"128 ml,  ",128 ml (4.33 oz),"Rounddesign128 ml,  4.33oz Clear glass bottle  withwhite dropperwithshiny copper collar cap.For use with perfume oils, diffuser oils, serums, primers, facial oils or face oils, moisturizer, and beard oils.Round design bottle is available in 2 sizes - 78ml and 128 ml.Price each","Round design 128 ml, 4.33oz clear glass bottle with white dropper with shiny copper collar cap. For use with perfume oils, diffuser oils, serums, primers, facial oils or face oils, moisturizer, and beard oils.Round design bottle is available in 2 sizes",,False
GBRnd128RdcrPnkLthr,GBRnd128RdcrPnkLthr,False,False,2283.0,,,4.33oz,"128 ml,  ",,"Rounddesign128 ml,  4.33oz Clear glass bottle  withreducerandpink faux leather cap.For use with cologne, aftershave, splash on, and perfume or fragrance oil, beard oils.Round design bottle is available in 2 sizes - 78ml and 128 ml.Price each",,,
GBRnd128RdcrIvyLthr,GBRnd128RdcrIvyLthr,False,False,1154.0,,,4.33oz,"128 ml,  ",,"Rounddesign128 ml,  4.33oz Clear glass bottle  withreducerandivory faux leather cap.For use with cologne, aftershave, splash on, and perfume or fragrance oil, beard oils.Round design bottle is available in 2 sizes - 78ml and 128 ml.Price each",,,
GBRnd128SpryCu,GBRnd128SpryCu,False,True,2284.0,,$2.90,4.33oz,"128 ml,  ",128 ml (4.33 oz),"Rounddesign128 ml,  4.33oz Clear glass bottle  withmatte copper spray pump00.For use with cologne, Eau de Parfum, air freshner, face and body spray, or room spray.Round design bottle is available in 2 sizes - 78ml and 128 ml.Price each","Round design 128 ml, 4.33oz clear glass bottle with matte copper spray pump. For use with cologne, Eau de Parfum, air freshner, face and body spray, or room spray. Round design bottle is available in 2 sizes - 78ml and 128 ml.",,False
LBRnd128LtnCu,LBRnd128LtnCu,False,False,2285.0,,,4.33oz,"128 ml,  ",,"Rounddesign128 ml,  4.33oz Clear glass bottle  withmatte copper lotion pump00.For use with lotions, moisturizer, and serums.Round design bottle is available in 2 sizes - 78ml and 128 ml.Price each",,,
GBRndFrst78RdcrShnGl,GBRndFrst78RdcrShnGl,False,False,2286.0,,,2.65oz,"78 ml,  ",,"Rounddesign78 ml,  2.65ozFrosted glass bottlewithreducerandshiny gold cap.For use with cologne, aftershave, splash on, and perfume or fragrance oil, beard oils.Round design bottle is available in 2 sizes - 78ml and 128 ml.Price each",,,
GBRndFrst78RdcrShnBlkTall,GBRndFrst78RdcrShnBlkTall,False,False,2287.0,,,2.65oz,"78 ml,  ",,"Rounddesign78 ml,  2.65ozFrosted glass bottlewithreducerandtall black shiny cap.For use with cologne, aftershave, splash on, and perfume or fragrance oil, beard oils.Round design bottle is available in 2 sizes - 78ml and 128 ml.Price each",,,
GBRndFrst78RdcrShnBlk,GBRndFrst78RdcrShnBlk,False,False,2288.0,,,2.65oz,"78 ml,  ",,"Rounddesign78 ml,  2.65ozFrosted glass bottlewithreducerandblack shiny cap.For use with cologne, aftershave, splash on, and perfume or fragrance oil, beard oils.Round design bottle is available in 2 sizes - 78ml and 128 ml.Price each",,,
GBRndFrst78RdcrBlkLthr,GBRndFrst78RdcrBlkLthr,False,True,3143.0,,$2.66,2.65oz,"78 ml,  ",78 ml (2.64 oz),"Rounddesign78 ml,  2.65ozFrosted glass bottlewithreducerandblack faux leather cap.For use with cologne, aftershave, splash on, and perfume or fragrance oil, beard oils.Round design bottle is available in 2 sizes - 78ml and 128 ml.Price each","Round design 78 ml, 2.65oz frosted glass bottle with reducer and black faux leather cap. For use with cologne, aftershave, splash on, and perfume or fragrance oil, beard oils. Round design bottle is available in 2 sizes - 78ml and 128 ml.",,False
GBRndFrst78RdcrBrwnLthr,GBRndFrst78RdcrBrwnLthr,False,False,2290.0,,,2.65oz,"78 ml,  ",,"Rounddesign78 ml,  2.65ozFrosted glass bottlewithreducerandbrown faux leather cap.For use with cologne, aftershave, splash on, and perfume or fragrance oil, beard oils.Round design bottle is available in 2 sizes - 78ml and 128 ml.Price each",,,
GBRndFrst78RdcrLBrwnLthr,GBRndFrst78RdcrLBrwnLthr,False,False,2291.0,,,2.65oz,"78 ml,  ",,"Rounddesign78 ml,  2.65ozFrosted glass bottlewithreducerandlight brown faux leather cap.For use with cologne, aftershave, splash on, and perfume or fragrance oil, beard oils.Round design bottle is available in 2 sizes - 78ml and 128 ml.Price each",,,
GBRndFrst78RdcrShnSl,GBRndFrst78RdcrShnSl,False,False,2292.0,,,2.65oz,"78 ml,  ",,"Rounddesign78 ml,  2.65ozFrosted glass bottlewithreducerandshiny silver cap.For use with cologne, aftershave, splash on, and perfume or fragrance oil, beard oils.Round design bottle is available in 2 sizes - 78ml and 128 ml.Price each",,,
GBRndFrst78RdcrMtSlTall,GBRndFrst78RdcrMtSlTall,False,False,2293.0,,,2.65oz,"78 ml,  ",,"Rounddesign78 ml,  2.65ozFrosted glass bottlewithreducerandtall silver matte cap.For use with cologne, aftershave, splash on, and perfume or fragrance oil, beard oils.Round design bottle is available in 2 sizes - 78ml and 128 ml.Price each",,,
GBRndFrst78RdcrMtSl,GBRndFrst78RdcrMtSl,False,False,2294.0,,,2.65oz,"78 ml,  ",,"Rounddesign78 ml,  2.65ozFrosted glass bottlewithreducerandsilver matte cap.For use with cologne, aftershave, splash on, and perfume or fragrance oil, beard oils.Round design bottle is available in 2 sizes - 78ml and 128 ml.Price each",,,
GBRndFrst78RdcrWht,GBRndFrst78RdcrWht,False,False,2295.0,,,2.65oz,"78 ml,  ",,"Rounddesign78 ml,  2.65ozFrosted glass bottlewithreducerandwhite cap.For use with cologne, aftershave, splash on, and perfume or fragrance oil, beard oils.Round design bottle is available in 2 sizes - 78ml and 128 ml.Price each",,,
GBRndFrst78SpryMtGl,GBRndFrst78SpryMtGl,False,False,2296.0,,,2.65oz,"78 ml,  ",,"Rounddesign78 ml,  2.65ozFrosted glass bottlewithmatte gold spray pump0.For use with cologne, Eau de Parfum, air freshner, face and body spray, or room spray.Round design bottle is available in 2 sizes - 78ml and 128 ml.Price each",,,
LBRndFrst78LtnMtGl,LBRndFrst78LtnMtGl,False,False,2297.0,,,2.65oz,"78 ml,  ",,"Rounddesign78 ml,  2.65ozFrosted glass bottlewithmatte gold lotion pump0.For use with lotions, moisturizer, and serums.Round design bottle is available in 2 sizes - 78ml and 128 ml.Price each",,,
GBRndFrst78SpryShnGl,GBRndFrst78SpryShnGl,False,False,868.0,,,2.65oz,"78 ml,  ",,"Rounddesign78 ml,  2.65ozFrosted glass bottlewithshiny gold spray pump.For use with cologne, Eau de Parfum, air freshner, face and body spray, or room spray.Round design bottle is available in 2 sizes - 78ml and 128 ml.Price each",,,
LBRndFrst78LtnShnGl,LBRndFrst78LtnShnGl,False,False,2298.0,,,2.65oz,"78 ml,  ",,"Rounddesign78 ml,  2.65ozFrosted glass bottlewithshiny gold lotion pump.For use with lotions, moisturizer, and serums.Round design bottle is available in 2 sizes - 78ml and 128 ml.Price each",,,
GBRndFrst78SpryShnBlk,GBRndFrst78SpryShnBlk,False,False,1100.0,,,2.65oz,"78 ml,  ",,"Rounddesign78 ml,  2.65ozFrosted glass bottlewithshiny black spray pump.For use with cologne, Eau de Parfum, air freshner, face and body spray, or room spray.Round design bottle is available in 2 sizes - 78ml and 128 ml.Price each",,,
LBRndFrst78LtnShnBlk,LBRndFrst78LtnShnBlk,False,False,2299.0,,,2.65oz,"78 ml,  ",,"Rounddesign78 ml,  2.65ozFrosted glass bottlewithshiny black lotion pump.For use with lotions, moisturizer, and serums.Round design bottle is available in 2 sizes - 78ml and 128 ml.Price each",,,
GBRndFrst78SpryMtSl,GBRndFrst78SpryMtSl,False,False,869.0,,,2.65oz,"78 ml,  ",,"Rounddesign78 ml,  2.65ozFrosted glass bottlewithmatte silver spray pump.For use with cologne, Eau de Parfum, air freshner, face and body spray, or room spray.Round design bottle is available in 2 sizes - 78ml and 128 ml.Price each",,,
LBRndFrst78LtnMtSl,LBRndFrst78LtnMtSl,False,False,2300.0,,,2.65oz,"78 ml,  ",,"Rounddesign78 ml,  2.65ozFrosted glass bottlewithmatte silver lotion pump.For use with lotions, moisturizer, and serums.Round design bottle is available in 2 sizes - 78ml and 128 ml.Price each",,,
LBRndFrst78LtnClOvrCap,LBRndFrst78LtnClOvrCap,False,True,2301.0,,$3.37,2.65oz,"78 ml,  ",78 ml (2.64 oz),"Rounddesign78 ml,  2.65ozFrosted glass bottlewithwith a matte silver collar treatment pump and clear overcap..For use with lotions, moisturizer, and serums.Round design bottle is available in 2 sizes - 78ml and 128 ml.Price each","Round design 78 ml, 2.65oz frosted glass bottle with with a matte silver collar treatment pump and clear overcap. For use with serums, light creams, moisturizers, facial oils or face oils, beard oils, body lotions, body wash, and hair products. Round desi",,False
GBRndFrst78SpryShnSl,GBRndFrst78SpryShnSl,False,False,870.0,,,2.65oz,"78 ml,  ",,"Rounddesign78 ml,  2.65ozFrosted glass bottlewithshiny silver spray pump.For use with cologne, Eau de Parfum, air freshner, face and body spray, or room spray.Round design bottle is available in 2 sizes - 78ml and 128 ml.Price each",,,
LBRndFrst78LtnShnSl,LBRndFrst78LtnShnSl,False,False,2302.0,,,2.65oz,"78 ml,  ",,"Rounddesign78 ml,  2.65ozFrosted glass bottlewithshiny silver lotion pump.For use with lotions, moisturizer, and serums.Round design bottle is available in 2 sizes - 78ml and 128 ml.Price each",,,
GBRndFrst78AnSpLvn,GBRndFrst78AnSpLvn,False,False,906.0,,,2.65oz,"78 ml,  ",,"Rounddesign78 ml,  2.65ozFrosted glass bottlewithlavender vintage style bulb sprayerwithshiny silver collar cap.For use with cologne, Eau de Parfum, air freshner, face and body spray, or room spray. Antique or vintage bulb sprayers enhance the beauty of your product.Round design bottle is available in 2 sizes - 78ml and 128 ml.Price each",,,
GBRndFrst78AnSpPnk,GBRndFrst78AnSpPnk,False,False,867.0,,,2.65oz,"78 ml,  ",,"Rounddesign78 ml,  2.65ozFrosted glass bottlewithpink vintage style bulb sprayerwithshiny gold collar cap.For use with cologne, Eau de Parfum, air freshner, face and body spray, or room spray. Antique or vintage bulb sprayers enhance the beauty of your product.Round design bottle is available in 2 sizes - 78ml and 128 ml.Price each",,,
GBRndFrst78AnSpMtSl,GBRndFrst78AnSpMtSl,False,False,2303.0,,,2.65oz,"78 ml,  ",,"Rounddesign78 ml,  2.65ozFrosted glass bottlewithmatte silver vintage style sprayerwithmatte silver collar cap.For use with cologne, Eau de Parfum, air freshner, face and body spray, or room spray. Antique or vintage bulb sprayers enhance the beauty of your product.Round design bottle is available in 2 sizes - 78ml and 128 ml.Price each",,,
GBRndFrst78AnSpIvySl,GBRndFrst78AnSpIvySl,False,False,866.0,,,2.65oz,"78 ml,  ",,"Rounddesign78 ml,  2.65ozFrosted glass bottlewithivory vintage style bulb sprayerwithshiny silver collar cap.For use with cologne, Eau de Parfum, air freshner, face and body spray, or room spray. Antique or vintage bulb sprayers enhance the beauty of your product.Round design bottle is available in 2 sizes - 78ml and 128 ml.Price each",,,
GBRndFrst78AnSpGl,GBRndFrst78AnSpGl,False,False,864.0,,,2.65oz,"78 ml,  ",,"Rounddesign78 ml,  2.65ozFrosted glass bottlewithgold vintage style sprayerwithshiny gold collar cap.For use with cologne, Eau de Parfum, air freshner, face and body spray, or room spray. Antique or vintage bulb sprayers enhance the beauty of your product.Round design bottle is available in 2 sizes - 78ml and 128 ml.Price each",,,
GBRndFrst78AnSpIvyGl,GBRndFrst78AnSpIvyGl,False,False,865.0,,,2.65oz,"78 ml,  ",,"Rounddesign78 ml,  2.65ozFrosted glass bottlewithivory vintage style bulb sprayerwithshiny gold collar cap.For use with cologne, Eau de Parfum, air freshner, face and body spray, or room spray. Antique or vintage bulb sprayers enhance the beauty of your product.Round design bottle is available in 2 sizes - 78ml and 128 ml.Price each",,,
GBRndFrst78AnSpBlk,GBRndFrst78AnSpBlk,False,True,863.0,,$6.08,2.65oz,"78 ml,  ",78 ml (2.64 oz),"Rounddesign78 ml,  2.65ozFrosted glass bottlewithblack vintage style bulb sprayerwithshiny silver collar cap.For use with cologne, Eau de Parfum, air freshner, face and body spray, or room spray. Antique or vintage bulb sprayers enhance the beauty of your product.Round design bottle is available in 2 sizes - 78ml and 128 ml.Price each","Round design 78 ml, 2.65oz frosted glass bottle with black vintage style bulb sprayer with shiny silver collar cap. For use with cologne, Eau de Parfum, air freshner, face and body spray, or room spray. Antique or vintage bulb sprayers enhance the beauty",,False
GBRndFrst78AnSpWht,GBRndFrst78AnSpWht,False,False,2304.0,,,2.65oz,"78 ml,  ",,"Rounddesign78 ml,  2.65ozFrosted glass bottlewithwhite vintage style bulb sprayerwithshiny silver collar cap.For use with cologne, Eau de Parfum, air freshner, face and body spray, or room spray. Antique or vintage bulb sprayers enhance the beauty of your product.Round design bottle is available in 2 sizes - 78ml and 128 ml.Price each",,,
GBRndFrst78AnSpRed,GBRndFrst78AnSpRed,False,False,973.0,,,2.65oz,"78 ml,  ",,"Rounddesign78 ml,  2.65ozFrosted glass bottlewithred vintage style bulb sprayerwithshiny silver collar cap.For use with cologne, Eau de Parfum, air freshner, face and body spray, or room spray. Antique or vintage bulb sprayers enhance the beauty of your product.Round design bottle is available in 2 sizes - 78ml and 128 ml.Price each",,,
GBRndFrst78AnSpTslLvn,GBRndFrst78AnSpTslLvn,False,False,891.0,,,2.65oz,"78 ml,  ",,"Rounddesign78 ml,  2.65ozFrosted glass bottlewithLavender vintage style bulb sprayer with Tasselandshiny silver collar cap.For use with cologne, Eau de Parfum, air freshner, face and body spray, or room spray. Antique or vintage bulb sprayers enhance the beauty of your product.Round design bottle is available in 2 sizes - 78ml and 128 ml.Price each",,,
GBRndFrst78AnSpTslIvyGl,GBRndFrst78AnSpTslIvyGl,False,False,890.0,,,2.65oz,"78 ml,  ",,"Rounddesign78 ml,  2.65ozFrosted glass bottlewithIvory vintage style bulb sprayer with tasselandshiny gold collar cap.For use with cologne, Eau de Parfum, air freshner, face and body spray, or room spray. Antique or vintage bulb sprayers enhance the beauty of your product.Round design bottle is available in 2 sizes - 78ml and 128 ml.Price each",,,
GBRndFrst78AnSpTslIvySl,GBRndFrst78AnSpTslIvySl,False,False,1023.0,,,2.65oz,"78 ml,  ",,"Rounddesign78 ml,  2.65ozFrosted glass bottlewithIvory vintage style bulb sprayer with tasselandshiny silver collar cap.For use with cologne, Eau de Parfum, air freshner, face and body spray, or room spray. Antique or vintage bulb sprayers enhance the beauty of your product.Round design bottle is available in 2 sizes - 78ml and 128 ml.Price each",,,
GBRndFrst78AnSpTslWht,GBRndFrst78AnSpTslWht,False,False,2305.0,,,2.65oz,"78 ml,  ",,"Rounddesign78 ml,  2.65ozFrosted glass bottlewithWhite vintage style bulb sprayer with tasselandshiny silver collar cap.For use with cologne, Eau de Parfum, air freshner, face and body spray, or room spray. Antique or vintage bulb sprayers enhance the beauty of your product.Round design bottle is available in 2 sizes - 78ml and 128 ml.Price each",,,
GBRndFrst78AnSpTslPnk,GBRndFrst78AnSpTslPnk,False,False,892.0,,,2.65oz,"78 ml,  ",,"Rounddesign78 ml,  2.65ozFrosted glass bottlewithPink vintage style bulb sprayer with tasselandshiny gold collar cap.For use with cologne, Eau de Parfum, air freshner, face and body spray, or room spray. Antique or vintage bulb sprayers enhance the beauty of your product.Round design bottle is available in 2 sizes - 78ml and 128 ml.Price each",,,
GBRndFrst78AnSpTslRed,GBRndFrst78AnSpTslRed,False,False,3144.0,,,2.65oz,"78 ml,  ",,"Rounddesign78 ml,  2.65ozFrosted glass bottlewithRed vintage style bulb sprayer with tasselandshiny silver collar cap.For use with cologne, Eau de Parfum, air freshner, face and body spray, or room spray. Antique or vintage bulb sprayers enhance the beauty of your product.Round design bottle is available in 2 sizes - 78ml and 128 ml.Price each",,,
GBRndFrst78AnSpTslBlk,GBRndFrst78AnSpTslBlk,False,True,888.0,,$6.79,2.65oz,"78 ml,  ",78 ml (2.64 oz),"Rounddesign78 ml,  2.65ozFrosted glass bottlewithBlack vintage style bulb sprayer with tasselandshiny silver collar cap.For use with cologne, Eau de Parfum, air freshner, face and body spray, or room spray. Antique or vintage bulb sprayers enhance the beauty of your product.Round design bottle is available in 2 sizes - 78ml and 128 ml.Price each","Round design 78 ml, 2.65oz frosted glass bottle with Black vintage style bulb sprayer with tasseland shiny silver collar cap. For use with cologne, Eau de Parfum, air freshner, face and body spray, or room spray. Antique or vintage bulb sprayers enhance",,False
GBRndFrst78AnSpTslMtSl,GBRndFrst78AnSpTslMtSl,False,False,2306.0,,,2.65oz,"78 ml,  ",,"Rounddesign78 ml,  2.65ozFrosted glass bottlewithSilver vintage style bulb sprayer with tasselandmatte silver collar cap.For use with cologne, Eau de Parfum, air freshner, face and body spray, or room spray. Antique or vintage bulb sprayers enhance the beauty of your product.Round design bottle is available in 2 sizes - 78ml and 128 ml.Price each",,,
GBRndFrst78AnSpTslGl,GBRndFrst78AnSpTslGl,False,False,889.0,,,2.65oz,"78 ml,  ",,"Rounddesign78 ml,  2.65ozFrosted glass bottlewithGold vintage style bulb sprayer with tasselandshiny gold collar cap.For use with cologne, Eau de Parfum, air freshner, face and body spray, or room spray. Antique or vintage bulb sprayers enhance the beauty of your product.Round design bottle is available in 2 sizes - 78ml and 128 ml.Price each",,,
GBRndFrst78RdcrPnkLthr,GBRndFrst78RdcrPnkLthr,False,False,3145.0,,,2.65oz,"78 ml,  ",,"Rounddesign78 ml,  2.65ozFrosted glass bottlewithreducerandpink faux leather cap.For use with cologne, aftershave, splash on, and perfume or fragrance oil, beard oils.Round design bottle is available in 2 sizes - 78ml and 128 ml.Price each",,,
GBRndFrst78RdcrIvyLthr,GBRndFrst78RdcrIvyLthr,False,False,2307.0,,,2.65oz,"78 ml,  ",,"Rounddesign78 ml,  2.65ozFrosted glass bottlewithreducerandivory faux leather cap.For use with cologne, aftershave, splash on, and perfume or fragrance oil, beard oils.Round design bottle is available in 2 sizes - 78ml and 128 ml.Price each",,,
GBRndFrst78SpryCu,GBRndFrst78SpryCu,False,True,2308.0,,$3.37,2.65oz,"78 ml,  ",78 ml (2.64 oz),"Rounddesign78 ml,  2.65ozFrosted glass bottlewithmatte copper spray pump0.For use with cologne, Eau de Parfum, air freshner, face and body spray, or room spray.Round design bottle is available in 2 sizes - 78ml and 128 ml.Price each","Round design 78 ml, 2.65oz frosted glass bottle with matte copper spray pump. For use with cologne, Eau de Parfum, air freshner, face and body spray, or room spray. Round design bottle is available in 2 sizes - 78ml and 128 ml.",,False
LBRndFrst78LtnCu,LBRndFrst78LtnCu,False,False,2309.0,,,2.65oz,"78 ml,  ",,"Rounddesign78 ml,  2.65ozFrosted glass bottlewithmatte copper lotion pump0.For use with lotions, moisturizer, and serums.Round design bottle is available in 2 sizes - 78ml and 128 ml.Price each",,,
GBRnd78RdcrShnGl,GBRnd78RdcrShnGl,False,False,850.0,,,2.65oz,"78 ml,  ",,"Rounddesign78 ml,  2.65oz Clear glass bottle  withreducerandshiny gold cap.For use with cologne, aftershave, splash on, and perfume or fragrance oil, beard oils.Round design bottle is available in 2 sizes - 78ml and 128 ml.Price each",,,
GBRnd78RdcrShnBlkTall,GBRnd78RdcrShnBlkTall,False,False,2310.0,,,2.65oz,"78 ml,  ",,"Rounddesign78 ml,  2.65oz Clear glass bottle  withreducerandtall black shiny cap.For use with cologne, aftershave, splash on, and perfume or fragrance oil, beard oils.Round design bottle is available in 2 sizes - 78ml and 128 ml.Price each",,,
GBRnd78RdcrShnBlk,GBRnd78RdcrShnBlk,False,False,2311.0,,,2.65oz,"78 ml,  ",,"Rounddesign78 ml,  2.65oz Clear glass bottle  withreducerandblack shiny cap.For use with cologne, aftershave, splash on, and perfume or fragrance oil, beard oils.Round design bottle is available in 2 sizes - 78ml and 128 ml.Price each",,,
GBRnd78RdcrBlkLthr,GBRnd78RdcrBlkLthr,False,True,1179.0,,$2.19,2.65oz,"78 ml,  ",78 ml (2.64 oz),"Rounddesign78 ml,  2.65oz Clear glass bottle  withreducerandblack faux leather cap.For use with cologne, aftershave, splash on, and perfume or fragrance oil, beard oils.Round design bottle is available in 2 sizes - 78ml and 128 ml.Price each","Round design 78 ml, 2.65oz clear glass bottle with reducer and black faux leather cap. For use with cologne, aftershave, splash on, and perfume or fragrance oil, beard oils. Round design bottle is available in 2 sizes - 78ml and 128 ml.",,False
GBRnd78RdcrBrwnLthr,GBRnd78RdcrBrwnLthr,False,False,2312.0,,,2.65oz,"78 ml,  ",,"Rounddesign78 ml,  2.65oz Clear glass bottle  withreducerandbrown faux leather cap.For use with cologne, aftershave, splash on, and perfume or fragrance oil, beard oils.Round design bottle is available in 2 sizes - 78ml and 128 ml.Price each",,,
GBRnd78RdcrLBrwnLthr,GBRnd78RdcrLBrwnLthr,False,False,2313.0,,,2.65oz,"78 ml,  ",,"Rounddesign78 ml,  2.65oz Clear glass bottle  withreducerandlight brown faux leather cap.For use with cologne, aftershave, splash on, and perfume or fragrance oil, beard oils.Round design bottle is available in 2 sizes - 78ml and 128 ml.Price each",,,
GBRnd78RdcrShnSl,GBRnd78RdcrShnSl,False,False,851.0,,,2.65oz,"78 ml,  ",,"Rounddesign78 ml,  2.65oz Clear glass bottle  withreducerandshiny silver cap.For use with cologne, aftershave, splash on, and perfume or fragrance oil, beard oils.Round design bottle is available in 2 sizes - 78ml and 128 ml.Price each",,,
GBRnd78RdcrMtSlTall,GBRnd78RdcrMtSlTall,False,False,2314.0,,,2.65oz,"78 ml,  ",,"Rounddesign78 ml,  2.65oz Clear glass bottle  withreducerandtall silver matte cap.For use with cologne, aftershave, splash on, and perfume or fragrance oil, beard oils.Round design bottle is available in 2 sizes - 78ml and 128 ml.Price each",,,
GBRnd78RdcrMtSl,GBRnd78RdcrMtSl,False,False,3510.0,,,2.65oz,"78 ml,  ",,"Rounddesign78 ml,  2.65oz Clear glass bottle  withreducerandsilver matte cap.For use with cologne, aftershave, splash on, and perfume or fragrance oil, beard oils.Round design bottle is available in 2 sizes - 78ml and 128 ml.Price each",,,
GBRnd78RdcrWht,GBRnd78RdcrWht,False,False,2315.0,,,2.65oz,"78 ml,  ",,"Rounddesign78 ml,  2.65oz Clear glass bottle  withreducerandwhite cap.For use with cologne, aftershave, splash on, and perfume or fragrance oil, beard oils.Round design bottle is available in 2 sizes - 78ml and 128 ml.Price each",,,
GBRnd78SpryMtGl,GBRnd78SpryMtGl,False,False,2316.0,,,2.65oz,"78 ml,  ",,"Rounddesign78 ml,  2.65oz Clear glass bottle  withmatte gold spray pump0.For use with cologne, Eau de Parfum, air freshner, face and body spray, or room spray.Round design bottle is available in 2 sizes - 78ml and 128 ml.Price each",,,
LBRnd78LtnMtGl,LBRnd78LtnMtGl,False,False,2317.0,,,2.65oz,"78 ml,  ",,"Rounddesign78 ml,  2.65oz Clear glass bottle  withmatte gold lotion pump.For use with lotions, moisturizer, and serums.Round design bottle is available in 2 sizes - 78ml and 128 ml.Price each",,,
GBRnd78SpryShnGl,GBRnd78SpryShnGl,False,False,3511.0,,,2.65oz,"78 ml,  ",,"Rounddesign78 ml,  2.65oz Clear glass bottle  withshiny gold spray pump.For use with cologne, Eau de Parfum, air freshner, face and body spray, or room spray.Round design bottle is available in 2 sizes - 78ml and 128 ml.Price each",,,
LBRnd78LtnShnGl,LBRnd78LtnShnGl,False,False,2318.0,,,2.65oz,"78 ml,  ",,"Rounddesign78 ml,  2.65oz Clear glass bottle  withshiny gold lotion pump.For use with lotions, moisturizer, and serums.Round design bottle is available in 2 sizes - 78ml and 128 ml.Price each",,,
GBRnd78SpryShnBlk,GBRnd78SpryShnBlk,False,False,3512.0,,,2.65oz,"78 ml,  ",,"Rounddesign78 ml,  2.65oz Clear glass bottle  withshiny black spray pump.For use with cologne, Eau de Parfum, air freshner, face and body spray, or room spray.Round design bottle is available in 2 sizes - 78ml and 128 ml.Price each",,,
LBRnd78LtnShnBlk,LBRnd78LtnShnBlk,False,False,2319.0,,,2.65oz,"78 ml,  ",,"Rounddesign78 ml,  2.65oz Clear glass bottle  withshiny black lotion pump.For use with lotions, moisturizer, and serums.Round design bottle is available in 2 sizes - 78ml and 128 ml.Price each",,,
GBRnd78SpryMtSl,GBRnd78SpryMtSl,False,False,2320.0,,,2.65oz,"78 ml,  ",,"Rounddesign78 ml,  2.65oz Clear glass bottle  withmatte silver spray pump.For use with cologne, Eau de Parfum, air freshner, face and body spray, or room spray.Round design bottle is available in 2 sizes - 78ml and 128 ml.Price each",,,
LBRnd78LtnMtSl,LBRnd78LtnMtSl,False,False,2321.0,,,2.65oz,"78 ml,  ",,"Rounddesign78 ml,  2.65oz Clear glass bottle  withmatte silver lotion pump.For use with lotions, moisturizer, and serums.Round design bottle is available in 2 sizes - 78ml and 128 ml.Price each",,,
LBRnd78LtnClOvrCap,LBRnd78LtnClOvrCap,False,True,2322.0,,$2.90,2.65oz,"78 ml,  ",78 ml (2.64 oz),"Rounddesign78 ml,  2.65oz Clear glass bottle  withwith a matte silver collar treatment pump and clear overcap..For use with lotions, moisturizer, and serums.Round design bottle is available in 2 sizes - 78ml and 128 ml.Price each","Round design 78 ml, 2.65oz clear glass bottle with with a matte silver collar treatment pump and clear overcap. For use with serums, light creams, moisturizers, facial oils or face oils, beard oils, body lotions, body wash, and hair products. Round design",,False
GBRnd78SpryShnSl,GBRnd78SpryShnSl,False,False,3513.0,,,2.65oz,"78 ml,  ",,"Rounddesign78 ml,  2.65oz Clear glass bottle  withshiny silver spray pump.For use with cologne, Eau de Parfum, air freshner, face and body spray, or room spray.Round design bottle is available in 2 sizes - 78ml and 128 ml.Price each",,,
LBRnd78LtnShnSl,LBRnd78LtnShnSl,False,False,2323.0,,,2.65oz,"78 ml,  ",,"Rounddesign78 ml,  2.65oz Clear glass bottle  withshiny silver lotion pump.For use with lotions, moisturizer, and serums.Round design bottle is available in 2 sizes - 78ml and 128 ml.Price each",,,
GBRnd78AnSpLvn,GBRnd78AnSpLvn,False,False,180.0,,,2.65oz,"78 ml,  ",,"Rounddesign78 ml,  2.65oz Clear glass bottle  withlavender vintage style bulb sprayerwithshiny silver collar cap.For use with cologne, Eau de Parfum, air freshner, face and body spray, or room spray. Antique or vintage bulb sprayers enhance the beauty of your product.Round design bottle is available in 2 sizes - 78ml and 128 ml.Price each",,,
GBRnd78AnSpPnk,GBRnd78AnSpPnk,False,False,179.0,,,2.65oz,"78 ml,  ",,"Rounddesign78 ml,  2.65oz Clear glass bottle  withpink vintage style bulb sprayerwithshiny gold collar cap.For use with cologne, Eau de Parfum, air freshner, face and body spray, or room spray. Antique or vintage bulb sprayers enhance the beauty of your product.Round design bottle is available in 2 sizes - 78ml and 128 ml.Price each",,,
GBRnd78AnSpMtSl,GBRnd78AnSpMtSl,False,False,2324.0,,,2.65oz,"78 ml,  ",,"Rounddesign78 ml,  2.65oz Clear glass bottle  withmatte silver vintage style sprayerwithmatte silver collar cap.For use with cologne, Eau de Parfum, air freshner, face and body spray, or room spray. Antique or vintage bulb sprayers enhance the beauty of your product.Round design bottle is available in 2 sizes - 78ml and 128 ml.Price each",,,
GBRnd78AnSpIvySl,GBRnd78AnSpIvySl,False,False,1217.0,,,2.65oz,"78 ml,  ",,"Rounddesign78 ml,  2.65oz Clear glass bottle  withivory vintage style bulb sprayerwithshiny silver collar cap.For use with cologne, Eau de Parfum, air freshner, face and body spray, or room spray. Antique or vintage bulb sprayers enhance the beauty of your product.Round design bottle is available in 2 sizes - 78ml and 128 ml.Price each",,,
GBRnd78AnSpGl,GBRnd78AnSpGl,False,False,224.0,,,2.65oz,"78 ml,  ",,"Rounddesign78 ml,  2.65oz Clear glass bottle  withgold vintage style sprayerwithshiny gold collar cap.For use with cologne, Eau de Parfum, air freshner, face and body spray, or room spray. Antique or vintage bulb sprayers enhance the beauty of your product.Round design bottle is available in 2 sizes - 78ml and 128 ml.Price each",,,
GBRnd78AnSpIvyGl,GBRnd78AnSpIvyGl,False,False,181.0,,,2.65oz,"78 ml,  ",,"Rounddesign78 ml,  2.65oz Clear glass bottle  withivory vintage style bulb sprayerwithshiny gold collar cap.For use with cologne, Eau de Parfum, air freshner, face and body spray, or room spray. Antique or vintage bulb sprayers enhance the beauty of your product.Round design bottle is available in 2 sizes - 78ml and 128 ml.Price each",,,
GBRnd78AnSpBlk,GBRnd78AnSpBlk,False,True,178.0,,$5.61,2.65oz,"78 ml,  ",78 ml (2.64 oz),"Rounddesign78 ml,  2.65oz Clear glass bottle  withblack vintage style bulb sprayerwithshiny silver collar cap.For use with cologne, Eau de Parfum, air freshner, face and body spray, or room spray. Antique or vintage bulb sprayers enhance the beauty of your product.Round design bottle is available in 2 sizes - 78ml and 128 ml.Price each","Round design 78 ml, 2.65oz clear glass bottle with black vintage style bulb sprayer with shiny silver collar cap. For use with cologne, Eau de Parfum, air freshner, face and body spray, or room spray. Antique or vintage bulb sprayers enhance the beauty",,False
GBRnd78AnSpWht,GBRnd78AnSpWht,False,False,2325.0,,,2.65oz,"78 ml,  ",,"Rounddesign78 ml,  2.65oz Clear glass bottle  withwhite vintage style bulb sprayerwithshiny silver collar cap.For use with cologne, Eau de Parfum, air freshner, face and body spray, or room spray. Antique or vintage bulb sprayers enhance the beauty of your product.Round design bottle is available in 2 sizes - 78ml and 128 ml.Price each",,,
GBRnd78AnSpRed,GBRnd78AnSpRed,False,False,1218.0,,,2.65oz,"78 ml,  ",,"Rounddesign78 ml,  2.65oz Clear glass bottle  withred vintage style bulb sprayerwithshiny silver collar cap.For use with cologne, Eau de Parfum, air freshner, face and body spray, or room spray. Antique or vintage bulb sprayers enhance the beauty of your product.Round design bottle is available in 2 sizes - 78ml and 128 ml.Price each",,,
GBRnd78AnSpTslLvn,GBRnd78AnSpTslLvn,False,False,2326.0,,,2.65oz,"78 ml,  ",,"Rounddesign78 ml,  2.65oz Clear glass bottle  withLavender vintage style bulb sprayer with Tasselandshiny silver collar cap.For use with cologne, Eau de Parfum, air freshner, face and body spray, or room spray. Antique or vintage bulb sprayers enhance the beauty of your product.Round design bottle is available in 2 sizes - 78ml and 128 ml.Price each",,,
GBRnd78AnSpTslIvyGl,GBRnd78AnSpTslIvyGl,False,False,241.0,,,2.65oz,"78 ml,  ",,"Rounddesign78 ml,  2.65oz Clear glass bottle  withIvory vintage style bulb sprayer with tasselandshiny gold collar cap.For use with cologne, Eau de Parfum, air freshner, face and body spray, or room spray. Antique or vintage bulb sprayers enhance the beauty of your product.Round design bottle is available in 2 sizes - 78ml and 128 ml.Price each",,,
GBRnd78AnSpTslIvySl,GBRnd78AnSpTslIvySl,False,False,3514.0,,,2.65oz,"78 ml,  ",,"Rounddesign78 ml,  2.65oz Clear glass bottle  withIvory vintage style bulb sprayer with tasselandshiny silver collar cap.For use with cologne, Eau de Parfum, air freshner, face and body spray, or room spray. Antique or vintage bulb sprayers enhance the beauty of your product.Round design bottle is available in 2 sizes - 78ml and 128 ml.Price each",,,
GBRnd78AnSpTslWht,GBRnd78AnSpTslWht,False,False,2327.0,,,2.65oz,"78 ml,  ",,"Rounddesign78 ml,  2.65oz Clear glass bottle  withWhite vintage style bulb sprayer with tasselandshiny silver collar cap.For use with cologne, Eau de Parfum, air freshner, face and body spray, or room spray. Antique or vintage bulb sprayers enhance the beauty of your product.Round design bottle is available in 2 sizes - 78ml and 128 ml.Price each",,,
GBRnd78AnSpTslPnk,GBRnd78AnSpTslPnk,False,False,2328.0,,,2.65oz,"78 ml,  ",,"Rounddesign78 ml,  2.65oz Clear glass bottle  withPink vintage style bulb sprayer with tasselandshiny gold collar cap.For use with cologne, Eau de Parfum, air freshner, face and body spray, or room spray. Antique or vintage bulb sprayers enhance the beauty of your product.Round design bottle is available in 2 sizes - 78ml and 128 ml.Price each",,,
GBRnd78AnSpTslRed,GBRnd78AnSpTslRed,False,False,2329.0,,,2.65oz,"78 ml,  ",,"Rounddesign78 ml,  2.65oz Clear glass bottle  withRed vintage style bulb sprayer with tasselandshiny silver collar cap.For use with cologne, Eau de Parfum, air freshner, face and body spray, or room spray. Antique or vintage bulb sprayers enhance the beauty of your product.Round design bottle is available in 2 sizes - 78ml and 128 ml.Price each",,,
GBRnd78AnSpTslBlk,GBRnd78AnSpTslBlk,False,True,240.0,,$6.32,2.65oz,"78 ml,  ",78 ml (2.64 oz),"Rounddesign78 ml,  2.65oz Clear glass bottle  withBlack vintage style bulb sprayer with tasselandshiny silver collar cap.For use with cologne, Eau de Parfum, air freshner, face and body spray, or room spray. Antique or vintage bulb sprayers enhance the beauty of your product.Round design bottle is available in 2 sizes - 78ml and 128 ml.Price each","Round design 78 ml, 2.65oz clear glass bottle with Black vintage style bulb sprayer with tasseland shiny silver collar cap. For use with cologne, Eau de Parfum, air freshner, face and body spray, or room spray. Antique or vintage bulb sprayers enhance",,False
GBRnd78AnSpTslMtSl,GBRnd78AnSpTslMtSl,False,False,2330.0,,,2.65oz,"78 ml,  ",,"Rounddesign78 ml,  2.65oz Clear glass bottle  withSilver vintage style bulb sprayer with tasselandmatte silver collar cap.For use with cologne, Eau de Parfum, air freshner, face and body spray, or room spray. Antique or vintage bulb sprayers enhance the beauty of your product.Round design bottle is available in 2 sizes - 78ml and 128 ml.Price each",,,
GBRnd78AnSpTslGl,GBRnd78AnSpTslGl,False,False,225.0,,,2.65oz,"78 ml,  ",,"Rounddesign78 ml,  2.65oz Clear glass bottle  withGold vintage style bulb sprayer with tasselandshiny gold collar cap.For use with cologne, Eau de Parfum, air freshner, face and body spray, or room spray. Antique or vintage bulb sprayers enhance the beauty of your product.Round design bottle is available in 2 sizes - 78ml and 128 ml.Price each",,,
GBRnd78RdcrPnkLthr,GBRnd78RdcrPnkLthr,False,False,1180.0,,,2.65oz,"78 ml,  ",,"Rounddesign78 ml,  2.65oz Clear glass bottle  withreducerandpink faux leather cap.For use with cologne, aftershave, splash on, and perfume or fragrance oil, beard oils.Round design bottle is available in 2 sizes - 78ml and 128 ml.Price each",,,
GBRnd78RdcrIvyLthr,GBRnd78RdcrIvyLthr,False,False,1172.0,,,2.65oz,"78 ml,  ",,"Rounddesign78 ml,  2.65oz Clear glass bottle  withreducerandivory faux leather cap.For use with cologne, aftershave, splash on, and perfume or fragrance oil, beard oils.Round design bottle is available in 2 sizes - 78ml and 128 ml.Price each",,,
GBRnd78SpryCu,GBRnd78SpryCu,False,True,2331.0,,$2.90,2.65oz,"78 ml,  ",78 ml (2.64 oz),"Rounddesign78 ml,  2.65oz Clear glass bottle  withmatte copper spray pump00.For use with cologne, Eau de Parfum, air freshner, face and body spray, or room spray.Round design bottle is available in 2 sizes - 78ml and 128 ml.Price each","Round design 78 ml, 2.65oz clear glass bottle with matte copper spray pump. For use with cologne, Eau de Parfum, air freshner, face and body spray, or room spray. Round design bottle is available in 2 sizes - 78ml and 128 ml.",,False
LBRnd78LtnCu,LBRnd78LtnCu,False,False,2332.0,,,2.65oz,"78 ml,  ",,"Rounddesign78 ml,  2.65oz Clear glass bottle  withmatte copper lotion pump00.For use with lotions, moisturizer, and serums.Round design bottle is available in 2 sizes - 78ml and 128 ml.Price each",,,
GBRndFrst128RdcrShnGl,GBRndFrst128RdcrShnGl,False,False,997.0,,,4.33oz,"128 ml,  ",,"Rounddesign128 ml,  4.33ozFrosted glass bottlewithreducerandshiny gold cap.For use with cologne, aftershave, splash on, and perfume or fragrance oil, beard oils.Round design bottle is available in 2 sizes - 78ml and 128 ml.Price each",,,
GBRndFrst128RdcrShnBlkTall,GBRndFrst128RdcrShnBlkTall,False,False,2334.0,,,4.33oz,"128 ml,  ",,"Rounddesign128 ml,  4.33ozFrosted glass bottlewithreducerandtall black shiny cap.For use with cologne, aftershave, splash on, and perfume or fragrance oil, beard oils.Round design bottle is available in 2 sizes - 78ml and 128 ml.Price each",,,
GBRndFrst128RdcrShnBlk,GBRndFrst128RdcrShnBlk,False,False,2335.0,,,4.33oz,"128 ml,  ",,"Rounddesign128 ml,  4.33ozFrosted glass bottlewithreducerandblack shiny cap.For use with cologne, aftershave, splash on, and perfume or fragrance oil, beard oils.Round design bottle is available in 2 sizes - 78ml and 128 ml.Price each",,,
GBRndFrst128RdcrBlkLthr,GBRndFrst128RdcrBlkLthr,False,True,2336.0,,$2.66,4.33oz,"128 ml,  ",128 ml (4.33 oz),"Rounddesign128 ml,  4.33ozFrosted glass bottlewithreducerandblack faux leather cap.For use with cologne, aftershave, splash on, and perfume or fragrance oil, beard oils.Round design bottle is available in 2 sizes - 78ml and 128 ml.Price each","Round design 128 ml, 4.33oz frosted glass bottle with reducer and black faux leather cap. For use with cologne, aftershave, splash on, and perfume or fragrance oil, beard oils. Round design bottle is available in 2 sizes - 78ml and 128 ml.",,False
GBRndFrst128RdcrBrwnLthr,GBRndFrst128RdcrBrwnLthr,False,False,2337.0,,,4.33oz,"128 ml,  ",,"Rounddesign128 ml,  4.33ozFrosted glass bottlewithreducerandbrown faux leather cap.For use with cologne, aftershave, splash on, and perfume or fragrance oil, beard oils.Round design bottle is available in 2 sizes - 78ml and 128 ml.Price each",,,
GBRndFrst128RdcrLBrwnLthr,GBRndFrst128RdcrLBrwnLthr,False,False,2338.0,,,4.33oz,"128 ml,  ",,"Rounddesign128 ml,  4.33ozFrosted glass bottlewithreducerandlight brown faux leather cap.For use with cologne, aftershave, splash on, and perfume or fragrance oil, beard oils.Round design bottle is available in 2 sizes - 78ml and 128 ml.Price each",,,
GBRndFrst128RdcrShnSl,GBRndFrst128RdcrShnSl,False,False,996.0,,,4.33oz,"128 ml,  ",,"Rounddesign128 ml,  4.33ozFrosted glass bottlewithreducerandshiny silver cap.For use with cologne, aftershave, splash on, and perfume or fragrance oil, beard oils.Round design bottle is available in 2 sizes - 78ml and 128 ml.Price each",,,
GBRndFrst128RdcrMtSlTall,GBRndFrst128RdcrMtSlTall,False,False,2340.0,,,4.33oz,"128 ml,  ",,"Rounddesign128 ml,  4.33ozFrosted glass bottlewithreducerandtall silver matte cap.For use with cologne, aftershave, splash on, and perfume or fragrance oil, beard oils.Round design bottle is available in 2 sizes - 78ml and 128 ml.Price each",,,
GBRndFrst128RdcrMtSl,GBRndFrst128RdcrMtSl,False,False,2341.0,,,4.33oz,"128 ml,  ",,"Rounddesign128 ml,  4.33ozFrosted glass bottlewithreducerandsilver matte cap.For use with cologne, aftershave, splash on, and perfume or fragrance oil, beard oils.Round design bottle is available in 2 sizes - 78ml and 128 ml.Price each",,,
GBRndFrst128RdcrWht,GBRndFrst128RdcrWht,False,False,2342.0,,,4.33oz,"128 ml,  ",,"Rounddesign128 ml,  4.33ozFrosted glass bottlewithreducerandwhite cap.For use with cologne, aftershave, splash on, and perfume or fragrance oil, beard oils.Round design bottle is available in 2 sizes - 78ml and 128 ml.Price each",,,
GBRndFrst128SpryMtGl,GBRndFrst128SpryMtGl,False,False,2343.0,,,4.33oz,"128 ml,  ",,"Rounddesign128 ml,  4.33ozFrosted glass bottlewithmatte gold spray pump.For use with cologne, Eau de Parfum, air freshner, face and body spray, or room spray.Round design bottle is available in 2 sizes - 78ml and 128 ml.Price each",,,
LBRndFrst128LtnMtGl,LBRndFrst128LtnMtGl,False,False,2344.0,,,4.33oz,"128 ml,  ",,"Rounddesign128 ml,  4.33ozFrosted glass bottlewithmatte gold lotion pump0.For use with lotions, moisturizer, and serums.Round design bottle is available in 2 sizes - 78ml and 128 ml.Price each",,,
GBRndFrst128SpryShnGl,GBRndFrst128SpryShnGl,False,False,3515.0,,,4.33oz,"128 ml,  ",,"Rounddesign128 ml,  4.33ozFrosted glass bottlewithshiny gold spray pump.For use with cologne, Eau de Parfum, air freshner, face and body spray, or room spray.Round design bottle is available in 2 sizes - 78ml and 128 ml.Price each",,,
LBRndFrst128LtnShnGl,LBRndFrst128LtnShnGl,False,False,2345.0,,,4.33oz,"128 ml,  ",,"Rounddesign128 ml,  4.33ozFrosted glass bottlewithshiny gold lotion pump.For use with lotions, moisturizer, and serums.Round design bottle is available in 2 sizes - 78ml and 128 ml.Price each",,,
GBRndFrst128SpryShnBlk,GBRndFrst128SpryShnBlk,False,False,3516.0,,,4.33oz,"128 ml,  ",,"Rounddesign128 ml,  4.33ozFrosted glass bottlewithshiny black spray pump.For use with cologne, Eau de Parfum, air freshner, face and body spray, or room spray.Round design bottle is available in 2 sizes - 78ml and 128 ml.Price each",,,
LBRndFrst128LtnShnBlk,LBRndFrst128LtnShnBlk,False,False,2346.0,,,4.33oz,"128 ml,  ",,"Rounddesign128 ml,  4.33ozFrosted glass bottlewithshiny black lotion pump.For use with lotions, moisturizer, and serums.Round design bottle is available in 2 sizes - 78ml and 128 ml.Price each",,,
GBRndFrst128SpryMtSl,GBRndFrst128SpryMtSl,False,False,2347.0,,,4.33oz,"128 ml,  ",,"Rounddesign128 ml,  4.33ozFrosted glass bottlewithmatte silver spray pump.For use with cologne, Eau de Parfum, air freshner, face and body spray, or room spray.Round design bottle is available in 2 sizes - 78ml and 128 ml.Price each",,,
LBRndFrst128LtnMtSl,LBRndFrst128LtnMtSl,False,False,2348.0,,,4.33oz,"128 ml,  ",,"Rounddesign128 ml,  4.33ozFrosted glass bottlewithmatte silver lotion pump.For use with lotions, moisturizer, and serums.Round design bottle is available in 2 sizes - 78ml and 128 ml.Price each",,,
LBRndFrst128LtnClOvrCap,LBRndFrst128LtnClOvrCap,False,True,2349.0,,$3.37,4.33oz,"128 ml,  ",128 ml (4.33 oz),"Rounddesign128 ml,  4.33ozFrosted glass bottlewithwith a matte silver collar treatment pump and clear overcap..For use with lotions, moisturizer, and serums.Round design bottle is available in 2 sizes - 78ml and 128 ml.Price each","Round design 128 ml, 4.33oz frosted glass bottle with with a matte silver collar treatment pump and clear overcap. For use with serums, light creams, moisturizers, facial oils or face oils, beard oils, body lotions, body wash, and hair products. Round des",,False
GBRndFrst128SpryShnSl,GBRndFrst128SpryShnSl,False,False,3517.0,,,4.33oz,"128 ml,  ",,"Rounddesign128 ml,  4.33ozFrosted glass bottlewithshiny silver spray pump.For use with cologne, Eau de Parfum, air freshner, face and body spray, or room spray.Round design bottle is available in 2 sizes - 78ml and 128 ml.Price each",,,
LBRndFrst128LtnShnSl,LBRndFrst128LtnShnSl,False,False,2350.0,,,4.33oz,"128 ml,  ",,"Rounddesign128 ml,  4.33ozFrosted glass bottlewithshiny silver lotion pump.For use with lotions, moisturizer, and serums.Round design bottle is available in 2 sizes - 78ml and 128 ml.Price each",,,
GBRndFrst128AnSpLvn,GBRndFrst128AnSpLvn,False,False,979.0,,,4.33oz,"128 ml,  ",,"Rounddesign128 ml,  4.33ozFrosted glass bottlewithlavender vintage style bulb sprayerwithshiny silver collar cap.For use with cologne, Eau de Parfum, air freshner, face and body spray, or room spray. Antique or vintage bulb sprayers enhance the beauty of your product.Round design bottle is available in 2 sizes - 78ml and 128 ml.Price each",,,
GBRndFrst128AnSpPnk,GBRndFrst128AnSpPnk,False,False,980.0,,,4.33oz,"128 ml,  ",,"Rounddesign128 ml,  4.33ozFrosted glass bottlewithpink vintage style bulb sprayerwithshiny gold collar cap.For use with cologne, Eau de Parfum, air freshner, face and body spray, or room spray. Antique or vintage bulb sprayers enhance the beauty of your product.Round design bottle is available in 2 sizes - 78ml and 128 ml.Price each",,,
GBRndFrst128AnSpMtSl,GBRndFrst128AnSpMtSl,False,False,2351.0,,,4.33oz,"128 ml,  ",,"Rounddesign128 ml,  4.33ozFrosted glass bottlewithmatte silver vintage style sprayerwithmatte silver collar cap.For use with cologne, Eau de Parfum, air freshner, face and body spray, or room spray. Antique or vintage bulb sprayers enhance the beauty of your product.Round design bottle is available in 2 sizes - 78ml and 128 ml.Price each",,,
GBRndFrst128AnSpIvySl,GBRndFrst128AnSpIvySl,False,False,978.0,,,4.33oz,"128 ml,  ",,"Rounddesign128 ml,  4.33ozFrosted glass bottlewithivory vintage style bulb sprayerwithshiny silver collar cap.For use with cologne, Eau de Parfum, air freshner, face and body spray, or room spray. Antique or vintage bulb sprayers enhance the beauty of your product.Round design bottle is available in 2 sizes - 78ml and 128 ml.Price each",,,
GBRndFrst128AnSpGl,GBRndFrst128AnSpGl,False,False,976.0,,,4.33oz,"128 ml,  ",,"Rounddesign128 ml,  4.33ozFrosted glass bottlewithgold vintage style sprayerwithshiny gold collar cap.For use with cologne, Eau de Parfum, air freshner, face and body spray, or room spray. Antique or vintage bulb sprayers enhance the beauty of your product.Round design bottle is available in 2 sizes - 78ml and 128 ml.Price each",,,
GBRndFrst128AnSpIvyGl,GBRndFrst128AnSpIvyGl,False,False,977.0,,,4.33oz,"128 ml,  ",,"Rounddesign128 ml,  4.33ozFrosted glass bottlewithivory vintage style bulb sprayerwithshiny gold collar cap.For use with cologne, Eau de Parfum, air freshner, face and body spray, or room spray. Antique or vintage bulb sprayers enhance the beauty of your product.Round design bottle is available in 2 sizes - 78ml and 128 ml.Price each",,,
GBRndFrst128AnSpBlk,GBRndFrst128AnSpBlk,False,True,975.0,,$6.08,4.33oz,"128 ml,  ",128 ml (4.33 oz),"Rounddesign128 ml,  4.33ozFrosted glass bottlewithblack vintage style bulb sprayerwithshiny silver collar cap.For use with cologne, Eau de Parfum, air freshner, face and body spray, or room spray. Antique or vintage bulb sprayers enhance the beauty of your product.Round design bottle is available in 2 sizes - 78ml and 128 ml.Price each","Round design 128 ml, 4.33oz frosted glass bottle with black vintage style bulb sprayer with shiny silver collar cap. For use with cologne, Eau de Parfum, air freshner, face and body spray, or room spray. Antique or vintage bulb sprayers enhance the beaut",,False
GBRndFrst128AnSpWht,GBRndFrst128AnSpWht,False,False,2352.0,,,4.33oz,"128 ml,  ",,"Rounddesign128 ml,  4.33ozFrosted glass bottlewithwhite vintage style bulb sprayerwithshiny silver collar cap.For use with cologne, Eau de Parfum, air freshner, face and body spray, or room spray. Antique or vintage bulb sprayers enhance the beauty of your product.Round design bottle is available in 2 sizes - 78ml and 128 ml.Price each",,,
GBRndFrst128AnSpRed,GBRndFrst128AnSpRed,False,False,982.0,,,4.33oz,"128 ml,  ",,"Rounddesign128 ml,  4.33ozFrosted glass bottlewithred vintage style bulb sprayerwithshiny silver collar cap.For use with cologne, Eau de Parfum, air freshner, face and body spray, or room spray. Antique or vintage bulb sprayers enhance the beauty of your product.Round design bottle is available in 2 sizes - 78ml and 128 ml.Price each",,,
GBRndFrst128AnSpTslLvn,GBRndFrst128AnSpTslLvn,False,False,989.0,,,4.33oz,"128 ml,  ",,"Rounddesign128 ml,  4.33ozFrosted glass bottlewithLavender vintage style bulb sprayer with Tasselandshiny silver collar cap.For use with cologne, Eau de Parfum, air freshner, face and body spray, or room spray. Antique or vintage bulb sprayers enhance the beauty of your product.Round design bottle is available in 2 sizes - 78ml and 128 ml.Price each",,,
GBRndFrst128AnSpTslIvyGl,GBRndFrst128AnSpTslIvyGl,False,False,986.0,,,4.33oz,"128 ml,  ",,"Rounddesign128 ml,  4.33ozFrosted glass bottlewithIvory vintage style bulb sprayer with tasselandshiny gold collar cap.For use with cologne, Eau de Parfum, air freshner, face and body spray, or room spray. Antique or vintage bulb sprayers enhance the beauty of your product.Round design bottle is available in 2 sizes - 78ml and 128 ml.Price each",,,
GBRndFrst128AnSpTslIvySl,GBRndFrst128AnSpTslIvySl,False,False,987.0,,,4.33oz,"128 ml,  ",,"Rounddesign128 ml,  4.33ozFrosted glass bottlewithIvory vintage style bulb sprayer with tasselandshiny silver collar cap.For use with cologne, Eau de Parfum, air freshner, face and body spray, or room spray. Antique or vintage bulb sprayers enhance the beauty of your product.Round design bottle is available in 2 sizes - 78ml and 128 ml.Price each",,,
GBRndFrst128AnSpTslWht,GBRndFrst128AnSpTslWht,False,False,2353.0,,,4.33oz,"128 ml,  ",,"Rounddesign128 ml,  4.33ozFrosted glass bottlewithWhite vintage style bulb sprayer with tasselandshiny silver collar cap.For use with cologne, Eau de Parfum, air freshner, face and body spray, or room spray. Antique or vintage bulb sprayers enhance the beauty of your product.Round design bottle is available in 2 sizes - 78ml and 128 ml.Price each",,,
GBRndFrst128AnSpTslPnk,GBRndFrst128AnSpTslPnk,False,False,990.0,,,4.33oz,"128 ml,  ",,"Rounddesign128 ml,  4.33ozFrosted glass bottlewithPink vintage style bulb sprayer with tasselandshiny gold collar cap.For use with cologne, Eau de Parfum, air freshner, face and body spray, or room spray. Antique or vintage bulb sprayers enhance the beauty of your product.Round design bottle is available in 2 sizes - 78ml and 128 ml.Price each",,,
GBRndFrst128AnSpTslRed,GBRndFrst128AnSpTslRed,False,False,981.0,,,4.33oz,"128 ml,  ",,"Rounddesign128 ml,  4.33ozFrosted glass bottlewithRed vintage style bulb sprayer with tasselandshiny silver collar cap.For use with cologne, Eau de Parfum, air freshner, face and body spray, or room spray. Antique or vintage bulb sprayers enhance the beauty of your product.Round design bottle is available in 2 sizes - 78ml and 128 ml.Price each",,,
GBRndFrst128AnSpTslBlk,GBRndFrst128AnSpTslBlk,False,True,984.0,,$6.79,4.33oz,"128 ml,  ",128 ml (4.33 oz),"Rounddesign128 ml,  4.33ozFrosted glass bottlewithBlack vintage style bulb sprayer with tasselandshiny silver collar cap.For use with cologne, Eau de Parfum, air freshner, face and body spray, or room spray. Antique or vintage bulb sprayers enhance the beauty of your product.Round design bottle is available in 2 sizes - 78ml and 128 ml.Price each","Round design 128 ml, 4.33oz frosted glass bottle with Black vintage style bulb sprayer with tasseland shiny silver collar cap. For use with cologne, Eau de Parfum, air freshner, face and body spray, or room spray. Antique or vintage bulb sprayers enhance",,False
GBRndFrst128AnSpTslMtSl,GBRndFrst128AnSpTslMtSl,False,False,2354.0,,,4.33oz,"128 ml,  ",,"Rounddesign128 ml,  4.33ozFrosted glass bottlewithSilver vintage style bulb sprayer with tasselandmatte silver collar cap.For use with cologne, Eau de Parfum, air freshner, face and body spray, or room spray. Antique or vintage bulb sprayers enhance the beauty of your product.Round design bottle is available in 2 sizes - 78ml and 128 ml.Price each",,,
GBRndFrst128AnSpTslGl,GBRndFrst128AnSpTslGl,False,False,985.0,,,4.33oz,"128 ml,  ",,"Rounddesign128 ml,  4.33ozFrosted glass bottlewithGold vintage style bulb sprayer with tasselandshiny gold collar cap.For use with cologne, Eau de Parfum, air freshner, face and body spray, or room spray. Antique or vintage bulb sprayers enhance the beauty of your product.Round design bottle is available in 2 sizes - 78ml and 128 ml.Price each",,,
GBRndFrst128DrpSl,GBRndFrst128DrpSl,False,False,2355.0,,,4.33oz,"128 ml,  ",,"Rounddesign128 ml,  4.33ozFrosted glass bottlewithwhite dropperwithshiny silver collar cap.For use with perfume oils, diffuser oils, serums, primers, facial oils or face oils, moisturizer, and beard oils.Round design bottle is available in 2 sizes - 78ml and 128 ml.Price each",,,
GBRndFrst128DrpCu,GBRndFrst128DrpCu,False,True,2356.0,,$2.57,4.33oz,"128 ml,  ",128 ml (4.33 oz),"Rounddesign128 ml,  4.33ozFrosted glass bottlewithwhite dropperwithshiny gold collar cap.For use with perfume oils, diffuser oils, serums, primers, facial oils or face oils, moisturizer, and beard oils.Round design bottle is available in 2 sizes - 78ml and 128 ml.Price each","Round design 128 ml, 4.33oz frosted glass bottle with white dropper with shiny copper collar cap. For use with perfume oils, diffuser oils, serums, primers, facial oils or face oils, moisturizer, and beard oils.Round design bottle is available in 2 sizes",,False
GBRndFrst128DrpGl,GBRndFrst128DrpGl,False,False,2357.0,,,4.33oz,"128 ml,  ",,"Rounddesign128 ml,  4.33ozFrosted glass bottlewithwhite dropperwithshiny copper collar cap.For use with perfume oils, diffuser oils, serums, primers, facial oils or face oils, moisturizer, and beard oils.Round design bottle is available in 2 sizes - 78ml and 128 ml.Price each",,,
GBRndFrst128RdcrPnkLthr,GBRndFrst128RdcrPnkLthr,False,False,2358.0,,,4.33oz,"128 ml,  ",,"Rounddesign128 ml,  4.33ozFrosted glass bottlewithreducerandpink faux leather cap.For use with cologne, aftershave, splash on, and perfume or fragrance oil, beard oils.Round design bottle is available in 2 sizes - 78ml and 128 ml.Price each",,,
GBRndFrst128RdcrIvyLthr,GBRndFrst128RdcrIvyLthr,False,False,2359.0,,,4.33oz,"128 ml,  ",,"Rounddesign128 ml,  4.33ozFrosted glass bottlewithreducerandivory faux leather cap.For use with cologne, aftershave, splash on, and perfume or fragrance oil, beard oils.Round design bottle is available in 2 sizes - 78ml and 128 ml.Price each",,,
GBRndFrst128SpryCu,GBRndFrst128SpryCu,False,True,2360.0,,$3.37,4.33oz,"128 ml,  ",128 ml (4.33 oz),"Rounddesign128 ml,  4.33ozFrosted glass bottlewithmatte copper spray pump00.For use with cologne, Eau de Parfum, air freshner, face and body spray, or room spray.Round design bottle is available in 2 sizes - 78ml and 128 ml.Price each","Round design 128 ml, 4.33oz frosted glass bottle with matte copper spray pump. For use with cologne, Eau de Parfum, air freshner, face and body spray, or room spray. Round design bottle is available in 2 sizes - 78ml and 128 ml.",,False
LBRndFrst128LtnCu,LBRndFrst128LtnCu,False,False,2361.0,,,4.33oz,"128 ml,  ",,"Rounddesign128 ml,  4.33ozFrosted glass bottlewithmatte copper lotion pump00.For use with lotions, moisturizer, and serums.Round design bottle is available in 2 sizes - 78ml and 128 ml.Price each",,,
GBSlk30RdcrShnGl,GBSlk30RdcrShnGl,False,False,2362.0,,,1oz,"30 ml,  ",,"Sleekdesign30 ml,  1oz Clear glass bottle  withreducerandshiny gold cap.For use with cologne, aftershave, splash on, and perfume or fragrance oil, beard oils.Sleek design bottle is a family of bottles available in 5ml, 8ml, 30m, 50ml and 100ml.Price each",,,
GBSlk30RdcrShnBlkTall,GBSlk30RdcrShnBlkTall,False,False,2363.0,,,1oz,"30 ml,  ",,"Sleekdesign30 ml,  1oz Clear glass bottle  withreducerandtall black shiny cap.For use with cologne, aftershave, splash on, and perfume or fragrance oil, beard oils.Sleek design bottle is a family of bottles available in 5ml, 8ml, 30m, 50ml and 100ml.Price each",,,
GBSlk30RdcrShnBlk,GBSlk30RdcrShnBlk,False,False,2364.0,,,1oz,"30 ml,  ",,"Sleekdesign30 ml,  1oz Clear glass bottle  withreducerandblack shiny cap.For use with cologne, aftershave, splash on, and perfume or fragrance oil, beard oils.Sleek design bottle is a family of bottles available in 5ml, 8ml, 30m, 50ml and 100ml.Price each",,,
GBSlk30RdcrBlkLthr,GBSlk30RdcrBlkLthr,False,True,2365.0,,$1.71,1oz,"30 ml,  ",30 ml (1.01 oz),"Sleekdesign30 ml,  1oz Clear glass bottle  withreducerandblack faux leather cap.For use with cologne, aftershave, splash on, and perfume or fragrance oil, beard oils.Sleek design bottle is a family of bottles available in 5ml, 8ml, 30m, 50ml and 100ml.Price each","Sleek design 30 ml, 1oz clear glass bottle with reducer and black faux leather cap. For use with cologne, aftershave, splash on, and perfume or fragrance oil, beard oils. Sleek design bottle is a family of bottles available in 5ml, 8ml, 30m, 50ml and 10",,False
GBSlk30RdcrBrwnLthr,GBSlk30RdcrBrwnLthr,False,False,2366.0,,,1oz,"30 ml,  ",,"Sleekdesign30 ml,  1oz Clear glass bottle  withreducerandbrown faux leather cap.For use with cologne, aftershave, splash on, and perfume or fragrance oil, beard oils.Sleek design bottle is a family of bottles available in 5ml, 8ml, 30m, 50ml and 100ml.Price each",,,
GBSlk30RdcrLBrwnLthr,GBSlk30RdcrLBrwnLthr,False,False,2367.0,,,1oz,"30 ml,  ",,"Sleekdesign30 ml,  1oz Clear glass bottle  withreducerandlight brown faux leather cap.For use with cologne, aftershave, splash on, and perfume or fragrance oil, beard oils.Sleek design bottle is a family of bottles available in 5ml, 8ml, 30m, 50ml and 100ml.Price each",,,
GBSlk30RdcrShnSl,GBSlk30RdcrShnSl,False,False,2368.0,,,1oz,"30 ml,  ",,"Sleekdesign30 ml,  1oz Clear glass bottle  withreducerandshiny silver cap.For use with cologne, aftershave, splash on, and perfume or fragrance oil, beard oils.Sleek design bottle is a family of bottles available in 5ml, 8ml, 30m, 50ml and 100ml.Price each",,,
GBSlk30RdcrMtSlTall,GBSlk30RdcrMtSlTall,False,False,2369.0,,,1oz,"30 ml,  ",,"Sleekdesign30 ml,  1oz Clear glass bottle  withreducerandtall silver matte cap.For use with cologne, aftershave, splash on, and perfume or fragrance oil, beard oils.Sleek design bottle is a family of bottles available in 5ml, 8ml, 30m, 50ml and 100ml.Price each",,,
GBSlk30RdcrMtSl,GBSlk30RdcrMtSl,False,False,2370.0,,,1oz,"30 ml,  ",,"Sleekdesign30 ml,  1oz Clear glass bottle  withreducerandsilver matte cap.For use with cologne, aftershave, splash on, and perfume or fragrance oil, beard oils.Sleek design bottle is a family of bottles available in 5ml, 8ml, 30m, 50ml and 100ml.Price each",,,
GBSlk30RdcrWht,GBSlk30RdcrWht,False,False,2371.0,,,1oz,"30 ml,  ",,"Sleekdesign30 ml,  1oz Clear glass bottle  withreducerandwhite cap.For use with cologne, aftershave, splash on, and perfume or fragrance oil, beard oils.Sleek design bottle is a family of bottles available in 5ml, 8ml, 30m, 50ml and 100ml.Price each",,,
GBSlk30SpryMtGl,GBSlk30SpryMtGl,False,False,2372.0,,,1oz,"30 ml,  ",,"Sleekdesign30 ml,  1oz Clear glass bottle  withmatte gold spray pump0.For use with cologne, Eau de Parfum, air freshner, face and body spray, or room spray.Sleek design bottle is a family of bottles available in 5ml, 8ml, 30m, 50ml and 100ml.Price each",,,
LBSlk30LtnMtGl,LBSlk30LtnMtGl,False,False,2373.0,,,1oz,"30 ml,  ",,"Sleekdesign30 ml,  1oz Clear glass bottle  withmatte gold lotion pump00.For use with lotions, moisturizer, and serums.Sleek design bottle is a family of bottles available in 5ml, 8ml, 30m, 50ml and 100ml.Price each",,,
GBSlk30SpryShnGl,GBSlk30SpryShnGl,False,False,2374.0,,,1oz,"30 ml,  ",,"Sleekdesign30 ml,  1oz Clear glass bottle  withshiny gold spray pump.For use with cologne, Eau de Parfum, air freshner, face and body spray, or room spray.Sleek design bottle is a family of bottles available in 5ml, 8ml, 30m, 50ml and 100ml.Price each",,,
LBSlk30LtnShnGl,LBSlk30LtnShnGl,False,False,1276.0,,,1oz,"30 ml,  ",,"Sleekdesign30 ml,  1oz Clear glass bottle  withshiny gold lotion pump.For use with lotions, moisturizer, and serums.Sleek design bottle is a family of bottles available in 5ml, 8ml, 30m, 50ml and 100ml.Price each",,,
GBSlk30SpryShnBlk,GBSlk30SpryShnBlk,False,False,2375.0,,,1oz,"30 ml,  ",,"Sleekdesign30 ml,  1oz Clear glass bottle  withshiny black spray pump.For use with cologne, Eau de Parfum, air freshner, face and body spray, or room spray.Sleek design bottle is a family of bottles available in 5ml, 8ml, 30m, 50ml and 100ml.Price each",,,
LBSlk30LtnShnBlk,LBSlk30LtnShnBlk,False,False,1275.0,,,1oz,"30 ml,  ",,"Sleekdesign30 ml,  1oz Clear glass bottle  withshiny black lotion pump.For use with lotions, moisturizer, and serums.Sleek design bottle is a family of bottles available in 5ml, 8ml, 30m, 50ml and 100ml.Price each",,,
GBSlk30SpryMtSl,GBSlk30SpryMtSl,False,False,2376.0,,,1oz,"30 ml,  ",,"Sleekdesign30 ml,  1oz Clear glass bottle  withmatte silver spray pump.For use with cologne, Eau de Parfum, air freshner, face and body spray, or room spray.Sleek design bottle is a family of bottles available in 5ml, 8ml, 30m, 50ml and 100ml.Price each",,,
LBSlk30LtnMtSl,LBSlk30LtnMtSl,False,False,2377.0,,,1oz,"30 ml,  ",,"Sleekdesign30 ml,  1oz Clear glass bottle  withmatte silver lotion pump.For use with lotions, moisturizer, and serums.Sleek design bottle is a family of bottles available in 5ml, 8ml, 30m, 50ml and 100ml.Price each",,,
LBSlk30LtnClOvrCap,LBSlk30LtnClOvrCap,False,True,3518.0,,$2.42,1oz,"30 ml,  ",30 ml (1.01 oz),"Sleekdesign30 ml,  1oz Clear glass bottle  withwith a matte silver collar treatment pump and clear overcap..For use with lotions, moisturizer, and serums.Sleek design bottle is a family of bottles available in 5ml, 8ml, 30m, 50ml and 100ml.Price each","Sleek design 30 ml, 1oz clear glass bottle with with a matte silver collar treatment pump and clear overcap. For use with serums, light creams, moisturizers, facial oils or face oils, beard oils, body lotions, body wash, and hair products. Sleek design bo",,False
GBSlk30SpryShnSl,GBSlk30SpryShnSl,False,False,2378.0,,,1oz,"30 ml,  ",,"Sleekdesign30 ml,  1oz Clear glass bottle  withshiny silver spray pump.For use with cologne, Eau de Parfum, air freshner, face and body spray, or room spray.Sleek design bottle is a family of bottles available in 5ml, 8ml, 30m, 50ml and 100ml.Price each",,,
LBSlk30LtnShnSl,LBSlk30LtnShnSl,False,False,1277.0,,,1oz,"30 ml,  ",,"Sleekdesign30 ml,  1oz Clear glass bottle  withshiny silver lotion pump.For use with lotions, moisturizer, and serums.Sleek design bottle is a family of bottles available in 5ml, 8ml, 30m, 50ml and 100ml.Price each",,,
GBSlk30AnSpLvn,GBSlk30AnSpLvn,False,False,2379.0,,,1oz,"30 ml,  ",,"Sleekdesign30 ml,  1oz Clear glass bottle  withlavender vintage style bulb sprayerwithshiny silver collar cap.For use with cologne, Eau de Parfum, air freshner, face and body spray, or room spray. Antique or vintage bulb sprayers enhance the beauty of your product.Sleek design bottle is a family of bottles available in 5ml, 8ml, 30m, 50ml and 100ml.Price each",,,
GBSlk30AnSpPnk,GBSlk30AnSpPnk,False,False,2380.0,,,1oz,"30 ml,  ",,"Sleekdesign30 ml,  1oz Clear glass bottle  withpink vintage style bulb sprayerwithshiny gold collar cap.For use with cologne, Eau de Parfum, air freshner, face and body spray, or room spray. Antique or vintage bulb sprayers enhance the beauty of your product.Sleek design bottle is a family of bottles available in 5ml, 8ml, 30m, 50ml and 100ml.Price each",,,
GBSlk30AnSpMtSl,GBSlk30AnSpMtSl,False,False,2381.0,,,1oz,"30 ml,  ",,"Sleekdesign30 ml,  1oz Clear glass bottle  withmatte silver vintage style sprayerwithmatte silver collar cap.For use with cologne, Eau de Parfum, air freshner, face and body spray, or room spray. Antique or vintage bulb sprayers enhance the beauty of your product.Sleek design bottle is a family of bottles available in 5ml, 8ml, 30m, 50ml and 100ml.Price each",,,
GBSlk30AnSpIvySl,GBSlk30AnSpIvySl,False,False,2382.0,,,1oz,"30 ml,  ",,"Sleekdesign30 ml,  1oz Clear glass bottle  withivory vintage style bulb sprayerwithshiny silver collar cap.For use with cologne, Eau de Parfum, air freshner, face and body spray, or room spray. Antique or vintage bulb sprayers enhance the beauty of your product.Sleek design bottle is a family of bottles available in 5ml, 8ml, 30m, 50ml and 100ml.Price each",,,
GBSlk30AnSpGl,GBSlk30AnSpGl,False,False,2383.0,,,1oz,"30 ml,  ",,"Sleekdesign30 ml,  1oz Clear glass bottle  withgold vintage style sprayerwithshiny gold collar cap.For use with cologne, Eau de Parfum, air freshner, face and body spray, or room spray. Antique or vintage bulb sprayers enhance the beauty of your product.Sleek design bottle is a family of bottles available in 5ml, 8ml, 30m, 50ml and 100ml.Price each",,,
GBSlk30AnSpIvyGl,GBSlk30AnSpIvyGl,False,False,2384.0,,,1oz,"30 ml,  ",,"Sleekdesign30 ml,  1oz Clear glass bottle  withivory vintage style bulb sprayerwithshiny gold collar cap.For use with cologne, Eau de Parfum, air freshner, face and body spray, or room spray. Antique or vintage bulb sprayers enhance the beauty of your product.Sleek design bottle is a family of bottles available in 5ml, 8ml, 30m, 50ml and 100ml.Price each",,,
GBSlk30AnSpBlk,GBSlk30AnSpBlk,False,True,2385.0,,$5.13,1oz,"30 ml,  ",30 ml (1.01 oz),"Sleekdesign30 ml,  1oz Clear glass bottle  withblack vintage style bulb sprayerwithshiny silver collar cap.For use with cologne, Eau de Parfum, air freshner, face and body spray, or room spray. Antique or vintage bulb sprayers enhance the beauty of your product.Sleek design bottle is a family of bottles available in 5ml, 8ml, 30m, 50ml and 100ml.Price each","Sleek design 30 ml, 1oz clear glass bottle with black vintage style bulb sprayer with shiny silver collar cap. For use with cologne, Eau de Parfum, air freshner, face and body spray, or room spray. Antique or vintage bulb sprayers enhance the beauty of",,False
GBSlk30AnSpWht,GBSlk30AnSpWht,False,False,2386.0,,,1oz,"30 ml,  ",,"Sleekdesign30 ml,  1oz Clear glass bottle  withwhite vintage style bulb sprayerwithshiny silver collar cap.For use with cologne, Eau de Parfum, air freshner, face and body spray, or room spray. Antique or vintage bulb sprayers enhance the beauty of your product.Sleek design bottle is a family of bottles available in 5ml, 8ml, 30m, 50ml and 100ml.Price each",,,
GBSlk30AnSpRed,GBSlk30AnSpRed,False,False,2387.0,,,1oz,"30 ml,  ",,"Sleekdesign30 ml,  1oz Clear glass bottle  withred vintage style bulb sprayerwithshiny silver collar cap.For use with cologne, Eau de Parfum, air freshner, face and body spray, or room spray. Antique or vintage bulb sprayers enhance the beauty of your product.Sleek design bottle is a family of bottles available in 5ml, 8ml, 30m, 50ml and 100ml.Price each",,,
GBSlk30DrpSl,GBSlk30DrpSl,False,False,2388.0,,,1oz,"30 ml,  ",,"Sleekdesign30 ml,  1oz Clear glass bottle  withwhite dropperwithshiny silver collar cap.For use with perfume oils, diffuser oils, serums, primers, facial oils or face oils, moisturizer, and beard oils.Sleek design bottle is a family of bottles available in 5ml, 8ml, 30m, 50ml and 100ml.Price each",,,
GBSlk30DrpCu,GBSlk30DrpCu,False,True,2389.0,,$1.62,1oz,"30 ml,  ",30 ml (1.01 oz),"Sleekdesign30 ml,  1oz Clear glass bottle  withwhite dropperwithshiny gold collar cap.For use with perfume oils, diffuser oils, serums, primers, facial oils or face oils, moisturizer, and beard oils.Sleek design bottle is a family of bottles available in 5ml, 8ml, 30m, 50ml and 100ml.Price each","Sleek design 30 ml, 1oz clear glass bottle with white dropper with shiny copper collar cap. For use with perfume oils, diffuser oils, serums, primers, facial oils or face oils, moisturizer, and beard oils.Sleek design bottle is a family of bottles avail",,False
GBSlk30DrpGl,GBSlk30DrpGl,False,False,2390.0,,,1oz,"30 ml,  ",,"Sleekdesign30 ml,  1oz Clear glass bottle  withwhite dropperwithshiny copper collar cap.For use with perfume oils, diffuser oils, serums, primers, facial oils or face oils, moisturizer, and beard oils.Sleek design bottle is a family of bottles available in 5ml, 8ml, 30m, 50ml and 100ml.Price each",,,
LBSlk30WhtRectClOverCap,LBSlk30WhtRectClOverCap,False,False,1273.0,,,1oz,"30 ml,  ",,"Sleekdesign30 ml,  1oz Clear glass bottle  withwhite rectangularwithclear over the cap.For use with lotions, moisturizer, and serums.Sleek design bottle is a family of bottles available in 5ml, 8ml, 30m, 50ml and 100ml.Price each",,,
GBSlk30RdcrPnkLthr,GBSlk30RdcrPnkLthr,False,False,1164.0,,,1oz,"30 ml,  ",,"Sleekdesign30 ml,  1oz Clear glass bottle  withreducerandpink faux leather cap.For use with cologne, aftershave, splash on, and perfume or fragrance oil, beard oils.Sleek design bottle is a family of bottles available in 5ml, 8ml, 30m, 50ml and 100ml.Price each",,,
GBSlk30RdcrIvyLthr,GBSlk30RdcrIvyLthr,False,False,1163.0,,,1oz,"30 ml,  ",,"Sleekdesign30 ml,  1oz Clear glass bottle  withreducerandivory faux leather cap.For use with cologne, aftershave, splash on, and perfume or fragrance oil, beard oils.Sleek design bottle is a family of bottles available in 5ml, 8ml, 30m, 50ml and 100ml.Price each",,,
GBSlk30SpryCu,GBSlk30SpryCu,False,True,2391.0,,$2.42,1oz,"30 ml,  ",30 ml (1.01 oz),"Sleekdesign30 ml,  1oz Clear glass bottle  withmatte copper spray pump0.For use with cologne, Eau de Parfum, air freshner, face and body spray, or room spray.Sleek design bottle is a family of bottles available in 5ml, 8ml, 30m, 50ml and 100ml.Price each","Sleek design 30 ml, 1oz clear glass bottle with matte copper spray pump. For use with cologne, Eau de Parfum, air freshner, face and body spray, or room spray. Sleek design bottle is a family of bottles available in 5ml, 8ml, 30m, 50ml and 100ml.",,False
LBSlk30LtnCu,LBSlk30LtnCu,False,False,2392.0,,,1oz,"30 ml,  ",,"Sleekdesign30 ml,  1oz Clear glass bottle  withmatte copper lotion pump0.For use with lotions, moisturizer, and serums.Sleek design bottle is a family of bottles available in 5ml, 8ml, 30m, 50ml and 100ml.Price each",,,
GBSlk50RdcrShnGl,GBSlk50RdcrShnGl,False,False,2393.0,,,1.7oz,"50 ml,  ",,"Sleekdesign50 ml,  1.7oz Clear glass bottle  withreducerandshiny gold cap.For use with cologne, aftershave, splash on, and perfume or fragrance oil, beard oils.Sleek design bottle is a family of bottles available in 5ml, 8ml, 30m, 50ml and 100ml.Price each",,,
GBSlk50RdcrShnBlkTall,GBSlk50RdcrShnBlkTall,False,False,2394.0,,,1.7oz,"50 ml,  ",,"Sleekdesign50 ml,  1.7oz Clear glass bottle  withreducerandtall black shiny cap.For use with cologne, aftershave, splash on, and perfume or fragrance oil, beard oils.Sleek design bottle is a family of bottles available in 5ml, 8ml, 30m, 50ml and 100ml.Price each",,,
GBSlk50RdcrShnBlk,GBSlk50RdcrShnBlk,False,False,2395.0,,,1.7oz,"50 ml,  ",,"Sleekdesign50 ml,  1.7oz Clear glass bottle  withreducerandblack shiny cap.For use with cologne, aftershave, splash on, and perfume or fragrance oil, beard oils.Sleek design bottle is a family of bottles available in 5ml, 8ml, 30m, 50ml and 100ml.Price each",,,
GBSlk50RdcrBlkLthr,GBSlk50RdcrBlkLthr,False,True,1156.0,,$1.85,1.7oz,"50 ml,  ",50 ml (1.69 oz),"Sleekdesign50 ml,  1.7oz Clear glass bottle  withreducerandblack faux leather cap.For use with cologne, aftershave, splash on, and perfume or fragrance oil, beard oils.Sleek design bottle is a family of bottles available in 5ml, 8ml, 30m, 50ml and 100ml.Price each","Sleek design 50 ml, 1.7oz clear glass bottle with reducer and black faux leather cap. For use with cologne, aftershave, splash on, and perfume or fragrance oil, beard oils. Sleek design bottle is a family of bottles available in 5ml, 8ml, 30m, 50ml and",,False
GBSlk50RdcrBrwnLthr,GBSlk50RdcrBrwnLthr,False,False,2396.0,,,1.7oz,"50 ml,  ",,"Sleekdesign50 ml,  1.7oz Clear glass bottle  withreducerandbrown faux leather cap.For use with cologne, aftershave, splash on, and perfume or fragrance oil, beard oils.Sleek design bottle is a family of bottles available in 5ml, 8ml, 30m, 50ml and 100ml.Price each",,,
GBSlk50RdcrLBrwnLthr,GBSlk50RdcrLBrwnLthr,False,False,2397.0,,,1.7oz,"50 ml,  ",,"Sleekdesign50 ml,  1.7oz Clear glass bottle  withreducerandlight brown faux leather cap.For use with cologne, aftershave, splash on, and perfume or fragrance oil, beard oils.Sleek design bottle is a family of bottles available in 5ml, 8ml, 30m, 50ml and 100ml.Price each",,,
GBSlk50RdcrShnSl,GBSlk50RdcrShnSl,False,False,2398.0,,,1.7oz,"50 ml,  ",,"Sleekdesign50 ml,  1.7oz Clear glass bottle  withreducerandshiny silver cap.For use with cologne, aftershave, splash on, and perfume or fragrance oil, beard oils.Sleek design bottle is a family of bottles available in 5ml, 8ml, 30m, 50ml and 100ml.Price each",,,
GBSlk50RdcrMtSlTall,GBSlk50RdcrMtSlTall,False,False,2399.0,,,1.7oz,"50 ml,  ",,"Sleekdesign50 ml,  1.7oz Clear glass bottle  withreducerandtall silver matte cap.For use with cologne, aftershave, splash on, and perfume or fragrance oil, beard oils.Sleek design bottle is a family of bottles available in 5ml, 8ml, 30m, 50ml and 100ml.Price each",,,
GBSlk50RdcrMtSl,GBSlk50RdcrMtSl,False,False,2400.0,,,1.7oz,"50 ml,  ",,"Sleekdesign50 ml,  1.7oz Clear glass bottle  withreducerandsilver matte cap.For use with cologne, aftershave, splash on, and perfume or fragrance oil, beard oils.Sleek design bottle is a family of bottles available in 5ml, 8ml, 30m, 50ml and 100ml.Price each",,,
GBSlk50RdcrWht,GBSlk50RdcrWht,False,False,2401.0,,,1.7oz,"50 ml,  ",,"Sleekdesign50 ml,  1.7oz Clear glass bottle  withreducerandwhite cap.For use with cologne, aftershave, splash on, and perfume or fragrance oil, beard oils.Sleek design bottle is a family of bottles available in 5ml, 8ml, 30m, 50ml and 100ml.Price each",,,
GBSlk50SpryMtGl,GBSlk50SpryMtGl,False,False,2402.0,,,1.7oz,"50 ml,  ",,"Sleekdesign50 ml,  1.7oz Clear glass bottle  withmatte gold spray pump0.For use with cologne, Eau de Parfum, air freshner, face and body spray, or room spray.Sleek design bottle is a family of bottles available in 5ml, 8ml, 30m, 50ml and 100ml.Price each",,,
LBSlk50LtnMtGl,LBSlk50LtnMtGl,False,False,2403.0,,,1.7oz,"50 ml,  ",,"Sleekdesign50 ml,  1.7oz Clear glass bottle  withmatte gold lotion pump0.For use with lotions, moisturizer, and serums.Sleek design bottle is a family of bottles available in 5ml, 8ml, 30m, 50ml and 100ml.Price each",,,
GBSlk50SpryShnGl,GBSlk50SpryShnGl,False,False,1246.0,,,1.7oz,"50 ml,  ",,"Sleekdesign50 ml,  1.7oz Clear glass bottle  withshiny gold spray pump.For use with cologne, Eau de Parfum, air freshner, face and body spray, or room spray.Sleek design bottle is a family of bottles available in 5ml, 8ml, 30m, 50ml and 100ml.Price each",,,
LBSlk50LtnShnGl,LBSlk50LtnShnGl,False,False,1255.0,,,1.7oz,"50 ml,  ",,"Sleekdesign50 ml,  1.7oz Clear glass bottle  withshiny gold lotion pump.For use with lotions, moisturizer, and serums.Sleek design bottle is a family of bottles available in 5ml, 8ml, 30m, 50ml and 100ml.Price each",,,
GBSlk50SpryShnBlk,GBSlk50SpryShnBlk,False,False,1245.0,,,1.7oz,"50 ml,  ",,"Sleekdesign50 ml,  1.7oz Clear glass bottle  withshiny black spray pump.For use with cologne, Eau de Parfum, air freshner, face and body spray, or room spray.Sleek design bottle is a family of bottles available in 5ml, 8ml, 30m, 50ml and 100ml.Price each",,,
LBSlk50LtnShnBlk,LBSlk50LtnShnBlk,False,False,1254.0,,,1.7oz,"50 ml,  ",,"Sleekdesign50 ml,  1.7oz Clear glass bottle  withshiny black lotion pump.For use with lotions, moisturizer, and serums.Sleek design bottle is a family of bottles available in 5ml, 8ml, 30m, 50ml and 100ml.Price each",,,
GBSlk50SpryMtSl,GBSlk50SpryMtSl,False,False,1247.0,,,1.7oz,"50 ml,  ",,"Sleekdesign50 ml,  1.7oz Clear glass bottle  withmatte silver spray pump.For use with cologne, Eau de Parfum, air freshner, face and body spray, or room spray.Sleek design bottle is a family of bottles available in 5ml, 8ml, 30m, 50ml and 100ml.Price each",,,
LBSlk50LtnMtSl,LBSlk50LtnMtSl,False,False,2404.0,,,1.7oz,"50 ml,  ",,"Sleekdesign50 ml,  1.7oz Clear glass bottle  withmatte silver lotion pump.For use with lotions, moisturizer, and serums.Sleek design bottle is a family of bottles available in 5ml, 8ml, 30m, 50ml and 100ml.Price each",,,
LBSlk50LtnClOvrCap,LBSlk50LtnClOvrCap,False,True,3147.0,,$2.57,1.7oz,"50 ml,  ",50 ml (1.69 oz),"Sleekdesign50 ml,  1.7oz Clear glass bottle  withwith a matte silver collar treatment pump and clear overcap..For use with lotions, moisturizer, and serums.Sleek design bottle is a family of bottles available in 5ml, 8ml, 30m, 50ml and 100ml.Price each","Sleek design 50 ml, 1.7oz clear glass bottle with with a matte silver collar treatment pump and clear overcap. For use with perfume or fragrance oil, essential oils, aromatic oils and aromatherapy. . Sleek design bottle is a family of bottles available",,False
GBSlk50SpryShnSl,GBSlk50SpryShnSl,False,False,1248.0,,,1.7oz,"50 ml,  ",,"Sleekdesign50 ml,  1.7oz Clear glass bottle  withshiny silver spray pump.For use with cologne, Eau de Parfum, air freshner, face and body spray, or room spray.Sleek design bottle is a family of bottles available in 5ml, 8ml, 30m, 50ml and 100ml.Price each",,,
LBSlk50LtnShnSl,LBSlk50LtnShnSl,False,False,3148.0,,,1.7oz,"50 ml,  ",,"Sleekdesign50 ml,  1.7oz Clear glass bottle  withshiny silver lotion pump.For use with lotions, moisturizer, and serums.Sleek design bottle is a family of bottles available in 5ml, 8ml, 30m, 50ml and 100ml.Price each",,,
GBSlk50AnSpLvn,GBSlk50AnSpLvn,False,False,2405.0,,,1.7oz,"50 ml,  ",,"Sleekdesign50 ml,  1.7oz Clear glass bottle  withlavender vintage style bulb sprayerwithshiny silver collar cap.For use with cologne, Eau de Parfum, air freshner, face and body spray, or room spray. Antique or vintage bulb sprayers enhance the beauty of your product.Sleek design bottle is a family of bottles available in 5ml, 8ml, 30m, 50ml and 100ml.Price each",,,
GBSlk50AnSpPnk,GBSlk50AnSpPnk,False,False,2406.0,,,1.7oz,"50 ml,  ",,"Sleekdesign50 ml,  1.7oz Clear glass bottle  withpink vintage style bulb sprayerwithshiny gold collar cap.For use with cologne, Eau de Parfum, air freshner, face and body spray, or room spray. Antique or vintage bulb sprayers enhance the beauty of your product.Sleek design bottle is a family of bottles available in 5ml, 8ml, 30m, 50ml and 100ml.Price each",,,
GBSlk50AnSpMtSl,GBSlk50AnSpMtSl,False,False,2407.0,,,1.7oz,"50 ml,  ",,"Sleekdesign50 ml,  1.7oz Clear glass bottle  withmatte silver vintage style sprayerwithmatte silver collar cap.For use with cologne, Eau de Parfum, air freshner, face and body spray, or room spray. Antique or vintage bulb sprayers enhance the beauty of your product.Sleek design bottle is a family of bottles available in 5ml, 8ml, 30m, 50ml and 100ml.Price each",,,
GBSlk50AnSpIvySl,GBSlk50AnSpIvySl,False,False,2408.0,,,1.7oz,"50 ml,  ",,"Sleekdesign50 ml,  1.7oz Clear glass bottle  withivory vintage style bulb sprayerwithshiny silver collar cap.For use with cologne, Eau de Parfum, air freshner, face and body spray, or room spray. Antique or vintage bulb sprayers enhance the beauty of your product.Sleek design bottle is a family of bottles available in 5ml, 8ml, 30m, 50ml and 100ml.Price each",,,
GBSlk50AnSpGl,GBSlk50AnSpGl,False,False,2409.0,,,1.7oz,"50 ml,  ",,"Sleekdesign50 ml,  1.7oz Clear glass bottle  withgold vintage style sprayerwithshiny gold collar cap.For use with cologne, Eau de Parfum, air freshner, face and body spray, or room spray. Antique or vintage bulb sprayers enhance the beauty of your product.Sleek design bottle is a family of bottles available in 5ml, 8ml, 30m, 50ml and 100ml.Price each",,,
GBSlk50AnSpIvyGl,GBSlk50AnSpIvyGl,False,False,2410.0,,,1.7oz,"50 ml,  ",,"Sleekdesign50 ml,  1.7oz Clear glass bottle  withivory vintage style bulb sprayerwithshiny gold collar cap.For use with cologne, Eau de Parfum, air freshner, face and body spray, or room spray. Antique or vintage bulb sprayers enhance the beauty of your product.Sleek design bottle is a family of bottles available in 5ml, 8ml, 30m, 50ml and 100ml.Price each",,,
GBSlk50AnSpBlk,GBSlk50AnSpBlk,False,True,2411.0,,$5.27,1.7oz,"50 ml,  ",50 ml (1.69 oz),"Sleekdesign50 ml,  1.7oz Clear glass bottle  withblack vintage style bulb sprayerwithshiny silver collar cap.For use with cologne, Eau de Parfum, air freshner, face and body spray, or room spray. Antique or vintage bulb sprayers enhance the beauty of your product.Sleek design bottle is a family of bottles available in 5ml, 8ml, 30m, 50ml and 100ml.Price each","Sleek design 50 ml, 1.7oz clear glass bottle with black vintage style bulb sprayer with shiny silver collar cap. For use with cologne, Eau de Parfum, air freshner, face and body spray, or room spray. Antique or vintage bulb sprayers enhance the beauty",,False
GBSlk50AnSpWht,GBSlk50AnSpWht,False,False,2412.0,,,1.7oz,"50 ml,  ",,"Sleekdesign50 ml,  1.7oz Clear glass bottle  withwhite vintage style bulb sprayerwithshiny silver collar cap.For use with cologne, Eau de Parfum, air freshner, face and body spray, or room spray. Antique or vintage bulb sprayers enhance the beauty of your product.Sleek design bottle is a family of bottles available in 5ml, 8ml, 30m, 50ml and 100ml.Price each",,,
GBSlk50AnSpRed,GBSlk50AnSpRed,False,False,2413.0,,,1.7oz,"50 ml,  ",,"Sleekdesign50 ml,  1.7oz Clear glass bottle  withred vintage style bulb sprayerwithshiny silver collar cap.For use with cologne, Eau de Parfum, air freshner, face and body spray, or room spray. Antique or vintage bulb sprayers enhance the beauty of your product.Sleek design bottle is a family of bottles available in 5ml, 8ml, 30m, 50ml and 100ml.Price each",,,
GBSlk50AnSpTslLvn,GBSlk50AnSpTslLvn,False,False,2414.0,,,1.7oz,"50 ml,  ",,"Sleekdesign50 ml,  1.7oz Clear glass bottle  withLavender vintage style bulb sprayer with Tasselandshiny silver collar cap.For use with cologne, Eau de Parfum, air freshner, face and body spray, or room spray. Antique or vintage bulb sprayers enhance the beauty of your product.Sleek design bottle is a family of bottles available in 5ml, 8ml, 30m, 50ml and 100ml.Price each",,,
GBSlk50AnSpTslIvyGl,GBSlk50AnSpTslIvyGl,False,False,2415.0,,,1.7oz,"50 ml,  ",,"Sleekdesign50 ml,  1.7oz Clear glass bottle  withIvory vintage style bulb sprayer with tasselandshiny gold collar cap.For use with cologne, Eau de Parfum, air freshner, face and body spray, or room spray. Antique or vintage bulb sprayers enhance the beauty of your product.Sleek design bottle is a family of bottles available in 5ml, 8ml, 30m, 50ml and 100ml.Price each",,,
GBSlk50AnSpTslIvySl,GBSlk50AnSpTslIvySl,False,False,2416.0,,,1.7oz,"50 ml,  ",,"Sleekdesign50 ml,  1.7oz Clear glass bottle  withIvory vintage style bulb sprayer with tasselandshiny silver collar cap.For use with cologne, Eau de Parfum, air freshner, face and body spray, or room spray. Antique or vintage bulb sprayers enhance the beauty of your product.Sleek design bottle is a family of bottles available in 5ml, 8ml, 30m, 50ml and 100ml.Price each",,,
GBSlk50AnSpTslWht,GBSlk50AnSpTslWht,False,False,2417.0,,,1.7oz,"50 ml,  ",,"Sleekdesign50 ml,  1.7oz Clear glass bottle  withWhite vintage style bulb sprayer with tasselandshiny silver collar cap.For use with cologne, Eau de Parfum, air freshner, face and body spray, or room spray. Antique or vintage bulb sprayers enhance the beauty of your product.Sleek design bottle is a family of bottles available in 5ml, 8ml, 30m, 50ml and 100ml.Price each",,,
GBSlk50AnSpTslPnk,GBSlk50AnSpTslPnk,False,False,2418.0,,,1.7oz,"50 ml,  ",,"Sleekdesign50 ml,  1.7oz Clear glass bottle  withPink vintage style bulb sprayer with tasselandshiny gold collar cap.For use with cologne, Eau de Parfum, air freshner, face and body spray, or room spray. Antique or vintage bulb sprayers enhance the beauty of your product.Sleek design bottle is a family of bottles available in 5ml, 8ml, 30m, 50ml and 100ml.Price each",,,
GBSlk50AnSpTslRed,GBSlk50AnSpTslRed,False,False,2419.0,,,1.7oz,"50 ml,  ",,"Sleekdesign50 ml,  1.7oz Clear glass bottle  withRed vintage style bulb sprayer with tasselandshiny silver collar cap.For use with cologne, Eau de Parfum, air freshner, face and body spray, or room spray. Antique or vintage bulb sprayers enhance the beauty of your product.Sleek design bottle is a family of bottles available in 5ml, 8ml, 30m, 50ml and 100ml.Price each",,,
GBSlk50AnSpTslBlk,GBSlk50AnSpTslBlk,False,True,2420.0,,$5.99,1.7oz,"50 ml,  ",50 ml (1.69 oz),"Sleekdesign50 ml,  1.7oz Clear glass bottle  withBlack vintage style bulb sprayer with tasselandshiny silver collar cap.For use with cologne, Eau de Parfum, air freshner, face and body spray, or room spray. Antique or vintage bulb sprayers enhance the beauty of your product.Sleek design bottle is a family of bottles available in 5ml, 8ml, 30m, 50ml and 100ml.Price each","Sleek design 50 ml, 1.7oz clear glass bottle with Black vintage style bulb sprayer with tasseland shiny silver collar cap. For use with cologne, Eau de Parfum, air freshner, face and body spray, or room spray. Antique or vintage bulb sprayers enhance t",,False
GBSlk50AnSpTslMtSl,GBSlk50AnSpTslMtSl,False,False,2421.0,,,1.7oz,"50 ml,  ",,"Sleekdesign50 ml,  1.7oz Clear glass bottle  withSilver vintage style bulb sprayer with tasselandmatte silver collar cap.For use with cologne, Eau de Parfum, air freshner, face and body spray, or room spray. Antique or vintage bulb sprayers enhance the beauty of your product.Sleek design bottle is a family of bottles available in 5ml, 8ml, 30m, 50ml and 100ml.Price each",,,
GBSlk50AnSpTslGl,GBSlk50AnSpTslGl,False,False,2422.0,,,1.7oz,"50 ml,  ",,"Sleekdesign50 ml,  1.7oz Clear glass bottle  withGold vintage style bulb sprayer with tasselandshiny gold collar cap.For use with cologne, Eau de Parfum, air freshner, face and body spray, or room spray. Antique or vintage bulb sprayers enhance the beauty of your product.Sleek design bottle is a family of bottles available in 5ml, 8ml, 30m, 50ml and 100ml.Price each",,,
LBSlk50WhtRectClOverCap,LBSlk50WhtRectClOverCap,False,False,1176.0,,,1.7oz,"50 ml,  ",,"Sleekdesign50 ml,  1.7oz Clear glass bottle  withwhite rectangularwithclear over the cap.For use with lotions, moisturizer, and serums.Sleek design bottle is a family of bottles available in 5ml, 8ml, 30m, 50ml and 100ml.Price each",,,
GBSlk50RdcrPnkLthr,GBSlk50RdcrPnkLthr,False,False,1158.0,,,1.7oz,"50 ml,  ",,"Sleekdesign50 ml,  1.7oz Clear glass bottle  withreducerandpink faux leather cap.For use with cologne, aftershave, splash on, and perfume or fragrance oil, beard oils.Sleek design bottle is a family of bottles available in 5ml, 8ml, 30m, 50ml and 100ml.Price each",,,
GBSlk50RdcrIvyLthr,GBSlk50RdcrIvyLthr,False,False,1157.0,,,1.7oz,"50 ml,  ",,"Sleekdesign50 ml,  1.7oz Clear glass bottle  withreducerandivory faux leather cap.For use with cologne, aftershave, splash on, and perfume or fragrance oil, beard oils.Sleek design bottle is a family of bottles available in 5ml, 8ml, 30m, 50ml and 100ml.Price each",,,
GBSlk50SpryCu,GBSlk50SpryCu,False,True,2423.0,,$2.57,1.7oz,"50 ml,  ",50 ml (1.69 oz),"Sleekdesign50 ml,  1.7oz Clear glass bottle  withmatte copper spray pump0.For use with cologne, Eau de Parfum, air freshner, face and body spray, or room spray.Sleek design bottle is a family of bottles available in 5ml, 8ml, 30m, 50ml and 100ml.Price each","Sleek design 50 ml, 1.7oz clear glass bottle with matte copper spray pump. For use with cologne, Eau de Parfum, air freshner, face and body spray, or room spray. Sleek design bottle is a family of bottles available in 5ml, 8ml, 30m, 50ml and 100ml. Pric",,False
LBSlk50LtnCu,LBSlk50LtnCu,False,False,2424.0,,,1.7oz,"50 ml,  ",,"Sleekdesign50 ml,  1.7oz Clear glass bottle  withmatte copper lotion pump0.For use with lotions, moisturizer, and serums.Sleek design bottle is a family of bottles available in 5ml, 8ml, 30m, 50ml and 100ml.Price each",,,
GBSlk100RdcrShnGl,GBSlk100RdcrShnGl,False,False,2425.0,,,3 1/2oz,"100 ml,  ",,"Sleekdesign100 ml,  3 1/2oz Clear glass bottle  withreducerandshiny gold cap.For use with cologne, aftershave, splash on, and perfume or fragrance oil, beard oils.Sleek design bottle is a family of bottles available in 5ml, 8ml, 30m, 50ml and 100ml.Price each",,,
GBSlk100RdcrShnBlkTall,GBSlk100RdcrShnBlkTall,False,False,2426.0,,,3 1/2oz,"100 ml,  ",,"Sleekdesign100 ml,  3 1/2oz Clear glass bottle  withreducerandtall black shiny cap.For use with cologne, aftershave, splash on, and perfume or fragrance oil, beard oils.Sleek design bottle is a family of bottles available in 5ml, 8ml, 30m, 50ml and 100ml.Price each",,,
GBSlk100RdcrShnBlk,GBSlk100RdcrShnBlk,False,False,2427.0,,,3 1/2oz,"100 ml,  ",,"Sleekdesign100 ml,  3 1/2oz Clear glass bottle  withreducerandblack shiny cap.For use with cologne, aftershave, splash on, and perfume or fragrance oil, beard oils.Sleek design bottle is a family of bottles available in 5ml, 8ml, 30m, 50ml and 100ml.Price each",,,
GBSlk100RdcrBlkLthr,GBSlk100RdcrBlkLthr,False,True,1159.0,,$2.19,3 1/2oz,"100 ml,  ",100 ml (3.38 oz),"Sleekdesign100 ml,  3 1/2oz Clear glass bottle  withreducerandblack faux leather cap.For use with cologne, aftershave, splash on, and perfume or fragrance oil, beard oils.Sleek design bottle is a family of bottles available in 5ml, 8ml, 30m, 50ml and 100ml.Price each","Sleek design 100 ml, 3 1/2oz clear glass bottle with reducer and black faux leather cap. For use with cologne, aftershave, splash on, and perfume or fragrance oil, beard oils. Sleek design bottle is a family of bottles available in 5ml, 8ml, 30m, 50ml a",,False
GBSlk100RdcrBrwnLthr,GBSlk100RdcrBrwnLthr,False,False,2428.0,,,3 1/2oz,"100 ml,  ",,"Sleekdesign100 ml,  3 1/2oz Clear glass bottle  withreducerandbrown faux leather cap.For use with cologne, aftershave, splash on, and perfume or fragrance oil, beard oils.Sleek design bottle is a family of bottles available in 5ml, 8ml, 30m, 50ml and 100ml.Price each",,,
GBSlk100RdcrLBrwnLthr,GBSlk100RdcrLBrwnLthr,False,False,2429.0,,,3 1/2oz,"100 ml,  ",,"Sleekdesign100 ml,  3 1/2oz Clear glass bottle  withreducerandlight brown faux leather cap.For use with cologne, aftershave, splash on, and perfume or fragrance oil, beard oils.Sleek design bottle is a family of bottles available in 5ml, 8ml, 30m, 50ml and 100ml.Price each",,,
GBSlk100RdcrShnSl,GBSlk100RdcrShnSl,False,False,2430.0,,,3 1/2oz,"100 ml,  ",,"Sleekdesign100 ml,  3 1/2oz Clear glass bottle  withreducerandshiny silver cap.For use with cologne, aftershave, splash on, and perfume or fragrance oil, beard oils.Sleek design bottle is a family of bottles available in 5ml, 8ml, 30m, 50ml and 100ml.Price each",,,
GBSlk100RdcrMtSlTall,GBSlk100RdcrMtSlTall,False,False,2431.0,,,3 1/2oz,"100 ml,  ",,"Sleekdesign100 ml,  3 1/2oz Clear glass bottle  withreducerandtall silver matte cap.For use with cologne, aftershave, splash on, and perfume or fragrance oil, beard oils.Sleek design bottle is a family of bottles available in 5ml, 8ml, 30m, 50ml and 100ml.Price each",,,
GBSlk100RdcrMtSl,GBSlk100RdcrMtSl,False,False,2432.0,,,3 1/2oz,"100 ml,  ",,"Sleekdesign100 ml,  3 1/2oz Clear glass bottle  withreducerandsilver matte cap.For use with cologne, aftershave, splash on, and perfume or fragrance oil, beard oils.Sleek design bottle is a family of bottles available in 5ml, 8ml, 30m, 50ml and 100ml.Price each",,,
GBSlk100RdcrWht,GBSlk100RdcrWht,False,False,2433.0,,,3 1/2oz,"100 ml,  ",,"Sleekdesign100 ml,  3 1/2oz Clear glass bottle  withreducerandwhite cap.For use with cologne, aftershave, splash on, and perfume or fragrance oil, beard oils.Sleek design bottle is a family of bottles available in 5ml, 8ml, 30m, 50ml and 100ml.Price each",,,
GBSlk100SpryMtGl,GBSlk100SpryMtGl,False,False,2434.0,,,3 1/2oz,"100 ml,  ",,"Sleekdesign100 ml,  3 1/2oz Clear glass bottle  withmatte gold spray pump0.For use with cologne, Eau de Parfum, air freshner, face and body spray, or room spray.Sleek design bottle is a family of bottles available in 5ml, 8ml, 30m, 50ml and 100ml.Price each",,,
LBSlk100LtnMtGl,LBSlk100LtnMtGl,False,False,2435.0,,,3 1/2oz,"100 ml,  ",,"Sleekdesign100 ml,  3 1/2oz Clear glass bottle  withmatte gold lotion pump.For use with lotions, moisturizer, and serums.Sleek design bottle is a family of bottles available in 5ml, 8ml, 30m, 50ml and 100ml.Price each",,,
GBSlk100SpryShnGl,GBSlk100SpryShnGl,False,False,1250.0,,,3 1/2oz,"100 ml,  ",,"Sleekdesign100 ml,  3 1/2oz Clear glass bottle  withshiny gold spray pump.For use with cologne, Eau de Parfum, air freshner, face and body spray, or room spray.Sleek design bottle is a family of bottles available in 5ml, 8ml, 30m, 50ml and 100ml.Price each",,,
LBSlk100LtnShnGl,LBSlk100LtnShnGl,False,False,1261.0,,,3 1/2oz,"100 ml,  ",,"Sleekdesign100 ml,  3 1/2oz Clear glass bottle  withshiny gold lotion pump0.For use with lotions, moisturizer, and serums.Sleek design bottle is a family of bottles available in 5ml, 8ml, 30m, 50ml and 100ml.Price each",,,
GBSlk100SpryShnBlk,GBSlk100SpryShnBlk,False,False,1249.0,,,3 1/2oz,"100 ml,  ",,"Sleekdesign100 ml,  3 1/2oz Clear glass bottle  withshiny black spray pump0.For use with cologne, Eau de Parfum, air freshner, face and body spray, or room spray.Sleek design bottle is a family of bottles available in 5ml, 8ml, 30m, 50ml and 100ml.Price each",,,
LBSlk100LtnShnBlk,LBSlk100LtnShnBlk,False,False,1260.0,,,3 1/2oz,"100 ml,  ",,"Sleekdesign100 ml,  3 1/2oz Clear glass bottle  withshiny black lotion pump0.For use with lotions, moisturizer, and serums.Sleek design bottle is a family of bottles available in 5ml, 8ml, 30m, 50ml and 100ml.Price each",,,
GBSlk100SpryMtSl,GBSlk100SpryMtSl,False,False,3146.0,,,3 1/2oz,"100 ml,  ",,"Sleekdesign100 ml,  3 1/2oz Clear glass bottle  withmatte silver spray pump.For use with cologne, Eau de Parfum, air freshner, face and body spray, or room spray.Sleek design bottle is a family of bottles available in 5ml, 8ml, 30m, 50ml and 100ml.Price each",,,
LBSlk100LtnMtSl,LBSlk100LtnMtSl,False,False,2436.0,,,3 1/2oz,"100 ml,  ",,"Sleekdesign100 ml,  3 1/2oz Clear glass bottle  withmatte silver lotion pump.For use with lotions, moisturizer, and serums.Sleek design bottle is a family of bottles available in 5ml, 8ml, 30m, 50ml and 100ml.Price each",,,
LBSlk100LtnClOvrCap,LBSlk100LtnClOvrCap,False,True,1263.0,,$2.90,3 1/2oz,"100 ml,  ",100 ml (3.38 oz),"Sleekdesign100 ml,  3 1/2oz Clear glass bottle  withwith a matte silver collar treatment pump and clear overcap..For use with lotions, moisturizer, and serums.Sleek design bottle is a family of bottles available in 5ml, 8ml, 30m, 50ml and 100ml.Price each","Sleek design 100 ml, 3 1/2oz clear glass bottle with with a matte silver collar treatment pump and clear overcap. For use with serums, light creams, moisturizers, facial oils or face oils, beard oils, body lotions, body wash, and hair products. Sleek desi",,False
GBSlk100SpryShnSl,GBSlk100SpryShnSl,False,False,3519.0,,,3 1/2oz,"100 ml,  ",,"Sleekdesign100 ml,  3 1/2oz Clear glass bottle  withshiny silver spray pump.For use with cologne, Eau de Parfum, air freshner, face and body spray, or room spray.Sleek design bottle is a family of bottles available in 5ml, 8ml, 30m, 50ml and 100ml.Price each",,,
LBSlk100LtnShnSl,LBSlk100LtnShnSl,False,False,1262.0,,,3 1/2oz,"100 ml,  ",,"Sleekdesign100 ml,  3 1/2oz Clear glass bottle  withshiny silver lotion pump0.For use with lotions, moisturizer, and serums.Sleek design bottle is a family of bottles available in 5ml, 8ml, 30m, 50ml and 100ml.Price each",,,
GBSlk100AnSpLvn,GBSlk100AnSpLvn,False,False,2437.0,,,3 1/2oz,"100 ml,  ",,"Sleekdesign100 ml,  3 1/2oz Clear glass bottle  withlavender vintage style bulb sprayerwithshiny silver collar cap.For use with cologne, Eau de Parfum, air freshner, face and body spray, or room spray. Antique or vintage bulb sprayers enhance the beauty of your product.Sleek design bottle is a family of bottles available in 5ml, 8ml, 30m, 50ml and 100ml.Price each",,,
GBSlk100AnSpPnk,GBSlk100AnSpPnk,False,False,2438.0,,,3 1/2oz,"100 ml,  ",,"Sleekdesign100 ml,  3 1/2oz Clear glass bottle  withpink vintage style bulb sprayerwithshiny gold collar cap.For use with cologne, Eau de Parfum, air freshner, face and body spray, or room spray. Antique or vintage bulb sprayers enhance the beauty of your product.Sleek design bottle is a family of bottles available in 5ml, 8ml, 30m, 50ml and 100ml.Price each",,,
GBSlk100AnSpMtSl,GBSlk100AnSpMtSl,False,False,2439.0,,,3 1/2oz,"100 ml,  ",,"Sleekdesign100 ml,  3 1/2oz Clear glass bottle  withmatte silver vintage style sprayerwithmatte silver collar cap.For use with cologne, Eau de Parfum, air freshner, face and body spray, or room spray. Antique or vintage bulb sprayers enhance the beauty of your product.Sleek design bottle is a family of bottles available in 5ml, 8ml, 30m, 50ml and 100ml.Price each",,,
GBSlk100AnSpIvySl,GBSlk100AnSpIvySl,False,False,2440.0,,,3 1/2oz,"100 ml,  ",,"Sleekdesign100 ml,  3 1/2oz Clear glass bottle  withivory vintage style bulb sprayerwithshiny silver collar cap.For use with cologne, Eau de Parfum, air freshner, face and body spray, or room spray. Antique or vintage bulb sprayers enhance the beauty of your product.Sleek design bottle is a family of bottles available in 5ml, 8ml, 30m, 50ml and 100ml.Price each",,,
GBSlk100AnSpGl,GBSlk100AnSpGl,False,False,2441.0,,,3 1/2oz,"100 ml,  ",,"Sleekdesign100 ml,  3 1/2oz Clear glass bottle  withgold vintage style sprayerwithshiny gold collar cap.For use with cologne, Eau de Parfum, air freshner, face and body spray, or room spray. Antique or vintage bulb sprayers enhance the beauty of your product.Sleek design bottle is a family of bottles available in 5ml, 8ml, 30m, 50ml and 100ml.Price each",,,
GBSlk100AnSpIvyGl,GBSlk100AnSpIvyGl,False,False,2442.0,,,3 1/2oz,"100 ml,  ",,"Sleekdesign100 ml,  3 1/2oz Clear glass bottle  withivory vintage style bulb sprayerwithshiny gold collar cap.For use with cologne, Eau de Parfum, air freshner, face and body spray, or room spray. Antique or vintage bulb sprayers enhance the beauty of your product.Sleek design bottle is a family of bottles available in 5ml, 8ml, 30m, 50ml and 100ml.Price each",,,
GBSlk100AnSpBlk,GBSlk100AnSpBlk,False,True,2443.0,,$5.61,3 1/2oz,"100 ml,  ",100 ml (3.38 oz),"Sleekdesign100 ml,  3 1/2oz Clear glass bottle  withblack vintage style bulb sprayerwithshiny silver collar cap.For use with cologne, Eau de Parfum, air freshner, face and body spray, or room spray. Antique or vintage bulb sprayers enhance the beauty of your product.Sleek design bottle is a family of bottles available in 5ml, 8ml, 30m, 50ml and 100ml.Price each","Sleek design 100 ml, 3 1/2oz clear glass bottle with black vintage style bulb sprayer with shiny silver collar cap. For use with cologne, Eau de Parfum, air freshner, face and body spray, or room spray. Antique or vintage bulb sprayers enhance the beau",,False
GBSlk100AnSpWht,GBSlk100AnSpWht,False,False,2444.0,,,3 1/2oz,"100 ml,  ",,"Sleekdesign100 ml,  3 1/2oz Clear glass bottle  withwhite vintage style bulb sprayerwithshiny silver collar cap.For use with cologne, Eau de Parfum, air freshner, face and body spray, or room spray. Antique or vintage bulb sprayers enhance the beauty of your product.Sleek design bottle is a family of bottles available in 5ml, 8ml, 30m, 50ml and 100ml.Price each",,,
GBSlk100AnSpRed,GBSlk100AnSpRed,False,False,2445.0,,,3 1/2oz,"100 ml,  ",,"Sleekdesign100 ml,  3 1/2oz Clear glass bottle  withred vintage style bulb sprayerwithshiny silver collar cap.For use with cologne, Eau de Parfum, air freshner, face and body spray, or room spray. Antique or vintage bulb sprayers enhance the beauty of your product.Sleek design bottle is a family of bottles available in 5ml, 8ml, 30m, 50ml and 100ml.Price each",,,
GBSlk100AnSpTslLvn,GBSlk100AnSpTslLvn,False,False,2446.0,,,3 1/2oz,"100 ml,  ",,"Sleekdesign100 ml,  3 1/2oz Clear glass bottle  withLavender vintage style bulb sprayer with Tasselandshiny silver collar cap.For use with cologne, Eau de Parfum, air freshner, face and body spray, or room spray. Antique or vintage bulb sprayers enhance the beauty of your product.Sleek design bottle is a family of bottles available in 5ml, 8ml, 30m, 50ml and 100ml.Price each",,,
GBSlk100AnSpTslIvyGl,GBSlk100AnSpTslIvyGl,False,False,2447.0,,,3 1/2oz,"100 ml,  ",,"Sleekdesign100 ml,  3 1/2oz Clear glass bottle  withIvory vintage style bulb sprayer with tasselandshiny gold collar cap.For use with cologne, Eau de Parfum, air freshner, face and body spray, or room spray. Antique or vintage bulb sprayers enhance the beauty of your product.Sleek design bottle is a family of bottles available in 5ml, 8ml, 30m, 50ml and 100ml.Price each",,,
GBSlk100AnSpTslIvySl,GBSlk100AnSpTslIvySl,False,False,2448.0,,,3 1/2oz,"100 ml,  ",,"Sleekdesign100 ml,  3 1/2oz Clear glass bottle  withIvory vintage style bulb sprayer with tasselandshiny silver collar cap.For use with cologne, Eau de Parfum, air freshner, face and body spray, or room spray. Antique or vintage bulb sprayers enhance the beauty of your product.Sleek design bottle is a family of bottles available in 5ml, 8ml, 30m, 50ml and 100ml.Price each",,,
GBSlk100AnSpTslWht,GBSlk100AnSpTslWht,False,False,2449.0,,,3 1/2oz,"100 ml,  ",,"Sleekdesign100 ml,  3 1/2oz Clear glass bottle  withWhite vintage style bulb sprayer with tasselandshiny silver collar cap.For use with cologne, Eau de Parfum, air freshner, face and body spray, or room spray. Antique or vintage bulb sprayers enhance the beauty of your product.Sleek design bottle is a family of bottles available in 5ml, 8ml, 30m, 50ml and 100ml.Price each",,,
GBSlk100AnSpTslPnk,GBSlk100AnSpTslPnk,False,False,2450.0,,,3 1/2oz,"100 ml,  ",,"Sleekdesign100 ml,  3 1/2oz Clear glass bottle  withPink vintage style bulb sprayer with tasselandshiny gold collar cap.For use with cologne, Eau de Parfum, air freshner, face and body spray, or room spray. Antique or vintage bulb sprayers enhance the beauty of your product.Sleek design bottle is a family of bottles available in 5ml, 8ml, 30m, 50ml and 100ml.Price each",,,
GBSlk100AnSpTslRed,GBSlk100AnSpTslRed,False,False,2451.0,,,3 1/2oz,"100 ml,  ",,"Sleekdesign100 ml,  3 1/2oz Clear glass bottle  withRed vintage style bulb sprayer with tasselandshiny silver collar cap.For use with cologne, Eau de Parfum, air freshner, face and body spray, or room spray. Antique or vintage bulb sprayers enhance the beauty of your product.Sleek design bottle is a family of bottles available in 5ml, 8ml, 30m, 50ml and 100ml.Price each",,,
GBSlk100AnSpTslBlk,GBSlk100AnSpTslBlk,False,True,2452.0,,$6.32,3 1/2oz,"100 ml,  ",100 ml (3.38 oz),"Sleekdesign100 ml,  3 1/2oz Clear glass bottle  withBlack vintage style bulb sprayer with tasselandshiny silver collar cap.For use with cologne, Eau de Parfum, air freshner, face and body spray, or room spray. Antique or vintage bulb sprayers enhance the beauty of your product.Sleek design bottle is a family of bottles available in 5ml, 8ml, 30m, 50ml and 100ml.Price each","Sleek design 100 ml, 3 1/2oz clear glass bottle with Black vintage style bulb sprayer with tasseland shiny silver collar cap. For use with cologne, Eau de Parfum, air freshner, face and body spray, or room spray. Antique or vintage bulb sprayers enhanc",,False
GBSlk100AnSpTslMtSl,GBSlk100AnSpTslMtSl,False,False,2453.0,,,3 1/2oz,"100 ml,  ",,"Sleekdesign100 ml,  3 1/2oz Clear glass bottle  withSilver vintage style bulb sprayer with tasselandmatte silver collar cap.For use with cologne, Eau de Parfum, air freshner, face and body spray, or room spray. Antique or vintage bulb sprayers enhance the beauty of your product.Sleek design bottle is a family of bottles available in 5ml, 8ml, 30m, 50ml and 100ml.Price each",,,
GBSlk100AnSpTslGl,GBSlk100AnSpTslGl,False,False,2454.0,,,3 1/2oz,"100 ml,  ",,"Sleekdesign100 ml,  3 1/2oz Clear glass bottle  withGold vintage style bulb sprayer with tasselandshiny gold collar cap.For use with cologne, Eau de Parfum, air freshner, face and body spray, or room spray. Antique or vintage bulb sprayers enhance the beauty of your product.Sleek design bottle is a family of bottles available in 5ml, 8ml, 30m, 50ml and 100ml.Price each",,,
LBSlk100WhtRectClOverCap,LBSlk100WhtRectClOverCap,False,False,1266.0,,,3 1/2oz,"100 ml,  ",,"Sleekdesign100 ml,  3 1/2oz Clear glass bottle  withwhite rectangularwithclear over the cap.For use with lotions, moisturizer, and serums.Sleek design bottle is a family of bottles available in 5ml, 8ml, 30m, 50ml and 100ml.Price each",,,
GBSlk100RdcrPnkLthr,GBSlk100RdcrPnkLthr,False,False,1161.0,,,3 1/2oz,"100 ml,  ",,"Sleekdesign100 ml,  3 1/2oz Clear glass bottle  withreducerandpink faux leather cap.For use with cologne, aftershave, splash on, and perfume or fragrance oil, beard oils.Sleek design bottle is a family of bottles available in 5ml, 8ml, 30m, 50ml and 100ml.Price each",,,
GBSlk100RdcrIvyLthr,GBSlk100RdcrIvyLthr,False,False,1160.0,,,3 1/2oz,"100 ml,  ",,"Sleekdesign100 ml,  3 1/2oz Clear glass bottle  withreducerandivory faux leather cap.For use with cologne, aftershave, splash on, and perfume or fragrance oil, beard oils.Sleek design bottle is a family of bottles available in 5ml, 8ml, 30m, 50ml and 100ml.Price each",,,
GBSlk100SpryCu,GBSlk100SpryCu,False,True,2455.0,,$2.90,3 1/2oz,"100 ml,  ",100 ml (3.38 oz),"Sleekdesign100 ml,  3 1/2oz Clear glass bottle  withmatte copper spray pump0.For use with cologne, Eau de Parfum, air freshner, face and body spray, or room spray.Sleek design bottle is a family of bottles available in 5ml, 8ml, 30m, 50ml and 100ml.Price each","Sleek design 100 ml, 3 1/2oz clear glass bottle with matte copper spray pump. For use with cologne, Eau de Parfum, air freshner, face and body spray, or room spray. Sleek design bottle is a family of bottles available in 5ml, 8ml, 30m, 50ml and 100ml. P",,False
LBSlk100LtnCu,LBSlk100LtnCu,False,False,2456.0,,,3 1/2oz,"100 ml,  ",,"Sleekdesign100 ml,  3 1/2oz Clear glass bottle  withmatte copper lotion pump0.For use with lotions, moisturizer, and serums.Sleek design bottle is a family of bottles available in 5ml, 8ml, 30m, 50ml and 100ml.Price each",,,
GBSlm30RdcrShnGl,GBSlm30RdcrShnGl,False,False,2457.0,,,1oz,"30 ml,  ",,"Slimdesign30 ml,  1oz Clear glass bottle  withreducerandshiny gold cap.For use with cologne, aftershave, splash on, and perfume or fragrance oil, beard oils.Slim design bottle is a family of bottles available 30ml, 50ml and 100ml.Price each",,,
GBSlm30RdcrShnBlkTall,GBSlm30RdcrShnBlkTall,False,False,2458.0,,,1oz,"30 ml,  ",,"Slimdesign30 ml,  1oz Clear glass bottle  withreducerandtall black shiny cap.For use with cologne, aftershave, splash on, and perfume or fragrance oil, beard oils.Slim design bottle is a family of bottles available 30ml, 50ml and 100ml.Price each",,,
GBSlm30RdcrShnBlk,GBSlm30RdcrShnBlk,False,False,2459.0,,,1oz,"30 ml,  ",,"Slimdesign30 ml,  1oz Clear glass bottle  withreducerandblack shiny cap.For use with cologne, aftershave, splash on, and perfume or fragrance oil, beard oils.Slim design bottle is a family of bottles available 30ml, 50ml and 100ml.Price each",,,
GBSlm30RdcrBlkLthr,GBSlm30RdcrBlkLthr,False,True,1162.0,,$1.66,1oz,"30 ml,  ",30 ml (1.01 oz),"Slimdesign30 ml,  1oz Clear glass bottle  withreducerandblack faux leather cap.For use with cologne, aftershave, splash on, and perfume or fragrance oil, beard oils.Slim design bottle is a family of bottles available 30ml, 50ml and 100ml.Price each","Slim design 30 ml, 1oz clear glass bottle with reducer and black faux leather cap. For use with cologne, aftershave, splash on, and perfume or fragrance oil, beard oils. Slim design bottle is a family of bottles available 30ml, 50ml and 100ml.",,False
GBSlm30RdcrBrwnLthr,GBSlm30RdcrBrwnLthr,False,False,2460.0,,,1oz,"30 ml,  ",,"Slimdesign30 ml,  1oz Clear glass bottle  withreducerandbrown faux leather cap.For use with cologne, aftershave, splash on, and perfume or fragrance oil, beard oils.Slim design bottle is a family of bottles available 30ml, 50ml and 100ml.Price each",,,
GBSlm30RdcrLBrwnLthr,GBSlm30RdcrLBrwnLthr,False,False,2461.0,,,1oz,"30 ml,  ",,"Slimdesign30 ml,  1oz Clear glass bottle  withreducerandlight brown faux leather cap.For use with cologne, aftershave, splash on, and perfume or fragrance oil, beard oils.Slim design bottle is a family of bottles available 30ml, 50ml and 100ml.Price each",,,
GBSlm30RdcrShnSl,GBSlm30RdcrShnSl,False,False,2462.0,,,1oz,"30 ml,  ",,"Slimdesign30 ml,  1oz Clear glass bottle  withreducerandshiny silver cap.For use with cologne, aftershave, splash on, and perfume or fragrance oil, beard oils.Slim design bottle is a family of bottles available 30ml, 50ml and 100ml.Price each",,,
GBSlm30RdcrMtSlTall,GBSlm30RdcrMtSlTall,False,False,2463.0,,,1oz,"30 ml,  ",,"Slimdesign30 ml,  1oz Clear glass bottle  withreducerandtall silver matte cap.For use with cologne, aftershave, splash on, and perfume or fragrance oil, beard oils.Slim design bottle is a family of bottles available 30ml, 50ml and 100ml.Price each",,,
GBSlm30RdcrMtSl,GBSlm30RdcrMtSl,False,False,2464.0,,,1oz,"30 ml,  ",,"Slimdesign30 ml,  1oz Clear glass bottle  withreducerandsilver matte cap.For use with cologne, aftershave, splash on, and perfume or fragrance oil, beard oils.Slim design bottle is a family of bottles available 30ml, 50ml and 100ml.Price each",,,
GBSlm30RdcrWht,GBSlm30RdcrWht,False,False,2465.0,,,1oz,"30 ml,  ",,"Slimdesign30 ml,  1oz Clear glass bottle  withreducerandwhite cap.For use with cologne, aftershave, splash on, and perfume or fragrance oil, beard oils.Slim design bottle is a family of bottles available 30ml, 50ml and 100ml.Price each",,,
GBSlm30SpryMtGl,GBSlm30SpryMtGl,False,False,2466.0,,,1oz,"30 ml,  ",,"Slimdesign30 ml,  1oz Clear glass bottle  withmatte gold spray pump0.For use with cologne, Eau de Parfum, air freshner, face and body spray, or room spray.Slim design bottle is a family of bottles available 30ml, 50ml and 100ml.Price each",,,
LBSlm30LtnMtGl,LBSlm30LtnMtGl,False,False,2467.0,,,1oz,"30 ml,  ",,"Slimdesign30 ml,  1oz Clear glass bottle  withmatte gold lotion pump0.For use with lotions, moisturizer, and serums.Slim design bottle is a family of bottles available 30ml, 50ml and 100ml.Price each",,,
GBSlm30SpryShnGl,GBSlm30SpryShnGl,False,False,1005.0,,,1oz,"30 ml,  ",,"Slimdesign30 ml,  1oz Clear glass bottle  withshiny gold spray pump0.For use with cologne, Eau de Parfum, air freshner, face and body spray, or room spray.Slim design bottle is a family of bottles available 30ml, 50ml and 100ml.Price each",,,
LBSlm30LtnShnGl,LBSlm30LtnShnGl,False,False,1279.0,,,1oz,"30 ml,  ",,"Slimdesign30 ml,  1oz Clear glass bottle  withshiny gold lotion pump0.For use with lotions, moisturizer, and serums.Slim design bottle is a family of bottles available 30ml, 50ml and 100ml.Price each",,,
GBSlm30SpryShnBlk,GBSlm30SpryShnBlk,False,False,464.0,,,1oz,"30 ml,  ",,"Slimdesign30 ml,  1oz Clear glass bottle  withshiny black spray pump0.For use with cologne, Eau de Parfum, air freshner, face and body spray, or room spray.Slim design bottle is a family of bottles available 30ml, 50ml and 100ml.Price each",,,
LBSlm30LtnShnBlk,LBSlm30LtnShnBlk,False,False,1278.0,,,1oz,"30 ml,  ",,"Slimdesign30 ml,  1oz Clear glass bottle  withshiny black lotion pump0.For use with lotions, moisturizer, and serums.Slim design bottle is a family of bottles available 30ml, 50ml and 100ml.Price each",,,
GBSlm30SpryMtSl,GBSlm30SpryMtSl,False,False,465.0,,,1oz,"30 ml,  ",,"Slimdesign30 ml,  1oz Clear glass bottle  withmatte silver spray pump0.For use with cologne, Eau de Parfum, air freshner, face and body spray, or room spray.Slim design bottle is a family of bottles available 30ml, 50ml and 100ml.Price each",,,
LBSlm30LtnMtSl,LBSlm30LtnMtSl,False,False,1280.0,,,1oz,"30 ml,  ",,"Slimdesign30 ml,  1oz Clear glass bottle  withmatte silver lotion pump0.For use with lotions, moisturizer, and serums.Slim design bottle is a family of bottles available 30ml, 50ml and 100ml.Price each",,,
LBSlm30LtnClOvrCap,LBSlm30LtnClOvrCap,False,True,1281.0,,$2.38,1oz,"30 ml,  ",30 ml (1.01 oz),"Slimdesign30 ml,  1oz Clear glass bottle  withwith a matte silver collar treatment pump and clear overcap..For use with lotions, moisturizer, and serums.Slim design bottle is a family of bottles available 30ml, 50ml and 100ml.Price each","Slim design 30 ml, 1oz clear glass bottle with with a matte silver collar treatment pump and clear overcap. For use with serums, light creams, moisturizers, facial oils or face oils, beard oils, body lotions, body wash, and hair products. Slim design bott",,False
GBSlm30SpryShnSl,GBSlm30SpryShnSl,False,False,1004.0,,,1oz,"30 ml,  ",,"Slimdesign30 ml,  1oz Clear glass bottle  withshiny silver spray pump0.For use with cologne, Eau de Parfum, air freshner, face and body spray, or room spray.Slim design bottle is a family of bottles available 30ml, 50ml and 100ml.Price each",,,
LBSlm30LtnShnSl,LBSlm30LtnShnSl,False,False,2468.0,,,1oz,"30 ml,  ",,"Slimdesign30 ml,  1oz Clear glass bottle  withshiny silver lotion pump.For use with lotions, moisturizer, and serums.Slim design bottle is a family of bottles available 30ml, 50ml and 100ml.Price each",,,
GBSlm30AnSpLvn,GBSlm30AnSpLvn,False,False,2469.0,,,1oz,"30 ml,  ",,"Slimdesign30 ml,  1oz Clear glass bottle  withlavender vintage style bulb sprayerwithshiny silver collar cap.For use with cologne, Eau de Parfum, air freshner, face and body spray, or room spray. Antique or vintage bulb sprayers enhance the beauty of your product.Slim design bottle is a family of bottles available 30ml, 50ml and 100ml.Price each",,,
GBSlm30AnSpPnk,GBSlm30AnSpPnk,False,False,2470.0,,,1oz,"30 ml,  ",,"Slimdesign30 ml,  1oz Clear glass bottle  withpink vintage style bulb sprayerwithshiny gold collar cap.For use with cologne, Eau de Parfum, air freshner, face and body spray, or room spray. Antique or vintage bulb sprayers enhance the beauty of your product.Slim design bottle is a family of bottles available 30ml, 50ml and 100ml.Price each",,,
GBSlm30AnSpMtSl,GBSlm30AnSpMtSl,False,False,2471.0,,,1oz,"30 ml,  ",,"Slimdesign30 ml,  1oz Clear glass bottle  withmatte silver vintage style sprayerwithmatte silver collar cap.For use with cologne, Eau de Parfum, air freshner, face and body spray, or room spray. Antique or vintage bulb sprayers enhance the beauty of your product.Slim design bottle is a family of bottles available 30ml, 50ml and 100ml.Price each",,,
GBSlm30AnSpIvySl,GBSlm30AnSpIvySl,False,False,2472.0,,,1oz,"30 ml,  ",,"Slimdesign30 ml,  1oz Clear glass bottle  withivory vintage style bulb sprayerwithshiny silver collar cap.For use with cologne, Eau de Parfum, air freshner, face and body spray, or room spray. Antique or vintage bulb sprayers enhance the beauty of your product.Slim design bottle is a family of bottles available 30ml, 50ml and 100ml.Price each",,,
GBSlm30AnSpGl,GBSlm30AnSpGl,False,False,2473.0,,,1oz,"30 ml,  ",,"Slimdesign30 ml,  1oz Clear glass bottle  withgold vintage style sprayerwithshiny gold collar cap.For use with cologne, Eau de Parfum, air freshner, face and body spray, or room spray. Antique or vintage bulb sprayers enhance the beauty of your product.Slim design bottle is a family of bottles available 30ml, 50ml and 100ml.Price each",,,
GBSlm30AnSpIvyGl,GBSlm30AnSpIvyGl,False,False,2474.0,,,1oz,"30 ml,  ",,"Slimdesign30 ml,  1oz Clear glass bottle  withivory vintage style bulb sprayerwithshiny gold collar cap.For use with cologne, Eau de Parfum, air freshner, face and body spray, or room spray. Antique or vintage bulb sprayers enhance the beauty of your product.Slim design bottle is a family of bottles available 30ml, 50ml and 100ml.Price each",,,
GBSlm30AnSpBlk,GBSlm30AnSpBlk,False,True,2475.0,,$5.08,1oz,"30 ml,  ",30 ml (1.01 oz),"Slimdesign30 ml,  1oz Clear glass bottle  withblack vintage style bulb sprayerwithshiny silver collar cap.For use with cologne, Eau de Parfum, air freshner, face and body spray, or room spray. Antique or vintage bulb sprayers enhance the beauty of your product.Slim design bottle is a family of bottles available 30ml, 50ml and 100ml.Price each","Slim design 30 ml, 1oz clear glass bottle with black vintage style bulb sprayer with shiny silver collar cap. For use with cologne, Eau de Parfum, air freshner, face and body spray, or room spray. Antique or vintage bulb sprayers enhance the beauty of",,False
GBSlm30AnSpWht,GBSlm30AnSpWht,False,False,2476.0,,,1oz,"30 ml,  ",,"Slimdesign30 ml,  1oz Clear glass bottle  withwhite vintage style bulb sprayerwithshiny silver collar cap.For use with cologne, Eau de Parfum, air freshner, face and body spray, or room spray. Antique or vintage bulb sprayers enhance the beauty of your product.Slim design bottle is a family of bottles available 30ml, 50ml and 100ml.Price each",,,
GBSlm30AnSpRed,GBSlm30AnSpRed,False,False,2477.0,,,1oz,"30 ml,  ",,"Slimdesign30 ml,  1oz Clear glass bottle  withred vintage style bulb sprayerwithshiny silver collar cap.For use with cologne, Eau de Parfum, air freshner, face and body spray, or room spray. Antique or vintage bulb sprayers enhance the beauty of your product.Slim design bottle is a family of bottles available 30ml, 50ml and 100ml.Price each",,,
GBSlm30DrpSl,GBSlm30DrpSl,False,False,2478.0,,,1oz,"30 ml,  ",,"Slimdesign30 ml,  1oz Clear glass bottle  withwhite dropperwithshiny silver collar cap.For use with perfume oils, diffuser oils, serums, primers, facial oils or face oils, moisturizer, and beard oils.Slim design bottle is a family of bottles available 30ml, 50ml and 100ml.Price each",,,
GBSlm30DrpGl,GBSlm30DrpGl,False,False,2479.0,,,1oz,"30 ml,  ",,"Slimdesign30 ml,  1oz Clear glass bottle  withwhite dropperwithshiny gold collar cap.For use with perfume oils, diffuser oils, serums, primers, facial oils or face oils, moisturizer, and beard oils.Slim design bottle is a family of bottles available 30ml, 50ml and 100ml.Price each",,,
GBSlm30DrpCu,GBSlm30DrpCu,False,True,2480.0,,$1.57,1oz,"30 ml,  ",30 ml (1.01 oz),"Slimdesign30 ml,  1oz Clear glass bottle  withwhite dropperwithshiny copper collar cap.For use with perfume oils, diffuser oils, serums, primers, facial oils or face oils, moisturizer, and beard oils.Slim design bottle is a family of bottles available 30ml, 50ml and 100ml.Price each","Slim design 30 ml, 1oz clear glass bottle with white dropper with shiny copper collar cap. For use with perfume oils, diffuser oils, serums, primers, facial oils or face oils, moisturizer, and beard oils.Slim design bottle is a family of bottles availab",,False
GBSlm30RdcrPnkLthr,GBSlm30RdcrPnkLthr,False,False,2481.0,,,1oz,"30 ml,  ",,"Slimdesign30 ml,  1oz Clear glass bottle  withreducerandpink faux leather cap.For use with cologne, aftershave, splash on, and perfume or fragrance oil, beard oils.Slim design bottle is a family of bottles available 30ml, 50ml and 100ml.Price each",,,
GBSlm30RdcrIvyLthr,GBSlm30RdcrIvyLthr,False,False,2482.0,,,1oz,"30 ml,  ",,"Slimdesign30 ml,  1oz Clear glass bottle  withreducerandivory faux leather cap.For use with cologne, aftershave, splash on, and perfume or fragrance oil, beard oils.Slim design bottle is a family of bottles available 30ml, 50ml and 100ml.Price each",,,
GBSlm30SpryCu,GBSlm30SpryCu,False,True,3520.0,,$2.38,1oz,"30 ml,  ",30 ml (1.01 oz),"Slimdesign30 ml,  1oz Clear glass bottle  withmatte copper spray pump0.For use with cologne, Eau de Parfum, air freshner, face and body spray, or room spray.Slim design bottle is a family of bottles available 30ml, 50ml and 100ml.Price each","Slim design 30 ml, 1oz clear glass bottle with matte copper spray pump. For use with cologne, Eau de Parfum, air freshner, face and body spray, or room spray. Slim design bottle is a family of bottles available 30ml, 50ml and 100ml.",,False
LBSlm30LtnCu,LBSlm30LtnCu,False,False,2483.0,,,1oz,"30 ml,  ",,"Slimdesign30 ml,  1oz Clear glass bottle  withmatte copper lotion pump0.For use with lotions, moisturizer, and serums.Slim design bottle is a family of bottles available 30ml, 50ml and 100ml.Price each",,,
GBSlm50RdcrShnGl,GBSlm50RdcrShnGl,False,False,2484.0,,,1.7oz,"50 ml,  ",,"Slimdesign50 ml,  1.7oz Clear glass bottle  withreducerandshiny gold cap.For use with cologne, aftershave, splash on, and perfume or fragrance oil, beard oils.Slim design bottle is a family of bottles available 30ml, 50ml and 100ml.Price each",,,
GBSlm50RdcrShnBlkTall,GBSlm50RdcrShnBlkTall,False,False,2485.0,,,1.7oz,"50 ml,  ",,"Slimdesign50 ml,  1.7oz Clear glass bottle  withreducerandtall black shiny cap.For use with cologne, aftershave, splash on, and perfume or fragrance oil, beard oils.Slim design bottle is a family of bottles available 30ml, 50ml and 100ml.Price each",,,
GBSlm50RdcrShnBlk,GBSlm50RdcrShnBlk,False,False,2486.0,,,1.7oz,"50 ml,  ",,"Slimdesign50 ml,  1.7oz Clear glass bottle  withreducerandblack shiny cap.For use with cologne, aftershave, splash on, and perfume or fragrance oil, beard oils.Slim design bottle is a family of bottles available 30ml, 50ml and 100ml.Price each",,,
GBSlm50RdcrBlkLthr,GBSlm50RdcrBlkLthr,False,True,1165.0,,$1.85,1.7oz,"50 ml,  ",50 ml (1.69 oz),"Slimdesign50 ml,  1.7oz Clear glass bottle  withreducerandblack faux leather cap.For use with cologne, aftershave, splash on, and perfume or fragrance oil, beard oils.Slim design bottle is a family of bottles available 30ml, 50ml and 100ml.Price each","Slim design 50 ml, 1.7oz clear glass bottle with reducer and black faux leather cap. For use with cologne, aftershave, splash on, and perfume or fragrance oil, beard oils. Slim design bottle is a family of bottles available 30ml, 50ml and 100ml.",,False
GBSlm50RdcrBrwnLthr,GBSlm50RdcrBrwnLthr,False,False,2487.0,,,1.7oz,"50 ml,  ",,"Slimdesign50 ml,  1.7oz Clear glass bottle  withreducerandbrown faux leather cap.For use with cologne, aftershave, splash on, and perfume or fragrance oil, beard oils.Slim design bottle is a family of bottles available 30ml, 50ml and 100ml.Price each",,,
GBSlm50RdcrLBrwnLthr,GBSlm50RdcrLBrwnLthr,False,False,2488.0,,,1.7oz,"50 ml,  ",,"Slimdesign50 ml,  1.7oz Clear glass bottle  withreducerandlight brown faux leather cap.For use with cologne, aftershave, splash on, and perfume or fragrance oil, beard oils.Slim design bottle is a family of bottles available 30ml, 50ml and 100ml.Price each",,,
GBSlm50RdcrShnSl,GBSlm50RdcrShnSl,False,False,2489.0,,,1.7oz,"50 ml,  ",,"Slimdesign50 ml,  1.7oz Clear glass bottle  withreducerandshiny silver cap.For use with cologne, aftershave, splash on, and perfume or fragrance oil, beard oils.Slim design bottle is a family of bottles available 30ml, 50ml and 100ml.Price each",,,
GBSlm50RdcrMtSlTall,GBSlm50RdcrMtSlTall,False,False,2490.0,,,1.7oz,"50 ml,  ",,"Slimdesign50 ml,  1.7oz Clear glass bottle  withreducerandtall silver matte cap.For use with cologne, aftershave, splash on, and perfume or fragrance oil, beard oils.Slim design bottle is a family of bottles available 30ml, 50ml and 100ml.Price each",,,
GBSlm50RdcrMtSl,GBSlm50RdcrMtSl,False,False,2491.0,,,1.7oz,"50 ml,  ",,"Slimdesign50 ml,  1.7oz Clear glass bottle  withreducerandsilver matte cap.For use with cologne, aftershave, splash on, and perfume or fragrance oil, beard oils.Slim design bottle is a family of bottles available 30ml, 50ml and 100ml.Price each",,,
GBSlm50RdcrWht,GBSlm50RdcrWht,False,False,2492.0,,,1.7oz,"50 ml,  ",,"Slimdesign50 ml,  1.7oz Clear glass bottle  withreducerandwhite cap.For use with cologne, aftershave, splash on, and perfume or fragrance oil, beard oils.Slim design bottle is a family of bottles available 30ml, 50ml and 100ml.Price each",,,
GBSlm50SpryMtGl,GBSlm50SpryMtGl,False,False,2493.0,,,1.7oz,"50 ml,  ",,"Slimdesign50 ml,  1.7oz Clear glass bottle  withmatte gold spray pump0.For use with cologne, Eau de Parfum, air freshner, face and body spray, or room spray.Slim design bottle is a family of bottles available 30ml, 50ml and 100ml.Price each",,,
LBSlm50LtnMtGl,LBSlm50LtnMtGl,False,False,2494.0,,,1.7oz,"50 ml,  ",,"Slimdesign50 ml,  1.7oz Clear glass bottle  withmatte gold lotion pump00.For use with lotions, moisturizer, and serums.Slim design bottle is a family of bottles available 30ml, 50ml and 100ml.Price each",,,
GBSlm50SpryShnGl,GBSlm50SpryShnGl,False,False,238.0,,,1.7oz,"50 ml,  ",,"Slimdesign50 ml,  1.7oz Clear glass bottle  withshiny gold spray pump0.For use with cologne, Eau de Parfum, air freshner, face and body spray, or room spray.Slim design bottle is a family of bottles available 30ml, 50ml and 100ml.Price each",,,
LBSlm50LtnShnGl,LBSlm50LtnShnGl,False,False,1283.0,,,1.7oz,"50 ml,  ",,"Slimdesign50 ml,  1.7oz Clear glass bottle  withshiny gold lotion pump0.For use with lotions, moisturizer, and serums.Slim design bottle is a family of bottles available 30ml, 50ml and 100ml.Price each",,,
GBSlm50SpryShnBlk,GBSlm50SpryShnBlk,False,False,402.0,,,1.7oz,"50 ml,  ",,"Slimdesign50 ml,  1.7oz Clear glass bottle  withshiny black spray pump.For use with cologne, Eau de Parfum, air freshner, face and body spray, or room spray.Slim design bottle is a family of bottles available 30ml, 50ml and 100ml.Price each",,,
LBSlm50LtnShnBlk,LBSlm50LtnShnBlk,False,False,1282.0,,,1.7oz,"50 ml,  ",,"Slimdesign50 ml,  1.7oz Clear glass bottle  withshiny black lotion pump.For use with lotions, moisturizer, and serums.Slim design bottle is a family of bottles available 30ml, 50ml and 100ml.Price each",,,
GBSlm50SpryMtSl,GBSlm50SpryMtSl,False,False,325.0,,,1.7oz,"50 ml,  ",,"Slimdesign50 ml,  1.7oz Clear glass bottle  withmatte silver spray pump.For use with cologne, Eau de Parfum, air freshner, face and body spray, or room spray.Slim design bottle is a family of bottles available 30ml, 50ml and 100ml.Price each",,,
LBSlm50LtnMtSl,LBSlm50LtnMtSl,False,False,2495.0,,,1.7oz,"50 ml,  ",,"Slimdesign50 ml,  1.7oz Clear glass bottle  withmatte silver lotion pump.For use with lotions, moisturizer, and serums.Slim design bottle is a family of bottles available 30ml, 50ml and 100ml.Price each",,,
LBSlm50LtnClOvrCap,LBSlm50LtnClOvrCap,False,True,3521.0,,$2.57,1.7oz,"50 ml,  ",50 ml (1.69 oz),"Slimdesign50 ml,  1.7oz Clear glass bottle  withwith a matte silver collar treatment pump and clear overcap.0.For use with lotions, moisturizer, and serums.Slim design bottle is a family of bottles available 30ml, 50ml and 100ml.Price each","Slim design 50 ml, 1.7oz clear glass bottle with with a matte silver collar treatment pump and clear overcap. For use with serums, light creams, moisturizers, facial oils or face oils, beard oils, body lotions, body wash, and hair products. Slim design bo",,False
GBSlm50SpryShnSl,GBSlm50SpryShnSl,False,False,239.0,,,1.7oz,"50 ml,  ",,"Slimdesign50 ml,  1.7oz Clear glass bottle  withshiny silver spray pump0.For use with cologne, Eau de Parfum, air freshner, face and body spray, or room spray.Slim design bottle is a family of bottles available 30ml, 50ml and 100ml.Price each",,,
LBSlm50LtnShnSl,LBSlm50LtnShnSl,False,False,1285.0,,,1.7oz,"50 ml,  ",,"Slimdesign50 ml,  1.7oz Clear glass bottle  withshiny silver lotion pump0.For use with lotions, moisturizer, and serums.Slim design bottle is a family of bottles available 30ml, 50ml and 100ml.Price each",,,
GBSlm50AnSpLvn,GBSlm50AnSpLvn,False,False,169.0,,,1.7oz,"50 ml,  ",,"Slimdesign50 ml,  1.7oz Clear glass bottle  withlavender vintage style bulb sprayerwithshiny silver collar cap.For use with cologne, Eau de Parfum, air freshner, face and body spray, or room spray. Antique or vintage bulb sprayers enhance the beauty of your product.Slim design bottle is a family of bottles available 30ml, 50ml and 100ml.Price each",,,
GBSlm50AnSpPnk,GBSlm50AnSpPnk,False,False,167.0,,,1.7oz,"50 ml,  ",,"Slimdesign50 ml,  1.7oz Clear glass bottle  withpink vintage style bulb sprayerwithshiny gold collar cap.For use with cologne, Eau de Parfum, air freshner, face and body spray, or room spray. Antique or vintage bulb sprayers enhance the beauty of your product.Slim design bottle is a family of bottles available 30ml, 50ml and 100ml.Price each",,,
GBSlm50AnSpMtSl,GBSlm50AnSpMtSl,False,False,2496.0,,,1.7oz,"50 ml,  ",,"Slimdesign50 ml,  1.7oz Clear glass bottle  withmatte silver vintage style sprayerwithmatte silver collar cap.For use with cologne, Eau de Parfum, air freshner, face and body spray, or room spray. Antique or vintage bulb sprayers enhance the beauty of your product.Slim design bottle is a family of bottles available 30ml, 50ml and 100ml.Price each",,,
GBSlm50AnSpIvySl,GBSlm50AnSpIvySl,False,False,3344.0,,,1.7oz,"50 ml,  ",,"Slimdesign50 ml,  1.7oz Clear glass bottle  withivory vintage style bulb sprayerwithshiny silver collar cap.For use with cologne, Eau de Parfum, air freshner, face and body spray, or room spray. Antique or vintage bulb sprayers enhance the beauty of your product.Slim design bottle is a family of bottles available 30ml, 50ml and 100ml.Price each",,,
GBSlm50AnSpGl,GBSlm50AnSpGl,False,False,168.0,,,1.7oz,"50 ml,  ",,"Slimdesign50 ml,  1.7oz Clear glass bottle  withgold vintage style sprayerwithshiny gold collar cap.For use with cologne, Eau de Parfum, air freshner, face and body spray, or room spray. Antique or vintage bulb sprayers enhance the beauty of your product.Slim design bottle is a family of bottles available 30ml, 50ml and 100ml.Price each",,,
GBSlm50AnSpIvyGl,GBSlm50AnSpIvyGl,False,False,170.0,,,1.7oz,"50 ml,  ",,"Slimdesign50 ml,  1.7oz Clear glass bottle  withivory vintage style bulb sprayerwithshiny gold collar cap.For use with cologne, Eau de Parfum, air freshner, face and body spray, or room spray. Antique or vintage bulb sprayers enhance the beauty of your product.Slim design bottle is a family of bottles available 30ml, 50ml and 100ml.Price each",,,
GBSlm50AnSpBlk,GBSlm50AnSpBlk,False,True,232.0,,$5.27,1.7oz,"50 ml,  ",50 ml (1.69 oz),"Slimdesign50 ml,  1.7oz Clear glass bottle  withblack vintage style bulb sprayerwithshiny silver collar cap.For use with cologne, Eau de Parfum, air freshner, face and body spray, or room spray. Antique or vintage bulb sprayers enhance the beauty of your product.Slim design bottle is a family of bottles available 30ml, 50ml and 100ml.Price each","Slim design 50 ml, 1.7oz clear glass bottle with black vintage style bulb sprayer with shiny silver collar cap. For use with cologne, Eau de Parfum, air freshner, face and body spray, or room spray. Antique or vintage bulb sprayers enhance the beauty o",,False
GBSlm50AnSpWht,GBSlm50AnSpWht,False,False,2497.0,,,1.7oz,"50 ml,  ",,"Slimdesign50 ml,  1.7oz Clear glass bottle  withwhite vintage style bulb sprayerwithshiny silver collar cap.For use with cologne, Eau de Parfum, air freshner, face and body spray, or room spray. Antique or vintage bulb sprayers enhance the beauty of your product.Slim design bottle is a family of bottles available 30ml, 50ml and 100ml.Price each",,,
GBSlm50AnSpRed,GBSlm50AnSpRed,False,False,1220.0,,,1.7oz,"50 ml,  ",,"Slimdesign50 ml,  1.7oz Clear glass bottle  withred vintage style bulb sprayerwithshiny silver collar cap.For use with cologne, Eau de Parfum, air freshner, face and body spray, or room spray. Antique or vintage bulb sprayers enhance the beauty of your product.Slim design bottle is a family of bottles available 30ml, 50ml and 100ml.Price each",,,
GBSlm50AnSpTslLvn,GBSlm50AnSpTslLvn,False,False,236.0,,,1.7oz,"50 ml,  ",,"Slimdesign50 ml,  1.7oz Clear glass bottle  withLavender vintage style bulb sprayer with Tasselandshiny silver collar cap.For use with cologne, Eau de Parfum, air freshner, face and body spray, or room spray. Antique or vintage bulb sprayers enhance the beauty of your product.Slim design bottle is a family of bottles available 30ml, 50ml and 100ml.Price each",,,
GBSlm50AnSpTslIvyGl,GBSlm50AnSpTslIvyGl,False,False,235.0,,,1.7oz,"50 ml,  ",,"Slimdesign50 ml,  1.7oz Clear glass bottle  withIvory vintage style bulb sprayer with tasselandshiny gold collar cap.For use with cologne, Eau de Parfum, air freshner, face and body spray, or room spray. Antique or vintage bulb sprayers enhance the beauty of your product.Slim design bottle is a family of bottles available 30ml, 50ml and 100ml.Price each",,,
GBSlm50AnSpTslIvySl,GBSlm50AnSpTslIvySl,False,False,1221.0,,,1.7oz,"50 ml,  ",,"Slimdesign50 ml,  1.7oz Clear glass bottle  withIvory vintage style bulb sprayer with tasselandshiny silver collar cap.For use with cologne, Eau de Parfum, air freshner, face and body spray, or room spray. Antique or vintage bulb sprayers enhance the beauty of your product.Slim design bottle is a family of bottles available 30ml, 50ml and 100ml.Price each",,,
GBSlm50AnSpTslWht,GBSlm50AnSpTslWht,False,False,2498.0,,,1.7oz,"50 ml,  ",,"Slimdesign50 ml,  1.7oz Clear glass bottle  withWhite vintage style bulb sprayer with tasselandshiny silver collar cap.For use with cologne, Eau de Parfum, air freshner, face and body spray, or room spray. Antique or vintage bulb sprayers enhance the beauty of your product.Slim design bottle is a family of bottles available 30ml, 50ml and 100ml.Price each",,,
GBSlm50AnSpTslPnk,GBSlm50AnSpTslPnk,False,False,237.0,,,1.7oz,"50 ml,  ",,"Slimdesign50 ml,  1.7oz Clear glass bottle  withPink vintage style bulb sprayer with tasselandshiny gold collar cap.For use with cologne, Eau de Parfum, air freshner, face and body spray, or room spray. Antique or vintage bulb sprayers enhance the beauty of your product.Slim design bottle is a family of bottles available 30ml, 50ml and 100ml.Price each",,,
GBSlm50AnSpTslRed,GBSlm50AnSpTslRed,False,False,1222.0,,,1.7oz,"50 ml,  ",,"Slimdesign50 ml,  1.7oz Clear glass bottle  withRed vintage style bulb sprayer with tasselandshiny silver collar cap.For use with cologne, Eau de Parfum, air freshner, face and body spray, or room spray. Antique or vintage bulb sprayers enhance the beauty of your product.Slim design bottle is a family of bottles available 30ml, 50ml and 100ml.Price each",,,
GBSlm50AnSpTslBlk,GBSlm50AnSpTslBlk,False,True,233.0,,$5.99,1.7oz,"50 ml,  ",50 ml (1.69 oz),"Slimdesign50 ml,  1.7oz Clear glass bottle  withBlack vintage style bulb sprayer with tasselandshiny silver collar cap.For use with cologne, Eau de Parfum, air freshner, face and body spray, or room spray. Antique or vintage bulb sprayers enhance the beauty of your product.Slim design bottle is a family of bottles available 30ml, 50ml and 100ml.Price each","Slim design 50 ml, 1.7oz clear glass bottle with Black vintage style bulb sprayer with tasseland shiny silver collar cap. For use with cologne, Eau de Parfum, air freshner, face and body spray, or room spray. Antique or vintage bulb sprayers enhance th",,False
GBSlm50AnSpTslMtSl,GBSlm50AnSpTslMtSl,False,False,2499.0,,,1.7oz,"50 ml,  ",,"Slimdesign50 ml,  1.7oz Clear glass bottle  withSilver vintage style bulb sprayer with tasselandmatte silver collar cap.For use with cologne, Eau de Parfum, air freshner, face and body spray, or room spray. Antique or vintage bulb sprayers enhance the beauty of your product.Slim design bottle is a family of bottles available 30ml, 50ml and 100ml.Price each",,,
GBSlm50AnSpTslGl,GBSlm50AnSpTslGl,False,False,234.0,,,1.7oz,"50 ml,  ",,"Slimdesign50 ml,  1.7oz Clear glass bottle  withGold vintage style bulb sprayer with tasselandshiny gold collar cap.For use with cologne, Eau de Parfum, air freshner, face and body spray, or room spray. Antique or vintage bulb sprayers enhance the beauty of your product.Slim design bottle is a family of bottles available 30ml, 50ml and 100ml.Price each",,,
GBSlm50RdcrPnkLthr,GBSlm50RdcrPnkLthr,False,False,1167.0,,,1.7oz,"50 ml,  ",,"Slimdesign50 ml,  1.7oz Clear glass bottle  withreducerandpink faux leather cap.For use with cologne, aftershave, splash on, and perfume or fragrance oil, beard oils.Slim design bottle is a family of bottles available 30ml, 50ml and 100ml.Price each",,,
GBSlm50RdcrIvyLthr,GBSlm50RdcrIvyLthr,False,False,1166.0,,,1.7oz,"50 ml,  ",,"Slimdesign50 ml,  1.7oz Clear glass bottle  withreducerandivory faux leather cap.For use with cologne, aftershave, splash on, and perfume or fragrance oil, beard oils.Slim design bottle is a family of bottles available 30ml, 50ml and 100ml.Price each",,,
GBSlm50SpryCu,GBSlm50SpryCu,False,True,2500.0,,$2.57,1.7oz,"50 ml,  ",50 ml (1.69 oz),"Slimdesign50 ml,  1.7oz Clear glass bottle  withmatte copper spray pump0.For use with cologne, Eau de Parfum, air freshner, face and body spray, or room spray.Slim design bottle is a family of bottles available 30ml, 50ml and 100ml.Price each","Slim design 50 ml, 1.7oz clear glass bottle with matte copper spray pump. For use with cologne, Eau de Parfum, air freshner, face and body spray, or room spray. Slim design bottle is a family of bottles available 30ml, 50ml and 100ml.",,False
LBSlm50LtnCu,LBSlm50LtnCu,False,False,2501.0,,,1.7oz,"50 ml,  ",,"Slimdesign50 ml,  1.7oz Clear glass bottle  withmatte copper lotion pump0.For use with lotions, moisturizer, and serums.Slim design bottle is a family of bottles available 30ml, 50ml and 100ml.Price each",,,
GBSlm100RdcrShnGl,GBSlm100RdcrShnGl,False,False,2502.0,,,3 1/2oz,"100 ml,  ",,"Slimdesign100 ml,  3 1/2oz Clear glass bottle  withreducerandshiny gold cap.For use with cologne, aftershave, splash on, and perfume or fragrance oil, beard oils.Slim design bottle is a family of bottles available 30ml, 50ml and 100ml.Price each",,,
GBSlm100RdcrShnBlkTall,GBSlm100RdcrShnBlkTall,False,False,2503.0,,,3 1/2oz,"100 ml,  ",,"Slimdesign100 ml,  3 1/2oz Clear glass bottle  withreducerandtall black shiny cap.For use with cologne, aftershave, splash on, and perfume or fragrance oil, beard oils.Slim design bottle is a family of bottles available 30ml, 50ml and 100ml.Price each",,,
GBSlm100RdcrShnBlk,GBSlm100RdcrShnBlk,False,False,2504.0,,,3 1/2oz,"100 ml,  ",,"Slimdesign100 ml,  3 1/2oz Clear glass bottle  withreducerandblack shiny cap.For use with cologne, aftershave, splash on, and perfume or fragrance oil, beard oils.Slim design bottle is a family of bottles available 30ml, 50ml and 100ml.Price each",,,
GBSlm100RdcrBlkLthr,GBSlm100RdcrBlkLthr,False,True,1168.0,,$2.19,3 1/2oz,"100 ml,  ",100 ml (3.38 oz),"Slimdesign100 ml,  3 1/2oz Clear glass bottle  withreducerandblack faux leather cap.For use with cologne, aftershave, splash on, and perfume or fragrance oil, beard oils.Slim design bottle is a family of bottles available 30ml, 50ml and 100ml.Price each","Slim design 100 ml, 3 1/2oz clear glass bottle with reducer and black faux leather cap. For use with cologne, aftershave, splash on, and perfume or fragrance oil, beard oils. Slim design bottle is a family of bottles available 30ml, 50ml and 100ml. Pric",,False
GBSlm100RdcrBrwnLthr,GBSlm100RdcrBrwnLthr,False,False,2506.0,,,3 1/2oz,"100 ml,  ",,"Slimdesign100 ml,  3 1/2oz Clear glass bottle  withreducerandbrown faux leather cap.For use with cologne, aftershave, splash on, and perfume or fragrance oil, beard oils.Slim design bottle is a family of bottles available 30ml, 50ml and 100ml.Price each",,,
GBSlm100RdcrLBrwnLthr,GBSlm100RdcrLBrwnLthr,False,False,2507.0,,,3 1/2oz,"100 ml,  ",,"Slimdesign100 ml,  3 1/2oz Clear glass bottle  withreducerandlight brown faux leather cap.For use with cologne, aftershave, splash on, and perfume or fragrance oil, beard oils.Slim design bottle is a family of bottles available 30ml, 50ml and 100ml.Price each",,,
GBSlm100RdcrShnSl,GBSlm100RdcrShnSl,False,False,2508.0,,,3 1/2oz,"100 ml,  ",,"Slimdesign100 ml,  3 1/2oz Clear glass bottle  withreducerandshiny silver cap.For use with cologne, aftershave, splash on, and perfume or fragrance oil, beard oils.Slim design bottle is a family of bottles available 30ml, 50ml and 100ml.Price each",,,
GBSlm100RdcrMtSlTall,GBSlm100RdcrMtSlTall,False,False,2509.0,,,3 1/2oz,"100 ml,  ",,"Slimdesign100 ml,  3 1/2oz Clear glass bottle  withreducerandtall silver matte cap.For use with cologne, aftershave, splash on, and perfume or fragrance oil, beard oils.Slim design bottle is a family of bottles available 30ml, 50ml and 100ml.Price each",,,
GBSlm100RdcrMtSl,GBSlm100RdcrMtSl,False,False,2510.0,,,3 1/2oz,"100 ml,  ",,"Slimdesign100 ml,  3 1/2oz Clear glass bottle  withreducerandsilver matte cap.For use with cologne, aftershave, splash on, and perfume or fragrance oil, beard oils.Slim design bottle is a family of bottles available 30ml, 50ml and 100ml.Price each",,,
GBSlm100RdcrWht,GBSlm100RdcrWht,False,False,2511.0,,,3 1/2oz,"100 ml,  ",,"Slimdesign100 ml,  3 1/2oz Clear glass bottle  withreducerandwhite cap.For use with cologne, aftershave, splash on, and perfume or fragrance oil, beard oils.Slim design bottle is a family of bottles available 30ml, 50ml and 100ml.Price each",,,
GBSlm100SpryMtGl,GBSlm100SpryMtGl,False,False,2512.0,,,3 1/2oz,"100 ml,  ",,"Slimdesign100 ml,  3 1/2oz Clear glass bottle  withmatte gold spray pump0.For use with cologne, Eau de Parfum, air freshner, face and body spray, or room spray.Slim design bottle is a family of bottles available 30ml, 50ml and 100ml.Price each",,,
LBSlm100LtnMtGl,LBSlm100LtnMtGl,False,False,2513.0,,,3 1/2oz,"100 ml,  ",,"Slimdesign100 ml,  3 1/2oz Clear glass bottle  withmatte gold lotion pump00.For use with lotions, moisturizer, and serums.Slim design bottle is a family of bottles available 30ml, 50ml and 100ml.Price each",,,
GBSlm100SpryShnGl,GBSlm100SpryShnGl,False,False,183.0,,,3 1/2oz,"100 ml,  ",,"Slimdesign100 ml,  3 1/2oz Clear glass bottle  withshiny gold spray pump0.For use with cologne, Eau de Parfum, air freshner, face and body spray, or room spray.Slim design bottle is a family of bottles available 30ml, 50ml and 100ml.Price each",,,
LBSlm100LtnShnGl,LBSlm100LtnShnGl,False,False,1178.0,,,3 1/2oz,"100 ml,  ",,"Slimdesign100 ml,  3 1/2oz Clear glass bottle  withshiny gold lotion pump.For use with lotions, moisturizer, and serums.Slim design bottle is a family of bottles available 30ml, 50ml and 100ml.Price each",,,
GBSlm100SpryShnBlk,GBSlm100SpryShnBlk,False,False,2514.0,,,3 1/2oz,"100 ml,  ",,"Slimdesign100 ml,  3 1/2oz Clear glass bottle  withshiny black spray pump.For use with cologne, Eau de Parfum, air freshner, face and body spray, or room spray.Slim design bottle is a family of bottles available 30ml, 50ml and 100ml.Price each",,,
LBSlm100LtnShnBlk,LBSlm100LtnShnBlk,False,False,1253.0,,,3 1/2oz,"100 ml,  ",,"Slimdesign100 ml,  3 1/2oz Clear glass bottle  withshiny black lotion pump.For use with lotions, moisturizer, and serums.Slim design bottle is a family of bottles available 30ml, 50ml and 100ml.Price each",,,
GBSlm100SpryMtSl,GBSlm100SpryMtSl,False,False,1106.0,,,3 1/2oz,"100 ml,  ",,"Slimdesign100 ml,  3 1/2oz Clear glass bottle  withmatte silver spray pump.For use with cologne, Eau de Parfum, air freshner, face and body spray, or room spray.Slim design bottle is a family of bottles available 30ml, 50ml and 100ml.Price each",,,
LBSlm100LtnMtSl,LBSlm100LtnMtSl,False,False,2515.0,,,3 1/2oz,"100 ml,  ",,"Slimdesign100 ml,  3 1/2oz Clear glass bottle  withmatte silver lotion pump.For use with lotions, moisturizer, and serums.Slim design bottle is a family of bottles available 30ml, 50ml and 100ml.Price each",,,
LBSlm100LtnClOvrCap,LBSlm100LtnClOvrCap,False,False,1265.0,,,3 1/2oz,"100 ml,  ",,"Slimdesign100 ml,  3 1/2oz Clear glass bottle  withwith a matte silver collar treatment pump and clear overcap.0.For use with lotions, moisturizer, and serums.Slim design bottle is a family of bottles available 30ml, 50ml and 100ml.Price each",,,
GBSlm100SpryShnSl,GBSlm100SpryShnSl,False,False,182.0,,,3 1/2oz,"100 ml,  ",,"Slimdesign100 ml,  3 1/2oz Clear glass bottle  withshiny silver spray pump0.For use with cologne, Eau de Parfum, air freshner, face and body spray, or room spray.Slim design bottle is a family of bottles available 30ml, 50ml and 100ml.Price each",,,
LBSlm100LtnShnSl,LBSlm100LtnShnSl,False,False,1177.0,,,3 1/2oz,"100 ml,  ",,"Slimdesign100 ml,  3 1/2oz Clear glass bottle  withshiny silver lotion pump0.For use with lotions, moisturizer, and serums.Slim design bottle is a family of bottles available 30ml, 50ml and 100ml.Price each",,,
GBSlm100AnSpLvn,GBSlm100AnSpLvn,False,False,246.0,,,3 1/2oz,"100 ml,  ",,"Slimdesign100 ml,  3 1/2oz Clear glass bottle  withlavender vintage style bulb sprayerwithshiny silver collar cap.For use with cologne, Eau de Parfum, air freshner, face and body spray, or room spray. Antique or vintage bulb sprayers enhance the beauty of your product.Slim design bottle is a family of bottles available 30ml, 50ml and 100ml.Price each",,,
GBSlm100AnSpPnk,GBSlm100AnSpPnk,False,False,243.0,,,3 1/2oz,"100 ml,  ",,"Slimdesign100 ml,  3 1/2oz Clear glass bottle  withpink vintage style bulb sprayerwithshiny gold collar cap.For use with cologne, Eau de Parfum, air freshner, face and body spray, or room spray. Antique or vintage bulb sprayers enhance the beauty of your product.Slim design bottle is a family of bottles available 30ml, 50ml and 100ml.Price each",,,
GBSlm100AnSpMtSl,GBSlm100AnSpMtSl,False,False,2516.0,,,3 1/2oz,"100 ml,  ",,"Slimdesign100 ml,  3 1/2oz Clear glass bottle  withmatte silver vintage style sprayerwithmatte silver collar cap.For use with cologne, Eau de Parfum, air freshner, face and body spray, or room spray. Antique or vintage bulb sprayers enhance the beauty of your product.Slim design bottle is a family of bottles available 30ml, 50ml and 100ml.Price each",,,
GBSlm100AnSpIvySl,GBSlm100AnSpIvySl,False,False,1203.0,,,3 1/2oz,"100 ml,  ",,"Slimdesign100 ml,  3 1/2oz Clear glass bottle  withivory vintage style bulb sprayerwithshiny silver collar cap.For use with cologne, Eau de Parfum, air freshner, face and body spray, or room spray. Antique or vintage bulb sprayers enhance the beauty of your product.Slim design bottle is a family of bottles available 30ml, 50ml and 100ml.Price each",,,
GBSlm100AnSpGl,GBSlm100AnSpGl,False,False,1202.0,,,3 1/2oz,"100 ml,  ",,"Slimdesign100 ml,  3 1/2oz Clear glass bottle  withgold vintage style sprayerwithshiny gold collar cap.For use with cologne, Eau de Parfum, air freshner, face and body spray, or room spray. Antique or vintage bulb sprayers enhance the beauty of your product.Slim design bottle is a family of bottles available 30ml, 50ml and 100ml.Price each",,,
GBSlm100AnSpIvyGl,GBSlm100AnSpIvyGl,False,False,245.0,,,3 1/2oz,"100 ml,  ",,"Slimdesign100 ml,  3 1/2oz Clear glass bottle  withivory vintage style bulb sprayerwithshiny gold collar cap.For use with cologne, Eau de Parfum, air freshner, face and body spray, or room spray. Antique or vintage bulb sprayers enhance the beauty of your product.Slim design bottle is a family of bottles available 30ml, 50ml and 100ml.Price each",,,
GBSlm100AnSpBlk,GBSlm100AnSpBlk,False,True,2517.0,,$5.61,3 1/2oz,"100 ml,  ",100 ml (3.38 oz),"Slimdesign100 ml,  3 1/2oz Clear glass bottle  withblack vintage style bulb sprayerwithshiny silver collar cap.For use with cologne, Eau de Parfum, air freshner, face and body spray, or room spray. Antique or vintage bulb sprayers enhance the beauty of your product.Slim design bottle is a family of bottles available 30ml, 50ml and 100ml.Price each","Slim design 100 ml, 3 1/2oz clear glass bottle with black vintage style bulb sprayer with shiny silver collar cap. For use with cologne, Eau de Parfum, air freshner, face and body spray, or room spray. Antique or vintage bulb sprayers enhance the beaut",,False
GBSlm100AnSpWht,GBSlm100AnSpWht,False,False,2518.0,,,3 1/2oz,"100 ml,  ",,"Slimdesign100 ml,  3 1/2oz Clear glass bottle  withwhite vintage style bulb sprayerwithshiny silver collar cap.For use with cologne, Eau de Parfum, air freshner, face and body spray, or room spray. Antique or vintage bulb sprayers enhance the beauty of your product.Slim design bottle is a family of bottles available 30ml, 50ml and 100ml.Price each",,,
GBSlm100AnSpRed,GBSlm100AnSpRed,False,False,1205.0,,,3 1/2oz,"100 ml,  ",,"Slimdesign100 ml,  3 1/2oz Clear glass bottle  withred vintage style bulb sprayerwithshiny silver collar cap.For use with cologne, Eau de Parfum, air freshner, face and body spray, or room spray. Antique or vintage bulb sprayers enhance the beauty of your product.Slim design bottle is a family of bottles available 30ml, 50ml and 100ml.Price each",,,
GBSlm100AnSpTslLvn,GBSlm100AnSpTslLvn,False,False,1209.0,,,3 1/2oz,"100 ml,  ",,"Slimdesign100 ml,  3 1/2oz Clear glass bottle  withLavender vintage style bulb sprayer with Tasselwithshiny silver collar cap.For use with cologne, Eau de Parfum, air freshner, face and body spray, or room spray. Antique or vintage bulb sprayers enhance the beauty of your product.Slim design bottle is a family of bottles available 30ml, 50ml and 100ml.Price each",,,
GBSlm100AnSpTslIvyGl,GBSlm100AnSpTslIvyGl,False,False,1207.0,,,3 1/2oz,"100 ml,  ",,"Slimdesign100 ml,  3 1/2oz Clear glass bottle  withIvory vintage style bulb sprayer with tasselwithshiny gold collar cap.For use with cologne, Eau de Parfum, air freshner, face and body spray, or room spray. Antique or vintage bulb sprayers enhance the beauty of your product.Slim design bottle is a family of bottles available 30ml, 50ml and 100ml.Price each",,,
GBSlm100AnSpTslIvySl,GBSlm100AnSpTslIvySl,False,False,1208.0,,,3 1/2oz,"100 ml,  ",,"Slimdesign100 ml,  3 1/2oz Clear glass bottle  withIvory vintage style bulb sprayer with tasselwithshiny silver collar cap.For use with cologne, Eau de Parfum, air freshner, face and body spray, or room spray. Antique or vintage bulb sprayers enhance the beauty of your product.Slim design bottle is a family of bottles available 30ml, 50ml and 100ml.Price each",,,
GBSlm100AnSpTslWht,GBSlm100AnSpTslWht,False,False,2519.0,,,3 1/2oz,"100 ml,  ",,"Slimdesign100 ml,  3 1/2oz Clear glass bottle  withWhite vintage style bulb sprayer with tasselwithshiny silver collar cap.For use with cologne, Eau de Parfum, air freshner, face and body spray, or room spray. Antique or vintage bulb sprayers enhance the beauty of your product.Slim design bottle is a family of bottles available 30ml, 50ml and 100ml.Price each",,,
GBSlm100AnSpTslPnk,GBSlm100AnSpTslPnk,False,False,247.0,,,3 1/2oz,"100 ml,  ",,"Slimdesign100 ml,  3 1/2oz Clear glass bottle  withPink vintage style bulb sprayer with tasselwithshiny gold collar cap.For use with cologne, Eau de Parfum, air freshner, face and body spray, or room spray. Antique or vintage bulb sprayers enhance the beauty of your product.Slim design bottle is a family of bottles available 30ml, 50ml and 100ml.Price each",,,
GBSlm100AnSpTslRed,GBSlm100AnSpTslRed,False,False,1210.0,,,3 1/2oz,"100 ml,  ",,"Slimdesign100 ml,  3 1/2oz Clear glass bottle  withRed vintage style bulb sprayer with tasselwithshiny silver collar cap.For use with cologne, Eau de Parfum, air freshner, face and body spray, or room spray. Antique or vintage bulb sprayers enhance the beauty of your product.Slim design bottle is a family of bottles available 30ml, 50ml and 100ml.Price each",,,
GBSlm100AnSpTslBlk,GBSlm100AnSpTslBlk,False,True,248.0,,$6.32,3 1/2oz,"100 ml,  ",100 ml (3.38 oz),"Slimdesign100 ml,  3 1/2oz Clear glass bottle  withBlack vintage style bulb sprayer with tasselwithshiny silver collar cap.For use with cologne, Eau de Parfum, air freshner, face and body spray, or room spray. Antique or vintage bulb sprayers enhance the beauty of your product.Slim design bottle is a family of bottles available 30ml, 50ml and 100ml.Price each","Slim design 100 ml, 3 1/2oz clear glass bottle with Black vintage style bulb sprayer with tassel with shiny silver collar cap. For use with cologne, Eau de Parfum, air freshner, face and body spray, or room spray. Antique or vintage bulb sprayers enhan",,False
GBSlm100AnSpTslMtSl,GBSlm100AnSpTslMtSl,False,False,2520.0,,,3 1/2oz,"100 ml,  ",,"Slimdesign100 ml,  3 1/2oz Clear glass bottle  withSilver vintage style bulb sprayer with tasselwithmatte silver collar cap.For use with cologne, Eau de Parfum, air freshner, face and body spray, or room spray. Antique or vintage bulb sprayers enhance the beauty of your product.Slim design bottle is a family of bottles available 30ml, 50ml and 100ml.Price each",,,
GBSlm100AnSpTslGl,GBSlm100AnSpTslGl,False,False,1206.0,,,3 1/2oz,"100 ml,  ",,"Slimdesign100 ml,  3 1/2oz Clear glass bottle  withGold vintage style bulb sprayer with tasselwithshiny gold collar cap.For use with cologne, Eau de Parfum, air freshner, face and body spray, or room spray. Antique or vintage bulb sprayers enhance the beauty of your product.Slim design bottle is a family of bottles available 30ml, 50ml and 100ml.Price each",,,
LBSlm100WhtClOvrCp,LBSlm100WhtClOvrCp,False,False,2521.0,,,3 1/2oz,"100 ml,  ",,"Slimdesign100 ml,  3 1/2oz Clear glass bottle  withwhite rectangularwithclear over the cap.For use with lotions, moisturizer, and serums.Slim design bottle is a family of bottles available 30ml, 50ml and 100ml.Price each",,,
GBSlm100RdcrPnkLthr,GBSlm100RdcrPnkLthr,False,False,1170.0,,,3 1/2oz,"100 ml,  ",,"Slimdesign100 ml,  3 1/2oz Clear glass bottle  withreducerwithpink faux leather cap.For use with cologne, aftershave, splash on, and perfume or fragrance oil, beard oils.Slim design bottle is a family of bottles available 30ml, 50ml and 100ml.Price each",,,
GBSlm100RdcrIvyLthr,GBSlm100RdcrIvyLthr,False,False,1169.0,,,3 1/2oz,"100 ml,  ",,"Slimdesign100 ml,  3 1/2oz Clear glass bottle  withreducerwithivory faux leather cap.For use with cologne, aftershave, splash on, and perfume or fragrance oil, beard oils.Slim design bottle is a family of bottles available 30ml, 50ml and 100ml.Price each",,,
GBSlm100SpryCu,GBSlm100SpryCu,False,True,2524.0,,$2.90,3 1/2oz,"100 ml,  ",100 ml (3.38 oz),"Slimdesign100 ml,  3 1/2oz Clear glass bottle  withmatte copper spray pump0.For use with cologne, Eau de Parfum, air freshner, face and body spray, or room spray.Slim design bottle is a family of bottles available 30ml, 50ml and 100ml.Price each","Slim design 100 ml, 3 1/2oz clear glass bottle with matte copper spray pump. For use with cologne, Eau de Parfum, air freshner, face and body spray, or room spray. Slim design bottle is a family of bottles available 30ml, 50ml and 100ml.",,False
LBSlm100LtnCu,LBSlm100LtnCu,False,True,2525.0,,$2.90,3 1/2oz,"100 ml,  ",100 ml (3.38 oz),"Slimdesign100 ml,  3 1/2oz Clear glass bottle  withmatte copper lotion pump0.For use with lotions, moisturizer, and serums.Slim design bottle is a family of bottles available 30ml, 50ml and 100ml.Price each","Slim design 100 ml, 3 1/2oz clear glass bottle with matte copper lotion pump. For use with serums, light creams, moisturizers, facial oils or face oils, beard oils, body lotions, body wash, and hair products. Slim design bottle is a family of bottles avai",,False
GBElg60RdcrShnGl,GBElg60RdcrShnGl,False,False,2526.0,,,2oz,"60 ml,  ",,"Elegantdesign60 ml,  2oz Clear glass bottle  withreducerandshiny gold cap.For use with cologne, aftershave, splash on, and perfume or fragrance oil, beard oils.Elegant bottle is a family of bottles available in 5ml , 15ml, 30ml, 60ml and 100ml.Price each",,,
GBElg60RdcrShnBlkTall,GBElg60RdcrShnBlkTall,False,False,205.0,,,2oz,"60 ml,  ",,"Elegantdesign60 ml,  2oz Clear glass bottle  withreducerandtall black shiny cap.For use with cologne, aftershave, splash on, and perfume or fragrance oil, beard oils.Elegant bottle is a family of bottles available in 5ml , 15ml, 30ml, 60ml and 100ml.Price each",,,
GBElg60RdcrShnBlk,GBElg60RdcrShnBlk,False,False,2527.0,,,2oz,"60 ml,  ",,"Elegantdesign60 ml,  2oz Clear glass bottle  withreducerandblack shiny cap.For use with cologne, aftershave, splash on, and perfume or fragrance oil, beard oils.Elegant bottle is a family of bottles available in 5ml , 15ml, 30ml, 60ml and 100ml.Price each",,,
GBElg60RdcrBlkLthr,GBElg60RdcrBlkLthr,False,True,1138.0,,$1.90,2oz,"60 ml,  ",60 ml (2.03 oz),"Elegantdesign60 ml,  2oz Clear glass bottle  withreducerandblack faux leather cap.For use with cologne, aftershave, splash on, and perfume or fragrance oil, beard oils.Elegant bottle is a family of bottles available in 5ml , 15ml, 30ml, 60ml and 100ml.Price each","Elegant design 60 ml, 2oz clear glass bottle with reducer and black faux leather cap. For use with cologne, aftershave, splash on, and perfume or fragrance oil, beard oils. Elegant bottle is a family of bottles available in 5ml, 15ml, 30ml, 60ml and 100",,False
GBElg60RdcrBrwnLthr,GBElg60RdcrBrwnLthr,False,False,2528.0,,,2oz,"60 ml,  ",,"Elegantdesign60 ml,  2oz Clear glass bottle  withreducerandbrown faux leather cap.For use with cologne, aftershave, splash on, and perfume or fragrance oil, beard oils.Elegant bottle is a family of bottles available in 5ml , 15ml, 30ml, 60ml and 100ml.Price each",,,
GBElg60RdcrLBrwnLthr,GBElg60RdcrLBrwnLthr,False,False,2529.0,,,2oz,"60 ml,  ",,"Elegantdesign60 ml,  2oz Clear glass bottle  withreducerandlight brown faux leather cap.For use with cologne, aftershave, splash on, and perfume or fragrance oil, beard oils.Elegant bottle is a family of bottles available in 5ml , 15ml, 30ml, 60ml and 100ml.Price each",,,
GBElg60RdcrShnSl,GBElg60RdcrShnSl,False,False,2530.0,,,2oz,"60 ml,  ",,"Elegantdesign60 ml,  2oz Clear glass bottle  withreducerandshiny silver cap.For use with cologne, aftershave, splash on, and perfume or fragrance oil, beard oils.Elegant bottle is a family of bottles available in 5ml , 15ml, 30ml, 60ml and 100ml.Price each",,,
GBElg60RdcrMtSlTall,GBElg60RdcrMtSlTall,False,False,2531.0,,,2oz,"60 ml,  ",,"Elegantdesign60 ml,  2oz Clear glass bottle  withreducerandtall silver matte cap.For use with cologne, aftershave, splash on, and perfume or fragrance oil, beard oils.Elegant bottle is a family of bottles available in 5ml , 15ml, 30ml, 60ml and 100ml.Price each",,,
GBElg60RdcrMtSl,GBElg60RdcrMtSl,False,False,2532.0,,,2oz,"60 ml,  ",,"Elegantdesign60 ml,  2oz Clear glass bottle  withreducerandsilver matte cap.For use with cologne, aftershave, splash on, and perfume or fragrance oil, beard oils.Elegant bottle is a family of bottles available in 5ml , 15ml, 30ml, 60ml and 100ml.Price each",,,
GBElg60RdcrWht,GBElg60RdcrWht,False,False,324.0,,,2oz,"60 ml,  ",,"Elegantdesign60 ml,  2oz Clear glass bottle  withreducerandwhite cap.For use with cologne, aftershave, splash on, and perfume or fragrance oil, beard oils.Elegant bottle is a family of bottles available in 5ml , 15ml, 30ml, 60ml and 100ml.Price each",,,
GBElg60SpryMtGl,GBElg60SpryMtGl,False,False,2533.0,,,2oz,"60 ml,  ",,"Elegantdesign60 ml,  2oz Clear glass bottle  withmatte gold spray pump.For use with cologne, Eau de Parfum, air freshner, face and body spray, or room spray.Elegant bottle is a family of bottles available in 5ml , 15ml, 30ml, 60ml and 100ml.Price each",,,
LBElg60LtnMtGl,LBElg60LtnMtGl,False,False,2534.0,,,2oz,"60 ml,  ",,"Elegantdesign60 ml,  2oz Clear glass bottle  withmatte gold lotion pump0.For use with lotions, moisturizer, and serums.Elegant bottle is a family of bottles available in 5ml , 15ml, 30ml, 60ml and 100ml.Price each",,,
GBElg60SpryShnGl,GBElg60SpryShnGl,False,False,177.0,,,2oz,"60 ml,  ",,"Elegantdesign60 ml,  2oz Clear glass bottle  withshiny gold spray pump.For use with cologne, Eau de Parfum, air freshner, face and body spray, or room spray.Elegant bottle is a family of bottles available in 5ml , 15ml, 30ml, 60ml and 100ml.Price each",,,
LBElg60LtnShnGl,LBElg60LtnShnGl,False,False,3522.0,,,2oz,"60 ml,  ",,"Elegantdesign60 ml,  2oz Clear glass bottle  withshiny gold lotion pump.For use with lotions, moisturizer, and serums.Elegant bottle is a family of bottles available in 5ml , 15ml, 30ml, 60ml and 100ml.Price each",,,
GBElg60SpryShnBlk,GBElg60SpryShnBlk,False,False,389.0,,,2oz,"60 ml,  ",,"Elegantdesign60 ml,  2oz Clear glass bottle  withshiny black spray pump.For use with cologne, Eau de Parfum, air freshner, face and body spray, or room spray.Elegant bottle is a family of bottles available in 5ml , 15ml, 30ml, 60ml and 100ml.Price each",,,
LBElg60LtnShnBlk,LBElg60LtnShnBlk,False,False,3523.0,,,2oz,"60 ml,  ",,"Elegantdesign60 ml,  2oz Clear glass bottle  withshiny black lotion pump.For use with lotions, moisturizer, and serums.Elegant bottle is a family of bottles available in 5ml , 15ml, 30ml, 60ml and 100ml.Price each",,,
GBElg60SpryMtSl,GBElg60SpryMtSl,False,False,3524.0,,,2oz,"60 ml,  ",,"Elegantdesign60 ml,  2oz Clear glass bottle  withmatte silver spray pump.For use with cologne, Eau de Parfum, air freshner, face and body spray, or room spray.Elegant bottle is a family of bottles available in 5ml , 15ml, 30ml, 60ml and 100ml.Price each",,,
LBElg60LtnMtSl,LBElg60LtnMtSl,False,False,2535.0,,,2oz,"60 ml,  ",,"Elegantdesign60 ml,  2oz Clear glass bottle  withmatte silver lotion pump.For use with lotions, moisturizer, and serums.Elegant bottle is a family of bottles available in 5ml , 15ml, 30ml, 60ml and 100ml.Price each",,,
LBElg60LtnClrOvrCap,LBElg60LtnClrOvrCap,False,True,3525.0,,$2.61,2oz,"60 ml,  ",60 ml (2.03 oz),"Elegantdesign60 ml,  2oz Clear glass bottle  withwith a matte silver collar treatment pump and clear overcap..For use with lotions, moisturizer, and serums.Elegant bottle is a family of bottles available in 5ml , 15ml, 30ml, 60ml and 100ml.Price each","Elegant design 60 ml, 2oz clear glass bottle with with a matte silver collar treatment pump and clear overcap. For use with serums, light creams, moisturizers, facial oils or face oils, beard oils, body lotions, body wash, and hair products. Elegant bottl",,False
GBElg60SpryShnSl,GBElg60SpryShnSl,False,False,2536.0,,,2oz,"60 ml,  ",,"Elegantdesign60 ml,  2oz Clear glass bottle  withshiny silver spray pump.For use with cologne, Eau de Parfum, air freshner, face and body spray, or room spray.Elegant bottle is a family of bottles available in 5ml , 15ml, 30ml, 60ml and 100ml.Price each",,,
LBElg60LtnShnSl,LBElg60LtnShnSl,False,False,3526.0,,,2oz,"60 ml,  ",,"Elegantdesign60 ml,  2oz Clear glass bottle  withshiny silver lotion pump.For use with lotions, moisturizer, and serums.Elegant bottle is a family of bottles available in 5ml , 15ml, 30ml, 60ml and 100ml.Price each",,,
GBElg60AnSpLvn,GBElg60AnSpLvn,False,False,2537.0,,,2oz,"60 ml,  ",,"Elegantdesign60 ml,  2oz Clear glass bottle  withlavender vintage style bulb sprayerwithshiny silver collar cap.For use with cologne, Eau de Parfum, air freshner, face and body spray, or room spray. Antique or vintage bulb sprayers enhance the beauty of your product.Elegant bottle is a family of bottles available in 5ml , 15ml, 30ml, 60ml and 100ml.Price each",,,
GBElg60AnSpPnk,GBElg60AnSpPnk,False,False,2538.0,,,2oz,"60 ml,  ",,"Elegantdesign60 ml,  2oz Clear glass bottle  withpink vintage style bulb sprayerwithshiny gold collar cap.For use with cologne, Eau de Parfum, air freshner, face and body spray, or room spray. Antique or vintage bulb sprayers enhance the beauty of your product.Elegant bottle is a family of bottles available in 5ml , 15ml, 30ml, 60ml and 100ml.Price each",,,
GBElg60AnSpMtSl,GBElg60AnSpMtSl,False,False,2539.0,,,2oz,"60 ml,  ",,"Elegantdesign60 ml,  2oz Clear glass bottle  withmatte silver vintage style sprayerwithmatte silver collar cap.For use with cologne, Eau de Parfum, air freshner, face and body spray, or room spray. Antique or vintage bulb sprayers enhance the beauty of your product.Elegant bottle is a family of bottles available in 5ml , 15ml, 30ml, 60ml and 100ml.Price each",,,
GBElg60AnSpIvySl,GBElg60AnSpIvySl,False,False,2540.0,,,2oz,"60 ml,  ",,"Elegantdesign60 ml,  2oz Clear glass bottle  withivory vintage style bulb sprayerwithshiny silver collar cap.For use with cologne, Eau de Parfum, air freshner, face and body spray, or room spray. Antique or vintage bulb sprayers enhance the beauty of your product.Elegant bottle is a family of bottles available in 5ml , 15ml, 30ml, 60ml and 100ml.Price each",,,
GBElg60AnSpGl,GBElg60AnSpGl,False,False,2541.0,,,2oz,"60 ml,  ",,"Elegantdesign60 ml,  2oz Clear glass bottle  withgold vintage style sprayerwithshiny gold collar cap.For use with cologne, Eau de Parfum, air freshner, face and body spray, or room spray. Antique or vintage bulb sprayers enhance the beauty of your product.Elegant bottle is a family of bottles available in 5ml , 15ml, 30ml, 60ml and 100ml.Price each",,,
GBElg60AnSpIvyGl,GBElg60AnSpIvyGl,False,False,2542.0,,,2oz,"60 ml,  ",,"Elegantdesign60 ml,  2oz Clear glass bottle  withivory vintage style bulb sprayerwithshiny gold collar cap.For use with cologne, Eau de Parfum, air freshner, face and body spray, or room spray. Antique or vintage bulb sprayers enhance the beauty of your product.Elegant bottle is a family of bottles available in 5ml , 15ml, 30ml, 60ml and 100ml.Price each",,,
GBElg60AnSpBlk,GBElg60AnSpBlk,False,True,2543.0,,$5.32,2oz,"60 ml,  ",60 ml (2.03 oz),"Elegantdesign60 ml,  2oz Clear glass bottle  withblack vintage style bulb sprayerwithshiny silver collar cap.For use with cologne, Eau de Parfum, air freshner, face and body spray, or room spray. Antique or vintage bulb sprayers enhance the beauty of your product.Elegant bottle is a family of bottles available in 5ml , 15ml, 30ml, 60ml and 100ml.Price each","Elegant design 60 ml, 2oz clear glass bottle with black vintage style bulb sprayer with shiny silver collar cap. For use with cologne, Eau de Parfum, air freshner, face and body spray, or room spray. Antique or vintage bulb sprayers enhance the beauty",,False
GBElg60AnSpWht,GBElg60AnSpWht,False,False,2544.0,,,2oz,"60 ml,  ",,"Elegantdesign60 ml,  2oz Clear glass bottle  withwhite vintage style bulb sprayerwithshiny silver collar cap.For use with cologne, Eau de Parfum, air freshner, face and body spray, or room spray. Antique or vintage bulb sprayers enhance the beauty of your product.Elegant bottle is a family of bottles available in 5ml , 15ml, 30ml, 60ml and 100ml.Price each",,,
GBElg60AnSpRed,GBElg60AnSpRed,False,False,2545.0,,,2oz,"60 ml,  ",,"Elegantdesign60 ml,  2oz Clear glass bottle  withred vintage style bulb sprayerwithshiny silver collar cap.For use with cologne, Eau de Parfum, air freshner, face and body spray, or room spray. Antique or vintage bulb sprayers enhance the beauty of your product.Elegant bottle is a family of bottles available in 5ml , 15ml, 30ml, 60ml and 100ml.Price each",,,
GBElg60AnSpTslLvn,GBElg60AnSpTslLvn,False,False,2546.0,,,2oz,"60 ml,  ",,"Elegantdesign60 ml,  2oz Clear glass bottle  withLavender vintage style bulb sprayer with Tasselwithshiny silver collar cap.For use with cologne, Eau de Parfum, air freshner, face and body spray, or room spray. Antique or vintage bulb sprayers enhance the beauty of your product.Elegant bottle is a family of bottles available in 5ml , 15ml, 30ml, 60ml and 100ml.Price each",,,
GBElg60AnSpTslIvyGl,GBElg60AnSpTslIvyGl,False,False,2547.0,,,2oz,"60 ml,  ",,"Elegantdesign60 ml,  2oz Clear glass bottle  withIvory vintage style bulb sprayer with tasselwithshiny gold collar cap.For use with cologne, Eau de Parfum, air freshner, face and body spray, or room spray. Antique or vintage bulb sprayers enhance the beauty of your product.Elegant bottle is a family of bottles available in 5ml , 15ml, 30ml, 60ml and 100ml.Price each",,,
GBElg60AnSpTslIvySl,GBElg60AnSpTslIvySl,False,False,2548.0,,,2oz,"60 ml,  ",,"Elegantdesign60 ml,  2oz Clear glass bottle  withIvory vintage style bulb sprayer with tasselwithshiny silver collar cap.For use with cologne, Eau de Parfum, air freshner, face and body spray, or room spray. Antique or vintage bulb sprayers enhance the beauty of your product.Elegant bottle is a family of bottles available in 5ml , 15ml, 30ml, 60ml and 100ml.Price each",,,
GBElg60AnSpTslWht,GBElg60AnSpTslWht,False,False,2549.0,,,2oz,"60 ml,  ",,"Elegantdesign60 ml,  2oz Clear glass bottle  withWhite vintage style bulb sprayer with tasselwithshiny silver collar cap.For use with cologne, Eau de Parfum, air freshner, face and body spray, or room spray. Antique or vintage bulb sprayers enhance the beauty of your product.Elegant bottle is a family of bottles available in 5ml , 15ml, 30ml, 60ml and 100ml.Price each",,,
GBElg60AnSpTslPnk,GBElg60AnSpTslPnk,False,False,2550.0,,,2oz,"60 ml,  ",,"Elegantdesign60 ml,  2oz Clear glass bottle  withPink vintage style bulb sprayer with tasselwithshiny gold collar cap.For use with cologne, Eau de Parfum, air freshner, face and body spray, or room spray. Antique or vintage bulb sprayers enhance the beauty of your product.Elegant bottle is a family of bottles available in 5ml , 15ml, 30ml, 60ml and 100ml.Price each",,,
GBElg60AnSpTslRed,GBElg60AnSpTslRed,False,False,2551.0,,,2oz,"60 ml,  ",,"Elegantdesign60 ml,  2oz Clear glass bottle  withRed vintage style bulb sprayer with tasselwithshiny silver collar cap.For use with cologne, Eau de Parfum, air freshner, face and body spray, or room spray. Antique or vintage bulb sprayers enhance the beauty of your product.Elegant bottle is a family of bottles available in 5ml , 15ml, 30ml, 60ml and 100ml.Price each",,,
GBElg60AnSpTslBlk,GBElg60AnSpTslBlk,False,True,2552.0,,$6.03,2oz,"60 ml,  ",60 ml (2.03 oz),"Elegantdesign60 ml,  2oz Clear glass bottle  withBlack vintage style bulb sprayer with tasselwithshiny silver collar cap.For use with cologne, Eau de Parfum, air freshner, face and body spray, or room spray. Antique or vintage bulb sprayers enhance the beauty of your product.Elegant bottle is a family of bottles available in 5ml , 15ml, 30ml, 60ml and 100ml.Price each","Elegant design 60 ml, 2oz clear glass bottle with Black vintage style bulb sprayer with tassel with shiny silver collar cap. For use with cologne, Eau de Parfum, air freshner, face and body spray, or room spray. Antique or vintage bulb sprayers enhance",,False
GBElg60AnSpTslMtSl,GBElg60AnSpTslMtSl,False,False,2553.0,,,2oz,"60 ml,  ",,"Elegantdesign60 ml,  2oz Clear glass bottle  withSilver vintage style bulb sprayer with tasselwithmatte silver collar cap.For use with cologne, Eau de Parfum, air freshner, face and body spray, or room spray. Antique or vintage bulb sprayers enhance the beauty of your product.Elegant bottle is a family of bottles available in 5ml , 15ml, 30ml, 60ml and 100ml.Price each",,,
GBElg60AnSpTslGl,GBElg60AnSpTslGl,False,False,2554.0,,,2oz,"60 ml,  ",,"Elegantdesign60 ml,  2oz Clear glass bottle  withGold vintage style bulb sprayer with tasselwithshiny gold collar cap.For use with cologne, Eau de Parfum, air freshner, face and body spray, or room spray. Antique or vintage bulb sprayers enhance the beauty of your product.Elegant bottle is a family of bottles available in 5ml , 15ml, 30ml, 60ml and 100ml.Price each",,,
GBElg60DrpSl,GBElg60DrpSl,False,False,2555.0,,,2oz,"60 ml,  ",,"Elegantdesign60 ml,  2oz Clear glass bottle  withwhite dropperwithshiny silver collar cap.For use with perfume oils, diffuser oils, serums, primers, facial oils or face oils, moisturizer, and beard oils.Elegant bottle is a family of bottles available in 5ml , 15ml, 30ml, 60ml and 100ml.Price each",,,
GBElg60DrpGl,GBElg60DrpGl,False,False,2556.0,,,2oz,"60 ml,  ",,"Elegantdesign60 ml,  2oz Clear glass bottle  withwhite dropperwithshiny gold collar cap.For use with perfume oils, diffuser oils, serums, primers, facial oils or face oils, moisturizer, and beard oils.Elegant bottle is a family of bottles available in 5ml , 15ml, 30ml, 60ml and 100ml.Price each",,,
GBElg60DrpCu,GBElg60DrpCu,False,True,2557.0,,$1.81,2oz,"60 ml,  ",60 ml (2.03 oz),"Elegantdesign60 ml,  2oz Clear glass bottle  withwhite dropperwithshiny copper collar cap.For use with perfume oils, diffuser oils, serums, primers, facial oils or face oils, moisturizer, and beard oils.Elegant bottle is a family of bottles available in 5ml , 15ml, 30ml, 60ml and 100ml.Price each","Elegant design 60 ml, 2oz clear glass bottle with white dropper with shiny copper collar cap. For use with perfume oils, diffuser oils, serums, primers, facial oils or face oils, moisturizer, and beard oils. Elegant bottle is a family of bottles availab",,False
LBElg60WhtClOvrCp,LBElg60WhtClOvrCp,False,False,2558.0,,,2oz,"60 ml,  ",,"Elegantdesign60 ml,  2oz Clear glass bottle  withwhite rectangularwithclear over the cap.For use with lotions, moisturizer, and serums.Elegant bottle is a family of bottles available in 5ml , 15ml, 30ml, 60ml and 100ml.Price each",,,
GBElg60RdcrPnkLthr,GBElg60RdcrPnkLthr,False,False,1140.0,,,2oz,"60 ml,  ",,"Elegantdesign60 ml,  2oz Clear glass bottle  withreducerandpink faux leather cap.For use with cologne, aftershave, splash on, and perfume or fragrance oil, beard oils.Elegant bottle is a family of bottles available in 5ml , 15ml, 30ml, 60ml and 100ml.Price each",,,
GBElg60RdcrIvyLthr,GBElg60RdcrIvyLthr,False,False,1139.0,,,2oz,"60 ml,  ",,"Elegantdesign60 ml,  2oz Clear glass bottle  withreducerandivory faux leather cap.For use with cologne, aftershave, splash on, and perfume or fragrance oil, beard oils.Elegant bottle is a family of bottles available in 5ml , 15ml, 30ml, 60ml and 100ml.Price each",,,
GBElg60SpryCu,GBElg60SpryCu,False,True,2559.0,,$2.61,2oz,"60 ml,  ",60 ml (2.03 oz),"Elegantdesign60 ml,  2oz Clear glass bottle  withmatte copper spray pump00.For use with cologne, Eau de Parfum, air freshner, face and body spray, or room spray.Elegant bottle is a family of bottles available in 5ml , 15ml, 30ml, 60ml and 100ml.Price each","Elegant design 60 ml, 2oz clear glass bottle with matte copper spray pump. For use with cologne, Eau de Parfum, air freshner, face and body spray, or room spray. Elegant bottle is a family of bottles available in 5ml, 15ml, 30ml, 60ml and 100ml.",,False
LBElg60LtnCu,LBElg60LtnCu,False,False,2560.0,,,2oz,"60 ml,  ",,"Elegantdesign60 ml,  2oz Clear glass bottle  withmatte copper lotion pump0.For use with lotions, moisturizer, and serums.Elegant bottle is a family of bottles available in 5ml , 15ml, 30ml, 60ml and 100ml.Price each",,,
GBElg100RdcrShnGl,GBElg100RdcrShnGl,False,False,2561.0,,,3 1/2oz,"100 ml,  ",,"Elegantdesign100 ml,  3 1/2oz Clear glass bottle  withreducerandshiny gold cap.For use with cologne, aftershave, splash on, and perfume or fragrance oil, beard oils.Elegant bottle is a family of bottles available in 5ml , 15ml, 30ml, 60ml and 100ml.Price each",,,
GBElg100RdcrShnBlkTall,GBElg100RdcrShnBlkTall,False,False,2562.0,,,3 1/2oz,"100 ml,  ",,"Elegantdesign100 ml,  3 1/2oz Clear glass bottle  withreducerandtall black shiny cap.For use with cologne, aftershave, splash on, and perfume or fragrance oil, beard oils.Elegant bottle is a family of bottles available in 5ml , 15ml, 30ml, 60ml and 100ml.Price each",,,
GBElg100RdcrShnBlk,GBElg100RdcrShnBlk,False,False,2563.0,,,3 1/2oz,"100 ml,  ",,"Elegantdesign100 ml,  3 1/2oz Clear glass bottle  withreducerandblack shiny cap.For use with cologne, aftershave, splash on, and perfume or fragrance oil, beard oils.Elegant bottle is a family of bottles available in 5ml , 15ml, 30ml, 60ml and 100ml.Price each",,,
GBElg100RdcrBlkLthr,GBElg100RdcrBlkLthr,False,True,2564.0,,$2.42,3 1/2oz,"100 ml,  ",100 ml (3.38 oz),"Elegantdesign100 ml,  3 1/2oz Clear glass bottle  withreducerandblack faux leather cap.For use with cologne, aftershave, splash on, and perfume or fragrance oil, beard oils.Elegant bottle is a family of bottles available in 5ml , 15ml, 30ml, 60ml and 100ml.Price each","Elegant design 100 ml, 3 1/2oz clear glass bottle with reducer and black faux leather cap. For use with cologne, aftershave, splash on, and perfume or fragrance oil, beard oils. Elegant bottle is a family of bottles available in 5ml, 15ml, 30ml, 60ml an",,False
GBElg100RdcrBrwnLthr,GBElg100RdcrBrwnLthr,False,False,3438.0,,,3 1/2oz,"100 ml,  ",,"Elegantdesign100 ml,  3 1/2oz Clear glass bottle  withreducerandbrown faux leather cap.For use with cologne, aftershave, splash on, and perfume or fragrance oil, beard oils.Elegant bottle is a family of bottles available in 5ml , 15ml, 30ml, 60ml and 100ml.Price each",,,
GBElg100RdcrLBrwnLthr,GBElg100RdcrLBrwnLthr,False,False,2565.0,,,3 1/2oz,"100 ml,  ",,"Elegantdesign100 ml,  3 1/2oz Clear glass bottle  withreducerandlight brown faux leather cap.For use with cologne, aftershave, splash on, and perfume or fragrance oil, beard oils.Elegant bottle is a family of bottles available in 5ml , 15ml, 30ml, 60ml and 100ml.Price each",,,
GBElg100RdcrShnSl,GBElg100RdcrShnSl,False,False,401.0,,,3 1/2oz,"100 ml,  ",,"Elegantdesign100 ml,  3 1/2oz Clear glass bottle  withreducerandshiny silver cap.For use with cologne, aftershave, splash on, and perfume or fragrance oil, beard oils.Elegant bottle is a family of bottles available in 5ml , 15ml, 30ml, 60ml and 100ml.Price each",,,
GBElg100RdcrMtSlTall,GBElg100RdcrMtSlTall,False,False,2566.0,,,3 1/2oz,"100 ml,  ",,"Elegantdesign100 ml,  3 1/2oz Clear glass bottle  withreducerandtall silver matte cap.For use with cologne, aftershave, splash on, and perfume or fragrance oil, beard oils.Elegant bottle is a family of bottles available in 5ml , 15ml, 30ml, 60ml and 100ml.Price each",,,
GBElg100RdcrMtSl,GBElg100RdcrMtSl,False,False,400.0,,,3 1/2oz,"100 ml,  ",,"Elegantdesign100 ml,  3 1/2oz Clear glass bottle  withreducerandsilver matte cap.For use with cologne, aftershave, splash on, and perfume or fragrance oil, beard oils.Elegant bottle is a family of bottles available in 5ml , 15ml, 30ml, 60ml and 100ml.Price each",,,
GBElg100RdcrWht,GBElg100RdcrWht,False,False,3291.0,,,3 1/2oz,"100 ml,  ",,"Elegantdesign100 ml,  3 1/2oz Clear glass bottle  withreducerandwhite cap.For use with cologne, aftershave, splash on, and perfume or fragrance oil, beard oils.Elegant bottle is a family of bottles available in 5ml , 15ml, 30ml, 60ml and 100ml.Price each",,,
GBElg100SpryMtGl,GBElg100SpryMtGl,False,False,2567.0,,,3 1/2oz,"100 ml,  ",,"Elegantdesign100 ml,  3 1/2oz Clear glass bottle  withmatte gold spray pump0.For use with cologne, Eau de Parfum, air freshner, face and body spray, or room spray.Elegant bottle is a family of bottles available in 5ml , 15ml, 30ml, 60ml and 100ml.Price each",,,
LBElg100LtnMtGl,LBElg100LtnMtGl,False,False,2568.0,,,3 1/2oz,"100 ml,  ",,"Elegantdesign100 ml,  3 1/2oz Clear glass bottle  withmatte gold lotion pump00.For use with lotions, moisturizer, and serums.Elegant bottle is a family of bottles available in 5ml , 15ml, 30ml, 60ml and 100ml.Price each",,,
GBElg100SpryShnGl,GBElg100SpryShnGl,False,False,399.0,,,3 1/2oz,"100 ml,  ",,"Elegantdesign100 ml,  3 1/2oz Clear glass bottle  withshiny gold spray pump.For use with cologne, Eau de Parfum, air freshner, face and body spray, or room spray.Elegant bottle is a family of bottles available in 5ml , 15ml, 30ml, 60ml and 100ml.Price each",,,
LBElg100LtnShnGl,LBElg100LtnShnGl,False,False,2569.0,,,3 1/2oz,"100 ml,  ",,"Elegantdesign100 ml,  3 1/2oz Clear glass bottle  withshiny gold lotion pump.For use with lotions, moisturizer, and serums.Elegant bottle is a family of bottles available in 5ml , 15ml, 30ml, 60ml and 100ml.Price each",,,
GBElg100SpryShnBlk,GBElg100SpryShnBlk,False,False,392.0,,,3 1/2oz,"100 ml,  ",,"Elegantdesign100 ml,  3 1/2oz Clear glass bottle  withshiny black spray pump.For use with cologne, Eau de Parfum, air freshner, face and body spray, or room spray.Elegant bottle is a family of bottles available in 5ml , 15ml, 30ml, 60ml and 100ml.Price each",,,
LBElg100LtnShnBlk,LBElg100LtnShnBlk,False,False,2570.0,,,3 1/2oz,"100 ml,  ",,"Elegantdesign100 ml,  3 1/2oz Clear glass bottle  withshiny black lotion pump.For use with lotions, moisturizer, and serums.Elegant bottle is a family of bottles available in 5ml , 15ml, 30ml, 60ml and 100ml.Price each",,,
GBElg100SpryMtSl,GBElg100SpryMtSl,False,False,2571.0,,,3 1/2oz,"100 ml,  ",,"Elegantdesign100 ml,  3 1/2oz Clear glass bottle  withmatte silver spray pump.For use with cologne, Eau de Parfum, air freshner, face and body spray, or room spray.Elegant bottle is a family of bottles available in 5ml , 15ml, 30ml, 60ml and 100ml.Price each",,,
LBElg100LtnMtSl,LBElg100LtnMtSl,False,False,2572.0,,,3 1/2oz,"100 ml,  ",,"Elegantdesign100 ml,  3 1/2oz Clear glass bottle  withmatte silver lotion pump.For use with lotions, moisturizer, and serums.Elegant bottle is a family of bottles available in 5ml , 15ml, 30ml, 60ml and 100ml.Price each",,,
LBElg100LtnClOvrCap,LBElg100LtnClOvrCap,False,True,2573.0,,$3.14,3 1/2oz,"100 ml,  ",100 ml (3.38 oz),"Elegantdesign100 ml,  3 1/2oz Clear glass bottle  withwith a matte silver collar treatment pump and clear overcap..For use with lotions, moisturizer, and serums.Elegant bottle is a family of bottles available in 5ml , 15ml, 30ml, 60ml and 100ml.Price each","Elegant design 100 ml, 3 1/2oz clear glass bottle with with a matte silver collar treatment pump and clear overcap. For use with serums, light creams, moisturizers, facial oils or face oils, beard oils, body lotions, body wash, and hair products. Elegant",,False
GBElg100SpryShnSl,GBElg100SpryShnSl,False,False,2574.0,,,3 1/2oz,"100 ml,  ",,"Elegantdesign100 ml,  3 1/2oz Clear glass bottle  withshiny silver spray pump.For use with cologne, Eau de Parfum, air freshner, face and body spray, or room spray.Elegant bottle is a family of bottles available in 5ml , 15ml, 30ml, 60ml and 100ml.Price each",,,
LBElg100LtnShnSl,LBElg100LtnShnSl,False,False,2576.0,,,3 1/2oz,"100 ml,  ",,"Elegantdesign100 ml,  3 1/2oz Clear glass bottle  withshiny silver lotion pump.For use with lotions, moisturizer, and serums.Elegant bottle is a family of bottles available in 5ml , 15ml, 30ml, 60ml and 100ml.Price each",,,
GBElg100AnSpLvn,GBElg100AnSpLvn,False,False,2577.0,,,3 1/2oz,"100 ml,  ",,"Elegantdesign100 ml,  3 1/2oz Clear glass bottle  withlavender vintage style bulb sprayerwithshiny silver collar cap.For use with cologne, Eau de Parfum, air freshner, face and body spray, or room spray. Antique or vintage bulb sprayers enhance the beauty of your product.Elegant bottle is a family of bottles available in 5ml , 15ml, 30ml, 60ml and 100ml.Price each",,,
GBElg100AnSpPnk,GBElg100AnSpPnk,False,False,2579.0,,,3 1/2oz,"100 ml,  ",,"Elegantdesign100 ml,  3 1/2oz Clear glass bottle  withpink vintage style bulb sprayerwithshiny gold collar cap.For use with cologne, Eau de Parfum, air freshner, face and body spray, or room spray. Antique or vintage bulb sprayers enhance the beauty of your product.Elegant bottle is a family of bottles available in 5ml , 15ml, 30ml, 60ml and 100ml.Price each",,,
GBElg100AnSpMtSl,GBElg100AnSpMtSl,False,False,2581.0,,,3 1/2oz,"100 ml,  ",,"Elegantdesign100 ml,  3 1/2oz Clear glass bottle  withmatte silver vintage style sprayerwithmatte silver collar cap.For use with cologne, Eau de Parfum, air freshner, face and body spray, or room spray. Antique or vintage bulb sprayers enhance the beauty of your product.Elegant bottle is a family of bottles available in 5ml , 15ml, 30ml, 60ml and 100ml.Price each",,,
GBElg100AnSpIvySl,GBElg100AnSpIvySl,False,False,2583.0,,,3 1/2oz,"100 ml,  ",,"Elegantdesign100 ml,  3 1/2oz Clear glass bottle  withivory vintage style bulb sprayerwithshiny silver collar cap.For use with cologne, Eau de Parfum, air freshner, face and body spray, or room spray. Antique or vintage bulb sprayers enhance the beauty of your product.Elegant bottle is a family of bottles available in 5ml , 15ml, 30ml, 60ml and 100ml.Price each",,,
GBElg100AnSpGl,GBElg100AnSpGl,False,False,2585.0,,,3 1/2oz,"100 ml,  ",,"Elegantdesign100 ml,  3 1/2oz Clear glass bottle  withgold vintage style sprayerwithshiny gold collar cap.For use with cologne, Eau de Parfum, air freshner, face and body spray, or room spray. Antique or vintage bulb sprayers enhance the beauty of your product.Elegant bottle is a family of bottles available in 5ml , 15ml, 30ml, 60ml and 100ml.Price each",,,
GBElg100AnSpIvyGl,GBElg100AnSpIvyGl,False,False,2587.0,,,3 1/2oz,"100 ml,  ",,"Elegantdesign100 ml,  3 1/2oz Clear glass bottle  withivory vintage style bulb sprayerwithshiny gold collar cap.For use with cologne, Eau de Parfum, air freshner, face and body spray, or room spray. Antique or vintage bulb sprayers enhance the beauty of your product.Elegant bottle is a family of bottles available in 5ml , 15ml, 30ml, 60ml and 100ml.Price each",,,
GBElg100AnSpBlk,GBElg100AnSpBlk,False,True,2589.0,,$5.84,3 1/2oz,"100 ml,  ",100 ml (3.38 oz),"Elegantdesign100 ml,  3 1/2oz Clear glass bottle  withblack vintage style bulb sprayerwithshiny silver collar cap.For use with cologne, Eau de Parfum, air freshner, face and body spray, or room spray. Antique or vintage bulb sprayers enhance the beauty of your product.Elegant bottle is a family of bottles available in 5ml , 15ml, 30ml, 60ml and 100ml.Price each","Elegant design 100 ml, 3 1/2oz clear glass bottle with black vintage style bulb sprayer with shiny silver collar cap. For use with cologne, Eau de Parfum, air freshner, face and body spray, or room spray. Antique or vintage bulb sprayers enhance the be",,False
GBElg100AnSpWht,GBElg100AnSpWht,False,False,2591.0,,,3 1/2oz,"100 ml,  ",,"Elegantdesign100 ml,  3 1/2oz Clear glass bottle  withwhite vintage style bulb sprayerwithshiny silver collar cap.For use with cologne, Eau de Parfum, air freshner, face and body spray, or room spray. Antique or vintage bulb sprayers enhance the beauty of your product.Elegant bottle is a family of bottles available in 5ml , 15ml, 30ml, 60ml and 100ml.Price each",,,
GBElg100AnSpRed,GBElg100AnSpRed,False,False,2593.0,,,3 1/2oz,"100 ml,  ",,"Elegantdesign100 ml,  3 1/2oz Clear glass bottle  withred vintage style bulb sprayerwithshiny silver collar cap.For use with cologne, Eau de Parfum, air freshner, face and body spray, or room spray. Antique or vintage bulb sprayers enhance the beauty of your product.Elegant bottle is a family of bottles available in 5ml , 15ml, 30ml, 60ml and 100ml.Price each",,,
GBElg100AnSpTslLvn,GBElg100AnSpTslLvn,False,False,2595.0,,,3 1/2oz,"100 ml,  ",,"Elegantdesign100 ml,  3 1/2oz Clear glass bottle  withLavender vintage style bulb sprayer with Tasselwithshiny silver collar cap.For use with cologne, Eau de Parfum, air freshner, face and body spray, or room spray. Antique or vintage bulb sprayers enhance the beauty of your product.Elegant bottle is a family of bottles available in 5ml , 15ml, 30ml, 60ml and 100ml.Price each",,,
GBElg100AnSpTslIvyGl,GBElg100AnSpTslIvyGl,False,False,2597.0,,,3 1/2oz,"100 ml,  ",,"Elegantdesign100 ml,  3 1/2oz Clear glass bottle  withIvory vintage style bulb sprayer with tasselwithshiny gold collar cap.For use with cologne, Eau de Parfum, air freshner, face and body spray, or room spray. Antique or vintage bulb sprayers enhance the beauty of your product.Elegant bottle is a family of bottles available in 5ml , 15ml, 30ml, 60ml and 100ml.Price each",,,
GBElg100AnSpTslIvySl,GBElg100AnSpTslIvySl,False,False,2599.0,,,3 1/2oz,"100 ml,  ",,"Elegantdesign100 ml,  3 1/2oz Clear glass bottle  withIvory vintage style bulb sprayer with tasselwithshiny silver collar cap.For use with cologne, Eau de Parfum, air freshner, face and body spray, or room spray. Antique or vintage bulb sprayers enhance the beauty of your product.Elegant bottle is a family of bottles available in 5ml , 15ml, 30ml, 60ml and 100ml.Price each",,,
GBElg100AnSpTslWht,GBElg100AnSpTslWht,False,False,2601.0,,,3 1/2oz,"100 ml,  ",,"Elegantdesign100 ml,  3 1/2oz Clear glass bottle  withWhite vintage style bulb sprayer with tasselwithshiny silver collar cap.For use with cologne, Eau de Parfum, air freshner, face and body spray, or room spray. Antique or vintage bulb sprayers enhance the beauty of your product.Elegant bottle is a family of bottles available in 5ml , 15ml, 30ml, 60ml and 100ml.Price each",,,
GBElg100AnSpTslPnk,GBElg100AnSpTslPnk,False,False,2603.0,,,3 1/2oz,"100 ml,  ",,"Elegantdesign100 ml,  3 1/2oz Clear glass bottle  withPink vintage style bulb sprayer with tasselwithshiny gold collar cap.For use with cologne, Eau de Parfum, air freshner, face and body spray, or room spray. Antique or vintage bulb sprayers enhance the beauty of your product.Elegant bottle is a family of bottles available in 5ml , 15ml, 30ml, 60ml and 100ml.Price each",,,
GBElg100AnSpTslRed,GBElg100AnSpTslRed,False,False,2605.0,,,3 1/2oz,"100 ml,  ",,"Elegantdesign100 ml,  3 1/2oz Clear glass bottle  withRed vintage style bulb sprayer with tasselwithshiny silver collar cap.For use with cologne, Eau de Parfum, air freshner, face and body spray, or room spray. Antique or vintage bulb sprayers enhance the beauty of your product.Elegant bottle is a family of bottles available in 5ml , 15ml, 30ml, 60ml and 100ml.Price each",,,
GBElg100AnSpTslBlk,GBElg100AnSpTslBlk,False,True,2606.0,,$6.56,3 1/2oz,"100 ml,  ",100 ml (3.38 oz),"Elegantdesign100 ml,  3 1/2oz Clear glass bottle  withBlack vintage style bulb sprayer with tasselwithshiny silver collar cap.For use with cologne, Eau de Parfum, air freshner, face and body spray, or room spray. Antique or vintage bulb sprayers enhance the beauty of your product.Elegant bottle is a family of bottles available in 5ml , 15ml, 30ml, 60ml and 100ml.Price each","Elegant design 100 ml, 3 1/2oz clear glass bottle with Black vintage style bulb sprayer with tassel with shiny silver collar cap. For use with cologne, Eau de Parfum, air freshner, face and body spray, or room spray. Antique or vintage bulb sprayers en",,False
GBElg100AnSpTslMtSl,GBElg100AnSpTslMtSl,False,False,2607.0,,,3 1/2oz,"100 ml,  ",,"Elegantdesign100 ml,  3 1/2oz Clear glass bottle  withSilver vintage style bulb sprayer with tasselwithmatte silver collar cap.For use with cologne, Eau de Parfum, air freshner, face and body spray, or room spray. Antique or vintage bulb sprayers enhance the beauty of your product.Elegant bottle is a family of bottles available in 5ml , 15ml, 30ml, 60ml and 100ml.Price each",,,
GBElg100AnSpTslGl,GBElg100AnSpTslGl,False,False,2608.0,,,3 1/2oz,"100 ml,  ",,"Elegantdesign100 ml,  3 1/2oz Clear glass bottle  withGold vintage style bulb sprayer with tasselwithshiny gold collar cap.For use with cologne, Eau de Parfum, air freshner, face and body spray, or room spray. Antique or vintage bulb sprayers enhance the beauty of your product.Elegant bottle is a family of bottles available in 5ml , 15ml, 30ml, 60ml and 100ml.Price each",,,
GBElg100RdcrPnkLthr,GBElg100RdcrPnkLthr,False,False,1149.0,,,3 1/2oz,"100 ml,  ",,"Elegantdesign100 ml,  3 1/2oz Clear glass bottle  withreducerandpink faux leather cap.For use with cologne, aftershave, splash on, and perfume or fragrance oil, beard oils.Elegant bottle is a family of bottles available in 5ml , 15ml, 30ml, 60ml and 100ml.Price each",,,
GBElg100RdcrIvyLthr,GBElg100RdcrIvyLthr,False,False,1148.0,,,3 1/2oz,"100 ml,  ",,"Elegantdesign100 ml,  3 1/2oz Clear glass bottle  withreducerandivory faux leather cap.For use with cologne, aftershave, splash on, and perfume or fragrance oil, beard oils.Elegant bottle is a family of bottles available in 5ml , 15ml, 30ml, 60ml and 100ml.Price each",,,
LBElg100WhtClOvrCp,LBElg100WhtClOvrCp,False,False,3527.0,,,3 1/2oz,"100 ml,  ",,"Elegantdesign100 ml,  3 1/2oz Clear glass bottle  withwhite rectangularwithclear over the cap.For use with lotions, moisturizer, and serums.Elegant bottle is a family of bottles available in 5ml , 15ml, 30ml, 60ml and 100ml.Price each",,,
GBElg100SpryCu,GBElg100SpryCu,False,True,2609.0,,$3.14,3 1/2oz,"100 ml,  ",100 ml (3.38 oz),"Elegantdesign100 ml,  3 1/2oz Clear glass bottle  withmatte copper spray pump0.For use with cologne, Eau de Parfum, air freshner, face and body spray, or room spray.Elegant bottle is a family of bottles available in 5ml , 15ml, 30ml, 60ml and 100ml.Price each","Elegant design 100 ml, 3 1/2oz clear glass bottle with matte copper spray pump. For use with cologne, Eau de Parfum, air freshner, face and body spray, or room spray. Elegant bottle is a family of bottles available in 5ml, 15ml, 30ml, 60ml and 100ml. P",,False
LBElg100LtnCu,LBElg100LtnCu,False,False,2611.0,,,3 1/2oz,"100 ml,  ",,"Elegantdesign100 ml,  3 1/2oz Clear glass bottle  withmatte copper lotion pump0.For use with lotions, moisturizer, and serums.Elegant bottle is a family of bottles available in 5ml , 15ml, 30ml, 60ml and 100ml.Price each",,,
GBElgFrst60RdcrShnGl,GBElgFrst60RdcrShnGl,False,False,847.0,,,2oz,"60 ml,  ",,"Elegantdesign60 ml,  2ozFrosted glass bottlewithreducerandshiny gold cap.For use with cologne, aftershave, splash on, and perfume or fragrance oil, beard oils.Elegant bottle is a family of bottles available in 5ml , 15ml, 30ml, 60ml and 100ml.Price each",,,
GBElgFrst60RdcrShnBlkTall,GBElgFrst60RdcrShnBlkTall,False,False,2613.0,,,2oz,"60 ml,  ",,"Elegantdesign60 ml,  2ozFrosted glass bottlewithreducerandtall black shiny cap.For use with cologne, aftershave, splash on, and perfume or fragrance oil, beard oils.Elegant bottle is a family of bottles available in 5ml , 15ml, 30ml, 60ml and 100ml.Price each",,,
GBElgFrst60RdcrShnBlk,GBElgFrst60RdcrShnBlk,False,False,846.0,,,2oz,"60 ml,  ",,"Elegantdesign60 ml,  2ozFrosted glass bottlewithreducerandblack shiny cap.For use with cologne, aftershave, splash on, and perfume or fragrance oil, beard oils.Elegant bottle is a family of bottles available in 5ml , 15ml, 30ml, 60ml and 100ml.Price each",,,
GBElgFrst60RdcrBlkLthr,GBElgFrst60RdcrBlkLthr,False,True,1141.0,,$2.38,2oz,"60 ml,  ",60 ml (2.03 oz),"Elegantdesign60 ml,  2ozFrosted glass bottlewithreducerandblack faux leather cap.For use with cologne, aftershave, splash on, and perfume or fragrance oil, beard oils.Elegant bottle is a family of bottles available in 5ml , 15ml, 30ml, 60ml and 100ml.Price each","Elegant design 60 ml, 2oz frosted glass bottle with reducer and black faux leather cap. For use with cologne, aftershave, splash on, and perfume or fragrance oil, beard oils. Elegant bottle is a family of bottles available in 5ml, 15ml, 30ml, 60ml and 100",,False
GBElgFrst60RdcrBrwnLthr,GBElgFrst60RdcrBrwnLthr,False,False,2616.0,,,2oz,"60 ml,  ",,"Elegantdesign60 ml,  2ozFrosted glass bottlewithreducerandbrown faux leather cap.For use with cologne, aftershave, splash on, and perfume or fragrance oil, beard oils.Elegant bottle is a family of bottles available in 5ml , 15ml, 30ml, 60ml and 100ml.Price each",,,
GBElgFrst60RdcrLBrwnLthr,GBElgFrst60RdcrLBrwnLthr,False,False,2617.0,,,2oz,"60 ml,  ",,"Elegantdesign60 ml,  2ozFrosted glass bottlewithreducerandlight brown faux leather cap.For use with cologne, aftershave, splash on, and perfume or fragrance oil, beard oils.Elegant bottle is a family of bottles available in 5ml , 15ml, 30ml, 60ml and 100ml.Price each",,,
GBElgFrst60RdcrShnSl,GBElgFrst60RdcrShnSl,False,False,848.0,,,2oz,"60 ml,  ",,"Elegantdesign60 ml,  2ozFrosted glass bottlewithreducerandshiny silver cap.For use with cologne, aftershave, splash on, and perfume or fragrance oil, beard oils.Elegant bottle is a family of bottles available in 5ml , 15ml, 30ml, 60ml and 100ml.Price each",,,
GBElgFrst60RdcrMtSlTall,GBElgFrst60RdcrMtSlTall,False,False,2619.0,,,2oz,"60 ml,  ",,"Elegantdesign60 ml,  2ozFrosted glass bottlewithreducerandtall silver matte cap.For use with cologne, aftershave, splash on, and perfume or fragrance oil, beard oils.Elegant bottle is a family of bottles available in 5ml , 15ml, 30ml, 60ml and 100ml.Price each",,,
GBElgFrst60RdcrMtSl,GBElgFrst60RdcrMtSl,False,False,2620.0,,,2oz,"60 ml,  ",,"Elegantdesign60 ml,  2ozFrosted glass bottlewithreducerandsilver matte cap.For use with cologne, aftershave, splash on, and perfume or fragrance oil, beard oils.Elegant bottle is a family of bottles available in 5ml , 15ml, 30ml, 60ml and 100ml.Price each",,,
GBElgFrst60RdcrWht,GBElgFrst60RdcrWht,False,False,849.0,,,2oz,"60 ml,  ",,"Elegantdesign60 ml,  2ozFrosted glass bottlewithreducerandwhite cap.For use with cologne, aftershave, splash on, and perfume or fragrance oil, beard oils.Elegant bottle is a family of bottles available in 5ml , 15ml, 30ml, 60ml and 100ml.Price each",,,
GBElgFrst60SpryMtGl,GBElgFrst60SpryMtGl,False,False,2622.0,,,2oz,"60 ml,  ",,"Elegantdesign60 ml,  2ozFrosted glass bottlewithmatte gold spray pump.For use with cologne, Eau de Parfum, air freshner, face and body spray, or room spray.Elegant bottle is a family of bottles available in 5ml , 15ml, 30ml, 60ml and 100ml.Price each",,,
LBElgFrst60LtnMtGl,LBElgFrst60LtnMtGl,False,False,2623.0,,,2oz,"60 ml,  ",,"Elegantdesign60 ml,  2ozFrosted glass bottlewithmatte gold lotion pump0.For use with lotions, moisturizer, and serums.Elegant bottle is a family of bottles available in 5ml , 15ml, 30ml, 60ml and 100ml.Price each",,,
GBElgFrst60SpryShnGl,GBElgFrst60SpryShnGl,False,False,1000.0,,,2oz,"60 ml,  ",,"Elegantdesign60 ml,  2ozFrosted glass bottlewithshiny gold spray pump.For use with cologne, Eau de Parfum, air freshner, face and body spray, or room spray.Elegant bottle is a family of bottles available in 5ml , 15ml, 30ml, 60ml and 100ml.Price each",,,
LBElgFrst60LtnShnGl,LBElgFrst60LtnShnGl,False,False,3528.0,,,2oz,"60 ml,  ",,"Elegantdesign60 ml,  2ozFrosted glass bottlewithshiny gold lotion pump.For use with lotions, moisturizer, and serums.Elegant bottle is a family of bottles available in 5ml , 15ml, 30ml, 60ml and 100ml.Price each",,,
LBElgFrst60LtnShnBlk,LBElgFrst60LtnShnBlk,False,False,3529.0,,,2oz,"60 ml,  ",,"Elegantdesign60 ml,  2ozFrosted glass bottlewithshiny black spray pump.For use with cologne, Eau de Parfum, air freshner, face and body spray, or room spray.Elegant bottle is a family of bottles available in 5ml , 15ml, 30ml, 60ml and 100ml.Price each",,,
GBElgFrst60SpryShnBlk,GBElgFrst60SpryShnBlk,False,False,999.0,,,2oz,"60 ml,  ",,"Elegantdesign60 ml,  2ozFrosted glass bottlewithshiny black lotion pump.For use with lotions, moisturizer, and serums.Elegant bottle is a family of bottles available in 5ml , 15ml, 30ml, 60ml and 100ml.Price each",,,
GBElgFrst60SpryMtSl,GBElgFrst60SpryMtSl,False,False,1001.0,,,2oz,"60 ml,  ",,"Elegantdesign60 ml,  2ozFrosted glass bottlewithmatte silver spray pump.For use with cologne, Eau de Parfum, air freshner, face and body spray, or room spray.Elegant bottle is a family of bottles available in 5ml , 15ml, 30ml, 60ml and 100ml.Price each",,,
LBElgFrst60LtnMtSl,LBElgFrst60LtnMtSl,False,False,2624.0,,,2oz,"60 ml,  ",,"Elegantdesign60 ml,  2ozFrosted glass bottlewithmatte silver lotion pump.For use with lotions, moisturizer, and serums.Elegant bottle is a family of bottles available in 5ml , 15ml, 30ml, 60ml and 100ml.Price each",,,
LBElgFrst60LtnClOvrCap,LBElgFrst60LtnClOvrCap,False,True,2625.0,,$3.61,2oz,"60 ml,  ",60 ml (2.03 oz),"Elegantdesign60 ml,  2ozFrosted glass bottlewithwith a matte silver collar treatment pump and clear overcap..For use with lotions, moisturizer, and serums.Elegant bottle is a family of bottles available in 5ml , 15ml, 30ml, 60ml and 100ml.Price each","Elegant design 60 ml, 2oz frosted glass bottle with with a matte silver collar treatment pump and clear overcap. For use with serums, light creams, moisturizers, facial oils or face oils, beard oils, body lotions, body wash, and hair products. Elegant bot",,False
GBElgFrst60SpryShnSl,GBElgFrst60SpryShnSl,False,False,1002.0,,,2oz,"60 ml,  ",,"Elegantdesign60 ml,  2ozFrosted glass bottlewithshiny silver spray pump.For use with cologne, Eau de Parfum, air freshner, face and body spray, or room spray.Elegant bottle is a family of bottles available in 5ml , 15ml, 30ml, 60ml and 100ml.Price each",,,
LBElgFrst60LtnShnSl,LBElgFrst60LtnShnSl,False,False,3530.0,,,2oz,"60 ml,  ",,"Elegantdesign60 ml,  2ozFrosted glass bottlewithshiny silver lotion pump.For use with lotions, moisturizer, and serums.Elegant bottle is a family of bottles available in 5ml , 15ml, 30ml, 60ml and 100ml.Price each",,,
GBElgFrst60AnSpLvn,GBElgFrst60AnSpLvn,False,False,856.0,,,2oz,"60 ml,  ",,"Elegantdesign60 ml,  2ozFrosted glass bottlewithlavender vintage style bulb sprayerwithshiny silver collar cap.For use with cologne, Eau de Parfum, air freshner, face and body spray, or room spray. Antique or vintage bulb sprayers enhance the beauty of your product.Elegant bottle is a family of bottles available in 5ml , 15ml, 30ml, 60ml and 100ml.Price each",,,
GBElgFrst60AnSpPnk,GBElgFrst60AnSpPnk,False,False,857.0,,,2oz,"60 ml,  ",,"Elegantdesign60 ml,  2ozFrosted glass bottlewithpink vintage style bulb sprayerwithshiny gold collar cap.For use with cologne, Eau de Parfum, air freshner, face and body spray, or room spray. Antique or vintage bulb sprayers enhance the beauty of your product.Elegant bottle is a family of bottles available in 5ml , 15ml, 30ml, 60ml and 100ml.Price each",,,
GBElgFrst60AnSpMtSl,GBElgFrst60AnSpMtSl,False,False,2626.0,,,2oz,"60 ml,  ",,"Elegantdesign60 ml,  2ozFrosted glass bottlewithmatte silver vintage style sprayerwithmatte silver collar cap.For use with cologne, Eau de Parfum, air freshner, face and body spray, or room spray. Antique or vintage bulb sprayers enhance the beauty of your product.Elegant bottle is a family of bottles available in 5ml , 15ml, 30ml, 60ml and 100ml.Price each",,,
GBElgFrst60AnSpIvySl,GBElgFrst60AnSpIvySl,False,False,855.0,,,2oz,"60 ml,  ",,"Elegantdesign60 ml,  2ozFrosted glass bottlewithivory vintage style bulb sprayerwithshiny silver collar cap.For use with cologne, Eau de Parfum, air freshner, face and body spray, or room spray. Antique or vintage bulb sprayers enhance the beauty of your product.Elegant bottle is a family of bottles available in 5ml , 15ml, 30ml, 60ml and 100ml.Price each",,,
GBElgFrst60AnSpGl,GBElgFrst60AnSpGl,False,False,853.0,,,2oz,"60 ml,  ",,"Elegantdesign60 ml,  2ozFrosted glass bottlewithgold vintage style sprayerwithshiny gold collar cap.For use with cologne, Eau de Parfum, air freshner, face and body spray, or room spray. Antique or vintage bulb sprayers enhance the beauty of your product.Elegant bottle is a family of bottles available in 5ml , 15ml, 30ml, 60ml and 100ml.Price each",,,
GBElgFrst60AnSpIvyGl,GBElgFrst60AnSpIvyGl,False,False,854.0,,,2oz,"60 ml,  ",,"Elegantdesign60 ml,  2ozFrosted glass bottlewithivory vintage style bulb sprayerwithshiny gold collar cap.For use with cologne, Eau de Parfum, air freshner, face and body spray, or room spray. Antique or vintage bulb sprayers enhance the beauty of your product.Elegant bottle is a family of bottles available in 5ml , 15ml, 30ml, 60ml and 100ml.Price each",,,
GBElgFrst60AnSpBlk,GBElgFrst60AnSpBlk,False,True,852.0,,$5.80,2oz,"60 ml,  ",60 ml (2.03 oz),"Elegantdesign60 ml,  2ozFrosted glass bottlewithblack vintage style bulb sprayerwithshiny silver collar cap.For use with cologne, Eau de Parfum, air freshner, face and body spray, or room spray. Antique or vintage bulb sprayers enhance the beauty of your product.Elegant bottle is a family of bottles available in 5ml , 15ml, 30ml, 60ml and 100ml.Price each","Elegant design 60 ml, 2oz frosted glass bottle with black vintage style bulb sprayer with shiny silver collar cap. For use with cologne, Eau de Parfum, air freshner, face and body spray, or room spray. Antique or vintage bulb sprayers enhance the beauty",,False
GBElgFrst60AnSpWht,GBElgFrst60AnSpWht,False,False,2627.0,,,2oz,"60 ml,  ",,"Elegantdesign60 ml,  2ozFrosted glass bottlewithwhite vintage style bulb sprayerwithshiny silver collar cap.For use with cologne, Eau de Parfum, air freshner, face and body spray, or room spray. Antique or vintage bulb sprayers enhance the beauty of your product.Elegant bottle is a family of bottles available in 5ml , 15ml, 30ml, 60ml and 100ml.Price each",,,
GBElgFrst60AnSpRed,GBElgFrst60AnSpRed,False,False,1022.0,,,2oz,"60 ml,  ",,"Elegantdesign60 ml,  2ozFrosted glass bottlewithred vintage style bulb sprayerwithshiny silver collar cap.For use with cologne, Eau de Parfum, air freshner, face and body spray, or room spray. Antique or vintage bulb sprayers enhance the beauty of your product.Elegant bottle is a family of bottles available in 5ml , 15ml, 30ml, 60ml and 100ml.Price each",,,
GBElgFrst60AnSpTslLvn,GBElgFrst60AnSpTslLvn,False,False,861.0,,,2oz,"60 ml,  ",,"Elegantdesign60 ml,  2ozFrosted glass bottlewithLavender vintage style bulb sprayer with Tasselwithshiny silver collar cap.For use with cologne, Eau de Parfum, air freshner, face and body spray, or room spray. Antique or vintage bulb sprayers enhance the beauty of your product.Elegant bottle is a family of bottles available in 5ml , 15ml, 30ml, 60ml and 100ml.Price each",,,
GBElgFrst60AnSpTslIvyGl,GBElgFrst60AnSpTslIvyGl,False,False,860.0,,,2oz,"60 ml,  ",,"Elegantdesign60 ml,  2ozFrosted glass bottlewithIvory vintage style bulb sprayer with tasselwithshiny gold collar cap.For use with cologne, Eau de Parfum, air freshner, face and body spray, or room spray. Antique or vintage bulb sprayers enhance the beauty of your product.Elegant bottle is a family of bottles available in 5ml , 15ml, 30ml, 60ml and 100ml.Price each",,,
GBElgFrst60AnSpTslIvySl,GBElgFrst60AnSpTslIvySl,False,False,1213.0,,,2oz,"60 ml,  ",,"Elegantdesign60 ml,  2ozFrosted glass bottlewithIvory vintage style bulb sprayer with tasselwithshiny silver collar cap.For use with cologne, Eau de Parfum, air freshner, face and body spray, or room spray. Antique or vintage bulb sprayers enhance the beauty of your product.Elegant bottle is a family of bottles available in 5ml , 15ml, 30ml, 60ml and 100ml.Price each",,,
GBElgFrst60AnSpTslWht,GBElgFrst60AnSpTslWht,False,False,2628.0,,,2oz,"60 ml,  ",,"Elegantdesign60 ml,  2ozFrosted glass bottlewithWhite vintage style bulb sprayer with tasselwithshiny silver collar cap.For use with cologne, Eau de Parfum, air freshner, face and body spray, or room spray. Antique or vintage bulb sprayers enhance the beauty of your product.Elegant bottle is a family of bottles available in 5ml , 15ml, 30ml, 60ml and 100ml.Price each",,,
GBElgFrst60AnSpTslPnk,GBElgFrst60AnSpTslPnk,False,False,862.0,,,2oz,"60 ml,  ",,"Elegantdesign60 ml,  2ozFrosted glass bottlewithPink vintage style bulb sprayer with tasselwithshiny gold collar cap.For use with cologne, Eau de Parfum, air freshner, face and body spray, or room spray. Antique or vintage bulb sprayers enhance the beauty of your product.Elegant bottle is a family of bottles available in 5ml , 15ml, 30ml, 60ml and 100ml.Price each",,,
GBElgFrst60AnSpTslRed,GBElgFrst60AnSpTslRed,False,False,1214.0,,,2oz,"60 ml,  ",,"Elegantdesign60 ml,  2ozFrosted glass bottlewithRed vintage style bulb sprayer with tasselwithshiny silver collar cap.For use with cologne, Eau de Parfum, air freshner, face and body spray, or room spray. Antique or vintage bulb sprayers enhance the beauty of your product.Elegant bottle is a family of bottles available in 5ml , 15ml, 30ml, 60ml and 100ml.Price each",,,
GBElgFrst60AnSpTslBlk,GBElgFrst60AnSpTslBlk,False,True,858.0,,$6.51,2oz,"60 ml,  ",60 ml (2.03 oz),"Elegantdesign60 ml,  2ozFrosted glass bottlewithBlack vintage style bulb sprayer with tasselwithshiny silver collar cap.For use with cologne, Eau de Parfum, air freshner, face and body spray, or room spray. Antique or vintage bulb sprayers enhance the beauty of your product.Elegant bottle is a family of bottles available in 5ml , 15ml, 30ml, 60ml and 100ml.Price each","Elegant design 60 ml, 2oz frosted glass bottle with Black vintage style bulb sprayer with tassel with shiny silver collar cap. For use with cologne, Eau de Parfum, air freshner, face and body spray, or room spray. Antique or vintage bulb sprayers enhance",,False
GBElgFrst60AnSpTslMtSl,GBElgFrst60AnSpTslMtSl,False,False,2629.0,,,2oz,"60 ml,  ",,"Elegantdesign60 ml,  2ozFrosted glass bottlewithSilver vintage style bulb sprayer with tasselwithmatte silver collar cap.For use with cologne, Eau de Parfum, air freshner, face and body spray, or room spray. Antique or vintage bulb sprayers enhance the beauty of your product.Elegant bottle is a family of bottles available in 5ml , 15ml, 30ml, 60ml and 100ml.Price each",,,
GBElgFrst60AnSpTslGl,GBElgFrst60AnSpTslGl,False,False,859.0,,,2oz,"60 ml,  ",,"Elegantdesign60 ml,  2ozFrosted glass bottlewithGold vintage style bulb sprayer with tasselwithshiny gold collar cap.For use with cologne, Eau de Parfum, air freshner, face and body spray, or room spray. Antique or vintage bulb sprayers enhance the beauty of your product.Elegant bottle is a family of bottles available in 5ml , 15ml, 30ml, 60ml and 100ml.Price each",,,
GBElgFrst60DrpSl,GBElgFrst60DrpSl,False,False,2630.0,,,2oz,"60 ml,  ",,"Elegantdesign60 ml,  2ozFrosted glass bottlewithwhite dropperwithshiny silver collar cap.For use with perfume oils, diffuser oils, serums, primers, facial oils or face oils, moisturizer, and beard oils.Elegant bottle is a family of bottles available in 5ml , 15ml, 30ml, 60ml and 100ml.Price each",,,
GBElgFrst60DrpGl,GBElgFrst60DrpGl,False,False,2631.0,,,2oz,"60 ml,  ",,"Elegantdesign60 ml,  2ozFrosted glass bottlewithwhite dropperwithshiny gold collar cap.For use with perfume oils, diffuser oils, serums, primers, facial oils or face oils, moisturizer, and beard oils.Elegant bottle is a family of bottles available in 5ml , 15ml, 30ml, 60ml and 100ml.Price each",,,
GBElgFrst60DrpCu,GBElgFrst60DrpCu,False,True,2632.0,,$2.28,2oz,"60 ml,  ",60 ml (2.03 oz),"Elegantdesign60 ml,  2ozFrosted glass bottlewithwhite dropperwithshiny copper collar cap.For use with perfume oils, diffuser oils, serums, primers, facial oils or face oils, moisturizer, and beard oils.Elegant bottle is a family of bottles available in 5ml , 15ml, 30ml, 60ml and 100ml.Price each","Elegant design 60 ml, 2oz frosted glass bottle with white dropper with shiny copper collar cap. For use with perfume oils, diffuser oils, serums, primers, facial oils or face oils, moisturizer, and beard oils. Elegant bottle is a family of bottles availab",,False
LBElgFrst60WhtClOvrCp,LBElgFrst60WhtClOvrCp,False,False,2633.0,,,2oz,"60 ml,  ",,"Elegantdesign60 ml,  2ozFrosted glass bottlewithwhite rectangularwithclear over the cap.For use with lotions, moisturizer, and serums.Elegant bottle is a family of bottles available in 5ml , 15ml, 30ml, 60ml and 100ml.Price each",,,
GBElgFrst60RdcrPnkLthr,GBElgFrst60RdcrPnkLthr,False,False,2634.0,,,2oz,"60 ml,  ",,"Elegantdesign60 ml,  2ozFrosted glass bottlewithreducerandpink faux leather cap.For use with cologne, aftershave, splash on, and perfume or fragrance oil, beard oils.Elegant bottle is a family of bottles available in 5ml , 15ml, 30ml, 60ml and 100ml.Price each",,,
GBElgFrst60RdcrIvyLthr,GBElgFrst60RdcrIvyLthr,False,False,2635.0,,,2oz,"60 ml,  ",,"Elegantdesign60 ml,  2ozFrosted glass bottlewithreducerandivory faux leather cap.For use with cologne, aftershave, splash on, and perfume or fragrance oil, beard oils.Elegant bottle is a family of bottles available in 5ml , 15ml, 30ml, 60ml and 100ml.Price each",,,
GBElgFrst60SpryCu,GBElgFrst60SpryCu,False,True,2636.0,,$3.09,2oz,"60 ml,  ",60 ml (2.03 oz),"Elegantdesign60 ml,  2ozFrosted glass bottlewithmatte copper spray pump0.For use with cologne, Eau de Parfum, air freshner, face and body spray, or room spray.Elegant bottle is a family of bottles available in 5ml , 15ml, 30ml, 60ml and 100ml.Price each","Elegant design 60 ml, 2oz frosted glass bottle with matte copper spray pump. For use with cologne, Eau de Parfum, air freshner, face and body spray, or room spray. Elegant bottle is a family of bottles available in 5ml, 15ml, 30ml, 60ml and 100ml.",,False
LBElgFrst60LtnCu,LBElgFrst60LtnCu,False,False,2637.0,,,2oz,"60 ml,  ",,"Elegantdesign60 ml,  2ozFrosted glass bottlewithmatte copper lotion pump0.For use with lotions, moisturizer, and serums.Elegant bottle is a family of bottles available in 5ml , 15ml, 30ml, 60ml and 100ml.Price each",,,
GBElgFrst100RdcrShnGl,GBElgFrst100RdcrShnGl,False,False,2638.0,,,3 1/2oz,"100 ml,  ",,"Elegantdesign100 ml,  3 1/2ozFrosted glass bottlewithreducerandshiny gold cap.For use with cologne, aftershave, splash on, and perfume or fragrance oil, beard oils.Elegant bottle is a family of bottles available in 5ml , 15ml, 30ml, 60ml and 100ml.Price each",,,
GBElgFrst100RdcrShnBlkTall,GBElgFrst100RdcrShnBlkTall,False,False,2639.0,,,3 1/2oz,"100 ml,  ",,"Elegantdesign100 ml,  3 1/2ozFrosted glass bottlewithreducerandtall black shiny cap.For use with cologne, aftershave, splash on, and perfume or fragrance oil, beard oils.Elegant bottle is a family of bottles available in 5ml , 15ml, 30ml, 60ml and 100ml.Price each",,,
GBElgFrst100RdcrShnBlk,GBElgFrst100RdcrShnBlk,False,False,907.0,,,3 1/2oz,"100 ml,  ",,"Elegantdesign100 ml,  3 1/2ozFrosted glass bottlewithreducerandblack shiny cap.For use with cologne, aftershave, splash on, and perfume or fragrance oil, beard oils.Elegant bottle is a family of bottles available in 5ml , 15ml, 30ml, 60ml and 100ml.Price each",,,
GBElgFrst100RdcrBlkLthr,GBElgFrst100RdcrBlkLthr,False,True,1150.0,,$2.90,3 1/2oz,"100 ml,  ",100 ml (3.38 oz),"Elegantdesign100 ml,  3 1/2ozFrosted glass bottlewithreducerandblack faux leather cap.For use with cologne, aftershave, splash on, and perfume or fragrance oil, beard oils.Elegant bottle is a family of bottles available in 5ml , 15ml, 30ml, 60ml and 100ml.Price each","Elegant design 100 ml, 3 1/2oz frosted glass bottle with reducer and black faux leather cap. For use with cologne, aftershave, splash on, and perfume or fragrance oil, beard oils. Elegant bottle is a family of bottles available in 5ml, 15ml, 30ml, 60ml an",,False
GBElgFrst100RdcrBrwnLthr,GBElgFrst100RdcrBrwnLthr,False,False,2641.0,,,3 1/2oz,"100 ml,  ",,"Elegantdesign100 ml,  3 1/2ozFrosted glass bottlewithreducerandbrown faux leather cap.For use with cologne, aftershave, splash on, and perfume or fragrance oil, beard oils.Elegant bottle is a family of bottles available in 5ml , 15ml, 30ml, 60ml and 100ml.Price each",,,
GBElgFrst100RdcrLBrwnLthr,GBElgFrst100RdcrLBrwnLthr,False,False,2642.0,,,3 1/2oz,"100 ml,  ",,"Elegantdesign100 ml,  3 1/2ozFrosted glass bottlewithreducerandlight brown faux leather cap.For use with cologne, aftershave, splash on, and perfume or fragrance oil, beard oils.Elegant bottle is a family of bottles available in 5ml , 15ml, 30ml, 60ml and 100ml.Price each",,,
GBElgFrst100RdcrShnSl,GBElgFrst100RdcrShnSl,False,False,2643.0,,,3 1/2oz,"100 ml,  ",,"Elegantdesign100 ml,  3 1/2ozFrosted glass bottlewithreducerandshiny silver cap.For use with cologne, aftershave, splash on, and perfume or fragrance oil, beard oils.Elegant bottle is a family of bottles available in 5ml , 15ml, 30ml, 60ml and 100ml.Price each",,,
GBElgFrst100RdcrMtSlTall,GBElgFrst100RdcrMtSlTall,False,False,2644.0,,,3 1/2oz,"100 ml,  ",,"Elegantdesign100 ml,  3 1/2ozFrosted glass bottlewithreducerandtall silver matte cap.For use with cologne, aftershave, splash on, and perfume or fragrance oil, beard oils.Elegant bottle is a family of bottles available in 5ml , 15ml, 30ml, 60ml and 100ml.Price each",,,
GBElgFrst100RdcrMtSl,GBElgFrst100RdcrMtSl,False,False,2645.0,,,3 1/2oz,"100 ml,  ",,"Elegantdesign100 ml,  3 1/2ozFrosted glass bottlewithreducerandsilver matte cap.For use with cologne, aftershave, splash on, and perfume or fragrance oil, beard oils.Elegant bottle is a family of bottles available in 5ml , 15ml, 30ml, 60ml and 100ml.Price each",,,
GBElgFrst100RdcrWht,GBElgFrst100RdcrWht,False,False,910.0,,,3 1/2oz,"100 ml,  ",,"Elegantdesign100 ml,  3 1/2ozFrosted glass bottlewithreducerandwhite cap.For use with cologne, aftershave, splash on, and perfume or fragrance oil, beard oils.Elegant bottle is a family of bottles available in 5ml , 15ml, 30ml, 60ml and 100ml.Price each",,,
GBElgFrst100SpryMtGl,GBElgFrst100SpryMtGl,False,False,2646.0,,,3 1/2oz,"100 ml,  ",,"Elegantdesign100 ml,  3 1/2ozFrosted glass bottlewithmatte gold spray pump0.For use with cologne, Eau de Parfum, air freshner, face and body spray, or room spray.Elegant bottle is a family of bottles available in 5ml , 15ml, 30ml, 60ml and 100ml.Price each",,,
LBElgFrst100LtnMtGl,LBElgFrst100LtnMtGl,False,False,2647.0,,,3 1/2oz,"100 ml,  ",,"Elegantdesign100 ml,  3 1/2ozFrosted glass bottlewithmatte gold lotion pump00.For use with lotions, moisturizer, and serums.Elegant bottle is a family of bottles available in 5ml , 15ml, 30ml, 60ml and 100ml.Price each",,,
GBElgFrst100SpryShnGl,GBElgFrst100SpryShnGl,False,False,993.0,,,3 1/2oz,"100 ml,  ",,"Elegantdesign100 ml,  3 1/2ozFrosted glass bottlewithshiny gold spray pump.For use with cologne, Eau de Parfum, air freshner, face and body spray, or room spray.Elegant bottle is a family of bottles available in 5ml , 15ml, 30ml, 60ml and 100ml.Price each",,,
LBElgFrst100LtnShnGl,LBElgFrst100LtnShnGl,False,False,2648.0,,,3 1/2oz,"100 ml,  ",,"Elegantdesign100 ml,  3 1/2ozFrosted glass bottlewithshiny gold lotion pump.For use with lotions, moisturizer, and serums.Elegant bottle is a family of bottles available in 5ml , 15ml, 30ml, 60ml and 100ml.Price each",,,
GBElgFrst100SpryShnBlk,GBElgFrst100SpryShnBlk,False,False,992.0,,,3 1/2oz,"100 ml,  ",,"Elegantdesign100 ml,  3 1/2ozFrosted glass bottlewithshiny black spray pump.For use with cologne, Eau de Parfum, air freshner, face and body spray, or room spray.Elegant bottle is a family of bottles available in 5ml , 15ml, 30ml, 60ml and 100ml.Price each",,,
LBElgFrst100LtnShnBlk,LBElgFrst100LtnShnBlk,False,False,2649.0,,,3 1/2oz,"100 ml,  ",,"Elegantdesign100 ml,  3 1/2ozFrosted glass bottlewithshiny black lotion pump.For use with lotions, moisturizer, and serums.Elegant bottle is a family of bottles available in 5ml , 15ml, 30ml, 60ml and 100ml.Price each",,,
GBElgFrst100SpryMtSl,GBElgFrst100SpryMtSl,False,False,994.0,,,3 1/2oz,"100 ml,  ",,"Elegantdesign100 ml,  3 1/2ozFrosted glass bottlewithmatte silver spray pump.For use with cologne, Eau de Parfum, air freshner, face and body spray, or room spray.Elegant bottle is a family of bottles available in 5ml , 15ml, 30ml, 60ml and 100ml.Price each",,,
LBElgFrst100LtnMtSl,LBElgFrst100LtnMtSl,False,False,2651.0,,,3 1/2oz,"100 ml,  ",,"Elegantdesign100 ml,  3 1/2ozFrosted glass bottlewithmatte silver lotion pump.For use with lotions, moisturizer, and serums.Elegant bottle is a family of bottles available in 5ml , 15ml, 30ml, 60ml and 100ml.Price each",,,
LBElgFrst100LtnClOvrCap,LBElgFrst100LtnClOvrCap,False,True,2652.0,,$3.61,3 1/2oz,"100 ml,  ",100 ml (3.38 oz),"Elegantdesign100 ml,  3 1/2ozFrosted glass bottlewithwith a matte silver collar treatment pump and clear overcap..For use with lotions, moisturizer, and serums.Elegant bottle is a family of bottles available in 5ml , 15ml, 30ml, 60ml and 100ml.Price each","Elegant design 100 ml, 3 1/2oz frosted glass bottle with with a matte silver collar treatment pump and clear overcap. For use with serums, light creams, moisturizers, facial oils or face oils, beard oils, body lotions, body wash, and hair products. Elegan",,False
GBElgFrst100SpryShnSl,GBElgFrst100SpryShnSl,False,False,995.0,,,3 1/2oz,"100 ml,  ",,"Elegantdesign100 ml,  3 1/2ozFrosted glass bottlewithshiny silver spray pump.For use with cologne, Eau de Parfum, air freshner, face and body spray, or room spray.Elegant bottle is a family of bottles available in 5ml , 15ml, 30ml, 60ml and 100ml.Price each",,,
LBElgFrst100LtnShnSl,LBElgFrst100LtnShnSl,False,False,2653.0,,,3 1/2oz,"100 ml,  ",,"Elegantdesign100 ml,  3 1/2ozFrosted glass bottlewithshiny silver lotion pump.For use with lotions, moisturizer, and serums.Elegant bottle is a family of bottles available in 5ml , 15ml, 30ml, 60ml and 100ml.Price each",,,
GBElgFrst100AnSpLvn,GBElgFrst100AnSpLvn,False,False,3296.0,,,3 1/2oz,"100 ml,  ",,"Elegantdesign100 ml,  3 1/2ozFrosted glass bottlewithlavender vintage style bulb sprayerwithshiny silver collar cap.For use with cologne, Eau de Parfum, air freshner, face and body spray, or room spray. Antique or vintage bulb sprayers enhance the beauty of your product.Elegant bottle is a family of bottles available in 5ml , 15ml, 30ml, 60ml and 100ml.Price each",,,
GBElgFrst100AnSpPnk,GBElgFrst100AnSpPnk,False,False,3297.0,,,3 1/2oz,"100 ml,  ",,"Elegantdesign100 ml,  3 1/2ozFrosted glass bottlewithpink vintage style bulb sprayerwithshiny gold collar cap.For use with cologne, Eau de Parfum, air freshner, face and body spray, or room spray. Antique or vintage bulb sprayers enhance the beauty of your product.Elegant bottle is a family of bottles available in 5ml , 15ml, 30ml, 60ml and 100ml.Price each",,,
GBElgFrst100AnSpMtSl,GBElgFrst100AnSpMtSl,False,False,2654.0,,,3 1/2oz,"100 ml,  ",,"Elegantdesign100 ml,  3 1/2ozFrosted glass bottlewithmatte silver vintage style sprayerwithmatte silver collar cap.For use with cologne, Eau de Parfum, air freshner, face and body spray, or room spray. Antique or vintage bulb sprayers enhance the beauty of your product.Elegant bottle is a family of bottles available in 5ml , 15ml, 30ml, 60ml and 100ml.Price each",,,
GBElgFrst100AnSpIvySl,GBElgFrst100AnSpIvySl,False,False,3295.0,,,3 1/2oz,"100 ml,  ",,"Elegantdesign100 ml,  3 1/2ozFrosted glass bottlewithivory vintage style bulb sprayerwithshiny silver collar cap.For use with cologne, Eau de Parfum, air freshner, face and body spray, or room spray. Antique or vintage bulb sprayers enhance the beauty of your product.Elegant bottle is a family of bottles available in 5ml , 15ml, 30ml, 60ml and 100ml.Price each",,,
GBElgFrst100AnSpGl,GBElgFrst100AnSpGl,False,False,3294.0,,,3 1/2oz,"100 ml,  ",,"Elegantdesign100 ml,  3 1/2ozFrosted glass bottlewithgold vintage style sprayerwithshiny gold collar cap.For use with cologne, Eau de Parfum, air freshner, face and body spray, or room spray. Antique or vintage bulb sprayers enhance the beauty of your product.Elegant bottle is a family of bottles available in 5ml , 15ml, 30ml, 60ml and 100ml.Price each",,,
GBElgFrst100AnSpIvyGl,GBElgFrst100AnSpIvyGl,False,False,1029.0,,,3 1/2oz,"100 ml,  ",,"Elegantdesign100 ml,  3 1/2ozFrosted glass bottlewithivory vintage style bulb sprayerwithshiny gold collar cap.For use with cologne, Eau de Parfum, air freshner, face and body spray, or room spray. Antique or vintage bulb sprayers enhance the beauty of your product.Elegant bottle is a family of bottles available in 5ml , 15ml, 30ml, 60ml and 100ml.Price each",,,
GBElgFrst100AnSpBlk,GBElgFrst100AnSpBlk,False,True,954.0,,$6.32,3 1/2oz,"100 ml,  ",100 ml (3.38 oz),"Elegantdesign100 ml,  3 1/2ozFrosted glass bottlewithblack vintage style bulb sprayerwithshiny silver collar cap.For use with cologne, Eau de Parfum, air freshner, face and body spray, or room spray. Antique or vintage bulb sprayers enhance the beauty of your product.Elegant bottle is a family of bottles available in 5ml , 15ml, 30ml, 60ml and 100ml.Price each","Elegant design 100 ml, 3 1/2oz frosted glass bottle with black vintage style bulb sprayer with shiny silver collar cap. For use with cologne, Eau de Parfum, air freshner, face and body spray, or room spray. Antique or vintage bulb sprayers enhance the be",,False
GBElgFrst100AnSpWht,GBElgFrst100AnSpWht,False,False,2655.0,,,3 1/2oz,"100 ml,  ",,"Elegantdesign100 ml,  3 1/2ozFrosted glass bottlewithwhite vintage style bulb sprayerwithshiny silver collar cap.For use with cologne, Eau de Parfum, air freshner, face and body spray, or room spray. Antique or vintage bulb sprayers enhance the beauty of your product.Elegant bottle is a family of bottles available in 5ml , 15ml, 30ml, 60ml and 100ml.Price each",,,
GBElgFrst100AnSpRed,GBElgFrst100AnSpRed,False,False,972.0,,,3 1/2oz,"100 ml,  ",,"Elegantdesign100 ml,  3 1/2ozFrosted glass bottlewithred vintage style bulb sprayerwithshiny silver collar cap.For use with cologne, Eau de Parfum, air freshner, face and body spray, or room spray. Antique or vintage bulb sprayers enhance the beauty of your product.Elegant bottle is a family of bottles available in 5ml , 15ml, 30ml, 60ml and 100ml.Price each",,,
GBElgFrst100AnSpTslLvn,GBElgFrst100AnSpTslLvn,False,False,963.0,,,3 1/2oz,"100 ml,  ",,"Elegantdesign100 ml,  3 1/2ozFrosted glass bottlewithLavender vintage style bulb sprayer with Tasselwithshiny silver collar cap.For use with cologne, Eau de Parfum, air freshner, face and body spray, or room spray. Antique or vintage bulb sprayers enhance the beauty of your product.Elegant bottle is a family of bottles available in 5ml , 15ml, 30ml, 60ml and 100ml.Price each",,,
GBElgFrst100AnSpTslIvyGl,GBElgFrst100AnSpTslIvyGl,False,False,962.0,,,3 1/2oz,"100 ml,  ",,"Elegantdesign100 ml,  3 1/2ozFrosted glass bottlewithIvory vintage style bulb sprayer with tasselwithshiny gold collar cap.For use with cologne, Eau de Parfum, air freshner, face and body spray, or room spray. Antique or vintage bulb sprayers enhance the beauty of your product.Elegant bottle is a family of bottles available in 5ml , 15ml, 30ml, 60ml and 100ml.Price each",,,
GBElgFrst100AnSpTslIvySl,GBElgFrst100AnSpTslIvySl,False,False,1223.0,,,3 1/2oz,"100 ml,  ",,"Elegantdesign100 ml,  3 1/2ozFrosted glass bottlewithIvory vintage style bulb sprayer with tasselwithshiny silver collar cap.For use with cologne, Eau de Parfum, air freshner, face and body spray, or room spray. Antique or vintage bulb sprayers enhance the beauty of your product.Elegant bottle is a family of bottles available in 5ml , 15ml, 30ml, 60ml and 100ml.Price each",,,
GBElgFrst100AnSpTslWht,GBElgFrst100AnSpTslWht,False,False,2656.0,,,3 1/2oz,"100 ml,  ",,"Elegantdesign100 ml,  3 1/2ozFrosted glass bottlewithWhite vintage style bulb sprayer with tasselwithshiny silver collar cap.For use with cologne, Eau de Parfum, air freshner, face and body spray, or room spray. Antique or vintage bulb sprayers enhance the beauty of your product.Elegant bottle is a family of bottles available in 5ml , 15ml, 30ml, 60ml and 100ml.Price each",,,
GBElgFrst100AnSpTslPnk,GBElgFrst100AnSpTslPnk,False,False,964.0,,,3 1/2oz,"100 ml,  ",,"Elegantdesign100 ml,  3 1/2ozFrosted glass bottlewithPink vintage style bulb sprayer with tasselwithshiny gold collar cap.For use with cologne, Eau de Parfum, air freshner, face and body spray, or room spray. Antique or vintage bulb sprayers enhance the beauty of your product.Elegant bottle is a family of bottles available in 5ml , 15ml, 30ml, 60ml and 100ml.Price each",,,
GBElgFrst100AnSpTslRed,GBElgFrst100AnSpTslRed,False,False,974.0,,,3 1/2oz,"100 ml,  ",,"Elegantdesign100 ml,  3 1/2ozFrosted glass bottlewithRed vintage style bulb sprayer with tasselwithshiny silver collar cap.For use with cologne, Eau de Parfum, air freshner, face and body spray, or room spray. Antique or vintage bulb sprayers enhance the beauty of your product.Elegant bottle is a family of bottles available in 5ml , 15ml, 30ml, 60ml and 100ml.Price each",,,
GBElgFrst100AnSpTslBlk,GBElgFrst100AnSpTslBlk,False,True,960.0,,$7.03,3 1/2oz,"100 ml,  ",100 ml (3.38 oz),"Elegantdesign100 ml,  3 1/2ozFrosted glass bottlewithBlack vintage style bulb sprayer with tasselwithshiny silver collar cap.For use with cologne, Eau de Parfum, air freshner, face and body spray, or room spray. Antique or vintage bulb sprayers enhance the beauty of your product.Elegant bottle is a family of bottles available in 5ml , 15ml, 30ml, 60ml and 100ml.Price each","Elegant design 100 ml, 3 1/2oz frosted glass bottle with Black vintage style bulb sprayer with tassel with shiny silver collar cap. For use with cologne, Eau de Parfum, air freshner, face and body spray, or room spray. Antique or vintage bulb sprayers en",,False
GBElgFrst100AnSpTslMtSl,GBElgFrst100AnSpTslMtSl,False,False,2657.0,,,3 1/2oz,"100 ml,  ",,"Elegantdesign100 ml,  3 1/2ozFrosted glass bottlewithSilver vintage style bulb sprayer with tasselwithmatte silver collar cap.For use with cologne, Eau de Parfum, air freshner, face and body spray, or room spray. Antique or vintage bulb sprayers enhance the beauty of your product.Elegant bottle is a family of bottles available in 5ml , 15ml, 30ml, 60ml and 100ml.Price each",,,
GBElgFrst100AnSpTslGl,GBElgFrst100AnSpTslGl,False,False,961.0,,,3 1/2oz,"100 ml,  ",,"Elegantdesign100 ml,  3 1/2ozFrosted glass bottlewithGold vintage style bulb sprayer with tasselwithshiny gold collar cap.For use with cologne, Eau de Parfum, air freshner, face and body spray, or room spray. Antique or vintage bulb sprayers enhance the beauty of your product.Elegant bottle is a family of bottles available in 5ml , 15ml, 30ml, 60ml and 100ml.Price each",,,
GBElgFrst100RdcrPnkLthr,GBElgFrst100RdcrPnkLthr,False,False,1152.0,,,3 1/2oz,"100 ml,  ",,"Elegantdesign100 ml,  3 1/2ozFrosted glass bottlewithreducerandpink faux leather cap.For use with cologne, aftershave, splash on, and perfume or fragrance oil, beard oils.Elegant bottle is a family of bottles available in 5ml , 15ml, 30ml, 60ml and 100ml.Price each",,,
GBElgFrst100RdcrIvyLthr,GBElgFrst100RdcrIvyLthr,False,False,1151.0,,,3 1/2oz,"100 ml,  ",,"Elegantdesign100 ml,  3 1/2ozFrosted glass bottlewithreducerandivory faux leather cap.For use with cologne, aftershave, splash on, and perfume or fragrance oil, beard oils.Elegant bottle is a family of bottles available in 5ml , 15ml, 30ml, 60ml and 100ml.Price each",,,
LBElgFrst100WhtClOvrCp,LBElgFrst100WhtClOvrCp,False,False,2660.0,,,3 1/2oz,"100 ml,  ",,"Elegantdesign100 ml,  3 1/2ozFrosted glass bottlewithwhite rectangularwithclear over the cap.For use with lotions, moisturizer, and serums.Elegant bottle is a family of bottles available in 5ml , 15ml, 30ml, 60ml and 100ml.Price each",,,
GBElgFrst100SpryCu,GBElgFrst100SpryCu,False,True,2661.0,,$3.61,3 1/2oz,"100 ml,  ",100 ml (3.38 oz),"Elegantdesign100 ml,  3 1/2ozFrosted glass bottlewithmatte copper spray pump.For use with cologne, Eau de Parfum, air freshner, face and body spray, or room spray.Elegant bottle is a family of bottles available in 5ml , 15ml, 30ml, 60ml and 100ml.Price each","Elegant design 100 ml, 3 1/2oz frosted glass bottle with matte copper spray pump. For use with cologne, Eau de Parfum, air freshner, face and body spray, or room spray. Elegant bottle is a family of bottles available in 5ml, 15ml, 30ml, 60ml and 100ml. P",,False
LBElgFrst100LtnCu,LBElgFrst100LtnCu,False,False,2662.0,,,3 1/2oz,"100 ml,  ",,"Elegantdesign100 ml,  3 1/2ozFrosted glass bottlewithmatte copper lotion pump0.For use with lotions, moisturizer, and serums.Elegant bottle is a family of bottles available in 5ml , 15ml, 30ml, 60ml and 100ml.Price each",,,
GBEmp50RdcrShnGl,GBEmp50RdcrShnGl,False,False,327.0,,,1.7oz,"50 ml,  ",,"Empiredesign50 ml,  1.7oz Clear glass bottle  withreducerandshiny gold cap.For use with cologne, aftershave, splash on, and perfume or fragrance oil, beard oils.Empire design bottle is available in 2 sizes, 50ml and 100ml.Price each",,,
GBEmp50RdcrShnBlkTall,GBEmp50RdcrShnBlkTall,False,False,2663.0,,,1.7oz,"50 ml,  ",,"Empiredesign50 ml,  1.7oz Clear glass bottle  withreducerandtall black shiny cap.For use with cologne, aftershave, splash on, and perfume or fragrance oil, beard oils.Empire design bottle is available in 2 sizes, 50ml and 100ml.Price each",,,
GBEmp50RdcrShnBlk,GBEmp50RdcrShnBlk,False,False,328.0,,,1.7oz,"50 ml,  ",,"Empiredesign50 ml,  1.7oz Clear glass bottle  withreducerandblack shiny cap.For use with cologne, aftershave, splash on, and perfume or fragrance oil, beard oils.Empire design bottle is available in 2 sizes, 50ml and 100ml.Price each",,,
GBEmp50RdcrBlkLthr,GBEmp50RdcrBlkLthr,False,True,1185.0,,$2.42,1.7oz,"50 ml,  ",50 ml (1.69 oz),"Empiredesign50 ml,  1.7oz Clear glass bottle  withreducerandblack faux leather cap.For use with cologne, aftershave, splash on, and perfume or fragrance oil, beard oils.Empire design bottle is available in 2 sizes, 50ml and 100ml.Price each","Empire design 50 ml, 1.7oz clear glass bottle with reducer and black faux leather cap. For use with cologne, aftershave, splash on, and perfume or fragrance oil, beard oils. Empire design bottle is available in 2 sizes, 50ml and 100ml.",,False
GBEmp50RdcrBrwnLthr,GBEmp50RdcrBrwnLthr,False,False,2664.0,,,1.7oz,"50 ml,  ",,"Empiredesign50 ml,  1.7oz Clear glass bottle  withreducerandbrown faux leather cap.For use with cologne, aftershave, splash on, and perfume or fragrance oil, beard oils.Empire design bottle is available in 2 sizes, 50ml and 100ml.Price each",,,
GBEmp50RdcrLBrwnLthr,GBEmp50RdcrLBrwnLthr,False,False,2665.0,,,1.7oz,"50 ml,  ",,"Empiredesign50 ml,  1.7oz Clear glass bottle  withreducerandlight brown faux leather cap.For use with cologne, aftershave, splash on, and perfume or fragrance oil, beard oils.Empire design bottle is available in 2 sizes, 50ml and 100ml.Price each",,,
GBEmp50RdcrShnSl,GBEmp50RdcrShnSl,False,False,326.0,,,1.7oz,"50 ml,  ",,"Empiredesign50 ml,  1.7oz Clear glass bottle  withreducerandshiny silver cap.For use with cologne, aftershave, splash on, and perfume or fragrance oil, beard oils.Empire design bottle is available in 2 sizes, 50ml and 100ml.Price each",,,
GBEmp50RdcrMtSlTall,GBEmp50RdcrMtSlTall,False,False,2666.0,,,1.7oz,"50 ml,  ",,"Empiredesign50 ml,  1.7oz Clear glass bottle  withreducerandtall silver matte cap.For use with cologne, aftershave, splash on, and perfume or fragrance oil, beard oils.Empire design bottle is available in 2 sizes, 50ml and 100ml.Price each",,,
GBEmp50RdcrMtSl,GBEmp50RdcrMtSl,False,False,2667.0,,,1.7oz,"50 ml,  ",,"Empiredesign50 ml,  1.7oz Clear glass bottle  withreducerandsilver matte cap.For use with cologne, aftershave, splash on, and perfume or fragrance oil, beard oils.Empire design bottle is available in 2 sizes, 50ml and 100ml.Price each",,,
GBEmp50RdcrWht,GBEmp50RdcrWht,False,False,2668.0,,,1.7oz,"50 ml,  ",,"Empiredesign50 ml,  1.7oz Clear glass bottle  withreducerandwhite cap.For use with cologne, aftershave, splash on, and perfume or fragrance oil, beard oils.Empire design bottle is available in 2 sizes, 50ml and 100ml.Price each",,,
GBEmp50SpryMtGl,GBEmp50SpryMtGl,False,False,2669.0,,,1.7oz,"50 ml,  ",,"Empiredesign50 ml,  1.7oz Clear glass bottle  withmatte gold spray pump0.For use with cologne, Eau de Parfum, air freshner, face and body spray, or room spray.Empire design bottle is available in 2 sizes, 50ml and 100ml.Price each",,,
LBEmp50LtnMtGl,LBEmp50LtnMtGl,False,False,2670.0,,,1.7oz,"50 ml,  ",,"Empiredesign50 ml,  1.7oz Clear glass bottle  withmatte gold lotion pump00.For use with lotions, moisturizer, and serums.Empire design bottle is available in 2 sizes, 50ml and 100ml.Price each",,,
GBEmp50SpryShnGl,GBEmp50SpryShnGl,False,False,321.0,,,1.7oz,"50 ml,  ",,"Empiredesign50 ml,  1.7oz Clear glass bottle  withshiny gold spray pump0.For use with cologne, Eau de Parfum, air freshner, face and body spray, or room spray.Empire design bottle is available in 2 sizes, 50ml and 100ml.Price each",,,
LBEmp50LtnShnGl,LBEmp50LtnShnGl,False,False,2671.0,,,1.7oz,"50 ml,  ",,"Empiredesign50 ml,  1.7oz Clear glass bottle  withshiny gold lotion pump0.For use with lotions, moisturizer, and serums.Empire design bottle is available in 2 sizes, 50ml and 100ml.Price each",,,
GBEmp50SpryShnBlk,GBEmp50SpryShnBlk,False,False,393.0,,,1.7oz,"50 ml,  ",,"Empiredesign50 ml,  1.7oz Clear glass bottle  withshiny black spray pump0.For use with cologne, Eau de Parfum, air freshner, face and body spray, or room spray.Empire design bottle is available in 2 sizes, 50ml and 100ml.Price each",,,
LBEmp50LtnShnBlk,LBEmp50LtnShnBlk,False,False,2672.0,,,1.7oz,"50 ml,  ",,"Empiredesign50 ml,  1.7oz Clear glass bottle  withshiny black lotion pump0.For use with lotions, moisturizer, and serums.Empire design bottle is available in 2 sizes, 50ml and 100ml.Price each",,,
GBEmp50SpryMtSl,GBEmp50SpryMtSl,False,False,134.0,,,1.7oz,"50 ml,  ",,"Empiredesign50 ml,  1.7oz Clear glass bottle  withmatte silver spray pump0.For use with cologne, Eau de Parfum, air freshner, face and body spray, or room spray.Empire design bottle is available in 2 sizes, 50ml and 100ml.Price each",,,
LBEmp50LtnMtSl,LBEmp50LtnMtSl,False,False,2673.0,,,1.7oz,"50 ml,  ",,"Empiredesign50 ml,  1.7oz Clear glass bottle  withmatte silver lotion pump0.For use with lotions, moisturizer, and serums.Empire design bottle is available in 2 sizes, 50ml and 100ml.Price each",,,
LBEmp50LtnClOvrCap,LBEmp50LtnClOvrCap,False,True,2674.0,,$3.14,1.7oz,"50 ml,  ",50 ml (1.69 oz),"Empiredesign50 ml,  1.7oz Clear glass bottle  withwith a matte silver collar treatment pump and clear overcap.0.For use with lotions, moisturizer, and serums.Empire design bottle is available in 2 sizes, 50ml and 100ml.Price each","Empire design 50 ml, 1.7oz clear glass bottle with with a matte silver collar treatment pump and clear overcap. For use with serums, light creams, moisturizers, facial oils or face oils, beard oils, body lotions, body wash, and hair products. Empire desig",,False
GBEmp50SpryShnSl,GBEmp50SpryShnSl,False,False,320.0,,,1.7oz,"50 ml,  ",,"Empiredesign50 ml,  1.7oz Clear glass bottle  withshiny silver spray pump0.For use with cologne, Eau de Parfum, air freshner, face and body spray, or room spray.Empire design bottle is available in 2 sizes, 50ml and 100ml.Price each",,,
LBEmp50LtnShnSl,LBEmp50LtnShnSl,False,False,2675.0,,,1.7oz,"50 ml,  ",,"Empiredesign50 ml,  1.7oz Clear glass bottle  withshiny silver lotion pump0.For use with lotions, moisturizer, and serums.Empire design bottle is available in 2 sizes, 50ml and 100ml.Price each",,,
GBEmp50AnSpLvn,GBEmp50AnSpLvn,False,False,311.0,,,1.7oz,"50 ml,  ",,"Empiredesign50 ml,  1.7oz Clear glass bottle  withlavender vintage style bulb sprayerwithshiny silver collar cap.For use with cologne, Eau de Parfum, air freshner, face and body spray, or room spray. Antique or vintage bulb sprayers enhance the beauty of your product.Empire design bottle is available in 2 sizes, 50ml and 100ml.Price each",,,
GBEmp50AnSpPnk,GBEmp50AnSpPnk,False,False,312.0,,,1.7oz,"50 ml,  ",,"Empiredesign50 ml,  1.7oz Clear glass bottle  withpink vintage style bulb sprayerwithshiny gold collar cap.For use with cologne, Eau de Parfum, air freshner, face and body spray, or room spray. Antique or vintage bulb sprayers enhance the beauty of your product.Empire design bottle is available in 2 sizes, 50ml and 100ml.Price each",,,
GBEmp50AnSpMtSl,GBEmp50AnSpMtSl,False,False,2676.0,,,1.7oz,"50 ml,  ",,"Empiredesign50 ml,  1.7oz Clear glass bottle  withmatte silver vintage style sprayerwithmatte silver collar cap.For use with cologne, Eau de Parfum, air freshner, face and body spray, or room spray. Antique or vintage bulb sprayers enhance the beauty of your product.Empire design bottle is available in 2 sizes, 50ml and 100ml.Price each",,,
GBEmp50AnSpIvySl,GBEmp50AnSpIvySl,False,False,1009.0,,,1.7oz,"50 ml,  ",,"Empiredesign50 ml,  1.7oz Clear glass bottle  withivory vintage style bulb sprayerwithshiny silver collar cap.For use with cologne, Eau de Parfum, air freshner, face and body spray, or room spray. Antique or vintage bulb sprayers enhance the beauty of your product.Empire design bottle is available in 2 sizes, 50ml and 100ml.Price each",,,
GBEmp50AnSpGl,GBEmp50AnSpGl,False,False,310.0,,,1.7oz,"50 ml,  ",,"Empiredesign50 ml,  1.7oz Clear glass bottle  withgold vintage style sprayerwithshiny gold collar cap.For use with cologne, Eau de Parfum, air freshner, face and body spray, or room spray. Antique or vintage bulb sprayers enhance the beauty of your product.Empire design bottle is available in 2 sizes, 50ml and 100ml.Price each",,,
GBEmp50AnSpIvyGl,GBEmp50AnSpIvyGl,False,False,334.0,,,1.7oz,"50 ml,  ",,"Empiredesign50 ml,  1.7oz Clear glass bottle  withivory vintage style bulb sprayerwithshiny gold collar cap.For use with cologne, Eau de Parfum, air freshner, face and body spray, or room spray. Antique or vintage bulb sprayers enhance the beauty of your product.Empire design bottle is available in 2 sizes, 50ml and 100ml.Price each",,,
GBEmp50AnSpBlk,GBEmp50AnSpBlk,False,True,309.0,,$5.84,1.7oz,"50 ml,  ",50 ml (1.69 oz),"Empiredesign50 ml,  1.7oz Clear glass bottle  withblack vintage style bulb sprayerwithshiny silver collar cap.For use with cologne, Eau de Parfum, air freshner, face and body spray, or room spray. Antique or vintage bulb sprayers enhance the beauty of your product.Empire design bottle is available in 2 sizes, 50ml and 100ml.Price each","Empire design 50 ml, 1.7oz clear glass bottle with black vintage style bulb sprayer with shiny silver collar cap. For use with cologne, Eau de Parfum, air freshner, face and body spray, or room spray. Antique or vintage bulb sprayers enhance the beauty",,False
GBEmp50AnSpWht,GBEmp50AnSpWht,False,False,2677.0,,,1.7oz,"50 ml,  ",,"Empiredesign50 ml,  1.7oz Clear glass bottle  withwhite vintage style bulb sprayerwithshiny silver collar cap.For use with cologne, Eau de Parfum, air freshner, face and body spray, or room spray. Antique or vintage bulb sprayers enhance the beauty of your product.Empire design bottle is available in 2 sizes, 50ml and 100ml.Price each",,,
GBEmp50AnSpRed,GBEmp50AnSpRed,False,False,1010.0,,,1.7oz,"50 ml,  ",,"Empiredesign50 ml,  1.7oz Clear glass bottle  withred vintage style bulb sprayerwithshiny silver collar cap.For use with cologne, Eau de Parfum, air freshner, face and body spray, or room spray. Antique or vintage bulb sprayers enhance the beauty of your product.Empire design bottle is available in 2 sizes, 50ml and 100ml.Price each",,,
GBEmp50AnSpTslLvn,GBEmp50AnSpTslLvn,False,False,316.0,,,1.7oz,"50 ml,  ",,"Empiredesign50 ml,  1.7oz Clear glass bottle  withLavender vintage style bulb sprayer with Tasselwithshiny silver collar cap.For use with cologne, Eau de Parfum, air freshner, face and body spray, or room spray. Antique or vintage bulb sprayers enhance the beauty of your product.Empire design bottle is available in 2 sizes, 50ml and 100ml.Price each",,,
GBEmp50AnSpTslIvyGl,GBEmp50AnSpTslIvyGl,False,False,315.0,,,1.7oz,"50 ml,  ",,"Empiredesign50 ml,  1.7oz Clear glass bottle  withIvory vintage style bulb sprayer with tasselwithshiny gold collar cap.For use with cologne, Eau de Parfum, air freshner, face and body spray, or room spray. Antique or vintage bulb sprayers enhance the beauty of your product.Empire design bottle is available in 2 sizes, 50ml and 100ml.Price each",,,
GBEmp50AnSpTslIvySl,GBEmp50AnSpTslIvySl,False,False,1011.0,,,1.7oz,"50 ml,  ",,"Empiredesign50 ml,  1.7oz Clear glass bottle  withIvory vintage style bulb sprayer with tasselwithshiny silver collar cap.For use with cologne, Eau de Parfum, air freshner, face and body spray, or room spray. Antique or vintage bulb sprayers enhance the beauty of your product.Empire design bottle is available in 2 sizes, 50ml and 100ml.Price each",,,
GBEmp50AnSpTslWht,GBEmp50AnSpTslWht,False,False,2678.0,,,1.7oz,"50 ml,  ",,"Empiredesign50 ml,  1.7oz Clear glass bottle  withWhite vintage style bulb sprayer with tasselwithshiny silver collar cap.For use with cologne, Eau de Parfum, air freshner, face and body spray, or room spray. Antique or vintage bulb sprayers enhance the beauty of your product.Empire design bottle is available in 2 sizes, 50ml and 100ml.Price each",,,
GBEmp50AnSpTslPnk,GBEmp50AnSpTslPnk,False,False,317.0,,,1.7oz,"50 ml,  ",,"Empiredesign50 ml,  1.7oz Clear glass bottle  withPink vintage style bulb sprayer with tasselwithshiny gold collar cap.For use with cologne, Eau de Parfum, air freshner, face and body spray, or room spray. Antique or vintage bulb sprayers enhance the beauty of your product.Empire design bottle is available in 2 sizes, 50ml and 100ml.Price each",,,
GBEmp50AnSpTslRed,GBEmp50AnSpTslRed,False,False,1012.0,,,1.7oz,"50 ml,  ",,"Empiredesign50 ml,  1.7oz Clear glass bottle  withRed vintage style bulb sprayer with tasselwithshiny silver collar cap.For use with cologne, Eau de Parfum, air freshner, face and body spray, or room spray. Antique or vintage bulb sprayers enhance the beauty of your product.Empire design bottle is available in 2 sizes, 50ml and 100ml.Price each",,,
GBEmp50AnSpTslBlk,GBEmp50AnSpTslBlk,False,True,313.0,,$6.56,1.7oz,"50 ml,  ",50 ml (1.69 oz),"Empiredesign50 ml,  1.7oz Clear glass bottle  withBlack vintage style bulb sprayer with tasselwithshiny silver collar cap.For use with cologne, Eau de Parfum, air freshner, face and body spray, or room spray. Antique or vintage bulb sprayers enhance the beauty of your product.Empire design bottle is available in 2 sizes, 50ml and 100ml.Price each","Empire design 50 ml, 1.7oz clear glass bottle with Black vintage style bulb sprayer with tassel with shiny silver collar cap. For use with cologne, Eau de Parfum, air freshner, face and body spray, or room spray. Antique or vintage bulb sprayers enhanc",,False
GBEmp50AnSpTslMtSl,GBEmp50AnSpTslMtSl,False,False,2679.0,,,1.7oz,"50 ml,  ",,"Empiredesign50 ml,  1.7oz Clear glass bottle  withSilver vintage style bulb sprayer with tasselwithmatte silver collar cap.For use with cologne, Eau de Parfum, air freshner, face and body spray, or room spray. Antique or vintage bulb sprayers enhance the beauty of your product.Empire design bottle is available in 2 sizes, 50ml and 100ml.Price each",,,
GBEmp50AnSpTslGl,GBEmp50AnSpTslGl,False,False,314.0,,,1.7oz,"50 ml,  ",,"Empiredesign50 ml,  1.7oz Clear glass bottle  withGold vintage style bulb sprayer with tasselwithshiny gold collar cap.For use with cologne, Eau de Parfum, air freshner, face and body spray, or room spray. Antique or vintage bulb sprayers enhance the beauty of your product.Empire design bottle is available in 2 sizes, 50ml and 100ml.Price each",,,
GBEmp50DrpSl,GBEmp50DrpSl,False,False,2680.0,,,1.7oz,"50 ml,  ",,"Empiredesign50 ml,  1.7oz Clear glass bottle  withwhite dropperwithshiny silver collar cap.For use with perfume oils, diffuser oils, serums, primers, facial oils or face oils, moisturizer, and beard oils.Empire design bottle is available in 2 sizes, 50ml and 100ml.Price each",,,
GBEmp50DrpGl,GBEmp50DrpGl,False,False,2681.0,,,1.7oz,"50 ml,  ",,"Empiredesign50 ml,  1.7oz Clear glass bottle  withwhite dropperwithshiny gold collar cap.For use with perfume oils, diffuser oils, serums, primers, facial oils or face oils, moisturizer, and beard oils.Empire design bottle is available in 2 sizes, 50ml and 100ml.Price each",,,
GBEmp50DrpCu,GBEmp50DrpCu,False,True,2682.0,,$2.33,1.7oz,"50 ml,  ",50 ml (1.69 oz),"Empiredesign50 ml,  1.7oz Clear glass bottle  withwhite dropperwithshiny copper collar cap.For use with perfume oils, diffuser oils, serums, primers, facial oils or face oils, moisturizer, and beard oils.Empire design bottle is available in 2 sizes, 50ml and 100ml.Price each","Empire design 50 ml, 1.7oz clear glass bottle with white dropper with shiny copper collar cap. For use with perfume oils, diffuser oils, serums, primers, facial oils or face oils, moisturizer, and beard oils. Empire design bottle is available in 2 sizes",,False
GBEmp50RdcrPnkLthr,GBEmp50RdcrPnkLthr,False,False,1187.0,,,1.7oz,"50 ml,  ",,"Empiredesign50 ml,  1.7oz Clear glass bottle  withreducerandpink faux leather cap.For use with cologne, aftershave, splash on, and perfume or fragrance oil, beard oils.Empire design bottle is available in 2 sizes, 50ml and 100ml.Price each",,,
GBEmp50RdcrIvyLthr,GBEmp50RdcrIvyLthr,False,False,1186.0,,,1.7oz,"50 ml,  ",,"Empiredesign50 ml,  1.7oz Clear glass bottle  withreducerandivory faux leather cap.For use with cologne, aftershave, splash on, and perfume or fragrance oil, beard oils.Empire design bottle is available in 2 sizes, 50ml and 100ml.Price each",,,
LBEmp50WhtClOvrCp,LBEmp50WhtClOvrCp,False,False,2683.0,,,1.7oz,"50 ml,  ",,"Empiredesign50 ml,  1.7oz Clear glass bottle  withwhite rectangularandclear over the cap.For use with lotions, moisturizer, and serums.Empire design bottle is available in 2 sizes, 50ml and 100ml.Price each",,,
GBEmp50SpryCu,GBEmp50SpryCu,False,True,2684.0,,$3.14,1.7oz,"50 ml,  ",50 ml (1.69 oz),"Empiredesign50 ml,  1.7oz Clear glass bottle  withmatte copper spray pump0.For use with cologne, Eau de Parfum, air freshner, face and body spray, or room spray.Empire design bottle is available in 2 sizes, 50ml and 100ml.Price each","Empire design 50 ml, 1.7oz clear glass bottle with matte copper spray pump & cap. For use with cologne, Eau de Parfum, air freshner, face and body spray, or room spray. Empire design bottle is available in 2 sizes, 50ml and 100ml.",,False
LBEmp50LtnCu,LBEmp50LtnCu,False,False,2685.0,,,1.7oz,"50 ml,  ",,"Empiredesign50 ml,  1.7oz Clear glass bottle  withmatte copper lotion pump0.For use with lotions, moisturizer, and serums.Empire design bottle is available in 2 sizes, 50ml and 100ml.Price each",,,
GBEmp100RdcrShnGl,GBEmp100RdcrShnGl,False,False,2686.0,,,3 1/2oz,"100 ml,  ",,"Empiredesign100 ml,  3 1/2oz Clear glass bottle  withreducerandshiny gold cap.For use with cologne, aftershave, splash on, and perfume or fragrance oil, beard oils.Empire design bottle is available in 2 sizes, 50ml and 100ml.Price each",,,
GBEmp100RdcrShnBlkTall,GBEmp100RdcrShnBlkTall,False,False,2687.0,,,3 1/2oz,"100 ml,  ",,"Empiredesign100 ml,  3 1/2oz Clear glass bottle  withreducerandtall black shiny cap.For use with cologne, aftershave, splash on, and perfume or fragrance oil, beard oils.Empire design bottle is available in 2 sizes, 50ml and 100ml.Price each",,,
GBEmp100RdcrShnBlk,GBEmp100RdcrShnBlk,False,False,3443.0,,,3 1/2oz,"100 ml,  ",,"Empiredesign100 ml,  3 1/2oz Clear glass bottle  withreducerandblack shiny cap.For use with cologne, aftershave, splash on, and perfume or fragrance oil, beard oils.Empire design bottle is available in 2 sizes, 50ml and 100ml.Price each",,,
GBEmp100RdcrBlkLthr,GBEmp100RdcrBlkLthr,False,True,2688.0,,$2.61,3 1/2oz,"100 ml,  ",100 ml (3.38 oz),"Empiredesign100 ml,  3 1/2oz Clear glass bottle  withreducerandblack faux leather cap.For use with cologne, aftershave, splash on, and perfume or fragrance oil, beard oils.Empire design bottle is available in 2 sizes, 50ml and 100ml.Price each","Empire design 100 ml, 3 1/2oz clear glass bottle with reducer and black faux leather cap. For use with cologne, aftershave, splash on, and perfume or fragrance oil, beard oils. Empire design bottle is available in 2 sizes, 50ml and 100ml.",,False
GBEmp100RdcrBrwnLthr,GBEmp100RdcrBrwnLthr,False,False,2689.0,,,3 1/2oz,"100 ml,  ",,"Empiredesign100 ml,  3 1/2oz Clear glass bottle  withreducerandbrown faux leather cap.For use with cologne, aftershave, splash on, and perfume or fragrance oil, beard oils.Empire design bottle is available in 2 sizes, 50ml and 100ml.Price each",,,
GBEmp100RdcrLBrwnLthr,GBEmp100RdcrLBrwnLthr,False,False,2690.0,,,3 1/2oz,"100 ml,  ",,"Empiredesign100 ml,  3 1/2oz Clear glass bottle  withreducerandlight brown faux leather cap.For use with cologne, aftershave, splash on, and perfume or fragrance oil, beard oils.Empire design bottle is available in 2 sizes, 50ml and 100ml.Price each",,,
GBEmp100RdcrShnSl,GBEmp100RdcrShnSl,False,False,2691.0,,,3 1/2oz,"100 ml,  ",,"Empiredesign100 ml,  3 1/2oz Clear glass bottle  withreducerandshiny silver cap.For use with cologne, aftershave, splash on, and perfume or fragrance oil, beard oils.Empire design bottle is available in 2 sizes, 50ml and 100ml.Price each",,,
GBEmp100RdcrMtSlTall,GBEmp100RdcrMtSlTall,False,False,2692.0,,,3 1/2oz,"100 ml,  ",,"Empiredesign100 ml,  3 1/2oz Clear glass bottle  withreducerandtall silver matte cap.For use with cologne, aftershave, splash on, and perfume or fragrance oil, beard oils.Empire design bottle is available in 2 sizes, 50ml and 100ml.Price each",,,
GBEmp100RdcrMtSl,GBEmp100RdcrMtSl,False,False,2693.0,,,3 1/2oz,"100 ml,  ",,"Empiredesign100 ml,  3 1/2oz Clear glass bottle  withreducerandsilver matte cap.For use with cologne, aftershave, splash on, and perfume or fragrance oil, beard oils.Empire design bottle is available in 2 sizes, 50ml and 100ml.Price each",,,
GBEmp100RdcrWht,GBEmp100RdcrWht,False,False,2694.0,,,3 1/2oz,"100 ml,  ",,"Empiredesign100 ml,  3 1/2oz Clear glass bottle  withreducerandwhite cap.For use with cologne, aftershave, splash on, and perfume or fragrance oil, beard oils.Empire design bottle is available in 2 sizes, 50ml and 100ml.Price each",,,
GBEmp100SpryMtGl,GBEmp100SpryMtGl,False,False,2695.0,,,3 1/2oz,"100 ml,  ",,"Empiredesign100 ml,  3 1/2oz Clear glass bottle  withmatte gold spray pump0.For use with cologne, Eau de Parfum, air freshner, face and body spray, or room spray.Empire design bottle is available in 2 sizes, 50ml and 100ml.Price each",,,
LBEmp100LtnMtGl,LBEmp100LtnMtGl,False,False,2696.0,,,3 1/2oz,"100 ml,  ",,"Empiredesign100 ml,  3 1/2oz Clear glass bottle  withmatte gold lotion pump0.For use with lotions, moisturizer, and serums.Empire design bottle is available in 2 sizes, 50ml and 100ml.Price each",,,
GBEmp100SpryShnGl,GBEmp100SpryShnGl,False,False,2697.0,,,3 1/2oz,"100 ml,  ",,"Empiredesign100 ml,  3 1/2oz Clear glass bottle  withshiny gold spray pump0.For use with cologne, Eau de Parfum, air freshner, face and body spray, or room spray.Empire design bottle is available in 2 sizes, 50ml and 100ml.Price each",,,
LBEmp100LtnShnGl,LBEmp100LtnShnGl,False,False,2698.0,,,3 1/2oz,"100 ml,  ",,"Empiredesign100 ml,  3 1/2oz Clear glass bottle  withshiny gold lotion pump0.For use with lotions, moisturizer, and serums.Empire design bottle is available in 2 sizes, 50ml and 100ml.Price each",,,
GBEmp100SpryShnBlk,GBEmp100SpryShnBlk,False,False,2699.0,,,3 1/2oz,"100 ml,  ",,"Empiredesign100 ml,  3 1/2oz Clear glass bottle  withshiny black spray pump0.For use with cologne, Eau de Parfum, air freshner, face and body spray, or room spray.Empire design bottle is available in 2 sizes, 50ml and 100ml.Price each",,,
LBEmp100LtnShnBlk,LBEmp100LtnShnBlk,False,False,2700.0,,,3 1/2oz,"100 ml,  ",,"Empiredesign100 ml,  3 1/2oz Clear glass bottle  withshiny black lotion pump0.For use with lotions, moisturizer, and serums.Empire design bottle is available in 2 sizes, 50ml and 100ml.Price each",,,
GBEmp100SpryMtSl,GBEmp100SpryMtSl,False,False,2701.0,,,3 1/2oz,"100 ml,  ",,"Empiredesign100 ml,  3 1/2oz Clear glass bottle  withmatte silver spray pump0.For use with cologne, Eau de Parfum, air freshner, face and body spray, or room spray.Empire design bottle is available in 2 sizes, 50ml and 100ml.Price each",,,
LBEmp100LtnMtSl,LBEmp100LtnMtSl,False,False,2702.0,,,3 1/2oz,"100 ml,  ",,"Empiredesign100 ml,  3 1/2oz Clear glass bottle  withmatte silver lotion pump0.For use with lotions, moisturizer, and serums.Empire design bottle is available in 2 sizes, 50ml and 100ml.Price each",,,
LBEmp100LtnClOvrCap,LBEmp100LtnClOvrCap,False,True,2703.0,,$3.33,3 1/2oz,"100 ml,  ",100 ml (3.38 oz),"Empiredesign100 ml,  3 1/2oz Clear glass bottle  withwith a matte silver collar treatment pump and clear overcap.0.For use with lotions, moisturizer, and serums.Empire design bottle is available in 2 sizes, 50ml and 100ml.Price each","Empire design 100 ml, 3 1/2oz clear glass bottle with with a matte silver collar treatment pump and clear overcap. For use with serums, light creams, moisturizers, facial oils or face oils, beard oils, body lotions, body wash, and hair products. Empire de",,False
GBEmp100SpryShnSl,GBEmp100SpryShnSl,False,False,2704.0,,,3 1/2oz,"100 ml,  ",,"Empiredesign100 ml,  3 1/2oz Clear glass bottle  withshiny silver spray pump0.For use with cologne, Eau de Parfum, air freshner, face and body spray, or room spray.Empire design bottle is available in 2 sizes, 50ml and 100ml.Price each",,,
LBEmp100LtnShnSl,LBEmp100LtnShnSl,False,False,2705.0,,,3 1/2oz,"100 ml,  ",,"Empiredesign100 ml,  3 1/2oz Clear glass bottle  withshiny silver lotion pump0.For use with lotions, moisturizer, and serums.Empire design bottle is available in 2 sizes, 50ml and 100ml.Price each",,,
GBEmp100AnSpLvn,GBEmp100AnSpLvn,False,False,2706.0,,,3 1/2oz,"100 ml,  ",,"Empiredesign100 ml,  3 1/2oz Clear glass bottle  withlavender vintage style bulb sprayerwithshiny silver collar cap.For use with cologne, Eau de Parfum, air freshner, face and body spray, or room spray. Antique or vintage bulb sprayers enhance the beauty of your product.Empire design bottle is available in 2 sizes, 50ml and 100ml.Price each",,,
GBEmp100AnSpPnk,GBEmp100AnSpPnk,False,False,2707.0,,,3 1/2oz,"100 ml,  ",,"Empiredesign100 ml,  3 1/2oz Clear glass bottle  withpink vintage style bulb sprayerwithshiny gold collar cap.For use with cologne, Eau de Parfum, air freshner, face and body spray, or room spray. Antique or vintage bulb sprayers enhance the beauty of your product.Empire design bottle is available in 2 sizes, 50ml and 100ml.Price each",,,
GBEmp100AnSpMtSl,GBEmp100AnSpMtSl,False,False,2708.0,,,3 1/2oz,"100 ml,  ",,"Empiredesign100 ml,  3 1/2oz Clear glass bottle  withmatte silver vintage style sprayerwithmatte silver collar cap.For use with cologne, Eau de Parfum, air freshner, face and body spray, or room spray. Antique or vintage bulb sprayers enhance the beauty of your product.Empire design bottle is available in 2 sizes, 50ml and 100ml.Price each",,,
GBEmp100AnSpIvySl,GBEmp100AnSpIvySl,False,False,3300.0,,,3 1/2oz,"100 ml,  ",,"Empiredesign100 ml,  3 1/2oz Clear glass bottle  withivory vintage style bulb sprayerwithshiny silver collar cap.For use with cologne, Eau de Parfum, air freshner, face and body spray, or room spray. Antique or vintage bulb sprayers enhance the beauty of your product.Empire design bottle is available in 2 sizes, 50ml and 100ml.Price each",,,
GBEmp100AnSpGl,GBEmp100AnSpGl,False,False,3299.0,,,3 1/2oz,"100 ml,  ",,"Empiredesign100 ml,  3 1/2oz Clear glass bottle  withgold vintage style sprayerwithshiny gold collar cap.For use with cologne, Eau de Parfum, air freshner, face and body spray, or room spray. Antique or vintage bulb sprayers enhance the beauty of your product.Empire design bottle is available in 2 sizes, 50ml and 100ml.Price each",,,
GBEmp100AnSpIvyGl,GBEmp100AnSpIvyGl,False,False,2709.0,,,3 1/2oz,"100 ml,  ",,"Empiredesign100 ml,  3 1/2oz Clear glass bottle  withivory vintage style bulb sprayerwithshiny gold collar cap.For use with cologne, Eau de Parfum, air freshner, face and body spray, or room spray. Antique or vintage bulb sprayers enhance the beauty of your product.Empire design bottle is available in 2 sizes, 50ml and 100ml.Price each",,,
GBEmp100AnSpBlk,GBEmp100AnSpBlk,False,True,3298.0,,$6.03,3 1/2oz,"100 ml,  ",100 ml (3.38 oz),"Empiredesign100 ml,  3 1/2oz Clear glass bottle  withblack vintage style bulb sprayerwithshiny silver collar cap.For use with cologne, Eau de Parfum, air freshner, face and body spray, or room spray. Antique or vintage bulb sprayers enhance the beauty of your product.Empire design bottle is available in 2 sizes, 50ml and 100ml.Price each","Empire design 100 ml, 3 1/2oz clear glass bottle with black vintage style bulb sprayer with shiny silver collar cap. For use with cologne, Eau de Parfum, air freshner, face and body spray, or room spray. Antique or vintage bulb sprayers enhance the bea",,False
GBEmp100AnSpWht,GBEmp100AnSpWht,False,False,2710.0,,,3 1/2oz,"100 ml,  ",,"Empiredesign100 ml,  3 1/2oz Clear glass bottle  withwhite vintage style bulb sprayerwithshiny silver collar cap.For use with cologne, Eau de Parfum, air freshner, face and body spray, or room spray. Antique or vintage bulb sprayers enhance the beauty of your product.Empire design bottle is available in 2 sizes, 50ml and 100ml.Price each",,,
GBEmp100AnSpRed,GBEmp100AnSpRed,False,False,2711.0,,,3 1/2oz,"100 ml,  ",,"Empiredesign100 ml,  3 1/2oz Clear glass bottle  withred vintage style bulb sprayerwithshiny silver collar cap.For use with cologne, Eau de Parfum, air freshner, face and body spray, or room spray. Antique or vintage bulb sprayers enhance the beauty of your product.Empire design bottle is available in 2 sizes, 50ml and 100ml.Price each",,,
GBEmp100AnSpTslLvn,GBEmp100AnSpTslLvn,False,False,3304.0,,,3 1/2oz,"100 ml,  ",,"Empiredesign100 ml,  3 1/2oz Clear glass bottle  withLavender vintage style bulb sprayer with Tasselwithshiny silver collar cap.For use with cologne, Eau de Parfum, air freshner, face and body spray, or room spray. Antique or vintage bulb sprayers enhance the beauty of your product.Empire design bottle is available in 2 sizes, 50ml and 100ml.Price each",,,
GBEmp100AnSpTslIvyGl,GBEmp100AnSpTslIvyGl,False,False,3303.0,,,3 1/2oz,"100 ml,  ",,"Empiredesign100 ml,  3 1/2oz Clear glass bottle  withIvory vintage style bulb sprayer with tasselwithshiny gold collar cap.For use with cologne, Eau de Parfum, air freshner, face and body spray, or room spray. Antique or vintage bulb sprayers enhance the beauty of your product.Empire design bottle is available in 2 sizes, 50ml and 100ml.Price each",,,
GBEmp100AnSpTslIvySl,GBEmp100AnSpTslIvySl,False,False,2712.0,,,3 1/2oz,"100 ml,  ",,"Empiredesign100 ml,  3 1/2oz Clear glass bottle  withIvory vintage style bulb sprayer with tasselwithshiny silver collar cap.For use with cologne, Eau de Parfum, air freshner, face and body spray, or room spray. Antique or vintage bulb sprayers enhance the beauty of your product.Empire design bottle is available in 2 sizes, 50ml and 100ml.Price each",,,
GBEmp100AnSpTslWht,GBEmp100AnSpTslWht,False,False,2713.0,,,3 1/2oz,"100 ml,  ",,"Empiredesign100 ml,  3 1/2oz Clear glass bottle  withWhite vintage style bulb sprayer with tasselwithshiny silver collar cap.For use with cologne, Eau de Parfum, air freshner, face and body spray, or room spray. Antique or vintage bulb sprayers enhance the beauty of your product.Empire design bottle is available in 2 sizes, 50ml and 100ml.Price each",,,
GBEmp100AnSpTslPnk,GBEmp100AnSpTslPnk,False,False,3305.0,,,3 1/2oz,"100 ml,  ",,"Empiredesign100 ml,  3 1/2oz Clear glass bottle  withPink vintage style bulb sprayer with tasselwithshiny gold collar cap.For use with cologne, Eau de Parfum, air freshner, face and body spray, or room spray. Antique or vintage bulb sprayers enhance the beauty of your product.Empire design bottle is available in 2 sizes, 50ml and 100ml.Price each",,,
GBEmp100AnSpTslRed,GBEmp100AnSpTslRed,False,False,3306.0,,,3 1/2oz,"100 ml,  ",,"Empiredesign100 ml,  3 1/2oz Clear glass bottle  withRed vintage style bulb sprayer with tasselwithshiny silver collar cap.For use with cologne, Eau de Parfum, air freshner, face and body spray, or room spray. Antique or vintage bulb sprayers enhance the beauty of your product.Empire design bottle is available in 2 sizes, 50ml and 100ml.Price each",,,
GBEmp100AnSpTslBlk,GBEmp100AnSpTslBlk,False,True,3301.0,,$6.75,3 1/2oz,"100 ml,  ",100 ml (3.38 oz),"Empiredesign100 ml,  3 1/2oz Clear glass bottle  withBlack vintage style bulb sprayer with tasselwithshiny silver collar cap.For use with cologne, Eau de Parfum, air freshner, face and body spray, or room spray. Antique or vintage bulb sprayers enhance the beauty of your product.Empire design bottle is available in 2 sizes, 50ml and 100ml.Price each","Empire design 100 ml, 3 1/2oz clear glass bottle with Black vintage style bulb sprayer with tassel with shiny silver collar cap. For use with cologne, Eau de Parfum, air freshner, face and body spray, or room spray. Antique or vintage bulb sprayers enh",,False
GBEmp100AnSpTslMtSl,GBEmp100AnSpTslMtSl,False,False,2714.0,,,3 1/2oz,"100 ml,  ",,"Empiredesign100 ml,  3 1/2oz Clear glass bottle  withSilver vintage style bulb sprayer with tasselwithmatte silver collar cap.For use with cologne, Eau de Parfum, air freshner, face and body spray, or room spray. Antique or vintage bulb sprayers enhance the beauty of your product.Empire design bottle is available in 2 sizes, 50ml and 100ml.Price each",,,
GBEmp100AnSpTslGl,GBEmp100AnSpTslGl,False,False,3302.0,,,3 1/2oz,"100 ml,  ",,"Empiredesign100 ml,  3 1/2oz Clear glass bottle  withGold vintage style bulb sprayer with tasselwithshiny gold collar cap.For use with cologne, Eau de Parfum, air freshner, face and body spray, or room spray. Antique or vintage bulb sprayers enhance the beauty of your product.Empire design bottle is available in 2 sizes, 50ml and 100ml.Price each",,,
LBEmp100WhtClOvrCp,LBEmp100WhtClOvrCp,False,False,2715.0,,,3 1/2oz,"100 ml,  ",,"Empiredesign100 ml,  3 1/2oz Clear glass bottle  withwhite rectangularwithclear over the cap.For use with lotions, moisturizer, and serums.Empire design bottle is available in 2 sizes, 50ml and 100ml.Price each",,,
GBEmp100RdcrPnkLthr,GBEmp100RdcrPnkLthr,False,False,2716.0,,,3 1/2oz,"100 ml,  ",,"Empiredesign100 ml,  3 1/2oz Clear glass bottle  withreducerandpink faux leather cap.For use with cologne, aftershave, splash on, and perfume or fragrance oil, beard oils.Empire design bottle is available in 2 sizes, 50ml and 100ml.Price each",,,
GBEmp100RdcrIvyLthr,GBEmp100RdcrIvyLthr,False,False,,,,3 1/2oz,"100 ml,  ",,,,,
GBEmp100SpryCu,GBEmp100SpryCu,False,True,2718.0,,$3.33,3 1/2oz,"100 ml,  ",100 ml (3.38 oz),"Empiredesign100 ml,  3 1/2oz Clear glass bottle  withmatte copper spray pump0.For use with cologne, Eau de Parfum, air freshner, face and body spray, or room spray.Empire design bottle is available in 2 sizes, 50ml and 100ml.Price each","Empire design 100 ml, 3 1/2oz clear glass bottle with matte copper spray pump. For use with cologne, Eau de Parfum, air freshner, face and body spray, or room spray. Empire design bottle is available in 2 sizes, 50ml and 100ml.",,False
LBEmp100LtnCu,LBEmp100LtnCu,False,False,2719.0,,,3 1/2oz,"100 ml,  ",,"Empiredesign100 ml,  3 1/2oz Clear glass bottle  withmatte copper lotion pump0.For use with lotions, moisturizer, and serums.Empire design bottle is available in 2 sizes, 50ml and 100ml.Price each",,,
GBDiva30RdcrShnGl,GBDiva30RdcrShnGl,False,False,2720.0,,,1oz,"30 ml,  ",,"Divadesign30 ml,  1oz Clear glass bottle  withreducerandshiny gold cap.For use with cologne, aftershave, splash on, and perfume or fragrance oil, beard oils.Our Classic Diva bottle family is available in 30ml, 46ml and 100ml.Price each",,,
GBDiva30RdcrShnBlkTall,GBDiva30RdcrShnBlkTall,False,False,2721.0,,,1oz,"30 ml,  ",,"Divadesign30 ml,  1oz Clear glass bottle  withreducerandtall black shiny cap.For use with cologne, aftershave, splash on, and perfume or fragrance oil, beard oils.Our Classic Diva bottle family is available in 30ml, 46ml and 100ml.Price each",,,
GBDiva30RdcrShnBlk,GBDiva30RdcrShnBlk,False,False,2722.0,,,1oz,"30 ml,  ",,"Divadesign30 ml,  1oz Clear glass bottle  withreducerandblack shiny cap.For use with cologne, aftershave, splash on, and perfume or fragrance oil, beard oils.Our Classic Diva bottle family is available in 30ml, 46ml and 100ml.Price each",,,
GBDiva30RdcrBlkLthr,GBDiva30RdcrBlkLthr,False,True,2723.0,,$2.19,1oz,"30 ml,  ",30 ml (1.01 oz),"Divadesign30 ml,  1oz Clear glass bottle  withreducerandblack faux leather cap.For use with cologne, aftershave, splash on, and perfume or fragrance oil, beard oils.Our Classic Diva bottle family is available in 30ml, 46ml and 100ml.Price each","Diva design 30 ml, 1oz clear glass bottle with reducer and black faux leather cap. For use with cologne, aftershave, splash on, and perfume or fragrance oil, beard oils. Our Classic Diva bottle family is available in 30ml, 46ml and 100ml.",,False
GBDiva30RdcrBrwnLthr,GBDiva30RdcrBrwnLthr,False,False,2724.0,,,1oz,"30 ml,  ",,"Divadesign30 ml,  1oz Clear glass bottle  withreducerandbrown faux leather cap.For use with cologne, aftershave, splash on, and perfume or fragrance oil, beard oils.Our Classic Diva bottle family is available in 30ml, 46ml and 100ml.Price each",,,
GBDiva30RdcrLBrwnLthr,GBDiva30RdcrLBrwnLthr,False,False,2725.0,,,1oz,"30 ml,  ",,"Divadesign30 ml,  1oz Clear glass bottle  withreducerandlight brown faux leather cap.For use with cologne, aftershave, splash on, and perfume or fragrance oil, beard oils.Our Classic Diva bottle family is available in 30ml, 46ml and 100ml.Price each",,,
GBDiva30RdcrShnSl,GBDiva30RdcrShnSl,False,False,2726.0,,,1oz,"30 ml,  ",,"Divadesign30 ml,  1oz Clear glass bottle  withreducerandshiny silver cap.For use with cologne, aftershave, splash on, and perfume or fragrance oil, beard oils.Our Classic Diva bottle family is available in 30ml, 46ml and 100ml.Price each",,,
GBDiva30RdcrMtSlTall,GBDiva30RdcrMtSlTall,False,False,2727.0,,,1oz,"30 ml,  ",,"Divadesign30 ml,  1oz Clear glass bottle  withreducerandtall silver matte cap.For use with cologne, aftershave, splash on, and perfume or fragrance oil, beard oils.Our Classic Diva bottle family is available in 30ml, 46ml and 100ml.Price each",,,
GBDiva30RdcrMtSl,GBDiva30RdcrMtSl,False,False,2728.0,,,1oz,"30 ml,  ",,"Divadesign30 ml,  1oz Clear glass bottle  withreducerandsilver matte cap.For use with cologne, aftershave, splash on, and perfume or fragrance oil, beard oils.Our Classic Diva bottle family is available in 30ml, 46ml and 100ml.Price each",,,
GBDiva30RdcrWht,GBDiva30RdcrWht,False,False,2729.0,,,1oz,"30 ml,  ",,"Divadesign30 ml,  1oz Clear glass bottle  withreducerandwhite cap.For use with cologne, aftershave, splash on, and perfume or fragrance oil, beard oils.Our Classic Diva bottle family is available in 30ml, 46ml and 100ml.Price each",,,
GBDiva30SpryMtGl,GBDiva30SpryMtGl,False,False,2730.0,,,1oz,"30 ml,  ",,"Divadesign30 ml,  1oz Clear glass bottle  withmatte gold spray pump0.For use with cologne, Eau de Parfum, air freshner, face and body spray, or room spray.Our Classic Diva bottle family is available in 30ml, 46ml and 100ml.Price each",,,
LBDiva30LtnMtGl,LBDiva30LtnMtGl,False,False,2731.0,,,1oz,"30 ml,  ",,"Divadesign30 ml,  1oz Clear glass bottle  withmatte gold lotion pump00.For use with lotions, moisturizer, and serums.Our Classic Diva bottle family is available in 30ml, 46ml and 100ml.Price each",,,
GBDiva30SpryShnGl,GBDiva30SpryShnGl,False,False,3531.0,,,1oz,"30 ml,  ",,"Divadesign30 ml,  1oz Clear glass bottle  withshiny gold spray pump0.For use with cologne, Eau de Parfum, air freshner, face and body spray, or room spray.Our Classic Diva bottle family is available in 30ml, 46ml and 100ml.Price each",,,
LBDiva30LtnShnGl,LBDiva30LtnShnGl,False,False,2732.0,,,1oz,"30 ml,  ",,"Divadesign30 ml,  1oz Clear glass bottle  withshiny gold lotion pump0.For use with lotions, moisturizer, and serums.Our Classic Diva bottle family is available in 30ml, 46ml and 100ml.Price each",,,
GBDiva30SpryShnBlk,GBDiva30SpryShnBlk,False,False,3532.0,,,1oz,"30 ml,  ",,"Divadesign30 ml,  1oz Clear glass bottle  withshiny black spray pump0.For use with cologne, Eau de Parfum, air freshner, face and body spray, or room spray.Our Classic Diva bottle family is available in 30ml, 46ml and 100ml.Price each",,,
LBDiva30LtnShnBlk,LBDiva30LtnShnBlk,False,False,2733.0,,,1oz,"30 ml,  ",,"Divadesign30 ml,  1oz Clear glass bottle  withshiny black lotion pump0.For use with lotions, moisturizer, and serums.Our Classic Diva bottle family is available in 30ml, 46ml and 100ml.Price each",,,
GBDiva30SpryMtSl,GBDiva30SpryMtSl,False,False,3533.0,,,1oz,"30 ml,  ",,"Divadesign30 ml,  1oz Clear glass bottle  withmatte silver spray pump0.For use with cologne, Eau de Parfum, air freshner, face and body spray, or room spray.Our Classic Diva bottle family is available in 30ml, 46ml and 100ml.Price each",,,
LBDiva30LtnMtSl,LBDiva30LtnMtSl,False,False,2734.0,,,1oz,"30 ml,  ",,"Divadesign30 ml,  1oz Clear glass bottle  withmatte silver lotion pump0.For use with lotions, moisturizer, and serums.Our Classic Diva bottle family is available in 30ml, 46ml and 100ml.Price each",,,
LBDiva30LtnClOvrCap,LBDiva30LtnClOvrCap,False,True,2735.0,,$2.90,1oz,"30 ml,  ",30 ml (1.01 oz),"Divadesign30 ml,  1oz Clear glass bottle  withwith a matte silver collar treatment pump and clear overcap..For use with lotions, moisturizer, and serums.Our Classic Diva bottle family is available in 30ml, 46ml and 100ml.Price each","Diva design 30 ml, 1oz clear glass bottle with with a matte silver collar treatment pump and clear overcap. For use with serums, light creams, moisturizers, facial oils or face oils, beard oils, body lotions, body wash, and hair products. Our Classic Diva",,False
GBDiva30SpryShnSl,GBDiva30SpryShnSl,False,False,3534.0,,,1oz,"30 ml,  ",,"Divadesign30 ml,  1oz Clear glass bottle  withshiny silver spray pump.For use with cologne, Eau de Parfum, air freshner, face and body spray, or room spray.Our Classic Diva bottle family is available in 30ml, 46ml and 100ml.Price each",,,
LBDiva30LtnShnSl,LBDiva30LtnShnSl,False,False,2736.0,,,1oz,"30 ml,  ",,"Divadesign30 ml,  1oz Clear glass bottle  withshiny silver lotion pump.For use with lotions, moisturizer, and serums.Our Classic Diva bottle family is available in 30ml, 46ml and 100ml.Price each",,,
GBDiva30AnSpLvn,GBDiva30AnSpLvn,False,False,3265.0,,,1oz,"30 ml,  ",,"Divadesign30 ml,  1oz Clear glass bottle  withlavender vintage style bulb sprayerwithshiny silver collar cap.For use with cologne, Eau de Parfum, air freshner, face and body spray, or room spray. Antique or vintage bulb sprayers enhance the beauty of your product.Our Classic Diva bottle family is available in 30ml, 46ml and 100ml.Price each",,,
GBDiva30AnSpPnk,GBDiva30AnSpPnk,False,False,3266.0,,,1oz,"30 ml,  ",,"Divadesign30 ml,  1oz Clear glass bottle  withpink vintage style bulb sprayerwithshiny gold collar cap.For use with cologne, Eau de Parfum, air freshner, face and body spray, or room spray. Antique or vintage bulb sprayers enhance the beauty of your product.Our Classic Diva bottle family is available in 30ml, 46ml and 100ml.Price each",,,
GBDiva30AnSpMtSl,GBDiva30AnSpMtSl,False,False,2737.0,,,1oz,"30 ml,  ",,"Divadesign30 ml,  1oz Clear glass bottle  withmatte silver vintage style sprayerwithmatte silver collar cap.For use with cologne, Eau de Parfum, air freshner, face and body spray, or room spray. Antique or vintage bulb sprayers enhance the beauty of your product.Our Classic Diva bottle family is available in 30ml, 46ml and 100ml.Price each",,,
GBDiva30AnSpIvySl,GBDiva30AnSpIvySl,False,False,3264.0,,,1oz,"30 ml,  ",,"Divadesign30 ml,  1oz Clear glass bottle  withivory vintage style bulb sprayerwithshiny silver collar cap.For use with cologne, Eau de Parfum, air freshner, face and body spray, or room spray. Antique or vintage bulb sprayers enhance the beauty of your product.Our Classic Diva bottle family is available in 30ml, 46ml and 100ml.Price each",,,
GBDiva30AnSpGl,GBDiva30AnSpGl,False,False,3262.0,,,1oz,"30 ml,  ",,"Divadesign30 ml,  1oz Clear glass bottle  withgold vintage style sprayerwithshiny gold collar cap.For use with cologne, Eau de Parfum, air freshner, face and body spray, or room spray. Antique or vintage bulb sprayers enhance the beauty of your product.Our Classic Diva bottle family is available in 30ml, 46ml and 100ml.Price each",,,
GBDiva30AnSpIvyGl,GBDiva30AnSpIvyGl,False,False,3263.0,,,1oz,"30 ml,  ",,"Divadesign30 ml,  1oz Clear glass bottle  withivory vintage style bulb sprayerwithshiny gold collar cap.For use with cologne, Eau de Parfum, air freshner, face and body spray, or room spray. Antique or vintage bulb sprayers enhance the beauty of your product.Our Classic Diva bottle family is available in 30ml, 46ml and 100ml.Price each",,,
GBDiva30AnSpBlk,GBDiva30AnSpBlk,False,True,3261.0,,$5.61,1oz,"30 ml,  ",30 ml (1.01 oz),"Divadesign30 ml,  1oz Clear glass bottle  withblack vintage style bulb sprayerwithshiny silver collar cap.For use with cologne, Eau de Parfum, air freshner, face and body spray, or room spray. Antique or vintage bulb sprayers enhance the beauty of your product.Our Classic Diva bottle family is available in 30ml, 46ml and 100ml.Price each","Diva design 30 ml, 1oz clear glass bottle with black vintage style bulb sprayer with shiny silver collar cap. For use with cologne, Eau de Parfum, air freshner, face and body spray, or room spray. Antique or vintage bulb sprayers enhance the beauty of",,False
GBDiva30AnSpWht,GBDiva30AnSpWht,False,False,2738.0,,,1oz,"30 ml,  ",,"Divadesign30 ml,  1oz Clear glass bottle  withwhite vintage style bulb sprayerwithshiny silver collar cap.For use with cologne, Eau de Parfum, air freshner, face and body spray, or room spray. Antique or vintage bulb sprayers enhance the beauty of your product.Our Classic Diva bottle family is available in 30ml, 46ml and 100ml.Price each",,,
GBDiva30AnSpRed,GBDiva30AnSpRed,False,False,2739.0,,,1oz,"30 ml,  ",,"Divadesign30 ml,  1oz Clear glass bottle  withred vintage style bulb sprayerwithshiny silver collar cap.For use with cologne, Eau de Parfum, air freshner, face and body spray, or room spray. Antique or vintage bulb sprayers enhance the beauty of your product.Our Classic Diva bottle family is available in 30ml, 46ml and 100ml.Price each",,,
GBDiva30RdcrPnkLthr,GBDiva30RdcrPnkLthr,False,False,2740.0,,,1oz,"30 ml,  ",,"Divadesign30 ml,  1oz Clear glass bottle  withreducerandpink faux leather cap.For use with cologne, aftershave, splash on, and perfume or fragrance oil, beard oils.Our Classic Diva bottle family is available in 30ml, 46ml and 100ml.Price each",,,
GBDiva30RdcrIvyLthr,GBDiva30RdcrIvyLthr,False,False,2741.0,,,1oz,"30 ml,  ",,"Divadesign30 ml,  1oz Clear glass bottle  withreducerandivory faux leather cap.For use with cologne, aftershave, splash on, and perfume or fragrance oil, beard oils.Our Classic Diva bottle family is available in 30ml, 46ml and 100ml.Price each",,,
GBDiva30SpryCu,GBDiva30SpryCu,False,True,2742.0,,$2.90,1oz,"30 ml,  ",30 ml (1.01 oz),"Divadesign30 ml,  1oz Clear glass bottle  withmatte copper spray pump.For use with cologne, Eau de Parfum, air freshner, face and body spray, or room spray.Our Classic Diva bottle family is available in 30ml, 46ml and 100ml.Price each","Diva design 30 ml, 1oz clear glass bottle with matte copper spray pump. For use with cologne, Eau de Parfum, air freshner, face and body spray, or room spray. Our Classic Diva bottle family is available in 30ml, 46ml and 100ml.",,False
LBDiva30LtnCu,LBDiva30LtnCu,False,False,2743.0,,,1oz,"30 ml,  ",,"Divadesign30 ml,  1oz Clear glass bottle  withmatte copper lotion pump0.For use with lotions, moisturizer, and serums.Our Classic Diva bottle family is available in 30ml, 46ml and 100ml.Price each",,,
GBDivaFrst30RdcrShnGl,GBDivaFrst30RdcrShnGl,False,False,2744.0,,,1oz,"30 ml,  ",,"Divadesign30 ml,  1ozFrosted glass bottlewithreducerandshiny gold cap.For use with cologne, aftershave, splash on, and perfume or fragrance oil, beard oils.Our Classic Diva bottle family is available in 30ml, 46ml and 100ml.Price each",,,
GBDivaFrst30RdcrShnBlkTall,GBDivaFrst30RdcrShnBlkTall,False,False,2745.0,,,1oz,"30 ml,  ",,"Divadesign30 ml,  1ozFrosted glass bottlewithreducerandtall black shiny cap.For use with cologne, aftershave, splash on, and perfume or fragrance oil, beard oils.Our Classic Diva bottle family is available in 30ml, 46ml and 100ml.Price each",,,
GBDivaFrst30RdcrShnBlk,GBDivaFrst30RdcrShnBlk,False,False,2746.0,,,1oz,"30 ml,  ",,"Divadesign30 ml,  1ozFrosted glass bottlewithreducerandblack shiny cap.For use with cologne, aftershave, splash on, and perfume or fragrance oil, beard oils.Our Classic Diva bottle family is available in 30ml, 46ml and 100ml.Price each",,,
GBDivaFrst30RdcrBlkLthr,GBDivaFrst30RdcrBlkLthr,False,False,2747.0,,,1oz,"30 ml,  ",,"Divadesign30 ml,  1ozFrosted glass bottlewithreducerandblack faux leather cap.For use with cologne, aftershave, splash on, and perfume or fragrance oil, beard oils.Our Classic Diva bottle family is available in 30ml, 46ml and 100ml.Price each",,,
GBDivaFrst30RdcrBrwnLthr,GBDivaFrst30RdcrBrwnLthr,False,False,2748.0,,,1oz,"30 ml,  ",,"Divadesign30 ml,  1ozFrosted glass bottlewithreducerandbrown faux leather cap.For use with cologne, aftershave, splash on, and perfume or fragrance oil, beard oils.Our Classic Diva bottle family is available in 30ml, 46ml and 100ml.Price each",,,
GBDivaFrst30RdcrLBrwnLthr,GBDivaFrst30RdcrLBrwnLthr,False,False,2749.0,,,1oz,"30 ml,  ",,"Divadesign30 ml,  1ozFrosted glass bottlewithreducerandlight brown faux leather cap.For use with cologne, aftershave, splash on, and perfume or fragrance oil, beard oils.Our Classic Diva bottle family is available in 30ml, 46ml and 100ml.Price each",,,
GBDivaFrst30RdcrShnSl,GBDivaFrst30RdcrShnSl,False,False,2750.0,,,1oz,"30 ml,  ",,"Divadesign30 ml,  1ozFrosted glass bottlewithreducerandshiny silver cap.For use with cologne, aftershave, splash on, and perfume or fragrance oil, beard oils.Our Classic Diva bottle family is available in 30ml, 46ml and 100ml.Price each",,,
GBDivaFrst30RdcrMtSlTall,GBDivaFrst30RdcrMtSlTall,False,False,2751.0,,,1oz,"30 ml,  ",,"Divadesign30 ml,  1ozFrosted glass bottlewithreducerandtall silver matte cap.For use with cologne, aftershave, splash on, and perfume or fragrance oil, beard oils.Our Classic Diva bottle family is available in 30ml, 46ml and 100ml.Price each",,,
GBDivaFrst30RdcrMtSl,GBDivaFrst30RdcrMtSl,False,False,2752.0,,,1oz,"30 ml,  ",,"Divadesign30 ml,  1ozFrosted glass bottlewithreducerandsilver matte cap.For use with cologne, aftershave, splash on, and perfume or fragrance oil, beard oils.Our Classic Diva bottle family is available in 30ml, 46ml and 100ml.Price each",,,
GBDivaFrst30RdcrWht,GBDivaFrst30RdcrWht,False,False,2753.0,,,1oz,"30 ml,  ",,"Divadesign30 ml,  1ozFrosted glass bottlewithreducerandwhite cap.For use with cologne, aftershave, splash on, and perfume or fragrance oil, beard oils.Our Classic Diva bottle family is available in 30ml, 46ml and 100ml.Price each",,,
GBDivaFrst30SpryMtGl,GBDivaFrst30SpryMtGl,False,False,2754.0,,,1oz,"30 ml,  ",,"Divadesign30 ml,  1ozFrosted glass bottlewithmatte gold spray pump0.For use with cologne, Eau de Parfum, air freshner, face and body spray, or room spray.Our Classic Diva bottle family is available in 30ml, 46ml and 100ml.Price each",,,
LBDivaFrst30LtnMtGl,LBDivaFrst30LtnMtGl,False,False,2755.0,,,1oz,"30 ml,  ",,"Divadesign30 ml,  1ozFrosted glass bottlewithmatte gold lotion pump.For use with lotions, moisturizer, and serums.Our Classic Diva bottle family is available in 30ml, 46ml and 100ml.Price each",,,
GBDivaFrst30SpryShnGl,GBDivaFrst30SpryShnGl,False,False,2756.0,,,1oz,"30 ml,  ",,"Divadesign30 ml,  1ozFrosted glass bottlewithshiny gold spray pump.For use with cologne, Eau de Parfum, air freshner, face and body spray, or room spray.Our Classic Diva bottle family is available in 30ml, 46ml and 100ml.Price each",,,
LBDivaFrst30LtnShnGl,LBDivaFrst30LtnShnGl,False,False,2757.0,,,1oz,"30 ml,  ",,"Divadesign30 ml,  1ozFrosted glass bottlewithshiny gold lotion pump.For use with lotions, moisturizer, and serums.Our Classic Diva bottle family is available in 30ml, 46ml and 100ml.Price each",,,
GBDivaFrst30SpryShnBlk,GBDivaFrst30SpryShnBlk,False,False,2758.0,,,1oz,"30 ml,  ",,"Divadesign30 ml,  1ozFrosted glass bottlewithshiny black spray pump.For use with cologne, Eau de Parfum, air freshner, face and body spray, or room spray.Our Classic Diva bottle family is available in 30ml, 46ml and 100ml.Price each",,,
LBDivaFrst30LtnShnBlk,LBDivaFrst30LtnShnBlk,False,False,2759.0,,,1oz,"30 ml,  ",,"Divadesign30 ml,  1ozFrosted glass bottlewithshiny black lotion pump.For use with lotions, moisturizer, and serums.Our Classic Diva bottle family is available in 30ml, 46ml and 100ml.Price each",,,
GBDivaFrst30SpryMtSl,GBDivaFrst30SpryMtSl,False,False,2760.0,,,1oz,"30 ml,  ",,"Divadesign30 ml,  1ozFrosted glass bottlewithmatte silver spray pump.For use with cologne, Eau de Parfum, air freshner, face and body spray, or room spray.Our Classic Diva bottle family is available in 30ml, 46ml and 100ml.Price each",,,
LBDivaFrst30LtnMtSl,LBDivaFrst30LtnMtSl,False,False,2761.0,,,1oz,"30 ml,  ",,"Divadesign30 ml,  1ozFrosted glass bottlewithmatte silver lotion pump.For use with lotions, moisturizer, and serums.Our Classic Diva bottle family is available in 30ml, 46ml and 100ml.Price each",,,
LBDivaFrst30LtnClOvrCap,LBDivaFrst30LtnClOvrCap,False,False,2762.0,,,1oz,"30 ml,  ",,"Divadesign30 ml,  1ozFrosted glass bottlewithwith a matte silver collar treatment pump and clear overcap..For use with lotions, moisturizer, and serums.Our Classic Diva bottle family is available in 30ml, 46ml and 100ml.Price each",,,
GBDivaFrst30SpryShnSl,GBDivaFrst30SpryShnSl,False,False,2763.0,,,1oz,"30 ml,  ",,"Divadesign30 ml,  1ozFrosted glass bottlewithshiny silver spray pump.For use with cologne, Eau de Parfum, air freshner, face and body spray, or room spray.Our Classic Diva bottle family is available in 30ml, 46ml and 100ml.Price each",,,
LBDivaFrst30LtnShnSl,LBDivaFrst30LtnShnSl,False,False,2764.0,,,1oz,"30 ml,  ",,"Divadesign30 ml,  1ozFrosted glass bottlewithshiny silver lotion pump.For use with lotions, moisturizer, and serums.Our Classic Diva bottle family is available in 30ml, 46ml and 100ml.Price each",,,
GBDivaFrst30AnSpLvn,GBDivaFrst30AnSpLvn,False,False,2765.0,,,1oz,"30 ml,  ",,"Divadesign30 ml,  1ozFrosted glass bottlewithlavender vintage style bulb sprayerwithshiny silver collar cap.For use with cologne, Eau de Parfum, air freshner, face and body spray, or room spray. Antique or vintage bulb sprayers enhance the beauty of your product.Our Classic Diva bottle family is available in 30ml, 46ml and 100ml.Price each",,,
GBDivaFrst30AnSpPnk,GBDivaFrst30AnSpPnk,False,False,2766.0,,,1oz,"30 ml,  ",,"Divadesign30 ml,  1ozFrosted glass bottlewithpink vintage style bulb sprayerwithshiny gold collar cap.For use with cologne, Eau de Parfum, air freshner, face and body spray, or room spray. Antique or vintage bulb sprayers enhance the beauty of your product.Our Classic Diva bottle family is available in 30ml, 46ml and 100ml.Price each",,,
GBDivaFrst30AnSpMtSl,GBDivaFrst30AnSpMtSl,False,False,2767.0,,,1oz,"30 ml,  ",,"Divadesign30 ml,  1ozFrosted glass bottlewithmatte silver vintage style sprayerwithmatte silver collar cap.For use with cologne, Eau de Parfum, air freshner, face and body spray, or room spray. Antique or vintage bulb sprayers enhance the beauty of your product.Our Classic Diva bottle family is available in 30ml, 46ml and 100ml.Price each",,,
GBDivaFrst30AnSpIvySl,GBDivaFrst30AnSpIvySl,False,False,2768.0,,,1oz,"30 ml,  ",,"Divadesign30 ml,  1ozFrosted glass bottlewithivory vintage style bulb sprayerwithshiny silver collar cap.For use with cologne, Eau de Parfum, air freshner, face and body spray, or room spray. Antique or vintage bulb sprayers enhance the beauty of your product.Our Classic Diva bottle family is available in 30ml, 46ml and 100ml.Price each",,,
GBDivaFrst30AnSpGl,GBDivaFrst30AnSpGl,False,False,2769.0,,,1oz,"30 ml,  ",,"Divadesign30 ml,  1ozFrosted glass bottlewithgold vintage style sprayerwithshiny gold collar cap.For use with cologne, Eau de Parfum, air freshner, face and body spray, or room spray. Antique or vintage bulb sprayers enhance the beauty of your product.Our Classic Diva bottle family is available in 30ml, 46ml and 100ml.Price each",,,
GBDivaFrst30AnSpIvyGl,GBDivaFrst30AnSpIvyGl,False,False,2770.0,,,1oz,"30 ml,  ",,"Divadesign30 ml,  1ozFrosted glass bottlewithivory vintage style bulb sprayerwithshiny gold collar cap.For use with cologne, Eau de Parfum, air freshner, face and body spray, or room spray. Antique or vintage bulb sprayers enhance the beauty of your product.Our Classic Diva bottle family is available in 30ml, 46ml and 100ml.Price each",,,
GBDivaFrst30AnSpBlk,GBDivaFrst30AnSpBlk,False,False,2771.0,,,1oz,"30 ml,  ",,"Divadesign30 ml,  1ozFrosted glass bottlewithblack vintage style bulb sprayerwithshiny silver collar cap.For use with cologne, Eau de Parfum, air freshner, face and body spray, or room spray. Antique or vintage bulb sprayers enhance the beauty of your product.Our Classic Diva bottle family is available in 30ml, 46ml and 100ml.Price each",,,
GBDivaFrst30AnSpWht,GBDivaFrst30AnSpWht,False,False,2772.0,,,1oz,"30 ml,  ",,"Divadesign30 ml,  1ozFrosted glass bottlewithwhite vintage style bulb sprayerwithshiny silver collar cap.For use with cologne, Eau de Parfum, air freshner, face and body spray, or room spray. Antique or vintage bulb sprayers enhance the beauty of your product.Our Classic Diva bottle family is available in 30ml, 46ml and 100ml.Price each",,,
GBDivaFrst30AnSpRed,GBDivaFrst30AnSpRed,False,False,2773.0,,,1oz,"30 ml,  ",,"Divadesign30 ml,  1ozFrosted glass bottlewithred vintage style bulb sprayerwithshiny silver collar cap.For use with cologne, Eau de Parfum, air freshner, face and body spray, or room spray. Antique or vintage bulb sprayers enhance the beauty of your product.Our Classic Diva bottle family is available in 30ml, 46ml and 100ml.Price each",,,
GBDivaFrst30RdcrPnkLthr,GBDivaFrst30RdcrPnkLthr,False,False,2774.0,,,1oz,"30 ml,  ",,"Divadesign30 ml,  1ozFrosted glass bottlewithreducerandpink faux leather cap.For use with cologne, aftershave, splash on, and perfume or fragrance oil, beard oils.Our Classic Diva bottle family is available in 30ml, 46ml and 100ml.Price each",,,
GBDivaFrst30RdcrIvyLthr,GBDivaFrst30RdcrIvyLthr,False,False,2775.0,,,1oz,"30 ml,  ",,"Divadesign30 ml,  1ozFrosted glass bottlewithreducerandivory faux leather cap.For use with cologne, aftershave, splash on, and perfume or fragrance oil, beard oils.Our Classic Diva bottle family is available in 30ml, 46ml and 100ml.Price each",,,
GBDivaFrst30SpryCu,GBDivaFrst30SpryCu,False,False,2776.0,,,1oz,"30 ml,  ",,"Divadesign30 ml,  1ozFrosted glass bottlewithmatte copper spray pump.For use with cologne, Eau de Parfum, air freshner, face and body spray, or room spray.Our Classic Diva bottle family is available in 30ml, 46ml and 100ml.Price each",,,
LBDivaFrst30LtnCu,LBDivaFrst30LtnCu,False,False,2777.0,,,1oz,"30 ml,  ",,"Divadesign30 ml,  1ozFrosted glass bottlewithmatte copper lotion pump0.For use with lotions, moisturizer, and serums.Our Classic Diva bottle family is available in 30ml, 46ml and 100ml.Price each",,,
GBDiva46RdcrShnGl,GBDiva46RdcrShnGl,False,False,2778.0,,,1.64oz,"46 ml,  ",,"Divadesign46 ml,  1.64oz Clear glass bottle  withreducerandshiny gold cap.For use with cologne, aftershave, splash on, and perfume or fragrance oil, beard oils.Our Classic Diva bottle family is available in 30ml, 46ml and 100ml.Price each",,,
GBDiva46RdcrShnBlkTall,GBDiva46RdcrShnBlkTall,False,False,2779.0,,,1.64oz,"46 ml,  ",,"Divadesign46 ml,  1.64oz Clear glass bottle  withreducerandtall black shiny cap.For use with cologne, aftershave, splash on, and perfume or fragrance oil, beard oils.Our Classic Diva bottle family is available in 30ml, 46ml and 100ml.Price each",,,
GBDiva46RdcrShnBlk,GBDiva46RdcrShnBlk,False,False,2780.0,,,1.64oz,"46 ml,  ",,"Divadesign46 ml,  1.64oz Clear glass bottle  withreducerandblack shiny cap.For use with cologne, aftershave, splash on, and perfume or fragrance oil, beard oils.Our Classic Diva bottle family is available in 30ml, 46ml and 100ml.Price each",,,
GBDiva46RdcrBlkLthr,GBDiva46RdcrBlkLthr,False,True,2781.0,,$2.38,1.64oz,"46 ml,  ",46 ml (1.56 oz),"Divadesign46 ml,  1.64oz Clear glass bottle  withreducerandblack faux leather cap.For use with cologne, aftershave, splash on, and perfume or fragrance oil, beard oils.Our Classic Diva bottle family is available in 30ml, 46ml and 100ml.Price each","Diva design 46 ml, 1.64oz clear glass bottle with reducer and black faux leather cap. For use with cologne, aftershave, splash on, and perfume or fragrance oil, beard oils. Our Classic Diva bottle family is available in 30ml, 46ml and 100ml.",,False
GBDiva46RdcrBrwnLthr,GBDiva46RdcrBrwnLthr,False,False,2782.0,,,1.64oz,"46 ml,  ",,"Divadesign46 ml,  1.64oz Clear glass bottle  withreducerandbrown faux leather cap.For use with cologne, aftershave, splash on, and perfume or fragrance oil, beard oils.Our Classic Diva bottle family is available in 30ml, 46ml and 100ml.Price each",,,
GBDiva46RdcrLBrwnLthr,GBDiva46RdcrLBrwnLthr,False,False,2783.0,,,1.64oz,"46 ml,  ",,"Divadesign46 ml,  1.64oz Clear glass bottle  withreducerandlight brown faux leather cap.For use with cologne, aftershave, splash on, and perfume or fragrance oil, beard oils.Our Classic Diva bottle family is available in 30ml, 46ml and 100ml.Price each",,,
GBDiva46RdcrShnSl,GBDiva46RdcrShnSl,False,False,2784.0,,,1.64oz,"46 ml,  ",,"Divadesign46 ml,  1.64oz Clear glass bottle  withreducerandshiny silver cap.For use with cologne, aftershave, splash on, and perfume or fragrance oil, beard oils.Our Classic Diva bottle family is available in 30ml, 46ml and 100ml.Price each",,,
GBDiva46RdcrMtSlTall,GBDiva46RdcrMtSlTall,False,False,2785.0,,,1.64oz,"46 ml,  ",,"Divadesign46 ml,  1.64oz Clear glass bottle  withreducerandtall silver matte cap.For use with cologne, aftershave, splash on, and perfume or fragrance oil, beard oils.Our Classic Diva bottle family is available in 30ml, 46ml and 100ml.Price each",,,
GBDiva46RdcrMtSl,GBDiva46RdcrMtSl,False,False,2786.0,,,1.64oz,"46 ml,  ",,"Divadesign46 ml,  1.64oz Clear glass bottle  withreducerandsilver matte cap.For use with cologne, aftershave, splash on, and perfume or fragrance oil, beard oils.Our Classic Diva bottle family is available in 30ml, 46ml and 100ml.Price each",,,
GBDiva46RdcrWht,GBDiva46RdcrWht,False,False,2787.0,,,1.64oz,"46 ml,  ",,"Divadesign46 ml,  1.64oz Clear glass bottle  withreducerandwhite cap.For use with cologne, aftershave, splash on, and perfume or fragrance oil, beard oils.Our Classic Diva bottle family is available in 30ml, 46ml and 100ml.Price each",,,
GBDiva46SpryMtGl,GBDiva46SpryMtGl,False,False,2788.0,,,1.64oz,"46 ml,  ",,"Divadesign46 ml,  1.64oz Clear glass bottle  withmatte gold spray pump0.For use with cologne, Eau de Parfum, air freshner, face and body spray, or room spray.Our Classic Diva bottle family is available in 30ml, 46ml and 100ml.Price each",,,
LBDiva46LtnMtGl,LBDiva46LtnMtGl,False,False,2789.0,,,1.64oz,"46 ml,  ",,"Divadesign46 ml,  1.64oz Clear glass bottle  withmatte gold lotion pump00.For use with lotions, moisturizer, and serums.Our Classic Diva bottle family is available in 30ml, 46ml and 100ml.Price each",,,
GBDiva46SpryShnGl,GBDiva46SpryShnGl,False,False,2790.0,,,1.64oz,"46 ml,  ",,"Divadesign46 ml,  1.64oz Clear glass bottle  withshiny gold spray pump0.For use with cologne, Eau de Parfum, air freshner, face and body spray, or room spray.Our Classic Diva bottle family is available in 30ml, 46ml and 100ml.Price each",,,
LBDiva46LtnShnGl,LBDiva46LtnShnGl,False,False,2791.0,,,1.64oz,"46 ml,  ",,"Divadesign46 ml,  1.64oz Clear glass bottle  withshiny gold lotion pump.For use with lotions, moisturizer, and serums.Our Classic Diva bottle family is available in 30ml, 46ml and 100ml.Price each",,,
GBDiva46SpryShnBlk,GBDiva46SpryShnBlk,False,False,2793.0,,,1.64oz,"46 ml,  ",,"Divadesign46 ml,  1.64oz Clear glass bottle  withshiny black spray pump.For use with cologne, Eau de Parfum, air freshner, face and body spray, or room spray.Our Classic Diva bottle family is available in 30ml, 46ml and 100ml.Price each",,,
LBDiva46LtnShnBlk,LBDiva46LtnShnBlk,False,False,2792.0,,,1.64oz,"46 ml,  ",,"Divadesign46 ml,  1.64oz Clear glass bottle  withshiny black lotion pump.For use with lotions, moisturizer, and serums.Our Classic Diva bottle family is available in 30ml, 46ml and 100ml.Price each",,,
GBDiva46SpryMtSl,GBDiva46SpryMtSl,False,False,2794.0,,,1.64oz,"46 ml,  ",,"Divadesign46 ml,  1.64oz Clear glass bottle  withmatte silver spray pump.For use with cologne, Eau de Parfum, air freshner, face and body spray, or room spray.Our Classic Diva bottle family is available in 30ml, 46ml and 100ml.Price each",,,
LBDiva46LtnMtSl,LBDiva46LtnMtSl,False,False,2795.0,,,1.64oz,"46 ml,  ",,"Divadesign46 ml,  1.64oz Clear glass bottle  withmatte silver lotion pump.For use with lotions, moisturizer, and serums.Our Classic Diva bottle family is available in 30ml, 46ml and 100ml.Price each",,,
LBDiva46LtnClOvrCap,LBDiva46LtnClOvrCap,False,True,2796.0,,$3.09,1.64oz,"46 ml,  ",46 ml (1.56 oz),"Divadesign46 ml,  1.64oz Clear glass bottle  withwith a matte silver collar treatment pump and clear overcap..For use with lotions, moisturizer, and serums.Our Classic Diva bottle family is available in 30ml, 46ml and 100ml.Price each","Diva design 46 ml, 1.64oz clear glass bottle with with a matte silver collar treatment pump and clear overcap. For use with serums, light creams, moisturizers, facial oils or face oils, beard oils, body lotions, body wash, and hair products. Our Classic D",,False
GBDiva46SpryShnSl,GBDiva46SpryShnSl,False,False,2797.0,,,1.64oz,"46 ml,  ",,"Divadesign46 ml,  1.64oz Clear glass bottle  withshiny silver spray pump.For use with cologne, Eau de Parfum, air freshner, face and body spray, or room spray.Our Classic Diva bottle family is available in 30ml, 46ml and 100ml.Price each",,,
LBDiva46LtnShnSl,LBDiva46LtnShnSl,False,False,2798.0,,,1.64oz,"46 ml,  ",,"Divadesign46 ml,  1.64oz Clear glass bottle  withshiny silver lotion pump.For use with lotions, moisturizer, and serums.Our Classic Diva bottle family is available in 30ml, 46ml and 100ml.Price each",,,
GBDiva46AnSpPnk,GBDiva46AnSpPnk,False,False,166.0,,,1.64oz,"46 ml,  ",,"Divadesign46 ml,  1.64oz Clear glass bottle  withlavender vintage style bulb sprayerwithshiny silver collar cap.For use with cologne, Eau de Parfum, air freshner, face and body spray, or room spray. Antique or vintage bulb sprayers enhance the beauty of your product.Our Classic Diva bottle family is available in 30ml, 46ml and 100ml.Price each",,,
GBDiva46AnSpMtSl,GBDiva46AnSpMtSl,False,False,2799.0,,,1.64oz,"46 ml,  ",,"Divadesign46 ml,  1.64oz Clear glass bottle  withpink vintage style bulb sprayerwithshiny gold collar cap.For use with cologne, Eau de Parfum, air freshner, face and body spray, or room spray. Antique or vintage bulb sprayers enhance the beauty of your product.Our Classic Diva bottle family is available in 30ml, 46ml and 100ml.Price each",,,
GBDiva46AnSpIvySl,GBDiva46AnSpIvySl,False,False,1006.0,,,1.64oz,"46 ml,  ",,"Divadesign46 ml,  1.64oz Clear glass bottle  withmatte silver vintage style sprayerwithmatte silver collar cap.For use with cologne, Eau de Parfum, air freshner, face and body spray, or room spray. Antique or vintage bulb sprayers enhance the beauty of your product.Our Classic Diva bottle family is available in 30ml, 46ml and 100ml.Price each",,,
GBDiva46AnSpIvyGl,GBDiva46AnSpIvyGl,False,False,190.0,,,1.64oz,"46 ml,  ",,"Divadesign46 ml,  1.64oz Clear glass bottle  withivory vintage style bulb sprayerwithshiny silver collar cap.For use with cologne, Eau de Parfum, air freshner, face and body spray, or room spray. Antique or vintage bulb sprayers enhance the beauty of your product.Our Classic Diva bottle family is available in 30ml, 46ml and 100ml.Price each",,,
GBDiva46AnSpGl,GBDiva46AnSpGl,False,False,189.0,,,1.64oz,"46 ml,  ",,"Divadesign46 ml,  1.64oz Clear glass bottle  withgold vintage style sprayerwithshiny gold collar cap.For use with cologne, Eau de Parfum, air freshner, face and body spray, or room spray. Antique or vintage bulb sprayers enhance the beauty of your product.Our Classic Diva bottle family is available in 30ml, 46ml and 100ml.Price each",,,
GBDiva46AnSpBlk,GBDiva46AnSpBlk,False,True,188.0,,$5.80,1.64oz,"46 ml,  ",46 ml (1.56 oz),"Divadesign46 ml,  1.64oz Clear glass bottle  withivory vintage style bulb sprayerwithshiny gold collar cap.For use with cologne, Eau de Parfum, air freshner, face and body spray, or room spray. Antique or vintage bulb sprayers enhance the beauty of your product.Our Classic Diva bottle family is available in 30ml, 46ml and 100ml.Price each","Diva design 46 ml, 1.64oz clear glass bottle with black vintage style bulb sprayer with shiny silver collar cap. For use with cologne, Eau de Parfum, air freshner, face and body spray, or room spray. Antique or vintage bulb sprayers enhance the beauty",,False
GBDiva46AnSpWht,GBDiva46AnSpWht,False,False,2800.0,,,1.64oz,"46 ml,  ",,"Divadesign46 ml,  1.64oz Clear glass bottle  withblack vintage style bulb sprayerwithshiny silver collar cap.For use with cologne, Eau de Parfum, air freshner, face and body spray, or room spray. Antique or vintage bulb sprayers enhance the beauty of your product.Our Classic Diva bottle family is available in 30ml, 46ml and 100ml.Price each",,,
GBDiva46AnSpRed,GBDiva46AnSpRed,False,False,970.0,,,1.64oz,"46 ml,  ",,"Divadesign46 ml,  1.64oz Clear glass bottle  withwhite vintage style bulb sprayerwithshiny silver collar cap.For use with cologne, Eau de Parfum, air freshner, face and body spray, or room spray. Antique or vintage bulb sprayers enhance the beauty of your product.Our Classic Diva bottle family is available in 30ml, 46ml and 100ml.Price each",,,
GBDiva46AnSpTslLvn,GBDiva46AnSpTslLvn,False,False,230.0,,,1.64oz,"46 ml,  ",,"Divadesign46 ml,  1.64oz Clear glass bottle  withred vintage style bulb sprayerwithshiny silver collar cap.For use with cologne, Eau de Parfum, air freshner, face and body spray, or room spray. Antique or vintage bulb sprayers enhance the beauty of your product.Our Classic Diva bottle family is available in 30ml, 46ml and 100ml.Price each",,,
GBDiva46AnSpTslIvyGl,GBDiva46AnSpTslIvyGl,False,False,228.0,,,1.64oz,"46 ml,  ",,"Divadesign46 ml,  1.64oz Clear glass bottle  withLavender vintage style bulb sprayer with Tasselwithshiny silver collar cap.For use with cologne, Eau de Parfum, air freshner, face and body spray, or room spray. Antique or vintage bulb sprayers enhance the beauty of your product.Our Classic Diva bottle family is available in 30ml, 46ml and 100ml.Price each",,,
GBDiva46AnSpTslIvySl,GBDiva46AnSpTslIvySl,False,False,1007.0,,,1.64oz,"46 ml,  ",,"Divadesign46 ml,  1.64oz Clear glass bottle  withIvory vintage style bulb sprayer with tasselwithshiny gold collar cap.For use with cologne, Eau de Parfum, air freshner, face and body spray, or room spray. Antique or vintage bulb sprayers enhance the beauty of your product.Our Classic Diva bottle family is available in 30ml, 46ml and 100ml.Price each",,,
GBDiva46AnSpTslWht,GBDiva46AnSpTslWht,False,False,2801.0,,,1.64oz,"46 ml,  ",,"Divadesign46 ml,  1.64oz Clear glass bottle  withIvory vintage style bulb sprayer with tasselwithshiny silver collar cap.For use with cologne, Eau de Parfum, air freshner, face and body spray, or room spray. Antique or vintage bulb sprayers enhance the beauty of your product.Our Classic Diva bottle family is available in 30ml, 46ml and 100ml.Price each",,,
GBDiva46AnSpTslPnk,GBDiva46AnSpTslPnk,False,False,229.0,,,1.64oz,"46 ml,  ",,"Divadesign46 ml,  1.64oz Clear glass bottle  withWhite vintage style bulb sprayer with tasselwithshiny silver collar cap.For use with cologne, Eau de Parfum, air freshner, face and body spray, or room spray. Antique or vintage bulb sprayers enhance the beauty of your product.Our Classic Diva bottle family is available in 30ml, 46ml and 100ml.Price each",,,
GBDiva46AnSpTslRed,GBDiva46AnSpTslRed,False,False,1008.0,,,1.64oz,"46 ml,  ",,"Divadesign46 ml,  1.64oz Clear glass bottle  withPink vintage style bulb sprayer with tasselwithshiny gold collar cap.For use with cologne, Eau de Parfum, air freshner, face and body spray, or room spray. Antique or vintage bulb sprayers enhance the beauty of your product.Our Classic Diva bottle family is available in 30ml, 46ml and 100ml.Price each",,,
GBDiva46AnSpTslBlk,GBDiva46AnSpTslBlk,False,True,227.0,,$6.51,1.64oz,"46 ml,  ",46 ml (1.56 oz),"Divadesign46 ml,  1.64oz Clear glass bottle  withRed vintage style bulb sprayer with tasselwithshiny silver collar cap.For use with cologne, Eau de Parfum, air freshner, face and body spray, or room spray. Antique or vintage bulb sprayers enhance the beauty of your product.Our Classic Diva bottle family is available in 30ml, 46ml and 100ml.Price each","Diva design 46 ml, 1.64oz clear glass bottle with black vintage style bulb sprayer with tassel with shiny silver collar cap. For use with cologne, Eau de Parfum, air freshner, face and body spray, or room spray. Antique or vintage bulb sprayers enhance",,False
GBDiva46AnSpTslMtSl,GBDiva46AnSpTslMtSl,False,False,3276.0,,,1.64oz,"46 ml,  ",,"Divadesign46 ml,  1.64oz Clear glass bottle  withBlack vintage style bulb sprayer with tasselwithshiny silver collar cap.For use with cologne, Eau de Parfum, air freshner, face and body spray, or room spray. Antique or vintage bulb sprayers enhance the beauty of your product.Our Classic Diva bottle family is available in 30ml, 46ml and 100ml.Price each",,,
GBDiva46AnSpTslGl,GBDiva46AnSpTslGl,False,False,231.0,,,1.64oz,"46 ml,  ",,"Divadesign46 ml,  1.64oz Clear glass bottle  withSilver vintage style bulb sprayer with tasselwithmatte silver collar cap.For use with cologne, Eau de Parfum, air freshner, face and body spray, or room spray. Antique or vintage bulb sprayers enhance the beauty of your product.Our Classic Diva bottle family is available in 30ml, 46ml and 100ml.Price each",,,
GBDiva46DrpSl,GBDiva46DrpSl,False,False,2802.0,,,1.64oz,"46 ml,  ",,"Divadesign46 ml,  1.64oz Clear glass bottle  withGold vintage style bulb sprayer with tasselwithshiny gold collar cap.For use with cologne, Eau de Parfum, air freshner, face and body spray, or room spray. Antique or vintage bulb sprayers enhance the beauty of your product.Our Classic Diva bottle family is available in 30ml, 46ml and 100ml.Price each",,,
GBDiva46DrpGl,GBDiva46DrpGl,False,False,2803.0,,,1.64oz,"46 ml,  ",,"Divadesign46 ml,  1.64oz Clear glass bottle  withwhite dropperwithshiny gold collar cap.For use with perfume oils, diffuser oils, serums, primers, facial oils or face oils, moisturizer, and beard oils.Our Classic Diva bottle family is available in 30ml, 46ml and 100ml.Price each",,,
GBDiva46DrpCu,GBDiva46DrpCu,False,True,2804.0,,$2.28,1.64oz,"46 ml,  ",46 ml (1.56 oz),"Divadesign46 ml,  1.64oz Clear glass bottle  withwhite dropperwithshiny copper collar cap.For use with perfume oils, diffuser oils, serums, primers, facial oils or face oils, moisturizer, and beard oils.Our Classic Diva bottle family is available in 30ml, 46ml and 100ml.Price each","Diva design 46 ml, 1.64oz clear glass bottle with white dropper with shiny copper collar cap. For use with perfume oils, diffuser oils, serums, primers, facial oils or face oils, moisturizer, and beard oils.Our Classic Diva bottle family is available in",,False
GBDiva46RdcrPnkLthr,GBDiva46RdcrPnkLthr,False,False,2805.0,,,1.64oz,"46 ml,  ",,"Divadesign46 ml,  1.64oz Clear glass bottle  withreducerandpink faux leather cap.For use with cologne, aftershave, splash on, and perfume or fragrance oil, beard oils.Our Classic Diva bottle family is available in 30ml, 46ml and 100ml.Price each",,,
GBDiva46RdcrIvyLthr,GBDiva46RdcrIvyLthr,False,False,2806.0,,,1.64oz,"46 ml,  ",,"Divadesign46 ml,  1.64oz Clear glass bottle  withreducerandivory faux leather cap.For use with cologne, aftershave, splash on, and perfume or fragrance oil, beard oils.Our Classic Diva bottle family is available in 30ml, 46ml and 100ml.Price each",,,
GBDiva46SpryCu,GBDiva46SpryCu,False,True,2807.0,,$3.09,1.64oz,"46 ml,  ",46 ml (1.56 oz),"Divadesign46 ml,  1.64oz Clear glass bottle  withmatte copper spray pump0.For use with cologne, Eau de Parfum, air freshner, face and body spray, or room spray.Our Classic Diva bottle family is available in 30ml, 46ml and 100ml.Price each","Diva design 46 ml, 1.64oz clear glass bottle with matte copper spray pump. For use with cologne, Eau de Parfum, air freshner, face and body spray, or room spray. Our Classic Diva bottle family is available in 30ml, 46ml and 100ml.",,False
LBDiva46LtnCu,LBDiva46LtnCu,False,False,2808.0,,,1.64oz,"46 ml,  ",,"Divadesign46 ml,  1.64oz Clear glass bottle  withmatte copper lotion pump0.For use with lotions, moisturizer, and serums.Our Classic Diva bottle family is available in 30ml, 46ml and 100ml.Price each",,,
GBDivaFrst46RdcrShnGl,GBDivaFrst46RdcrShnGl,False,False,2809.0,,,1.64oz,"46 ml,  ",,"Divadesign46 ml,  1.64ozFrosted glass bottlewithreducerandshiny gold cap.For use with cologne, aftershave, splash on, and perfume or fragrance oil, beard oils.Our Classic Diva bottle family is available in 30ml, 46ml and 100ml.Price each",,,
GBDivaFrst46RdcrShnBlkTall,GBDivaFrst46RdcrShnBlkTall,False,False,2810.0,,,1.64oz,"46 ml,  ",,"Divadesign46 ml,  1.64ozFrosted glass bottlewithreducerandtall black shiny cap.For use with cologne, aftershave, splash on, and perfume or fragrance oil, beard oils.Our Classic Diva bottle family is available in 30ml, 46ml and 100ml.Price each",,,
GBDivaFrst46RdcrShnBlk,GBDivaFrst46RdcrShnBlk,False,False,2811.0,,,1.64oz,"46 ml,  ",,"Divadesign46 ml,  1.64ozFrosted glass bottlewithreducerandblack shiny cap.For use with cologne, aftershave, splash on, and perfume or fragrance oil, beard oils.Our Classic Diva bottle family is available in 30ml, 46ml and 100ml.Price each",,,
GBDivaFrst46RdcrBlkLthr,GBDivaFrst46RdcrBlkLthr,False,True,2812.0,,$2.85,1.64oz,"46 ml,  ",46 ml (1.56 oz),"Divadesign46 ml,  1.64ozFrosted glass bottlewithreducerandblack faux leather cap.For use with cologne, aftershave, splash on, and perfume or fragrance oil, beard oils.Our Classic Diva bottle family is available in 30ml, 46ml and 100ml.Price each","Diva design 46 ml, 1.64oz frosted glass bottle with reducer and black faux leather cap. For use with cologne, aftershave, splash on, and perfume or fragrance oil, beard oils. Our Classic Diva bottle family is available in 30ml, 46ml and 100ml.",,False
GBDivaFrst46RdcrBrwnLthr,GBDivaFrst46RdcrBrwnLthr,False,False,2813.0,,,1.64oz,"46 ml,  ",,"Divadesign46 ml,  1.64ozFrosted glass bottlewithreducerandbrown faux leather cap.For use with cologne, aftershave, splash on, and perfume or fragrance oil, beard oils.Our Classic Diva bottle family is available in 30ml, 46ml and 100ml.Price each",,,
GBDivaFrst46RdcrLBrwnLthr,GBDivaFrst46RdcrLBrwnLthr,False,False,2814.0,,,1.64oz,"46 ml,  ",,"Divadesign46 ml,  1.64ozFrosted glass bottlewithreducerandlight brown faux leather cap.For use with cologne, aftershave, splash on, and perfume or fragrance oil, beard oils.Our Classic Diva bottle family is available in 30ml, 46ml and 100ml.Price each",,,
GBDivaFrst46RdcrShnSl,GBDivaFrst46RdcrShnSl,False,False,2815.0,,,1.64oz,"46 ml,  ",,"Divadesign46 ml,  1.64ozFrosted glass bottlewithreducerandshiny silver cap.For use with cologne, aftershave, splash on, and perfume or fragrance oil, beard oils.Our Classic Diva bottle family is available in 30ml, 46ml and 100ml.Price each",,,
GBDivaFrst46RdcrMtSlTall,GBDivaFrst46RdcrMtSlTall,False,False,2816.0,,,1.64oz,"46 ml,  ",,"Divadesign46 ml,  1.64ozFrosted glass bottlewithreducerandtall silver matte cap.For use with cologne, aftershave, splash on, and perfume or fragrance oil, beard oils.Our Classic Diva bottle family is available in 30ml, 46ml and 100ml.Price each",,,
GBDivaFrst46RdcrMtSl,GBDivaFrst46RdcrMtSl,False,False,2817.0,,,1.64oz,"46 ml,  ",,"Divadesign46 ml,  1.64ozFrosted glass bottlewithreducerandsilver matte cap.For use with cologne, aftershave, splash on, and perfume or fragrance oil, beard oils.Our Classic Diva bottle family is available in 30ml, 46ml and 100ml.Price each",,,
GBDivaFrst46RdcrWht,GBDivaFrst46RdcrWht,False,False,2818.0,,,1.64oz,"46 ml,  ",,"Divadesign46 ml,  1.64ozFrosted glass bottlewithreducerandwhite cap.For use with cologne, aftershave, splash on, and perfume or fragrance oil, beard oils.Our Classic Diva bottle family is available in 30ml, 46ml and 100ml.Price each",,,
GBDivaFrst46SpryMtGl,GBDivaFrst46SpryMtGl,False,False,2819.0,,,1.64oz,"46 ml,  ",,"Divadesign46 ml,  1.64ozFrosted glass bottlewithmatte gold spray pump0.For use with cologne, Eau de Parfum, air freshner, face and body spray, or room spray.Our Classic Diva bottle family is available in 30ml, 46ml and 100ml.Price each",,,
LBDivaFrst46LtnMtGl,LBDivaFrst46LtnMtGl,False,False,2820.0,,,1.64oz,"46 ml,  ",,"Divadesign46 ml,  1.64ozFrosted glass bottlewithmatte gold lotion pump00.For use with lotions, moisturizer, and serums.Our Classic Diva bottle family is available in 30ml, 46ml and 100ml.Price each",,,
GBDivaFrst46SpryShnGl,GBDivaFrst46SpryShnGl,False,False,2821.0,,,1.64oz,"46 ml,  ",,"Divadesign46 ml,  1.64ozFrosted glass bottlewithshiny gold spray pump0.For use with cologne, Eau de Parfum, air freshner, face and body spray, or room spray.Our Classic Diva bottle family is available in 30ml, 46ml and 100ml.Price each",,,
LBDivaFrst46LtnShnGl,LBDivaFrst46LtnShnGl,False,False,3535.0,,,1.64oz,"46 ml,  ",,"Divadesign46 ml,  1.64ozFrosted glass bottlewithshiny gold lotion pump0.For use with lotions, moisturizer, and serums.Our Classic Diva bottle family is available in 30ml, 46ml and 100ml.Price each",,,
GBDivaFrst46SpryShnBlk,GBDivaFrst46SpryShnBlk,False,False,2822.0,,,1.64oz,"46 ml,  ",,"Divadesign46 ml,  1.64ozFrosted glass bottlewithshiny black spray pump0.For use with cologne, Eau de Parfum, air freshner, face and body spray, or room spray.Our Classic Diva bottle family is available in 30ml, 46ml and 100ml.Price each",,,
LBDivaFrst46LtnShnBlk,LBDivaFrst46LtnShnBlk,False,False,3536.0,,,1.64oz,"46 ml,  ",,"Divadesign46 ml,  1.64ozFrosted glass bottlewithshiny black lotion pump0.For use with lotions, moisturizer, and serums.Our Classic Diva bottle family is available in 30ml, 46ml and 100ml.Price each",,,
GBDivaFrst46SpryMtSl,GBDivaFrst46SpryMtSl,False,False,2823.0,,,1.64oz,"46 ml,  ",,"Divadesign46 ml,  1.64ozFrosted glass bottlewithmatte silver spray pump0.For use with cologne, Eau de Parfum, air freshner, face and body spray, or room spray.Our Classic Diva bottle family is available in 30ml, 46ml and 100ml.Price each",,,
LBDivaFrst46LtnMtSl,LBDivaFrst46LtnMtSl,False,False,2824.0,,,1.64oz,"46 ml,  ",,"Divadesign46 ml,  1.64ozFrosted glass bottlewithmatte silver lotion pump0.For use with lotions, moisturizer, and serums.Our Classic Diva bottle family is available in 30ml, 46ml and 100ml.Price each",,,
LBDivaFrst46LtnClOvrCap,LBDivaFrst46LtnClOvrCap,False,True,3537.0,,$3.56,1.64oz,"46 ml,  ",46 ml (1.56 oz),"Divadesign46 ml,  1.64ozFrosted glass bottlewithwith a matte silver collar treatment pump and clear overcap.0.For use with lotions, moisturizer, and serums.Our Classic Diva bottle family is available in 30ml, 46ml and 100ml.Price each","Diva design 46 ml, 1.64oz frosted glass bottle with with a matte silver collar treatment pump and clear overcap. For use with serums, light creams, moisturizers, facial oils or face oils, beard oils, body lotions, body wash, and hair products. Our Classic",,False
GBDivaFrst46SpryShnSl,GBDivaFrst46SpryShnSl,False,False,2825.0,,,1.64oz,"46 ml,  ",,"Divadesign46 ml,  1.64ozFrosted glass bottlewithshiny silver spray pump0.For use with cologne, Eau de Parfum, air freshner, face and body spray, or room spray.Our Classic Diva bottle family is available in 30ml, 46ml and 100ml.Price each",,,
LBDivaFrst46LtnShnSl,LBDivaFrst46LtnShnSl,False,False,3538.0,,,1.64oz,"46 ml,  ",,"Divadesign46 ml,  1.64ozFrosted glass bottlewithshiny silver lotion pump0.For use with lotions, moisturizer, and serums.Our Classic Diva bottle family is available in 30ml, 46ml and 100ml.Price each",,,
GBDivaFrst46AnSpLvn,GBDivaFrst46AnSpLvn,False,False,2826.0,,,1.64oz,"46 ml,  ",,"Divadesign46 ml,  1.64ozFrosted glass bottlewithlavender vintage style bulb sprayerwithshiny silver collar cap.For use with cologne, Eau de Parfum, air freshner, face and body spray, or room spray. Antique or vintage bulb sprayers enhance the beauty of your product.Our Classic Diva bottle family is available in 30ml, 46ml and 100ml.Price each",,,
GBDivaFrst46AnSpPnk,GBDivaFrst46AnSpPnk,False,False,2827.0,,,1.64oz,"46 ml,  ",,"Divadesign46 ml,  1.64ozFrosted glass bottlewithpink vintage style bulb sprayerwithshiny gold collar cap.For use with cologne, Eau de Parfum, air freshner, face and body spray, or room spray. Antique or vintage bulb sprayers enhance the beauty of your product.Our Classic Diva bottle family is available in 30ml, 46ml and 100ml.Price each",,,
GBDivaFrst46AnSpMtSl,GBDivaFrst46AnSpMtSl,False,False,2828.0,,,1.64oz,"46 ml,  ",,"Divadesign46 ml,  1.64ozFrosted glass bottlewithmatte silver vintage style sprayerwithmatte silver collar cap.For use with cologne, Eau de Parfum, air freshner, face and body spray, or room spray. Antique or vintage bulb sprayers enhance the beauty of your product.Our Classic Diva bottle family is available in 30ml, 46ml and 100ml.Price each",,,
GBDivaFrst46AnSpIvySl,GBDivaFrst46AnSpIvySl,False,False,2829.0,,,1.64oz,"46 ml,  ",,"Divadesign46 ml,  1.64ozFrosted glass bottlewithivory vintage style bulb sprayerwithshiny silver collar cap.For use with cologne, Eau de Parfum, air freshner, face and body spray, or room spray. Antique or vintage bulb sprayers enhance the beauty of your product.Our Classic Diva bottle family is available in 30ml, 46ml and 100ml.Price each",,,
GBDivaFrst46AnSpGl,GBDivaFrst46AnSpGl,False,False,2830.0,,,1.64oz,"46 ml,  ",,"Divadesign46 ml,  1.64ozFrosted glass bottlewithgold vintage style sprayerwithshiny gold collar cap.For use with cologne, Eau de Parfum, air freshner, face and body spray, or room spray. Antique or vintage bulb sprayers enhance the beauty of your product.Our Classic Diva bottle family is available in 30ml, 46ml and 100ml.Price each",,,
GBDivaFrst46AnSpIvyGl,GBDivaFrst46AnSpIvyGl,False,False,2831.0,,,1.64oz,"46 ml,  ",,"Divadesign46 ml,  1.64ozFrosted glass bottlewithivory vintage style bulb sprayerwithshiny gold collar cap.For use with cologne, Eau de Parfum, air freshner, face and body spray, or room spray. Antique or vintage bulb sprayers enhance the beauty of your product.Our Classic Diva bottle family is available in 30ml, 46ml and 100ml.Price each",,,
GBDivaFrst46AnSpBlk,GBDivaFrst46AnSpBlk,False,True,2832.0,,$6.27,1.64oz,"46 ml,  ",46 ml (1.56 oz),"Divadesign46 ml,  1.64ozFrosted glass bottlewithblack vintage style bulb sprayerwithshiny silver collar cap.For use with cologne, Eau de Parfum, air freshner, face and body spray, or room spray. Antique or vintage bulb sprayers enhance the beauty of your product.Our Classic Diva bottle family is available in 30ml, 46ml and 100ml.Price each","Diva design 46 ml, 1.64oz frosted glass bottle with black vintage style bulb sprayer with shiny silver collar cap. For use with cologne, Eau de Parfum, air freshner, face and body spray, or room spray. Antique or vintage bulb sprayers enhance the beauty",,False
GBDivaFrst46AnSpWht,GBDivaFrst46AnSpWht,False,False,2833.0,,,1.64oz,"46 ml,  ",,"Divadesign46 ml,  1.64ozFrosted glass bottlewithwhite vintage style bulb sprayerwithshiny silver collar cap.For use with cologne, Eau de Parfum, air freshner, face and body spray, or room spray. Antique or vintage bulb sprayers enhance the beauty of your product.Our Classic Diva bottle family is available in 30ml, 46ml and 100ml.Price each",,,
GBDivaFrst46AnSpRed,GBDivaFrst46AnSpRed,False,False,2834.0,,,1.64oz,"46 ml,  ",,"Divadesign46 ml,  1.64ozFrosted glass bottlewithred vintage style bulb sprayerwithshiny silver collar cap.For use with cologne, Eau de Parfum, air freshner, face and body spray, or room spray. Antique or vintage bulb sprayers enhance the beauty of your product.Our Classic Diva bottle family is available in 30ml, 46ml and 100ml.Price each",,,
GBDivaFrst46AnSpTslLvn,GBDivaFrst46AnSpTslLvn,False,False,2835.0,,,1.64oz,"46 ml,  ",,"Divadesign46 ml,  1.64ozFrosted glass bottlewithLavender vintage style bulb sprayer with Tasselwithshiny silver collar cap.For use with cologne, Eau de Parfum, air freshner, face and body spray, or room spray. Antique or vintage bulb sprayers enhance the beauty of your product.Our Classic Diva bottle family is available in 30ml, 46ml and 100ml.Price each",,,
GBDivaFrst46AnSpTslIvyGl,GBDivaFrst46AnSpTslIvyGl,False,False,2836.0,,,1.64oz,"46 ml,  ",,"Divadesign46 ml,  1.64ozFrosted glass bottlewithIvory vintage style bulb sprayer with tasselwithshiny gold collar cap.For use with cologne, Eau de Parfum, air freshner, face and body spray, or room spray. Antique or vintage bulb sprayers enhance the beauty of your product.Our Classic Diva bottle family is available in 30ml, 46ml and 100ml.Price each",,,
GBDivaFrst46AnSpTslIvySl,GBDivaFrst46AnSpTslIvySl,False,False,2837.0,,,1.64oz,"46 ml,  ",,"Divadesign46 ml,  1.64ozFrosted glass bottlewithIvory vintage style bulb sprayer with tasselwithshiny silver collar cap.For use with cologne, Eau de Parfum, air freshner, face and body spray, or room spray. Antique or vintage bulb sprayers enhance the beauty of your product.Our Classic Diva bottle family is available in 30ml, 46ml and 100ml.Price each",,,
GBDivaFrst46AnSpTslWht,GBDivaFrst46AnSpTslWht,False,False,2838.0,,,1.64oz,"46 ml,  ",,"Divadesign46 ml,  1.64ozFrosted glass bottlewithWhite vintage style bulb sprayer with tasselwithshiny silver collar cap.For use with cologne, Eau de Parfum, air freshner, face and body spray, or room spray. Antique or vintage bulb sprayers enhance the beauty of your product.Our Classic Diva bottle family is available in 30ml, 46ml and 100ml.Price each",,,
GBDivaFrst46AnSpTslPnk,GBDivaFrst46AnSpTslPnk,False,False,2839.0,,,1.64oz,"46 ml,  ",,"Divadesign46 ml,  1.64ozFrosted glass bottlewithPink vintage style bulb sprayer with tasselwithshiny gold collar cap.For use with cologne, Eau de Parfum, air freshner, face and body spray, or room spray. Antique or vintage bulb sprayers enhance the beauty of your product.Our Classic Diva bottle family is available in 30ml, 46ml and 100ml.Price each",,,
GBDivaFrst46AnSpTslRed,GBDivaFrst46AnSpTslRed,False,False,3286.0,,,1.64oz,"46 ml,  ",,"Divadesign46 ml,  1.64ozFrosted glass bottlewithRed vintage style bulb sprayer with tasselwithshiny silver collar cap.For use with cologne, Eau de Parfum, air freshner, face and body spray, or room spray. Antique or vintage bulb sprayers enhance the beauty of your product.Our Classic Diva bottle family is available in 30ml, 46ml and 100ml.Price each",,,
GBDivaFrst46AnSpTslBlk,GBDivaFrst46AnSpTslBlk,False,True,2840.0,,$6.98,1.64oz,"46 ml,  ",46 ml (1.56 oz),"Divadesign46 ml,  1.64ozFrosted glass bottlewithBlack vintage style bulb sprayer with tasselwithshiny silver collar cap.For use with cologne, Eau de Parfum, air freshner, face and body spray, or room spray. Antique or vintage bulb sprayers enhance the beauty of your product.Our Classic Diva bottle family is available in 30ml, 46ml and 100ml.Price each","Diva design 46 ml, 1.64oz frosted glass bottle with Black vintage style bulb sprayer with tassel with shiny silver collar cap. For use with cologne, Eau de Parfum, air freshner, face and body spray, or room spray. Antique or vintage bulb sprayers enhance",,False
GBDivaFrst46AnSpTslMtSl,GBDivaFrst46AnSpTslMtSl,False,False,2841.0,,,1.64oz,"46 ml,  ",,"Divadesign46 ml,  1.64ozFrosted glass bottlewithSilver vintage style bulb sprayer with tasselwithmatte silver collar cap.For use with cologne, Eau de Parfum, air freshner, face and body spray, or room spray. Antique or vintage bulb sprayers enhance the beauty of your product.Our Classic Diva bottle family is available in 30ml, 46ml and 100ml.Price each",,,
GBDivaFrst46AnSpTslGl,GBDivaFrst46AnSpTslGl,False,False,2842.0,,,1.64oz,"46 ml,  ",,"Divadesign46 ml,  1.64ozFrosted glass bottlewithGold vintage style bulb sprayer with tasselwithshiny gold collar cap.For use with cologne, Eau de Parfum, air freshner, face and body spray, or room spray. Antique or vintage bulb sprayers enhance the beauty of your product.Our Classic Diva bottle family is available in 30ml, 46ml and 100ml.Price each",,,
GBDiva46DrpSl,GBDiva46DrpSl,False,False,2802.0,,,1.64oz,"46 ml,  ",,"Divadesign46 ml,  1.64ozFrosted glass bottlewithwhite dropperwithshiny gold collar cap.For use with perfume oils, diffuser oils, serums, primers, facial oils or face oils, moisturizer, and beard oils.Our Classic Diva bottle family is available in 30ml, 46ml and 100ml.Price each",,,
GBDiva46DrpGl,GBDiva46DrpGl,False,False,2803.0,,,1.64oz,"46 ml,  ",,"Divadesign46 ml,  1.64ozFrosted glass bottlewithwhite dropperwithshiny gold collar cap.For use with perfume oils, diffuser oils, serums, primers, facial oils or face oils, moisturizer, and beard oils.Our Classic Diva bottle family is available in 30ml, 46ml and 100ml.Price each",,,
GBDiva46DrpCu,GBDiva46DrpCu,False,True,2804.0,,$2.28,1.64oz,"46 ml,  ",46 ml (1.56 oz),"Divadesign46 ml,  1.64ozFrosted glass bottlewithwhite dropperwithshiny copper collar cap.For use with perfume oils, diffuser oils, serums, primers, facial oils or face oils, moisturizer, and beard oils.Our Classic Diva bottle family is available in 30ml, 46ml and 100ml.Price each","Diva design 46 ml, 1.64oz clear glass bottle with white dropper with shiny copper collar cap. For use with perfume oils, diffuser oils, serums, primers, facial oils or face oils, moisturizer, and beard oils.Our Classic Diva bottle family is available in",,False
GBDivaFrst46RdcrPnkLthr,GBDivaFrst46RdcrPnkLthr,False,False,2846.0,,,1.64oz,"46 ml,  ",,"Divadesign46 ml,  1.64ozFrosted glass bottlewithreducerandpink faux leather cap.For use with cologne, aftershave, splash on, and perfume or fragrance oil, beard oils.Our Classic Diva bottle family is available in 30ml, 46ml and 100ml.Price each",,,
GBDivaFrst46RdcrIvyLthr,GBDivaFrst46RdcrIvyLthr,False,False,2847.0,,,1.64oz,"46 ml,  ",,"Divadesign46 ml,  1.64ozFrosted glass bottlewithreducerandivory faux leather cap.For use with cologne, aftershave, splash on, and perfume or fragrance oil, beard oils.Our Classic Diva bottle family is available in 30ml, 46ml and 100ml.Price each",,,
GBDivaFrst46SpryCu,GBDivaFrst46SpryCu,False,True,2848.0,,$3.56,1.64oz,"46 ml,  ",46 ml (1.56 oz),"Divadesign46 ml,  1.64ozFrosted glass bottlewithmatte copper spray pump0.For use with cologne, Eau de Parfum, air freshner, face and body spray, or room spray.Our Classic Diva bottle family is available in 30ml, 46ml and 100ml.Price each","Diva design 46 ml, 1.64oz frosted glass bottle with matte copper spray pump. For use with cologne, Eau de Parfum, air freshner, face and body spray, or room spray. Our Classic Diva bottle family is available in 30ml, 46ml and 100ml.",,False
LBDivaFrst46LtnCu,LBDivaFrst46LtnCu,False,False,2849.0,,,1.64oz,"46 ml,  ",,"Divadesign46 ml,  1.64ozFrosted glass bottlewithmatte copper lotion pump0.For use with lotions, moisturizer, and serums.Our Classic Diva bottle family is available in 30ml, 46ml and 100ml.Price each",,,
GBDiva100RdcrShnGl,GBDiva100RdcrShnGl,False,False,2850.0,,,3 1/2oz,"100 ml,  ",,"Divadesign100 ml,  3 1/2oz Clear glass bottle  withreducerandshiny gold cap.For use with cologne, aftershave, splash on, and perfume or fragrance oil, beard oils.Our Classic Diva bottle family is available in 30ml, 46ml and 100ml.Price each",,,
GBDiva100RdcrShnBlkTall,GBDiva100RdcrShnBlkTall,False,False,2851.0,,,3 1/2oz,"100 ml,  ",,"Divadesign100 ml,  3 1/2oz Clear glass bottle  withreducerandtall black shiny cap.For use with cologne, aftershave, splash on, and perfume or fragrance oil, beard oils.Our Classic Diva bottle family is available in 30ml, 46ml and 100ml.Price each",,,
GBDiva100RdcrShnBlk,GBDiva100RdcrShnBlk,False,False,2852.0,,,3 1/2oz,"100 ml,  ",,"Divadesign100 ml,  3 1/2oz Clear glass bottle  withreducerandblack shiny cap.For use with cologne, aftershave, splash on, and perfume or fragrance oil, beard oils.Our Classic Diva bottle family is available in 30ml, 46ml and 100ml.Price each",,,
GBDiva100RdcrBlkLthr,GBDiva100RdcrBlkLthr,False,True,2853.0,,$2.57,3 1/2oz,"100 ml,  ",100 ml (3.38 oz),"Divadesign100 ml,  3 1/2oz Clear glass bottle  withreducerandblack faux leather cap.For use with cologne, aftershave, splash on, and perfume or fragrance oil, beard oils.Our Classic Diva bottle family is available in 30ml, 46ml and 100ml.Price each","Diva design 100 ml, 3 1/2oz clear glass bottle with reducer and black faux leather cap. For use with cologne, aftershave, splash on, and perfume or fragrance oil, beard oils. Our Classic Diva bottle family is available in 30ml, 46ml and 100ml.",,False
GBDiva100RdcrBrwnLthr,GBDiva100RdcrBrwnLthr,False,False,2854.0,,,3 1/2oz,"100 ml,  ",,"Divadesign100 ml,  3 1/2oz Clear glass bottle  withreducerandbrown faux leather cap.For use with cologne, aftershave, splash on, and perfume or fragrance oil, beard oils.Our Classic Diva bottle family is available in 30ml, 46ml and 100ml.Price each",,,
GBDiva100RdcrLBrwnLthr,GBDiva100RdcrLBrwnLthr,False,False,2855.0,,,3 1/2oz,"100 ml,  ",,"Divadesign100 ml,  3 1/2oz Clear glass bottle  withreducerandlight brown faux leather cap.For use with cologne, aftershave, splash on, and perfume or fragrance oil, beard oils.Our Classic Diva bottle family is available in 30ml, 46ml and 100ml.Price each",,,
GBDiva100RdcrShnSl,GBDiva100RdcrShnSl,False,False,2856.0,,,3 1/2oz,"100 ml,  ",,"Divadesign100 ml,  3 1/2oz Clear glass bottle  withreducerandshiny silver cap.For use with cologne, aftershave, splash on, and perfume or fragrance oil, beard oils.Our Classic Diva bottle family is available in 30ml, 46ml and 100ml.Price each",,,
GBDiva100RdcrMtSlTall,GBDiva100RdcrMtSlTall,False,False,2857.0,,,3 1/2oz,"100 ml,  ",,"Divadesign100 ml,  3 1/2oz Clear glass bottle  withreducerandtall silver matte cap.For use with cologne, aftershave, splash on, and perfume or fragrance oil, beard oils.Our Classic Diva bottle family is available in 30ml, 46ml and 100ml.Price each",,,
GBDiva100RdcrMtSl,GBDiva100RdcrMtSl,False,False,2858.0,,,3 1/2oz,"100 ml,  ",,"Divadesign100 ml,  3 1/2oz Clear glass bottle  withreducerandsilver matte cap.For use with cologne, aftershave, splash on, and perfume or fragrance oil, beard oils.Our Classic Diva bottle family is available in 30ml, 46ml and 100ml.Price each",,,
GBDiva100RdcrWht,GBDiva100RdcrWht,False,False,2859.0,,,3 1/2oz,"100 ml,  ",,"Divadesign100 ml,  3 1/2oz Clear glass bottle  withreducerandwhite cap.For use with cologne, aftershave, splash on, and perfume or fragrance oil, beard oils.Our Classic Diva bottle family is available in 30ml, 46ml and 100ml.Price each",,,
GBDiva100SpryMtGl,GBDiva100SpryMtGl,False,False,2860.0,,,3 1/2oz,"100 ml,  ",,"Divadesign100 ml,  3 1/2oz Clear glass bottle  withmatte gold spray pump0.For use with cologne, Eau de Parfum, air freshner, face and body spray, or room spray.Our Classic Diva bottle family is available in 30ml, 46ml and 100ml.Price each",,,
LBDiva100LtnMtGl,LBDiva100LtnMtGl,False,False,2861.0,,,3 1/2oz,"100 ml,  ",,"Divadesign100 ml,  3 1/2oz Clear glass bottle  withmatte gold lotion pump0.For use with lotions, moisturizer, and serums.Our Classic Diva bottle family is available in 30ml, 46ml and 100ml.Price each",,,
GBDiva100SpryShnGl,GBDiva100SpryShnGl,False,False,2862.0,,,3 1/2oz,"100 ml,  ",,"Divadesign100 ml,  3 1/2oz Clear glass bottle  withshiny gold spray pump.For use with cologne, Eau de Parfum, air freshner, face and body spray, or room spray.Our Classic Diva bottle family is available in 30ml, 46ml and 100ml.Price each",,,
LBDiva100LtnShnGl,LBDiva100LtnShnGl,False,False,2863.0,,,3 1/2oz,"100 ml,  ",,"Divadesign100 ml,  3 1/2oz Clear glass bottle  withshiny gold lotion pump.For use with lotions, moisturizer, and serums.Our Classic Diva bottle family is available in 30ml, 46ml and 100ml.Price each",,,
GBDiva100SpryShnBlk,GBDiva100SpryShnBlk,False,False,2864.0,,,3 1/2oz,"100 ml,  ",,"Divadesign100 ml,  3 1/2oz Clear glass bottle  withshiny black spray pump.For use with cologne, Eau de Parfum, air freshner, face and body spray, or room spray.Our Classic Diva bottle family is available in 30ml, 46ml and 100ml.Price each",,,
LBDiva100LtnShnBlk,LBDiva100LtnShnBlk,False,False,2865.0,,,3 1/2oz,"100 ml,  ",,"Divadesign100 ml,  3 1/2oz Clear glass bottle  withshiny black lotion pump.For use with lotions, moisturizer, and serums.Our Classic Diva bottle family is available in 30ml, 46ml and 100ml.Price each",,,
GBDiva100SpryMtSl,GBDiva100SpryMtSl,False,False,2866.0,,,3 1/2oz,"100 ml,  ",,"Divadesign100 ml,  3 1/2oz Clear glass bottle  withmatte silver spray pump.For use with cologne, Eau de Parfum, air freshner, face and body spray, or room spray.Our Classic Diva bottle family is available in 30ml, 46ml and 100ml.Price each",,,
LBDiva100LtnMtSl,LBDiva100LtnMtSl,False,False,2867.0,,,3 1/2oz,"100 ml,  ",,"Divadesign100 ml,  3 1/2oz Clear glass bottle  withmatte silver lotion pump.For use with lotions, moisturizer, and serums.Our Classic Diva bottle family is available in 30ml, 46ml and 100ml.Price each",,,
LBDiva100LtnClOvrCap,LBDiva100LtnClOvrCap,False,True,2868.0,,$3.28,3 1/2oz,"100 ml,  ",100 ml (3.38 oz),"Divadesign100 ml,  3 1/2oz Clear glass bottle  withwith a matte silver collar treatment pump and clear overcap..For use with lotions, moisturizer, and serums.Our Classic Diva bottle family is available in 30ml, 46ml and 100ml.Price each","Diva design 100 ml, 3 1/2oz clear glass bottle with with a matte silver collar treatment pump and clear overcap. For use with serums, light creams, moisturizers, facial oils or face oils, beard oils, body lotions, body wash, and hair products. Our Classic",,False
GBDiva100SpryShnSl,GBDiva100SpryShnSl,False,False,2869.0,,,3 1/2oz,"100 ml,  ",,"Divadesign100 ml,  3 1/2oz Clear glass bottle  withshiny silver spray pump0.For use with cologne, Eau de Parfum, air freshner, face and body spray, or room spray.Our Classic Diva bottle family is available in 30ml, 46ml and 100ml.Price each",,,
LBDiva100LtnShnSl,LBDiva100LtnShnSl,False,False,2870.0,,,3 1/2oz,"100 ml,  ",,"Divadesign100 ml,  3 1/2oz Clear glass bottle  withshiny silver lotion pump0.For use with lotions, moisturizer, and serums.Our Classic Diva bottle family is available in 30ml, 46ml and 100ml.Price each",,,
GBDiva100AnSpLvn,GBDiva100AnSpLvn,False,False,3252.0,,,3 1/2oz,"100 ml,  ",,"Divadesign100 ml,  3 1/2oz Clear glass bottle  withlavender vintage style bulb sprayerwithshiny silver collar cap.For use with cologne, Eau de Parfum, air freshner, face and body spray, or room spray. Antique or vintage bulb sprayers enhance the beauty of your product.Our Classic Diva bottle family is available in 30ml, 46ml and 100ml.Price each",,,
GBDiva100AnSpPnk,GBDiva100AnSpPnk,False,False,3253.0,,,3 1/2oz,"100 ml,  ",,"Divadesign100 ml,  3 1/2oz Clear glass bottle  withpink vintage style bulb sprayerwithshiny gold collar cap.For use with cologne, Eau de Parfum, air freshner, face and body spray, or room spray. Antique or vintage bulb sprayers enhance the beauty of your product.Our Classic Diva bottle family is available in 30ml, 46ml and 100ml.Price each",,,
GBDiva100AnSpMtSl,GBDiva100AnSpMtSl,False,False,2871.0,,,3 1/2oz,"100 ml,  ",,"Divadesign100 ml,  3 1/2oz Clear glass bottle  withmatte silver vintage style sprayerwithmatte silver collar cap.For use with cologne, Eau de Parfum, air freshner, face and body spray, or room spray. Antique or vintage bulb sprayers enhance the beauty of your product.Our Classic Diva bottle family is available in 30ml, 46ml and 100ml.Price each",,,
GBDiva100AnSpIvySl,GBDiva100AnSpIvySl,False,False,3251.0,,,3 1/2oz,"100 ml,  ",,"Divadesign100 ml,  3 1/2oz Clear glass bottle  withivory vintage style bulb sprayerwithshiny silver collar cap.For use with cologne, Eau de Parfum, air freshner, face and body spray, or room spray. Antique or vintage bulb sprayers enhance the beauty of your product.Our Classic Diva bottle family is available in 30ml, 46ml and 100ml.Price each",,,
GBDiva100AnSpGl,GBDiva100AnSpGl,False,False,2872.0,,,3 1/2oz,"100 ml,  ",,"Divadesign100 ml,  3 1/2oz Clear glass bottle  withgold vintage style sprayerwithshiny gold collar cap.For use with cologne, Eau de Parfum, air freshner, face and body spray, or room spray. Antique or vintage bulb sprayers enhance the beauty of your product.Our Classic Diva bottle family is available in 30ml, 46ml and 100ml.Price each",,,
GBDiva100AnSpIvyGl,GBDiva100AnSpIvyGl,False,False,2873.0,,,3 1/2oz,"100 ml,  ",,"Divadesign100 ml,  3 1/2oz Clear glass bottle  withivory vintage style bulb sprayerwithshiny gold collar cap.For use with cologne, Eau de Parfum, air freshner, face and body spray, or room spray. Antique or vintage bulb sprayers enhance the beauty of your product.Our Classic Diva bottle family is available in 30ml, 46ml and 100ml.Price each",,,
GBDiva100AnSpBlk,GBDiva100AnSpBlk,False,True,3250.0,,$5.99,3 1/2oz,"100 ml,  ",100 ml (3.38 oz),"Divadesign100 ml,  3 1/2oz Clear glass bottle  withblack vintage style bulb sprayerwithshiny silver collar cap.For use with cologne, Eau de Parfum, air freshner, face and body spray, or room spray. Antique or vintage bulb sprayers enhance the beauty of your product.Our Classic Diva bottle family is available in 30ml, 46ml and 100ml.Price each","Diva design 100 ml, 3 1/2oz clear glass bottle with black vintage style bulb sprayer with shiny silver collar cap. For use with cologne, Eau de Parfum, air freshner, face and body spray, or room spray. Antique or vintage bulb sprayers enhance the beaut",,False
GBDiva100AnSpWht,GBDiva100AnSpWht,False,False,2874.0,,,3 1/2oz,"100 ml,  ",,"Divadesign100 ml,  3 1/2oz Clear glass bottle  withwhite vintage style bulb sprayerwithshiny silver collar cap.For use with cologne, Eau de Parfum, air freshner, face and body spray, or room spray. Antique or vintage bulb sprayers enhance the beauty of your product.Our Classic Diva bottle family is available in 30ml, 46ml and 100ml.Price each",,,
GBDiva100AnSpRed,GBDiva100AnSpRed,False,False,3254.0,,,3 1/2oz,"100 ml,  ",,"Divadesign100 ml,  3 1/2oz Clear glass bottle  withred vintage style bulb sprayerwithshiny silver collar cap.For use with cologne, Eau de Parfum, air freshner, face and body spray, or room spray. Antique or vintage bulb sprayers enhance the beauty of your product.Our Classic Diva bottle family is available in 30ml, 46ml and 100ml.Price each",,,
GBDiva100AnSpTslLvn,GBDiva100AnSpTslLvn,False,False,3259.0,,,3 1/2oz,"100 ml,  ",,"Divadesign100 ml,  3 1/2oz Clear glass bottle  withLavender vintage style bulb sprayer with Tasselwithshiny silver collar cap.For use with cologne, Eau de Parfum, air freshner, face and body spray, or room spray. Antique or vintage bulb sprayers enhance the beauty of your product.Our Classic Diva bottle family is available in 30ml, 46ml and 100ml.Price each",,,
GBDiva100AnSpTslIvyGl,GBDiva100AnSpTslIvyGl,False,False,3257.0,,,3 1/2oz,"100 ml,  ",,"Divadesign100 ml,  3 1/2oz Clear glass bottle  withIvory vintage style bulb sprayer with tasselwithshiny gold collar cap.For use with cologne, Eau de Parfum, air freshner, face and body spray, or room spray. Antique or vintage bulb sprayers enhance the beauty of your product.Our Classic Diva bottle family is available in 30ml, 46ml and 100ml.Price each",,,
GBDiva100AnSpTslIvySl,GBDiva100AnSpTslIvySl,False,False,3258.0,,,3 1/2oz,"100 ml,  ",,"Divadesign100 ml,  3 1/2oz Clear glass bottle  withIvory vintage style bulb sprayer with tasselwithshiny silver collar cap.For use with cologne, Eau de Parfum, air freshner, face and body spray, or room spray. Antique or vintage bulb sprayers enhance the beauty of your product.Our Classic Diva bottle family is available in 30ml, 46ml and 100ml.Price each",,,
GBDiva100AnSpTslWht,GBDiva100AnSpTslWht,False,False,2875.0,,,3 1/2oz,"100 ml,  ",,"Divadesign100 ml,  3 1/2oz Clear glass bottle  withWhite vintage style bulb sprayer with tasselwithshiny silver collar cap.For use with cologne, Eau de Parfum, air freshner, face and body spray, or room spray. Antique or vintage bulb sprayers enhance the beauty of your product.Our Classic Diva bottle family is available in 30ml, 46ml and 100ml.Price each",,,
GBDiva100AnSpTslPnk,GBDiva100AnSpTslPnk,False,False,3260.0,,,3 1/2oz,"100 ml,  ",,"Divadesign100 ml,  3 1/2oz Clear glass bottle  withPink vintage style bulb sprayer with tasselwithshiny gold collar cap.For use with cologne, Eau de Parfum, air freshner, face and body spray, or room spray. Antique or vintage bulb sprayers enhance the beauty of your product.Our Classic Diva bottle family is available in 30ml, 46ml and 100ml.Price each",,,
GBDiva100AnSpTslRed,GBDiva100AnSpTslRed,False,False,2876.0,,,3 1/2oz,"100 ml,  ",,"Divadesign100 ml,  3 1/2oz Clear glass bottle  withRed vintage style bulb sprayer with tasselwithshiny silver collar cap.For use with cologne, Eau de Parfum, air freshner, face and body spray, or room spray. Antique or vintage bulb sprayers enhance the beauty of your product.Our Classic Diva bottle family is available in 30ml, 46ml and 100ml.Price each",,,
GBDiva100AnSpTslBlk,GBDiva100AnSpTslBlk,False,True,3255.0,,$6.70,3 1/2oz,"100 ml,  ",100 ml (3.38 oz),"Divadesign100 ml,  3 1/2oz Clear glass bottle  withBlack vintage style bulb sprayer with tasselwithshiny silver collar cap.For use with cologne, Eau de Parfum, air freshner, face and body spray, or room spray. Antique or vintage bulb sprayers enhance the beauty of your product.Our Classic Diva bottle family is available in 30ml, 46ml and 100ml.Price each","Diva design 100 ml, 3 1/2oz clear glass bottle with Black vintage style bulb sprayer with tassel with shiny silver collar cap. For use with cologne, Eau de Parfum, air freshner, face and body spray, or room spray. Antique or vintage bulb sprayers enhan",,False
GBDiva100AnSpTslMtSl,GBDiva100AnSpTslMtSl,False,False,2877.0,,,3 1/2oz,"100 ml,  ",,"Divadesign100 ml,  3 1/2oz Clear glass bottle  withSilver vintage style bulb sprayer with tasselwithmatte silver collar cap.For use with cologne, Eau de Parfum, air freshner, face and body spray, or room spray. Antique or vintage bulb sprayers enhance the beauty of your product.Our Classic Diva bottle family is available in 30ml, 46ml and 100ml.Price each",,,
GBDiva100AnSpTslGl,GBDiva100AnSpTslGl,False,False,3256.0,,,3 1/2oz,"100 ml,  ",,"Divadesign100 ml,  3 1/2oz Clear glass bottle  withGold vintage style bulb sprayer with tasselwithshiny gold collar cap.For use with cologne, Eau de Parfum, air freshner, face and body spray, or room spray. Antique or vintage bulb sprayers enhance the beauty of your product.Our Classic Diva bottle family is available in 30ml, 46ml and 100ml.Price each",,,
GBDiva100RdcrPnkLthr,GBDiva100RdcrPnkLthr,False,False,2878.0,,,3 1/2oz,"100 ml,  ",,"Divadesign100 ml,  3 1/2oz Clear glass bottle  withreducerwithpink faux leather cap.For use with cologne, aftershave, splash on, and perfume or fragrance oil, beard oils.Our Classic Diva bottle family is available in 30ml, 46ml and 100ml.Price each",,,
GBDiva100RdcrIvyLthr,GBDiva100RdcrIvyLthr,False,False,2879.0,,,3 1/2oz,"100 ml,  ",,"Divadesign100 ml,  3 1/2oz Clear glass bottle  withreducerwithivory faux leather cap.For use with cologne, aftershave, splash on, and perfume or fragrance oil, beard oils.Our Classic Diva bottle family is available in 30ml, 46ml and 100ml.Price each",,,
GBDiva100SpryCu,GBDiva100SpryCu,False,True,2880.0,,$3.28,3 1/2oz,"100 ml,  ",100 ml (3.38 oz),"Divadesign100 ml,  3 1/2oz Clear glass bottle  withmatte copper spray pump0.For use with cologne, Eau de Parfum, air freshner, face and body spray, or room spray.Our Classic Diva bottle family is available in 30ml, 46ml and 100ml.Price each","Diva design 100 ml, 3 1/2oz clear glass bottle with matte copper spray pump. For use with cologne, Eau de Parfum, air freshner, face and body spray, or room spray. Our Classic Diva bottle family is available in 30ml, 46ml and 100ml.",,False
LBDiva100LtnCu,LBDiva100LtnCu,False,False,2881.0,,,3 1/2oz,"100 ml,  ",,"Divadesign100 ml,  3 1/2oz Clear glass bottle  withmatte copper lotion pump0.For use with lotions, moisturizer, and serums.Our Classic Diva bottle family is available in 30ml, 46ml and 100ml.Price each",,,
GBDmnd2ozRdcrShnGl,GBDmnd2ozRdcrShnGl,False,False,2882.0,,,2 ounce,"60ml,",,"Diamonddesign60ml,2 ounce Clear glass bottle  withreducerandshiny gold cap.For use with cologne, aftershave, splash on, and perfume or fragrance oil, beard oils.A classic, multi-faceted bottle.Price each",,,
GBDmnd2ozRdcrShnBlkTall,GBDmnd2ozRdcrShnBlkTall,False,False,2883.0,,,2 ounce,"60ml,",,"Diamonddesign60ml,2 ounce Clear glass bottle  withreducerandtall black shiny cap.For use with cologne, aftershave, splash on, and perfume or fragrance oil, beard oils.A classic, multi-faceted bottle.Price each",,,
GBDmnd2ozRdcrShnBlk,GBDmnd2ozRdcrShnBlk,False,False,3139.0,,,2 ounce,"60ml,",,"Diamonddesign60ml,2 ounce Clear glass bottle  withreducerandblack shiny cap.For use with cologne, aftershave, splash on, and perfume or fragrance oil, beard oils.A classic, multi-faceted bottle.Price each",,,
GBDmnd2ozRdcrBlkLthr,GBDmnd2ozRdcrBlkLthr,False,True,1196.0,,$2.04,2 ounce,"60ml,",60 ml (2.03 oz),"Diamonddesign60ml,2 ounce Clear glass bottle  withreducerandblack faux leather cap.For use with cologne, aftershave, splash on, and perfume or fragrance oil, beard oils.A classic, multi-faceted bottle.Price each","Diamond design 60ml, 2 ounce clear glass bottle with reducer and black faux leather cap. For use with cologne, aftershave, splash on, and perfume or fragrance oil, beard oils. A classic, multi-faceted bottle.",,False
GBDmnd2ozRdcrBrwnLthr,GBDmnd2ozRdcrBrwnLthr,False,False,2884.0,,,2 ounce,"60ml,",,"Diamonddesign60ml,2 ounce Clear glass bottle  withreducerandbrown faux leather cap.For use with cologne, aftershave, splash on, and perfume or fragrance oil, beard oils.A classic, multi-faceted bottle.Price each",,,
GBDmnd2ozRdcrLBrwnLthr,GBDmnd2ozRdcrLBrwnLthr,False,False,2885.0,,,2 ounce,"60ml,",,"Diamonddesign60ml,2 ounce Clear glass bottle  withreducerandlight brown faux leather cap.For use with cologne, aftershave, splash on, and perfume or fragrance oil, beard oils.A classic, multi-faceted bottle.Price each",,,
GBDmnd2ozRdcrShnSl,GBDmnd2ozRdcrShnSl,False,False,2886.0,,,2 ounce,"60ml,",,"Diamonddesign60ml,2 ounce Clear glass bottle  withreducerandshiny silver cap.For use with cologne, aftershave, splash on, and perfume or fragrance oil, beard oils.A classic, multi-faceted bottle.Price each",,,
GBDmnd2ozRdcrMtSlTall,GBDmnd2ozRdcrMtSlTall,False,False,2887.0,,,2 ounce,"60ml,",,"Diamonddesign60ml,2 ounce Clear glass bottle  withreducerandtall silver matte cap.For use with cologne, aftershave, splash on, and perfume or fragrance oil, beard oils.A classic, multi-faceted bottle.Price each",,,
GBDmnd2ozRdcrMtSl,GBDmnd2ozRdcrMtSl,False,False,2888.0,,,2 ounce,"60ml,",,"Diamonddesign60ml,2 ounce Clear glass bottle  withreducerandsilver matte cap.For use with cologne, aftershave, splash on, and perfume or fragrance oil, beard oils.A classic, multi-faceted bottle.Price each",,,
GBDmnd2ozRdcrWht,GBDmnd2ozRdcrWht,False,False,875.0,,,2 ounce,"60ml,",,"Diamonddesign60ml,2 ounce Clear glass bottle  withreducerandwhite cap.For use with cologne, aftershave, splash on, and perfume or fragrance oil, beard oils.A classic, multi-faceted bottle.Price each",,,
GBDmnd2ozSpryMtGl,GBDmnd2ozSpryMtGl,False,False,2889.0,,,2 ounce,"60ml,",,"Diamonddesign60ml,2 ounce Clear glass bottle  withmatte gold spray pump0.For use with cologne, Eau de Parfum, air freshner, face and body spray, or room spray.A classic, multi-faceted bottle.Price each",,,
LBDmnd2ozLtnMtGl,LBDmnd2ozLtnMtGl,False,False,2890.0,,,2 ounce,"60ml,",,"Diamonddesign60ml,2 ounce Clear glass bottle  withmatte gold lotion pump00.For use with lotions, moisturizer, and serums.A classic, multi-faceted bottle.Price each",,,
GBDmnd2ozSpryShnGl,GBDmnd2ozSpryShnGl,False,False,873.0,,,2 ounce,"60ml,",,"Diamonddesign60ml,2 ounce Clear glass bottle  withshiny gold spray pump0.For use with cologne, Eau de Parfum, air freshner, face and body spray, or room spray.A classic, multi-faceted bottle.Price each",,,
LBDmnd2ozLtnShnGl,LBDmnd2ozLtnShnGl,False,False,2891.0,,,2 ounce,"60ml,",,"Diamonddesign60ml,2 ounce Clear glass bottle  withshiny gold lotion pump.For use with lotions, moisturizer, and serums.A classic, multi-faceted bottle.Price each",,,
GBDmnd2ozSpryShnBlk,GBDmnd2ozSpryShnBlk,False,False,2892.0,,,2 ounce,"60ml,",,"Diamonddesign60ml,2 ounce Clear glass bottle  withshiny black spray pump.For use with cologne, Eau de Parfum, air freshner, face and body spray, or room spray.A classic, multi-faceted bottle.Price each",,,
LBDmnd2ozLtnShnBlk,LBDmnd2ozLtnShnBlk,False,False,2893.0,,,2 ounce,"60ml,",,"Diamonddesign60ml,2 ounce Clear glass bottle  withshiny black lotion pump.For use with lotions, moisturizer, and serums.A classic, multi-faceted bottle.Price each",,,
GBDmnd2ozSpryMtSl,GBDmnd2ozSpryMtSl,False,False,874.0,,,2 ounce,"60ml,",,"Diamonddesign60ml,2 ounce Clear glass bottle  withmatte silver spray pump.For use with cologne, Eau de Parfum, air freshner, face and body spray, or room spray.A classic, multi-faceted bottle.Price each",,,
LBDmnd2ozLtnMtSl,LBDmnd2ozLtnMtSl,False,False,2894.0,,,2 ounce,"60ml,",,"Diamonddesign60ml,2 ounce Clear glass bottle  withmatte silver lotion pump.For use with lotions, moisturizer, and serums.A classic, multi-faceted bottle.Price each",,,
LBDmnd2ozLtnClOvrCap,LBDmnd2ozLtnClOvrCap,False,True,2895.0,,$2.76,2 ounce,"60ml,",60 ml (2.03 oz),"Diamonddesign60ml,2 ounce Clear glass bottle  withwith a matte silver collar treatment pump and clear overcap..For use with lotions, moisturizer, and serums.A classic, multi-faceted bottle.Price each","Diamond design 60ml, 2 ounce clear glass bottle with with a matte silver collar treatment pump and clear overcap. For use with serums, light creams, moisturizers, facial oils or face oils, beard oils, body lotions, body wash, and hair products. A classic,",,False
GBDmnd2ozSpryShnSl,GBDmnd2ozSpryShnSl,False,False,2896.0,,,2 ounce,"60ml,",,"Diamonddesign60ml,2 ounce Clear glass bottle  withshiny silver spray pump.For use with cologne, Eau de Parfum, air freshner, face and body spray, or room spray.A classic, multi-faceted bottle.Price each",,,
LBDmnd2ozLtnShnSl,LBDmnd2ozLtnShnSl,False,False,2897.0,,,2 ounce,"60ml,",,"Diamonddesign60ml,2 ounce Clear glass bottle  withshiny silver lotion pump.For use with lotions, moisturizer, and serums.A classic, multi-faceted bottle.Price each",,,
GBDmnd2ozAnSpLvn,GBDmnd2ozAnSpLvn,False,False,271.0,,,2 ounce,"60ml,",,"Diamonddesign60ml,2 ounce Clear glass bottle  withlavender vintage style bulb sprayerwithshiny silver collar cap.For use with cologne, Eau de Parfum, air freshner, face and body spray, or room spray. Antique or vintage bulb sprayers enhance the beauty of your product.A classic, multi-faceted bottle.Price each",,,
GBDmnd2ozAnSpPnk,GBDmnd2ozAnSpPnk,False,False,269.0,,,2 ounce,"60ml,",,"Diamonddesign60ml,2 ounce Clear glass bottle  withpink vintage style bulb sprayerwithshiny gold collar cap.For use with cologne, Eau de Parfum, air freshner, face and body spray, or room spray. Antique or vintage bulb sprayers enhance the beauty of your product.A classic, multi-faceted bottle.Price each",,,
GBDmnd2ozAnSpMtSl,GBDmnd2ozAnSpMtSl,False,False,2898.0,,,2 ounce,"60ml,",,"Diamonddesign60ml,2 ounce Clear glass bottle  withmatte silver vintage style sprayerwithmatte silver collar cap.For use with cologne, Eau de Parfum, air freshner, face and body spray, or room spray. Antique or vintage bulb sprayers enhance the beauty of your product.A classic, multi-faceted bottle.Price each",,,
GBDmnd2ozAnSpIvySl,GBDmnd2ozAnSpIvySl,False,False,1013.0,,,2 ounce,"60ml,",,"Diamonddesign60ml,2 ounce Clear glass bottle  withivory vintage style bulb sprayerwithshiny silver collar cap.For use with cologne, Eau de Parfum, air freshner, face and body spray, or room spray. Antique or vintage bulb sprayers enhance the beauty of your product.A classic, multi-faceted bottle.Price each",,,
GBDmnd2ozAnSpGl,GBDmnd2ozAnSpGl,False,False,272.0,,,2 ounce,"60ml,",,"Diamonddesign60ml,2 ounce Clear glass bottle  withgold vintage style sprayerwithshiny gold collar cap.For use with cologne, Eau de Parfum, air freshner, face and body spray, or room spray. Antique or vintage bulb sprayers enhance the beauty of your product.A classic, multi-faceted bottle.Price each",,,
GBDmnd2ozAnSpIvyGl,GBDmnd2ozAnSpIvyGl,False,False,270.0,,,2 ounce,"60ml,",,"Diamonddesign60ml,2 ounce Clear glass bottle  withivory vintage style bulb sprayerwithshiny gold collar cap.For use with cologne, Eau de Parfum, air freshner, face and body spray, or room spray. Antique or vintage bulb sprayers enhance the beauty of your product.A classic, multi-faceted bottle.Price each",,,
GBDmnd2ozAnSpBlk,GBDmnd2ozAnSpBlk,False,True,268.0,,$5.46,2 ounce,"60ml,",60 ml (2.03 oz),"Diamonddesign60ml,2 ounce Clear glass bottle  withblack vintage style bulb sprayerwithshiny silver collar cap.For use with cologne, Eau de Parfum, air freshner, face and body spray, or room spray. Antique or vintage bulb sprayers enhance the beauty of your product.A classic, multi-faceted bottle.Price each","Diamond design 60ml, 2 ounce clear glass bottle with black vintage style bulb sprayer with shiny silver collar cap. For use with cologne, Eau de Parfum, air freshner, face and body spray, or room spray. Antique or vintage bulb sprayers enhance the beau",,False
GBDmnd2ozAnSpWht,GBDmnd2ozAnSpWht,False,False,2899.0,,,2 ounce,"60ml,",,"Diamonddesign60ml,2 ounce Clear glass bottle  withwhite vintage style bulb sprayerwithshiny silver collar cap.For use with cologne, Eau de Parfum, air freshner, face and body spray, or room spray. Antique or vintage bulb sprayers enhance the beauty of your product.A classic, multi-faceted bottle.Price each",,,
GBDmnd2ozAnSpRed,GBDmnd2ozAnSpRed,False,False,971.0,,,2 ounce,"60ml,",,"Diamonddesign60ml,2 ounce Clear glass bottle  withred vintage style bulb sprayerwithshiny silver collar cap.For use with cologne, Eau de Parfum, air freshner, face and body spray, or room spray. Antique or vintage bulb sprayers enhance the beauty of your product.A classic, multi-faceted bottle.Price each",,,
GBDmnd2ozAnSpTslLvn,GBDmnd2ozAnSpTslLvn,False,False,1018.0,,,2 ounce,"60ml,",,"Diamonddesign60ml,2 ounce Clear glass bottle  withLavender vintage style bulb sprayer with Tasselwithshiny silver collar cap.For use with cologne, Eau de Parfum, air freshner, face and body spray, or room spray. Antique or vintage bulb sprayers enhance the beauty of your product.A classic, multi-faceted bottle.Price each",,,
GBDmnd2ozAnSpTslIvyGl,GBDmnd2ozAnSpTslIvyGl,False,False,1016.0,,,2 ounce,"60ml,",,"Diamonddesign60ml,2 ounce Clear glass bottle  withIvory vintage style bulb sprayer with tasselwithshiny gold collar cap.For use with cologne, Eau de Parfum, air freshner, face and body spray, or room spray. Antique or vintage bulb sprayers enhance the beauty of your product.A classic, multi-faceted bottle.Price each",,,
GBDmnd2ozAnSpTslIvySl,GBDmnd2ozAnSpTslIvySl,False,False,1017.0,,,2 ounce,"60ml,",,"Diamonddesign60ml,2 ounce Clear glass bottle  withIvory vintage style bulb sprayer with tasselwithshiny silver collar cap.For use with cologne, Eau de Parfum, air freshner, face and body spray, or room spray. Antique or vintage bulb sprayers enhance the beauty of your product.A classic, multi-faceted bottle.Price each",,,
GBDmnd2ozAnSpTslWht,GBDmnd2ozAnSpTslWht,False,False,2900.0,,,2 ounce,"60ml,",,"Diamonddesign60ml,2 ounce Clear glass bottle  withWhite vintage style bulb sprayer with tasselwithshiny silver collar cap.For use with cologne, Eau de Parfum, air freshner, face and body spray, or room spray. Antique or vintage bulb sprayers enhance the beauty of your product.A classic, multi-faceted bottle.Price each",,,
GBDmnd2ozAnSpTslPnk,GBDmnd2ozAnSpTslPnk,False,False,1019.0,,,2 ounce,"60ml,",,"Diamonddesign60ml,2 ounce Clear glass bottle  withPink vintage style bulb sprayer with tasselwithshiny gold collar cap.For use with cologne, Eau de Parfum, air freshner, face and body spray, or room spray. Antique or vintage bulb sprayers enhance the beauty of your product.A classic, multi-faceted bottle.Price each",,,
GBDmnd2ozAnSpTslRed,GBDmnd2ozAnSpTslRed,False,False,1020.0,,,2 ounce,"60ml,",,"Diamonddesign60ml,2 ounce Clear glass bottle  withRed vintage style bulb sprayer with tasselwithshiny silver collar cap.For use with cologne, Eau de Parfum, air freshner, face and body spray, or room spray. Antique or vintage bulb sprayers enhance the beauty of your product.A classic, multi-faceted bottle.Price each",,,
GBDmnd2ozAnSpTslBlk,GBDmnd2ozAnSpTslBlk,False,True,1014.0,,$6.18,2 ounce,"60ml,",60 ml (2.03 oz),"Diamonddesign60ml,2 ounce Clear glass bottle  withBlack vintage style bulb sprayer with tasselwithshiny silver collar cap.For use with cologne, Eau de Parfum, air freshner, face and body spray, or room spray. Antique or vintage bulb sprayers enhance the beauty of your product.A classic, multi-faceted bottle.Price each","Diamond design 60ml, 2 ounce clear glass bottle with Black vintage style bulb sprayer with tassel with shiny silver collar cap. For use with cologne, Eau de Parfum, air freshner, face and body spray, or room spray. Antique or vintage bulb sprayers enha",,False
GBDmnd2ozAnSpTslMtSl,GBDmnd2ozAnSpTslMtSl,False,False,2901.0,,,2 ounce,"60ml,",,"Diamonddesign60ml,2 ounce Clear glass bottle  withSilver vintage style bulb sprayer with tasselwithmatte silver collar cap.For use with cologne, Eau de Parfum, air freshner, face and body spray, or room spray. Antique or vintage bulb sprayers enhance the beauty of your product.A classic, multi-faceted bottle.Price each",,,
GBDmnd2ozAnSpTslGl,GBDmnd2ozAnSpTslGl,False,False,1015.0,,,2 ounce,"60ml,",,"Diamonddesign60ml,2 ounce Clear glass bottle  withGold vintage style bulb sprayer with tasselwithshiny gold collar cap.For use with cologne, Eau de Parfum, air freshner, face and body spray, or room spray. Antique or vintage bulb sprayers enhance the beauty of your product.A classic, multi-faceted bottle.Price each",,,
GBDmnd2ozRdcrPnkLthr,GBDmnd2ozRdcrPnkLthr,False,False,1198.0,,,2 ounce,"60ml,",,"Diamonddesign60ml,2 ounce Clear glass bottle  withreducerandpink faux leather cap.For use with cologne, aftershave, splash on, and perfume or fragrance oil, beard oils.A classic, multi-faceted bottle.Price each",,,
GBDmnd2ozRdcrIvyLthr,GBDmnd2ozRdcrIvyLthr,False,False,1197.0,,,2 ounce,"60ml,",,"Diamonddesign60ml,2 ounce Clear glass bottle  withreducerandivory faux leather cap.For use with cologne, aftershave, splash on, and perfume or fragrance oil, beard oils.A classic, multi-faceted bottle.Price each",,,
GBDmnd2ozSpryCu,GBDmnd2ozSpryCu,False,True,2902.0,,$2.76,2 ounce,"60ml,",60 ml (2.03 oz),"Diamonddesign60ml,2 ounce Clear glass bottle  withmatte copper spray pump0.For use with cologne, Eau de Parfum, air freshner, face and body spray, or room spray.A classic, multi-faceted bottle.Price each","Diamond design 60ml, 2 ounce clear glass bottle with matte copper spray pump. For use with cologne, Eau de Parfum, air freshner, face and body spray, or room spray. A classic, multi-faceted bottle.",,False
LBDmnd2ozLtnCu,LBDmnd2ozLtnCu,False,False,2903.0,,,2 ounce,"60ml,",,"Diamonddesign60ml,2 ounce Clear glass bottle  withmatte copper lotion pump0.For use with lotions, moisturizer, and serums.A classic, multi-faceted bottle.Price each",,,
GBGrce55RdcrShnGl,GBGrce55RdcrShnGl,False,False,2904.0,,,1.85oz,"55 ml,  ",,"Gracedesign55 ml,  1.85oz Clear glass bottle  withreducerandshiny gold cap.For use with cologne, aftershave, splash on, and perfume or fragrance oil, beard oils.A unique design to enhance your product.Price each",,,
GBGrce55RdcrShnBlkTall,GBGrce55RdcrShnBlkTall,False,False,2905.0,,,1.85oz,"55 ml,  ",,"Gracedesign55 ml,  1.85oz Clear glass bottle  withreducerandtall black shiny cap.For use with cologne, aftershave, splash on, and perfume or fragrance oil, beard oils.A unique design to enhance your product.Price each",,,
GBGrce55RdcrShnBlk,GBGrce55RdcrShnBlk,False,False,2906.0,,,1.85oz,"55 ml,  ",,"Gracedesign55 ml,  1.85oz Clear glass bottle  withreducerandblack shiny cap.For use with cologne, aftershave, splash on, and perfume or fragrance oil, beard oils.A unique design to enhance your product.Price each",,,
GBGrce55RdcrBlkLthr,GBGrce55RdcrBlkLthr,False,True,2907.0,,$1.85,1.85oz,"55 ml,  ",55 ml (1.86 oz),"Gracedesign55 ml,  1.85oz Clear glass bottle  withreducerandblack faux leather cap.For use with cologne, aftershave, splash on, and perfume or fragrance oil, beard oils.A unique design to enhance your product.Price each","Grace design 55 ml, 1.85oz clear glass bottle with reducer and black faux leather cap. For use with cologne, aftershave, splash on, and perfume or fragrance oil, beard oils. A unique design to enhance your product.",,False
GBGrce55RdcrBrwnLthr,GBGrce55RdcrBrwnLthr,False,False,2908.0,,,1.85oz,"55 ml,  ",,"Gracedesign55 ml,  1.85oz Clear glass bottle  withreducerandbrown faux leather cap.For use with cologne, aftershave, splash on, and perfume or fragrance oil, beard oils.A unique design to enhance your product.Price each",,,
GBGrce55RdcrLBrwnLthr,GBGrce55RdcrLBrwnLthr,False,False,2909.0,,,1.85oz,"55 ml,  ",,"Gracedesign55 ml,  1.85oz Clear glass bottle  withreducerandlight brown faux leather cap.For use with cologne, aftershave, splash on, and perfume or fragrance oil, beard oils.A unique design to enhance your product.Price each",,,
GBGrce55RdcrShnSl,GBGrce55RdcrShnSl,False,False,2910.0,,,1.85oz,"55 ml,  ",,"Gracedesign55 ml,  1.85oz Clear glass bottle  withreducerandshiny silver cap.For use with cologne, aftershave, splash on, and perfume or fragrance oil, beard oils.A unique design to enhance your product.Price each",,,
GBGrce55RdcrMtSlTall,GBGrce55RdcrMtSlTall,False,False,2911.0,,,1.85oz,"55 ml,  ",,"Gracedesign55 ml,  1.85oz Clear glass bottle  withreducerandtall silver matte cap.For use with cologne, aftershave, splash on, and perfume or fragrance oil, beard oils.A unique design to enhance your product.Price each",,,
GBGrce55RdcrMtSl,GBGrce55RdcrMtSl,False,False,2912.0,,,1.85oz,"55 ml,  ",,"Gracedesign55 ml,  1.85oz Clear glass bottle  withreducerandsilver matte cap.For use with cologne, aftershave, splash on, and perfume or fragrance oil, beard oils.A unique design to enhance your product.Price each",,,
GBGrce55RdcrWht,GBGrce55RdcrWht,False,False,2913.0,,,1.85oz,"55 ml,  ",,"Gracedesign55 ml,  1.85oz Clear glass bottle  withreducerandwhite cap.For use with cologne, aftershave, splash on, and perfume or fragrance oil, beard oils.A unique design to enhance your product.Price each",,,
GBGrce55SpryMtGl,GBGrce55SpryMtGl,False,False,2914.0,,,1.85oz,"55 ml,  ",,"Gracedesign55 ml,  1.85oz Clear glass bottle  withmatte gold spray pump0.For use with cologne, Eau de Parfum, air freshner, face and body spray, or room spray.A unique design to enhance your product.Price each",,,
LBGrce55LtnMtGl,LBGrce55LtnMtGl,False,False,2915.0,,,1.85oz,"55 ml,  ",,"Gracedesign55 ml,  1.85oz Clear glass bottle  withmatte gold lotion pump00.For use with lotions, moisturizer, and serums.A unique design to enhance your product.Price each",,,
GBGrce55SpryShnGl,GBGrce55SpryShnGl,False,False,2916.0,,,1.85oz,"55 ml,  ",,"Gracedesign55 ml,  1.85oz Clear glass bottle  withshiny gold spray pump0.For use with cologne, Eau de Parfum, air freshner, face and body spray, or room spray.A unique design to enhance your product.Price each",,,
LBGrce55LtnShnGl,LBGrce55LtnShnGl,False,False,3539.0,,,1.85oz,"55 ml,  ",,"Gracedesign55 ml,  1.85oz Clear glass bottle  withshiny gold lotion pump0.For use with lotions, moisturizer, and serums.A unique design to enhance your product.Price each",,,
GBGrce55SpryShnBlk,GBGrce55SpryShnBlk,False,False,2917.0,,,1.85oz,"55 ml,  ",,"Gracedesign55 ml,  1.85oz Clear glass bottle  withshiny black spray pump0.For use with cologne, Eau de Parfum, air freshner, face and body spray, or room spray.A unique design to enhance your product.Price each",,,
LBGrce55LtnShnBlk,LBGrce55LtnShnBlk,False,False,3540.0,,,1.85oz,"55 ml,  ",,"Gracedesign55 ml,  1.85oz Clear glass bottle  withshiny black lotion pump0.For use with lotions, moisturizer, and serums.A unique design to enhance your product.Price each",,,
GBGrce55SpryMtSl,GBGrce55SpryMtSl,False,False,2918.0,,,1.85oz,"55 ml,  ",,"Gracedesign55 ml,  1.85oz Clear glass bottle  withmatte silver spray pump0.For use with cologne, Eau de Parfum, air freshner, face and body spray, or room spray.A unique design to enhance your product.Price each",,,
LBGrce55LtnMtSl,LBGrce55LtnMtSl,False,False,2919.0,,,1.85oz,"55 ml,  ",,"Gracedesign55 ml,  1.85oz Clear glass bottle  withmatte silver lotion pump0.For use with lotions, moisturizer, and serums.A unique design to enhance your product.Price each",,,
LBGrce55LtnClOvrCap,LBGrce55LtnClOvrCap,False,True,3541.0,,$2.57,1.85oz,"55 ml,  ",55 ml (1.86 oz),"Gracedesign55 ml,  1.85oz Clear glass bottle  withwith a matte silver collar treatment pump and clear overcap.0.For use with lotions, moisturizer, and serums.A unique design to enhance your product.Price each","Grace design 55 ml, 1.85oz clear glass bottle with with a matte silver collar treatment pump and clear overcap. For use with serums, light creams, moisturizers, facial oils or face oils, beard oils, body lotions, body wash, and hair products. A unique des",,False
GBGrce55SpryShnSl,GBGrce55SpryShnSl,False,False,2920.0,,,1.85oz,"55 ml,  ",,"Gracedesign55 ml,  1.85oz Clear glass bottle  withshiny silver spray pump0.For use with cologne, Eau de Parfum, air freshner, face and body spray, or room spray.A unique design to enhance your product.Price each",,,
LBGrce55LtnShnSl,LBGrce55LtnShnSl,False,False,3542.0,,,1.85oz,"55 ml,  ",,"Gracedesign55 ml,  1.85oz Clear glass bottle  withshiny silver lotion pump0.For use with lotions, moisturizer, and serums.A unique design to enhance your product.Price each",,,
GBGrce55AnSpLvn,GBGrce55AnSpLvn,False,False,173.0,,,1.85oz,"55 ml,  ",,"Gracedesign55 ml,  1.85oz Clear glass bottle  withlavender vintage style bulb sprayerwithshiny silver collar cap.For use with cologne, Eau de Parfum, air freshner, face and body spray, or room spray. Antique or vintage bulb sprayers enhance the beauty of your product.A unique design to enhance your product.Price each",,,
GBGrce55AnSpPnk,GBGrce55AnSpPnk,False,False,194.0,,,1.85oz,"55 ml,  ",,"Gracedesign55 ml,  1.85oz Clear glass bottle  withpink vintage style bulb sprayerwithshiny gold collar cap.For use with cologne, Eau de Parfum, air freshner, face and body spray, or room spray. Antique or vintage bulb sprayers enhance the beauty of your product.A unique design to enhance your product.Price each",,,
GBGrce55AnSpMtSl,GBGrce55AnSpMtSl,False,False,2921.0,,,1.85oz,"55 ml,  ",,"Gracedesign55 ml,  1.85oz Clear glass bottle  withmatte silver vintage style sprayerwithmatte silver collar cap.For use with cologne, Eau de Parfum, air freshner, face and body spray, or room spray. Antique or vintage bulb sprayers enhance the beauty of your product.A unique design to enhance your product.Price each",,,
GBGrce55AnSpIvySl,GBGrce55AnSpIvySl,False,False,3140.0,,,1.85oz,"55 ml,  ",,"Gracedesign55 ml,  1.85oz Clear glass bottle  withivory vintage style bulb sprayerwithshiny silver collar cap.For use with cologne, Eau de Parfum, air freshner, face and body spray, or room spray. Antique or vintage bulb sprayers enhance the beauty of your product.A unique design to enhance your product.Price each",,,
GBGrce55AnSpGl,GBGrce55AnSpGl,False,False,172.0,,,1.85oz,"55 ml,  ",,"Gracedesign55 ml,  1.85oz Clear glass bottle  withgold vintage style sprayerwithshiny gold collar cap.For use with cologne, Eau de Parfum, air freshner, face and body spray, or room spray. Antique or vintage bulb sprayers enhance the beauty of your product.A unique design to enhance your product.Price each",,,
GBGrce55AnSpIvyGl,GBGrce55AnSpIvyGl,False,False,174.0,,,1.85oz,"55 ml,  ",,"Gracedesign55 ml,  1.85oz Clear glass bottle  withivory vintage style bulb sprayerwithshiny gold collar cap.For use with cologne, Eau de Parfum, air freshner, face and body spray, or room spray. Antique or vintage bulb sprayers enhance the beauty of your product.A unique design to enhance your product.Price each",,,
GBGrce55AnSpBlk,GBGrce55AnSpBlk,False,True,171.0,,$5.27,1.85oz,"55 ml,  ",55 ml (1.86 oz),"Gracedesign55 ml,  1.85oz Clear glass bottle  withblack vintage style bulb sprayerwithshiny silver collar cap.For use with cologne, Eau de Parfum, air freshner, face and body spray, or room spray. Antique or vintage bulb sprayers enhance the beauty of your product.A unique design to enhance your product.Price each","Grace design 55 ml, 1.85oz clear glass bottle with black vintage style bulb sprayer with shiny silver collar cap. For use with cologne, Eau de Parfum, air freshner, face and body spray, or room spray. Antique or vintage bulb sprayers enhance the beauty",,False
GBGrce55AnSpWht,GBGrce55AnSpWht,False,False,2922.0,,,1.85oz,"55 ml,  ",,"Gracedesign55 ml,  1.85oz Clear glass bottle  withwhite vintage style bulb sprayerwithshiny silver collar cap.For use with cologne, Eau de Parfum, air freshner, face and body spray, or room spray. Antique or vintage bulb sprayers enhance the beauty of your product.A unique design to enhance your product.Price each",,,
GBGrce55AnSpRed,GBGrce55AnSpRed,False,False,3141.0,,,1.85oz,"55 ml,  ",,"Gracedesign55 ml,  1.85oz Clear glass bottle  withred vintage style bulb sprayerwithshiny silver collar cap.For use with cologne, Eau de Parfum, air freshner, face and body spray, or room spray. Antique or vintage bulb sprayers enhance the beauty of your product.A unique design to enhance your product.Price each",,,
GBGrce55AnSpTslLvn,GBGrce55AnSpTslLvn,False,False,2923.0,,,1.85oz,"55 ml,  ",,"Gracedesign55 ml,  1.85oz Clear glass bottle  withLavender vintage style bulb sprayer with Tasselwithshiny silver collar cap.For use with cologne, Eau de Parfum, air freshner, face and body spray, or room spray. Antique or vintage bulb sprayers enhance the beauty of your product.A unique design to enhance your product.Price each",,,
GBGrce55AnSpTslIvyGl,GBGrce55AnSpTslIvyGl,False,False,2924.0,,,1.85oz,"55 ml,  ",,"Gracedesign55 ml,  1.85oz Clear glass bottle  withIvory vintage style bulb sprayer with tasselwithshiny gold collar cap.For use with cologne, Eau de Parfum, air freshner, face and body spray, or room spray. Antique or vintage bulb sprayers enhance the beauty of your product.A unique design to enhance your product.Price each",,,
GBGrce55AnSpTslIvySl,GBGrce55AnSpTslIvySl,False,False,1215.0,,,1.85oz,"55 ml,  ",,"Gracedesign55 ml,  1.85oz Clear glass bottle  withIvory vintage style bulb sprayer with tasselwithshiny silver collar cap.For use with cologne, Eau de Parfum, air freshner, face and body spray, or room spray. Antique or vintage bulb sprayers enhance the beauty of your product.A unique design to enhance your product.Price each",,,
GBGrce55AnSpTslWht,GBGrce55AnSpTslWht,False,False,2925.0,,,1.85oz,"55 ml,  ",,"Gracedesign55 ml,  1.85oz Clear glass bottle  withWhite vintage style bulb sprayer with tasselwithshiny silver collar cap.For use with cologne, Eau de Parfum, air freshner, face and body spray, or room spray. Antique or vintage bulb sprayers enhance the beauty of your product.A unique design to enhance your product.Price each",,,
GBGrce55AnSpTslPnk,GBGrce55AnSpTslPnk,False,False,219.0,,,1.85oz,"55 ml,  ",,"Gracedesign55 ml,  1.85oz Clear glass bottle  withPink vintage style bulb sprayer with tasselwithshiny gold collar cap.For use with cologne, Eau de Parfum, air freshner, face and body spray, or room spray. Antique or vintage bulb sprayers enhance the beauty of your product.A unique design to enhance your product.Price each",,,
GBGrce55AnSpTslRed,GBGrce55AnSpTslRed,False,False,1216.0,,,1.85oz,"55 ml,  ",,"Gracedesign55 ml,  1.85oz Clear glass bottle  withRed vintage style bulb sprayer with tasselwithshiny silver collar cap.For use with cologne, Eau de Parfum, air freshner, face and body spray, or room spray. Antique or vintage bulb sprayers enhance the beauty of your product.A unique design to enhance your product.Price each",,,
GBGrce55AnSpTslBlk,GBGrce55AnSpTslBlk,False,True,218.0,,$5.99,1.85oz,"55 ml,  ",55 ml (1.86 oz),"Gracedesign55 ml,  1.85oz Clear glass bottle  withBlack vintage style bulb sprayer with tasselwithshiny silver collar cap.For use with cologne, Eau de Parfum, air freshner, face and body spray, or room spray. Antique or vintage bulb sprayers enhance the beauty of your product.A unique design to enhance your product.Price each","Grace design 55 ml, 1.85oz clear glass bottle with Black vintage style bulb sprayer with tassel with shiny silver collar cap. For use with cologne, Eau de Parfum, air freshner, face and body spray, or room spray. Antique or vintage bulb sprayers enhanc",,False
GBGrce55AnSpTslMtSl,GBGrce55AnSpTslMtSl,False,False,2926.0,,,1.85oz,"55 ml,  ",,"Gracedesign55 ml,  1.85oz Clear glass bottle  withSilver vintage style bulb sprayer with tasselwithmatte silver collar cap.For use with cologne, Eau de Parfum, air freshner, face and body spray, or room spray. Antique or vintage bulb sprayers enhance the beauty of your product.A unique design to enhance your product.Price each",,,
GBGrce55AnSpTslGl,GBGrce55AnSpTslGl,False,False,220.0,,,1.85oz,"55 ml,  ",,"Gracedesign55 ml,  1.85oz Clear glass bottle  withGold vintage style bulb sprayer with tasselwithshiny gold collar cap.For use with cologne, Eau de Parfum, air freshner, face and body spray, or room spray. Antique or vintage bulb sprayers enhance the beauty of your product.A unique design to enhance your product.Price each",,,
GBGrce55RdcrPnkLthr,GBGrce55RdcrPnkLthr,False,False,2927.0,,,1.85oz,"55 ml,  ",,"Gracedesign55 ml,  1.85oz Clear glass bottle  withreducerandpink faux leather cap.For use with cologne, aftershave, splash on, and perfume or fragrance oil, beard oils.A unique design to enhance your product.Price each",,,
GBGrce55RdcrIvyLthr,GBGrce55RdcrIvyLthr,False,False,2928.0,,,1.85oz,"55 ml,  ",,"Gracedesign55 ml,  1.85oz Clear glass bottle  withreducerandivory faux leather cap.For use with cologne, aftershave, splash on, and perfume or fragrance oil, beard oils.A unique design to enhance your product.Price each",,,
GBGrce55SpryCu,GBGrce55SpryCu,False,True,2929.0,,$2.57,1.85oz,"55 ml,  ",55 ml (1.86 oz),"Gracedesign55 ml,  1.85oz Clear glass bottle  withmatte copper spray pump0.For use with cologne, Eau de Parfum, air freshner, face and body spray, or room spray.A unique design to enhance your product.Price each","Grace design 55 ml, 1.85oz clear glass bottle with matte copper spray pump. For use with cologne, Eau de Parfum, air freshner, face and body spray, or room spray. A unique design to enhance your product.",,False
LBGrce55LtnCu,LBGrce55LtnCu,False,False,2930.0,,,1.85oz,"55 ml,  ",,"Gracedesign55 ml,  1.85oz Clear glass bottle  withmatte copper lotion pump0.For use with lotions, moisturizer, and serums.A unique design to enhance your product.Price each",,,
GBCylBlu9MtlRollMattSl,GBCylBlu9MtlRollMattSl,False,False,2931.0,,,1/3 oz,"9ml,",,,,,
GBCylBlu9MtlRollBlkDot,GBCylBlu9MtlRollBlkDot,False,True,2932.0,,$0.81,1/3 oz,"9ml,",9 ml (0.3 oz),,"Cylinder design 9ml,1/3 oz Cobalt blue glass bottle with metal roller ball plug and black dot cap. For use with perfume or fragrance oil, essential oils, aromatic oils and aromatherapy. Refillable, Small sized bottle for promotion samples and travel. Pric",,False
GBCylBlu9MtlRollSlDot,GBCylBlu9MtlRollSlDot,False,False,2933.0,,,1/3 oz,"9ml,",,,,,
GBCylBlu9MtlRollPnkDot,GBCylBlu9MtlRollPnkDot,False,False,2934.0,,,1/3 oz,"9ml,",,,,,
GBCylBlu9MtlRollMattGl,GBCylBlu9MtlRollMattGl,False,False,2935.0,,,1/3 oz,"9ml,",,,,,
GBCylBlu9MtlRollShnGl,GBCylBlu9MtlRollShnGl,False,False,2936.0,,,1/3 oz,"9ml,",,,,,
GBCylBlu9MtlRollShnSl,GBCylBlu9MtlRollShnSl,False,False,2937.0,,,1/3 oz,"9ml,",,,,,
GBCylBlu9MtlRollMattCu,GBCylBlu9MtlRollMattCu,False,False,2938.0,,,1/3 oz,"9ml,",,,,,
GBCylBlu9MtlRollShBlk,GBCylBlu9MtlRollShBlk,False,False,2939.0,,,1/3 oz,"9ml,",,,,,
GBCylBlu9MtlRollWht,GBCylBlu9MtlRollWht,False,False,10.0,,,1/3 oz,"9ml,",,,,,
GBCylBlu9RollMattSl,GBCylBlu9RollMattSl,False,False,11.0,,,1/3 oz,"9ml,",,,,,
GBCylBlu9RollBlkDot,GBCylBlu9RollBlkDot,False,True,12.0,,$0.72,1/3 oz,"9ml,",9 ml (0.3 oz),,"Cylinder design 9ml,1/3 oz Cobalt blue glass bottle with plastic roller ball plug and black dot cap. For use with perfume or fragrance oil, essential oils, aromatic oils and aromatherapy. Refillable, Small sized bottle for promotion samples and travel. Pr",,False
GBCylBlu9RollSlDot,GBCylBlu9RollSlDot,False,False,13.0,,,1/3 oz,"9ml,",,,,,
GBCylBlu9RollPnkDot,GBCylBlu9RollPnkDot,False,False,14.0,,,1/3 oz,"9ml,",,,,,
GBCylBlu9RollMattGl,GBCylBlu9RollMattGl,False,False,15.0,,,1/3 oz,"9ml,",,,,,
GBCylBlu9RollShnGl,GBCylBlu9RollShnGl,False,False,16.0,,,1/3 oz,"9ml,",,,,,
GBCylBlu9RollShnSl,GBCylBlu9RollShnSl,False,False,17.0,,,1/3 oz,"9ml,",,,,,
GBCylBlu9RollMattCu,GBCylBlu9RollMattCu,False,False,18.0,,,1/3 oz,"9ml,",,,,,
GBCylBlu9RollShBlk,GBCylBlu9RollShBlk,False,False,19.0,,,1/3 oz,"9ml,",,,,,
GBCylBlu9RollWht,GBCylBlu9RollWht,False,False,20.0,,,1/3 oz,"9ml,",,,,,
GBCylBlu9SpryGl,GBCylBlu9SpryGl,False,False,21.0,,,1/3 oz,"9ml,",,,,,
GBCylBlu9SpryMattSl,GBCylBlu9SpryMattSl,False,False,22.0,,,1/3 oz,"9ml,",,,,,
GBCylBlu9SpryBlk,GBCylBlu9SpryBlk,False,True,23.0,,$0.88,1/3 oz,"9ml,",9 ml (0.3 oz),,"cylinder design 9ml, blue glass bottle with sprayer and shiny black trim. Fine mist sprayer for use with perfumes and colognes. Refillable, classic style bottle good for promotions and decants.",,False
GBCylBlu9SpryShSl,GBCylBlu9SpryShSl,False,False,24.0,,,1/3 oz,"9ml,",,,,,
GBCylBlu9SpryRd,GBCylBlu9SpryRd,False,False,25.0,,,1/3 oz,"9ml,",,,,,
GBCylBlu9SpryTur,GBCylBlu9SpryTur,False,False,26.0,,,1/3 oz,"9ml,",,,,,
LBCylBlu9LtnMattSl,LBCylBlu9LtnMattSl,False,False,27.0,,,1/3 oz,"9ml,",,,,,
LBCylBlu9LtnGl,LBCylBlu9LtnGl,False,False,28.0,,,1/3 oz,"9ml,",,,,,
LBCylBlu9LtnBlk,LBCylBlu9LtnBlk,False,True,29.0,,$0.88,1/3 oz,"9ml,",9 ml (0.3 oz),,"Cylinder design 9ml,1/3 oz Cobalt blue glass bottle with treatment pump with black trim and plastic overcap. For use with serums, light creams, moisturizers, facial oils or face oils, beard oils, body lotions, body wash, and hair products. Refillable, Sma",,False
GBCylAmb9MtlRollMattSl,GBCylAmb9MtlRollMattSl,False,False,3431.0,,,1/3 oz,"9ml,",,,,,
GBCylAmb9MtlRollBlkDot,GBCylAmb9MtlRollBlkDot,False,True,3428.0,,$0.78,1/3 oz,"9ml,",9 ml (0.3 oz),,"Cylinder design 9ml,1/3 oz amber glass bottle with metal roller ball plug and black dot cap. For use with perfume or fragrance oil, essential oils, aromatic oils and aromatherapy.",,False
GBCylAmb9MtlRollSlDot,GBCylAmb9MtlRollSlDot,False,False,3436.0,,,1/3 oz,"9ml,",,,,,
GBCylAmb9MtlRollPnkDot,GBCylAmb9MtlRollPnkDot,False,False,3432.0,,,1/3 oz,"9ml,",,,,,
GBCylAmb9MtlRollMattGl,GBCylAmb9MtlRollMattGl,False,False,3430.0,,,1/3 oz,"9ml,",,,,,
GBCylAmb9MtlRollShnGl,GBCylAmb9MtlRollShnGl,False,False,3434.0,,,1/3 oz,"9ml,",,,,,
GBCylAmb9MtlRollShnSl,GBCylAmb9MtlRollShnSl,False,False,3435.0,,,1/3 oz,"9ml,",,,,,
GBCylAmb9MtlRollMattCu,GBCylAmb9MtlRollMattCu,False,False,3429.0,,,1/3 oz,"9ml,",,,,,
GBCylAmb9MtlRollShBlk,GBCylAmb9MtlRollShBlk,False,False,3433.0,,,1/3 oz,"9ml,",,,,,
GBCylAmb9MtlRollWht,GBCylAmb9MtlRollWht,False,False,10.0,,,1/3 oz,"9ml,",,,,,
GBCylAmb9RollMattSl,GBCylAmb9RollMattSl,False,False,11.0,,,1/3 oz,"9ml,",,,,,
GBCylAmb9RollBlkDot,GBCylAmb9RollBlkDot,False,True,12.0,,$0.69,1/3 oz,"9ml,",9 ml (0.3 oz),,"Cylinder design 9ml,1/3 oz amber glass bottle with plastic roller ball plug and black dot cap. For use with perfume or fragrance oil, essential oils, aromatic oils and aromatherapy.",,False
GBCylAmb9RollSlDot,GBCylAmb9RollSlDot,False,False,13.0,,,1/3 oz,"9ml,",,,,,
GBCylAmb9RollPnkDot,GBCylAmb9RollPnkDot,False,False,14.0,,,1/3 oz,"9ml,",,,,,
GBCylAmb9RollMattGl,GBCylAmb9RollMattGl,False,False,15.0,,,1/3 oz,"9ml,",,,,,
GBCylAmb9RollShnGl,GBCylAmb9RollShnGl,False,False,16.0,,,1/3 oz,"9ml,",,,,,
GBCylAmb9RollShnSl,GBCylAmb9RollShnSl,False,False,17.0,,,1/3 oz,"9ml,",,,,,
GBCylAmb9RollMattCu,GBCylAmb9RollMattCu,False,False,18.0,,,1/3 oz,"9ml,",,,,,
GBCylAmb9RollShBlk,GBCylAmb9RollShBlk,False,False,19.0,,,1/3 oz,"9ml,",,,,,
GBCylAmb9RollWht,GBCylAmb9RollWht,False,False,20.0,,,1/3 oz,"9ml,",,,,,
GBCylAmb9SpryGl,GBCylAmb9SpryGl,False,False,21.0,,,1/3 oz,"9ml,",,,,,
GBCylAmb9SpryMattSl,GBCylAmb9SpryMattSl,False,False,22.0,,,1/3 oz,"9ml,",,,,,
GBCylAmb9SpryBlk,GBCylAmb9SpryBlk,False,True,23.0,,$0.86,1/3 oz,"9ml,",9 ml (0.3 oz),,"Cylinder design 9ml,1/3 oz amber glass bottle with fine mist sprayer with black trim and plastic overcap. For use with perfume or fragrance oil, essential oils, aromatic oils and aromatherapy.",,False
GBCylAmb9SpryShSl,GBCylAmb9SpryShSl,False,False,24.0,,,1/3 oz,"9ml,",,,,,
GBCylAmb9SpryRd,GBCylAmb9SpryRd,False,False,25.0,,,1/3 oz,"9ml,",,,,,
GBCylAmb9SpryTur,GBCylAmb9SpryTur,False,False,26.0,,,1/3 oz,"9ml,",,,,,
LBCylAmb9LtnMtSl,LBCylAmb9LtnMtSl,False,False,27.0,,,1/3 oz,"9ml,",,,,,
LBCylAmb9LtnGl,LBCylAmb9LtnGl,False,False,28.0,,,1/3 oz,"9ml,",,,,,
LBCylAmb9LtnBlk,LBCylAmb9LtnBlk,False,True,29.0,,$0.84,1/3 oz,"9ml,",9 ml (0.3 oz),,"Cylinder design 9ml,1/3 oz amber glass bottle with treatment pump with black trim and plastic overcap. For use with serums, light creams, moisturizers, facial oils or face oils, beard oils, body lotions, body wash, and hair products.",,False
GBCylFrst9MtlRollMattSl,GBCylFrst9MtlRollMattSl,False,False,2966.0,,,1/3 oz,"9ml,",,,,,
GBCylFrst9MtlRollBlkDot,GBCylFrst9MtlRollBlkDot,False,True,2967.0,,$0.86,1/3 oz,"9ml,",9 ml (0.3 oz),,"Cylinder design 9ml,1/3 oz frosted glass bottle with metal roller ball plug and black dot cap. For use with perfume or fragrance oil, essential oils, aromatic oils and aromatherapy.",,False
GBCylFrst9MtlRollSlDot,GBCylFrst9MtlRollSlDot,False,False,2968.0,,,1/3 oz,"9ml,",,,,,
GBCylFrst9MtlRollPnkDot,GBCylFrst9MtlRollPnkDot,False,False,2969.0,,,1/3 oz,"9ml,",,,,,
GBCylFrst9MtlRollMattGl,GBCylFrst9MtlRollMattGl,False,False,2970.0,,,1/3 oz,"9ml,",,,,,
GBCylFrst9MtlRollShnGl,GBCylFrst9MtlRollShnGl,False,False,2971.0,,,1/3 oz,"9ml,",,,,,
GBCylFrst9MtlRollShnSl,GBCylFrst9MtlRollShnSl,False,False,2972.0,,,1/3 oz,"9ml,",,,,,
GBCylFrst9MtlRollMattCu,GBCylFrst9MtlRollMattCu,False,False,449.0,,,1/3 oz,"9ml,",,,,,
GBCylFrst9MtlRollShBlk,GBCylFrst9MtlRollShBlk,False,False,3437.0,,,1/3 oz,"9ml,",,,,,
GBCylFrst9MtlRollWht,GBCylFrst9MtlRollWht,False,False,10.0,,,1/3 oz,"9ml,",,,,,
GBCylFrst9RollMattSl,GBCylFrst9RollMattSl,False,False,11.0,,,1/3 oz,"9ml,",,,,,
GBCylFrst9RollBlkDot,GBCylFrst9RollBlkDot,False,True,12.0,,$0.77,1/3 oz,"9ml,",9 ml (0.3 oz),,"Cylinder design 9ml,1/3 oz frosted glass bottle with plastic roller ball plug and black dot cap. For use with perfume or fragrance oil, essential oils, aromatic oils and aromatherapy.",,False
GBCylFrst9RollSlDot,GBCylFrst9RollSlDot,False,False,13.0,,,1/3 oz,"9ml,",,,,,
GBCylFrst9RollPnkDot,GBCylFrst9RollPnkDot,False,False,14.0,,,1/3 oz,"9ml,",,,,,
GBCylFrst9RollMattGl,GBCylFrst9RollMattGl,False,False,15.0,,,1/3 oz,"9ml,",,,,,
GBCylFrst9RollShnGl,GBCylFrst9RollShnGl,False,False,16.0,,,1/3 oz,"9ml,",,,,,
GBCylFrst9RollShnSl,GBCylFrst9RollShnSl,False,False,17.0,,,1/3 oz,"9ml,",,,,,
GBCylFrst9RollMattCu,GBCylFrst9RollMattCu,False,False,18.0,,,1/3 oz,"9ml,",,,,,
GBCylFrst9RollShBlk,GBCylFrst9RollShBlk,False,False,19.0,,,1/3 oz,"9ml,",,,,,
GBCylFrst9RollWht,GBCylFrst9RollWht,False,False,20.0,,,1/3 oz,"9ml,",,,,,
GBCylFrst9SpryGl,GBCylFrst9SpryGl,False,False,21.0,,,1/3 oz,"9ml,",,,,,
GBCylFrst9SpryMattSl,GBCylFrst9SpryMattSl,False,False,22.0,,,1/3 oz,"9ml,",,,,,
GBCylFrst9SpryBlk,GBCylFrst9SpryBlk,False,True,23.0,,$0.93,1/3 oz,"9ml,",9 ml (0.3 oz),,"Cylinder design 9ml,1/3 oz frosted glass bottle with fine mist sprayer with black trim and plastic overcap. For use with perfume or fragrance oil, essential oils, aromatic oils and aromatherapy.",,False
GBCylFrst9SpryShSl,GBCylFrst9SpryShSl,False,False,24.0,,,1/3 oz,"9ml,",,,,,
GBCylFrst9SpryRd,GBCylFrst9SpryRd,False,False,25.0,,,1/3 oz,"9ml,",,,,,
GBCylFrst9SpryTur,GBCylFrst9SpryTur,False,False,26.0,,,1/3 oz,"9ml,",,,,,
LBCylFrst9LtnMtSl,LBCylFrst9LtnMtSl,False,False,27.0,,,1/3 oz,"9ml,",,,,,
LBCylFrst9LtnGl,LBCylFrst9LtnGl,False,False,28.0,,,1/3 oz,"9ml,",,,,,
LBCylFrst9LtnBlk,LBCylFrst9LtnBlk,False,True,29.0,,$0.93,1/3 oz,"9ml,",9 ml (0.3 oz),,"Cylinder design 9ml,1/3 oz frosted glass bottle with treatment pump with black trim and plastic overcap. For use with serums, light creams, moisturizers, facial oils or face oils, beard oils, body lotions, body wash, and hair products.",,False
GBCylSwrl9MtlRollMattSl,GBCylSwrl9MtlRollMattSl,False,False,2985.0,,,1/3 oz,"9ml,",,,,,
GBCylSwrl9MtlRollBlkDot,GBCylSwrl9MtlRollBlkDot,False,True,2986.0,,$0.87,1/3 oz,"9ml,",9 ml (0.3 oz),,"Cylinder swirl design 9ml,1/3 oz glass bottle with metal roller ball plug and black dot cap. For use with perfume or fragrance oil, essential oils, aromatic oils and aromatherapy.",,False
GBCylSwrl9MtlRollSlDot,GBCylSwrl9MtlRollSlDot,False,False,2987.0,,,1/3 oz,"9ml,",,,,,
GBCylSwrl9MtlRollPnkDot,GBCylSwrl9MtlRollPnkDot,False,False,2988.0,,,1/3 oz,"9ml,",,,,,
GBCylSwrl9MtlRollMattGl,GBCylSwrl9MtlRollMattGl,False,False,2989.0,,,1/3 oz,"9ml,",,,,,
GBCylSwrl9MtlRollShnGl,GBCylSwrl9MtlRollShnGl,False,False,2990.0,,,1/3 oz,"9ml,",,,,,
GBCylSwrl9MtlRollShnSl,GBCylSwrl9MtlRollShnSl,False,False,2991.0,,,1/3 oz,"9ml,",,,,,
GBCylSwrl9MtlRollMattCu,GBCylSwrl9MtlRollMattCu,False,False,2992.0,,,1/3 oz,"9ml,",,,,,
GBCylSwrl9MtlRollShBlk,GBCylSwrl9MtlRollShBlk,False,False,2993.0,,,1/3 oz,"9ml,",,,,,
GBCylSwrl9MtlRollWht,GBCylSwrl9MtlRollWht,False,False,10.0,,,1/3 oz,"9ml,",,,,,
GBCylSwrl9RollMattSl,GBCylSwrl9RollMattSl,False,False,11.0,,,1/3 oz,"9ml,",,,,,
GBCylSwrl9RollBlkDot,GBCylSwrl9RollBlkDot,False,True,12.0,,$0.79,1/3 oz,"9ml,",9 ml (0.3 oz),,"Cylinder swirl design 9ml,1/3 oz glass bottle with plastic roller ball plug and black dot cap. For use with perfume or fragrance oil, essential oils, aromatic oils and aromatherapy.",,False
GBCylSwrl9RollSlDot,GBCylSwrl9RollSlDot,False,False,13.0,,,1/3 oz,"9ml,",,,,,
GBCylSwrl9RollPnkDot,GBCylSwrl9RollPnkDot,False,False,14.0,,,1/3 oz,"9ml,",,,,,
GBCylSwrl9RollMattGl,GBCylSwrl9RollMattGl,False,False,15.0,,,1/3 oz,"9ml,",,,,,
GBCylSwrl9RollShnGl,GBCylSwrl9RollShnGl,False,False,16.0,,,1/3 oz,"9ml,",,,,,
GBCylSwrl9RollShnSl,GBCylSwrl9RollShnSl,False,False,17.0,,,1/3 oz,"9ml,",,,,,
GBCylSwrl9RollMattCu,GBCylSwrl9RollMattCu,False,False,18.0,,,1/3 oz,"9ml,",,,,,
GBCylSwrl9RollShBlk,GBCylSwrl9RollShBlk,False,False,19.0,,,1/3 oz,"9ml,",,,,,
GBCylSwrl9RollWht,GBCylSwrl9RollWht,False,False,20.0,,,1/3 oz,"9ml,",,,,,
GBCylSwrl9SpryGl,GBCylSwrl9SpryGl,False,False,21.0,,,1/3 oz,"9ml,",,,,,
GBCylSwrl9SpryMattSl,GBCylSwrl9SpryMattSl,False,False,22.0,,,1/3 oz,"9ml,",,,,,
GBCylSwrl9SpryBlk,GBCylSwrl9SpryBlk,False,True,23.0,,$0.95,1/3 oz,"9ml,",9 ml (0.3 oz),,"Cylinder swirl design 9ml,1/3 oz glass bottle with fine mist sprayer with black trim and plastic overcap. For use with perfume or fragrance oil, essential oils, aromatic oils and aromatherapy.",,False
GBCylSwrl9SpryShSl,GBCylSwrl9SpryShSl,False,False,24.0,,,1/3 oz,"9ml,",,,,,
GBCylSwrl9SpryRd,GBCylSwrl9SpryRd,False,False,25.0,,,1/3 oz,"9ml,",,,,,
GBCylSwrl9SpryTur,GBCylSwrl9SpryTur,False,False,26.0,,,1/3 oz,"9ml,",,,,,
LBCylSwrl9LtnMtSl,LBCylSwrl9LtnMtSl,False,False,27.0,,,1/3 oz,"9ml,",,,,,
LBCylSwrl9LtnGl,LBCylSwrl9LtnGl,False,False,28.0,,,1/3 oz,"9ml,",,,,,
LBCylSwrl9LtnBlk,LBCylSwrl9LtnBlk,False,True,29.0,,$0.95,1/3 oz,"9ml,",9 ml (0.3 oz),,"Cylinder swirl design 9ml,1/3 oz glass bottle with treatment pump with black trim and plastic overcap. For use with serums, light creams, moisturizers, facial oils or face oils, beard oils, body lotions, body wash, and hair products.",,False
GBCyl9MtlRollMattSl,GBCyl9MtlRollMattSl,False,False,3006.0,,,1/3 oz,"9ml,",,,,,
GBCyl09MtlRollBlkDot,GBCyl09MtlRollBlkDot,False,False,3007.0,,,1/3 oz,"9ml,",,,,,
GBCyl09MtlRollSlDot,GBCyl09MtlRollSlDot,False,False,3008.0,,,1/3 oz,"9ml,",,,,,
GBCyl09MtlRollPnkDot,GBCyl09MtlRollPnkDot,False,False,3009.0,,,1/3 oz,"9ml,",,,,,
GBCyl09MtlRollMattGl,GBCyl09MtlRollMattGl,False,False,3010.0,,,1/3 oz,"9ml,",,,,,
GBCyl09MtlRollShnGl,GBCyl09MtlRollShnGl,False,False,3011.0,,,1/3 oz,"9ml,",,,,,
GBCyl09MtlRollShnSl,GBCyl09MtlRollShnSl,False,False,3012.0,,,1/3 oz,"9ml,",,,,,
GBCyl09MtlRollMattCu,GBCyl09MtlRollMattCu,False,False,3013.0,,,1/3 oz,"9ml,",,,,,
GBCyl09MtlRollShBlk,GBCyl09MtlRollShBlk,False,False,3014.0,,,1/3 oz,"9ml,",,,,,
GBCyl09MtlRollWht,GBCyl09MtlRollWht,False,False,10.0,,,1/3 oz,"9ml,",,,,,
GBCyl09RollMattSl,GBCyl09RollMattSl,False,False,11.0,,,1/3 oz,"9ml,",,,,,
GBCyl09RollBlkDot,GBCyl09RollBlkDot,False,False,12.0,,,1/3 oz,"9ml,",,,,,
GBCyl09RollSlDot,GBCyl09RollSlDot,False,False,13.0,,,1/3 oz,"9ml,",,,,,
GBCyl09RollPnkDot,GBCyl09RollPnkDot,False,False,14.0,,,1/3 oz,"9ml,",,,,,
GBCyl09RollMattGl,GBCyl09RollMattGl,False,False,15.0,,,1/3 oz,"9ml,",,,,,
GBCyl09RollShnGl,GBCyl09RollShnGl,False,False,16.0,,,1/3 oz,"9ml,",,,,,
GBCyl09RollShnSl,GBCyl09RollShnSl,False,False,17.0,,,1/3 oz,"9ml,",,,,,
GBCyl09RollMattCu,GBCyl09RollMattCu,False,False,18.0,,,1/3 oz,"9ml,",,,,,
GBCyl09RollShBlk,GBCyl09RollShBlk,False,False,19.0,,,1/3 oz,"9ml,",,,,,
GBCyl09RollWht,GBCyl09RollWht,False,False,20.0,,,1/3 oz,"9ml,",,,,,
GBCyl09SpryGl,GBCyl09SpryGl,False,False,21.0,,,1/3 oz,"9ml,",,,,,
GBCyl09SpryMattSl,GBCyl09SpryMattSl,False,False,22.0,,,1/3 oz,"9ml,",,,,,
GBCyl09SpryBlk,GBCyl09SpryBlk,False,False,23.0,,,1/3 oz,"9ml,",,,,,
GBCyl09SpryShSl,GBCyl09SpryShSl,False,False,24.0,,,1/3 oz,"9ml,",,,,,
GBCyl09SpryRd,GBCyl09SpryRd,False,False,25.0,,,1/3 oz,"9ml,",,,,,
GBCyl09SpryTur,GBCyl09SpryTur,False,False,26.0,,,1/3 oz,"9ml,",,,,,
LBCyl09LtnMtSl,LBCyl09LtnMtSl,False,False,27.0,,,1/3 oz,"9ml,",,,,,
LBCyl09LtnGl,LBCyl09LtnGl,False,False,28.0,,,1/3 oz,"9ml,",,,,,
LBCyl09LtnBlk,LBCyl09LtnBlk,False,False,29.0,,,1/3 oz,"9ml,",,,,,
GBCylBlk9MtlRollMattSl,GBCylBlk9MtlRollMattSl,False,False,3038.0,,,1/3 oz,"9ml,",,,,,
GBCylBlk9MtlRollBlkDot,GBCylBlk9MtlRollBlkDot,False,False,3040.0,,,1/3 oz,"9ml,",,,,,
GBCylBlk9MtlRollSlDot,GBCylBlk9MtlRollSlDot,False,False,3042.0,,,1/3 oz,"9ml,",,,,,
GBCylBlk9MtlRollPnkDot,GBCylBlk9MtlRollPnkDot,False,False,3044.0,,,1/3 oz,"9ml,",,,,,
GBCylBlk9MtlRollMattGl,GBCylBlk9MtlRollMattGl,False,False,3046.0,,,1/3 oz,"9ml,",,,,,
GBCylBlk9MtlRollShnGl,GBCylBlk9MtlRollShnGl,False,False,3048.0,,,1/3 oz,"9ml,",,,,,
GBCylBlk9MtlRollShnSl,GBCylBlk9MtlRollShnSl,False,False,3050.0,,,1/3 oz,"9ml,",,,,,
GBCylBlk9MtlRollMattCu,GBCylBlk9MtlRollMattCu,False,False,3052.0,,,1/3 oz,"9ml,",,,,,
GBCylBlk9MtlRollShBlk,GBCylBlk9MtlRollShBlk,False,False,3054.0,,,1/3 oz,"9ml,",,,,,
GBCylBlk9MtlRollWht,GBCylBlk9MtlRollWht,False,False,10.0,,,1/3 oz,"9ml,",,,,,
GBCylBlk9RollMattSl,GBCylBlk9RollMattSl,False,False,11.0,,,1/3 oz,"9ml,",,,,,
GBCylBlk9RollBlkDot,GBCylBlk9RollBlkDot,False,False,12.0,,,1/3 oz,"9ml,",,,,,
GBCylBlk9RollSlDot,GBCylBlk9RollSlDot,False,False,13.0,,,1/3 oz,"9ml,",,,,,
GBCylBlk9RollPnkDot,GBCylBlk9RollPnkDot,False,False,14.0,,,1/3 oz,"9ml,",,,,,
GBCylBlk9RollMattGl,GBCylBlk9RollMattGl,False,False,15.0,,,1/3 oz,"9ml,",,,,,
GBCylBlk9RollShnGl,GBCylBlk9RollShnGl,False,False,16.0,,,1/3 oz,"9ml,",,,,,
GBCylBlk9RollShnSl,GBCylBlk9RollShnSl,False,False,17.0,,,1/3 oz,"9ml,",,,,,
GBCylBlk9RollMattCu,GBCylBlk9RollMattCu,False,False,18.0,,,1/3 oz,"9ml,",,,,,
GBCylBlk9RollShBlk,GBCylBlk9RollShBlk,False,False,19.0,,,1/3 oz,"9ml,",,,,,
GBCylBlk9RollWht,GBCylBlk9RollWht,False,False,20.0,,,1/3 oz,"9ml,",,,,,
GBCylBlk9SpryGl,GBCylBlk9SpryGl,False,False,21.0,,,1/3 oz,"9ml,",,,,,
GBCylBlk9SpryMattSl,GBCylBlk9SpryMattSl,False,False,22.0,,,1/3 oz,"9ml,",,,,,
GBCylBlk9SpryBlk,GBCylBlk9SpryBlk,False,False,23.0,,,1/3 oz,"9ml,",,,,,
GBCylBlk9SpryShSl,GBCylBlk9SpryShSl,False,False,24.0,,,1/3 oz,"9ml,",,,,,
GBCylBlk9SpryRd,GBCylBlk9SpryRd,False,False,25.0,,,1/3 oz,"9ml,",,,,,
GBCylBlk9SpryTur,GBCylBlk9SpryTur,False,False,26.0,,,1/3 oz,"9ml,",,,,,
LBCylBlk9LtnMtSl,LBCylBlk9LtnMtSl,False,False,27.0,,,1/3 oz,"9ml,",,,,,
LBCylBlk9LtnGl,LBCylBlk9LtnGl,False,False,28.0,,,1/3 oz,"9ml,",,,,,
LBCylBlk9LtnBlk,LBCylBlk9LtnBlk,False,False,29.0,,,1/3 oz,"9ml,",,,,,
GBCrcl30SpryBlk,GBCrcl30SpryBlk,False,True,30.0,,$2.14,1oz,"30 ml,",30 ml (1.01 oz),,"Circle design 30 ml, clear glass bottle with sprayer and black cap. For use with cologne, perfume, air freshner, face and body spray, or room spray. Classic, Circle design is a family of bottles availabel in many sizes.",,False
GBCrcl30SpryShnGl,GBCrcl30SpryShnGl,False,False,30.0,,,1oz,"30 ml,",,,,,
GBCrcl30SpryShSl,GBCrcl30SpryShSl,False,False,30.0,,,1oz,"30 ml,",,,,,
GBCrcl30SpryMattSl,GBCrcl30SpryMattSl,False,False,30.0,,,1oz,"30 ml,",,,,,
GBCrcl30SpryMattGl,GBCrcl30SpryMattGl,False,False,30.0,,,1oz,"30 ml,",,,,,
GBCrcl30SlCap,GBCrcl30SlCap,False,False,30.0,,,1oz,"30 ml,",,,,,
GBCrcl30GlCap,GBCrcl30GlCap,False,True,30.0,,$1.33,1oz,"30 ml,",30 ml (1.01 oz),,"Circle design 30 ml, clear glass bottle with shiny gold and cap. For use with cologne, perfume or fragrance oil, after shave and beard oils.",,False
GBCrclFrst30SpryBlk,GBCrclFrst30SpryBlk,False,False,30.0,,,1oz,"30 ml,",,,,,
GBCrclFrst30SpryShnGl,GBCrclFrst30SpryShnGl,False,False,30.0,,,1oz,"30 ml,",,,,,
GBCrclFrst30SpryShSl,GBCrclFrst30SpryShSl,False,False,30.0,,,1oz,"30 ml,",,,,,
GBCrclFrst30SpryMattSl,GBCrclFrst30SpryMattSl,False,False,30.0,,,1oz,"30 ml,",,,,,
GBCrclFrst30SpryMattGl,GBCrclFrst30SpryMattGl,False,False,30.0,,,1oz,"30 ml,",,,,,
GBCrclFrst30SlCap,GBCrclFrst30SlCap,False,False,30.0,,,1oz,"30 ml,",,,,,
GBCrclFrst30GlCap,GBCrclFrst30GlCap,False,False,30.0,,,1oz,"30 ml,",,,,,
GBElg30SpryBlk,GBElg30SpryBlk,False,True,30.0,,$2.14,1oz,"30 ml,",30 ml (1.01 oz),,"Elegant design 30 ml, clear glass bottle with sprayer and black cap. For use with cologne, perfume, air freshner, face and body spray, or room spray. Classic, Elegant design is a family of bottles availabel in many sizes.",,False
GBElg030SpryShnGl,GBElg030SpryShnGl,False,False,30.0,,,1oz,"30 ml,",,,,,
GBElg030SpryShSl,GBElg030SpryShSl,False,False,30.0,,,1oz,"30 ml,",,,,,
GBElg030SpryMattSl,GBElg030SpryMattSl,False,False,30.0,,,1oz,"30 ml,",,,,,
GBElg30SpryMattGl,GBElg30SpryMattGl,False,False,30.0,,,1oz,"30 ml,",,,,,
GBElg030SlCap,GBElg030SlCap,False,False,30.0,,,1oz,"30 ml,",,,,,
GBElg030GlCap,GBElg030GlCap,False,False,30.0,,,1oz,"30 ml,",,,,,
GBElgFrst30SpryBlk,GBElgFrst30SpryBlk,False,True,30.0,,$2.61,1oz,"30 ml,",30 ml (1.01 oz),,"Elegant design 30 ml, Frosted glass bottle with sprayer and black cap. For use with cologne, perfume, air freshner, face and body spray, or room spray. Classic, Elegant design is a family of bottles availabel in many sizes.",,False
GBElgFrst30SpryShnGl,GBElgFrst30SpryShnGl,False,False,30.0,,,1oz,"30 ml,",,,,,
GBElgFrst30SpryShSl,GBElgFrst30SpryShSl,False,False,30.0,,,1oz,"30 ml,",,,,,
GBElgFrst30SpryMattSl,GBElgFrst30SpryMattSl,False,False,30.0,,,1oz,"30 ml,",,,,,
GBElgFrst30SpryMattGl,GBElgFrst30SpryMattGl,False,False,30.0,,,1oz,"30 ml,",,,,,
GBElgFrst30SlCap,GBElgFrst30SlCap,False,False,30.0,,,1oz,"30 ml,",,,,,
GBElgFrst30GlCap,GBElgFrst30GlCap,False,True,30.0,,$1.81,1oz,"30 ml,",30 ml (1.01 oz),,"Elegant design 30 ml, Frosted glass bottle with shiny gold and cap. For use with cologne, perfume or fragrance oil, aftershave and beard oils.",,False
GBCylAmb5BlkSht,GBCylAmb5BlkSht,False,False,3419.0,,,1/6oz,"5ml,",,,,,
GBCylAmb5WhtSht,GBCylAmb5WhtSht,False,False,3427.0,,,1/6oz,"5ml,",,,,,
GBCylAmb5SpryBlkMatt,GBCylAmb5SpryBlkMatt,False,False,3420.0,,,1/6oz,"5ml,",,,,,
GBCylAmb5SpryBlkSh,GBCylAmb5SpryBlkSh,False,False,3421.0,,,1/6oz,"5ml,",,,,,
GBCylAmb5SpryBluMatt,GBCylAmb5SpryBluMatt,False,False,3422.0,,,1/6oz,"5ml,",,,,,
GBCylAmb5SpryGlSh,GBCylAmb5SpryGlSh,False,False,3424.0,,,1/6oz,"5ml,",,,,,
GBCylAmb5SpryGlMatt,GBCylAmb5SpryGlMatt,False,False,3423.0,,,1/6oz,"5ml,",,,,,
GBCylAmb5SprySlMatt,GBCylAmb5SprySlMatt,False,False,3425.0,,,1/6oz,"5ml,",,,,,
GBCylAmb5SprySlSh,GBCylAmb5SprySlSh,False,False,3426.0,,,1/6oz,"5ml,",,,,,
GBCylAmb5MtlRollSlDot,GBCylAmb5MtlRollSlDot,False,False,10.0,,,1/6oz,"5ml,",,,,,
GBCylAmb5RollSlDot,GBCylAmb5RollSlDot,False,False,11.0,,,1/6oz,"5ml,",,,,,
GBCylAmb5MtlRollPinkDot,GBCylAmb5MtlRollPinkDot,False,False,12.0,,,1/6oz,"5ml,",,,,,
GBCylAmb5RollPinkDot,GBCylAmb5RollPinkDot,False,False,13.0,,,1/6oz,"5ml,",,,,,
GBCylAmb5MtlRollSlMatt,GBCylAmb5MtlRollSlMatt,False,False,14.0,,,1/6oz,"5ml,",,,,,
GBCylAmb5RollSlMatt,GBCylAmb5RollSlMatt,False,False,15.0,,,1/6oz,"5ml,",,,,,
GBCylAmb5MtlRollGlMatt,GBCylAmb5MtlRollGlMatt,False,False,16.0,,,1/6oz,"5ml,",,,,,
GBCylAmb5RollGlMatt,GBCylAmb5RollGlMatt,False,False,17.0,,,1/6oz,"5ml,",,,,,
GBCylAmb5MtlRollGlSh,GBCylAmb5MtlRollGlSh,False,False,18.0,,,1/6oz,"5ml,",,,,,
GBCylAmb5RollGlSh,GBCylAmb5RollGlSh,False,False,19.0,,,1/6oz,"5ml,",,,,,
GBCylAmb5MtlRollSlSh,GBCylAmb5MtlRollSlSh,False,False,20.0,,,1/6oz,"5ml,",,,,,
GBCylAmb5RollSlSh,GBCylAmb5RollSlSh,False,False,21.0,,,1/6oz,"5ml,",,,,,
GBCylAmb5MtlRollCuMatt,GBCylAmb5MtlRollCuMatt,False,False,22.0,,,1/6oz,"5ml,",,,,,
GBCylAmb5RollCuMatt,GBCylAmb5RollCuMatt,False,False,23.0,,,1/6oz,"5ml,",,,,,
GBCylAmb5MtlRollBlkSh,GBCylAmb5MtlRollBlkSh,False,False,24.0,,,1/6oz,"5ml,",,,,,
GBCylAmb5MtlRollBlkSh,GBCylAmb5MtlRollBlkSh,False,False,25.0,,,1/6oz,"5ml,",,,,,
GBCylAmb5MtlRollBlkDot,GBCylAmb5MtlRollBlkDot,False,False,26.0,,,1/6oz,"5ml,",,,,,
GBCylAmb5RollBlkDot,GBCylAmb5RollBlkDot,False,False,27.0,,,1/6oz,"5ml,",,,,,
GBCylAmb5Gl,GBCylAmb5Gl,False,False,28.0,,,1/6oz,"5ml,",,,,,
GBCylAmb5Sl,GBCylAmb5Sl,False,False,29.0,,,1/6oz,"5ml,",,,,,
GBCylAmb5SpryCuMatt,GBCylAmb5SpryCuMatt,False,False,30.0,,,1/6oz,"5ml,",,,,,
GBCyl5BlkSht,GBCyl5BlkSht,False,False,1883.0,,,1/6oz,"5ml,",,,,,
GBCyl5WhtSht,GBCyl5WhtSht,False,False,1782.0,,,1/6oz,"5ml,",,,,,
GBCyl5SpryBlkMatt,GBCyl5SpryBlkMatt,False,True,3417.0,,$0.72,1/6oz,"5ml,",5 ml (0.17 oz),,"Cylinder design 5.5ml, 1/6oz Clear glass bottle with matte black spray. Fine mist sprayer for use with perfumes and colognes. Refillable, Small sized bottle for decants, promotion, samples and travel accessory.",,False
GBCyl5SpryBlkSh,GBCyl5SpryBlkSh,False,False,1107.0,,,1/6oz,"5ml,",,,,,
GBCyl5SpryBluMatt,GBCyl5SpryBluMatt,False,False,1778.0,,,1/6oz,"5ml,",,,,,
GBCyl5SpryGlSh,GBCyl5SpryGlSh,False,False,1108.0,,,1/6oz,"5ml,",,,,,
GBCyl5SpryGlMatt,GBCyl5SpryGlMatt,False,False,3418.0,,,1/6oz,"5ml,",,,,,
GBCyl5SprySlMatt,GBCyl5SprySlMatt,False,False,161.0,,,1/6oz,"5ml,",,,,,
GBCyl5SprySlSh,GBCyl5SprySlSh,False,False,1109.0,,,1/6oz,"5ml,",,,,,
GBCyl5MtlRollSlDot,GBCyl5MtlRollSlDot,False,False,10.0,,,1/6oz,"5ml,",,,,,
GBCyl5RollSlDot,GBCyl5RollSlDot,False,False,11.0,,,1/6oz,"5ml,",,,,,
GBCyl5MtlRollPinkDot,GBCyl5MtlRollPinkDot,False,False,12.0,,,1/6oz,"5ml,",,,,,
GBCyl5RollPinkDot,GBCyl5RollPinkDot,False,False,13.0,,,1/6oz,"5ml,",,,,,
GBCyl5MtlRollSlMatt,GBCyl5MtlRollSlMatt,False,False,14.0,,,1/6oz,"5ml,",,,,,
GBCyl5RollSlMatt,GBCyl5RollSlMatt,False,False,15.0,,,1/6oz,"5ml,",,,,,
GBCyl5MtlRollGlMatt,GBCyl5MtlRollGlMatt,False,False,16.0,,,1/6oz,"5ml,",,,,,
GBCyl5RollGlMatt,GBCyl5RollGlMatt,False,False,17.0,,,1/6oz,"5ml,",,,,,
GBCyl5MtlRollGlSh,GBCyl5MtlRollGlSh,False,False,18.0,,,1/6oz,"5ml,",,,,,
GBCyl5RollGlSh,GBCyl5RollGlSh,False,False,19.0,,,1/6oz,"5ml,",,,,,
GBCyl5MtlRollSlSh,GBCyl5MtlRollSlSh,False,False,20.0,,,1/6oz,"5ml,",,,,,
GBCyl5RollSlSh,GBCyl5RollSlSh,False,False,21.0,,,1/6oz,"5ml,",,,,,
GBCyl5MtlRollCuMatt,GBCyl5MtlRollCuMatt,False,False,22.0,,,1/6oz,"5ml,",,,,,
GBCyl5RollCuMatt,GBCyl5RollCuMatt,False,False,23.0,,,1/6oz,"5ml,",,,,,
GBCyl5MtlRollBlkSh,GBCyl5MtlRollBlkSh,False,False,24.0,,,1/6oz,"5ml,",,,,,
GBCyl5RollBlkSh,GBCyl5RollBlkSh,False,False,25.0,,,1/6oz,"5ml,",,,,,
GBCyl5MtlRollBlkDot,GBCyl5MtlRollBlkDot,False,True,26.0,,$0.65,1/6oz,"5ml,",5 ml (0.17 oz),,"Cylinder design 5.5ml, 1/6oz Clear glass bottle with metal roller ball plug and black shiny cap with dots. For use with perfume or fragrance oil, essential oils, aromatic oils and aromatherapy. Refillable, Small sized bottle for decants, promotion, sample",,False
GBCyl5RollBlkDot,GBCyl5RollBlkDot,False,True,27.0,,$0.57,1/6oz,"5ml,",5 ml (0.17 oz),,"Cylinder design 5.5ml, 1/6oz Clear glass bottle with plastic roller ball plug and black shiny cap with dots. For use with perfume or fragrance oil, essential oils, aromatic oils and aromatherapy. Refillable, Small sized bottle for decants, promotion, samp",,False
GBCyl5Gl,GBCyl5Gl,False,False,28.0,,,1/6oz,"5ml,",,,,,
GBCyl5Sl,GBCyl5Sl,False,False,29.0,,,1/6oz,"5ml,",,,,,
GBCyl5SpryCuMatt,GBCyl5SpryCuMatt,False,False,30.0,,,1/6oz,"5ml,",,,,,
GBCylBlu5BlkSht,GBCylBlu5BlkSht,False,False,3072.0,,,1/6oz,"5ml,",,,,,
GBCylBlu5WhtSht,GBCylBlu5WhtSht,False,False,1792.0,,,1/6oz,"5ml,",,,,,
GBCylBlu5SpryBlkMatt,GBCylBlu5SpryBlkMatt,False,False,1564.0,,,1/6oz,"5ml,",,,,,
GBCylBlu5SpryBlkSh,GBCylBlu5SpryBlkSh,False,True,1114.0,,$0.83,1/6oz,"5ml,",5 ml (0.17 oz),,"Cylinder design 5ml, 1/6oz Blue glass bottle with shiny black spray. Fine mist sprayer for use with perfumes and colognes. Refillable, Small sized bottle for decants, promotion, samples and travel accessory.",,False
GBCylBlu5SpryBluMatt,GBCylBlu5SpryBluMatt,False,False,1793.0,,,1/6oz,"5ml,",,,,,
GBCylBlu5SpryGlSh,GBCylBlu5SpryGlSh,False,False,1115.0,,,1/6oz,"5ml,",,,,,
GBCylBlu5SpryGlMatt,GBCylBlu5SpryGlMatt,False,False,1789.0,,,1/6oz,"5ml,",,,,,
GBCylBlu5SprySlMatt,GBCylBlu5SprySlMatt,False,False,1795.0,,,1/6oz,"5ml,",,,,,
GBCylBlu5SprySlSh,GBCylBlu5SprySlSh,False,False,1113.0,,,1/6oz,"5ml,",,,,,
GBCylBlu5MtlRollSlDot,GBCylBlu5MtlRollSlDot,False,False,10.0,,,1/6oz,"5ml,",,,,,
GBCylBlu5RollSlDot,GBCylBlu5RollSlDot,False,False,11.0,,,1/6oz,"5ml,",,,,,
GBCylBlu5MtlRollPinkDot,GBCylBlu5MtlRollPinkDot,False,False,12.0,,,1/6oz,"5ml,",,,,,
GBCylBlu5RollPinkDot,GBCylBlu5RollPinkDot,False,False,13.0,,,1/6oz,"5ml,",,,,,
GBCylBlu5MtlRollSlMatt,GBCylBlu5MtlRollSlMatt,False,False,14.0,,,1/6oz,"5ml,",,,,,
GBCylBlu5RollSlMatt,GBCylBlu5RollSlMatt,False,False,15.0,,,1/6oz,"5ml,",,,,,
GBCylBlu5MtlRollGlMatt,GBCylBlu5MtlRollGlMatt,False,False,16.0,,,1/6oz,"5ml,",,,,,
GBCylBlu5RollGlMatt,GBCylBlu5RollGlMatt,False,False,17.0,,,1/6oz,"5ml,",,,,,
GBCylBlu5MtlRollGlSh,GBCylBlu5MtlRollGlSh,False,False,18.0,,,1/6oz,"5ml,",,,,,
GBCylBlu5RollGlSh,GBCylBlu5RollGlSh,False,False,19.0,,,1/6oz,"5ml,",,,,,
GBCylBlu5MtlRollSlSh,GBCylBlu5MtlRollSlSh,False,False,20.0,,,1/6oz,"5ml,",,,,,
GBCylBlu5RollSlSh,GBCylBlu5RollSlSh,False,False,21.0,,,1/6oz,"5ml,",,,,,
GBCylBlu5MtlRollCuMatt,GBCylBlu5MtlRollCuMatt,False,False,22.0,,,1/6oz,"5ml,",,,,,
GBCylBlu5RollCuMatt,GBCylBlu5RollCuMatt,False,False,23.0,,,1/6oz,"5ml,",,,,,
GBCylBlu5MtlRollBlkSh,GBCylBlu5MtlRollBlkSh,False,False,24.0,,,1/6oz,"5ml,",,,,,
GBCylBlu5RollBlkSh,GBCylBlu5RollBlkSh,False,False,25.0,,,1/6oz,"5ml,",,,,,
GBCylBlu5MtlRollBlkDot,GBCylBlu5MtlRollBlkDot,False,True,26.0,,$0.68,1/6oz,"5ml,",5 ml (0.17 oz),,"Cylinder design 5ml, 1/6oz Blue glass bottle with metal roller ball plug and black shiny cap with dots. For use with perfume or fragrance oil, essential oils, aromatic oils and aromatherapy. Refillable, Small sized bottle for decants, promotion, samples a",,False
GBCylBlu5RollBlkDot,GBCylBlu5RollBlkDot,False,True,27.0,,$0.67,1/6oz,"5ml,",5 ml (0.17 oz),,"Cylinder design 5ml, 1/6oz Blue glass bottle with plastic roller ball plug and black shiny cap with dots. For use with perfume or fragrance oil, essential oils, aromatic oils and aromatherapy. Refillable, Small sized bottle for decants, promotion, samples",,False
GBCylBlu5Gl,GBCylBlu5Gl,False,False,28.0,,,1/6oz,"5ml,",,,,,
GBCylBlu5Sl,GBCylBlu5Sl,False,False,29.0,,,1/6oz,"5ml,",,,,,
GBCylBlu5SpryCuMatt,GBCylBlu5SpryCuMatt,False,False,30.0,,,1/6oz,"5ml,",,,,,
GBTulipAmb5BlkSht,GBTulipAmb5BlkSht,False,False,1681.0,,,1/6 oz,"5ml,",,,,,
GBTulipAmb5WhtSht,GBTulipAmb5WhtSht,False,False,1727.0,,,1/6 oz,"5ml,",,,,,
GBTulipAmb5SpryBlkMatt,GBTulipAmb5SpryBlkMatt,False,True,1719.0,,$0.92,1/6 oz,"5ml,",5 ml (0.17 oz),,"Tulip design 5ml, 1/6 oz Amber glass bottle with matte black spray. Fine mist sprayer for use with perfumes and colognes. Refillable, Small sized bottle for decants, promotion, samples and travel accessory.",,False
GBTulipAmb5SpryBlkSh,GBTulipAmb5SpryBlkSh,False,False,1720.0,,,1/6 oz,"5ml,",,,,,
GBTulipAmb5SpryBluMatt,GBTulipAmb5SpryBluMatt,False,False,1721.0,,,1/6 oz,"5ml,",,,,,
GBTulipAmb5SpryGlSh,GBTulipAmb5SpryGlSh,False,False,1724.0,,,1/6 oz,"5ml,",,,,,
GBTulipAmb5SpryGlMatt,GBTulipAmb5SpryGlMatt,False,False,1723.0,,,1/6 oz,"5ml,",,,,,
GBTulipAmb5SprySlMatt,GBTulipAmb5SprySlMatt,False,False,1725.0,,,1/6 oz,"5ml,",,,,,
GBTulipAmb5SprySlSh,GBTulipAmb5SprySlSh,False,False,3467.0,,,1/6 oz,"5ml,",,,,,
GBTulipAmb5MtlRollSlDot,GBTulipAmb5MtlRollSlDot,False,False,10.0,,,1/6 oz,"5ml,",,,,,
GBTulipAmb5RollSlDot,GBTulipAmb5RollSlDot,False,False,11.0,,,1/6 oz,"5ml,",,,,,
GBTulipAmb5MtlRollPinkDot,GBTulipAmb5MtlRollPinkDot,False,False,12.0,,,1/6 oz,"5ml,",,,,,
GBTulipAmb5RollPinkDot,GBTulipAmb5RollPinkDot,False,False,13.0,,,1/6 oz,"5ml,",,,,,
GBTulipAmb5MtlRollSlMatt,GBTulipAmb5MtlRollSlMatt,False,False,14.0,,,1/6 oz,"5ml,",,,,,
GBTulipAmb5RollSlMatt,GBTulipAmb5RollSlMatt,False,False,15.0,,,1/6 oz,"5ml,",,,,,
GBTulipAmb5MtlRollGlMatt,GBTulipAmb5MtlRollGlMatt,False,False,16.0,,,1/6 oz,"5ml,",,,,,
GBTulipAmb5RollGlMatt,GBTulipAmb5RollGlMatt,False,False,17.0,,,1/6 oz,"5ml,",,,,,
GBTulipAmb5MtlRollGlSh,GBTulipAmb5MtlRollGlSh,False,False,18.0,,,1/6 oz,"5ml,",,,,,
GBTulipAmb5RollGlSh,GBTulipAmb5RollGlSh,False,False,19.0,,,1/6 oz,"5ml,",,,,,
GBTulipAmb5MtlRollSlSh,GBTulipAmb5MtlRollSlSh,False,False,20.0,,,1/6 oz,"5ml,",,,,,
GBTulipAmb5RollSlSh,GBTulipAmb5RollSlSh,False,False,21.0,,,1/6 oz,"5ml,",,,,,
GBTulipAmb5MtlRollCuMatt,GBTulipAmb5MtlRollCuMatt,False,False,22.0,,,1/6 oz,"5ml,",,,,,
GBTulipAmb5RollCuMatt,GBTulipAmb5RollCuMatt,False,False,23.0,,,1/6 oz,"5ml,",,,,,
GBTulipAmb5MtlRollBlkSh,GBTulipAmb5MtlRollBlkSh,False,False,24.0,,,1/6 oz,"5ml,",,,,,
GBTulipAmb5RollBlkSh,GBTulipAmb5RollBlkSh,False,False,25.0,,,1/6 oz,"5ml,",,,,,
GBTulipAmb5MtlRollBlkDot,GBTulipAmb5MtlRollBlkDot,False,True,26.0,,$0.85,1/6 oz,"5ml,",5 ml (0.17 oz),,"Tulip design 5ml, 1/6 oz Amber glass bottle with metal roller ball plug and black shiny cap with dots. For use with perfume or fragrance oil, essential oils, aromatic oils and aromatherapy. Refillable, Small sized bottle for decants, promotion, samples an",,False
GBTulipAmb5RollBlkDot,GBTulipAmb5RollBlkDot,False,True,27.0,,$0.77,1/6 oz,"5ml,",5 ml (0.17 oz),,"Tulip design 5ml, 1/6 oz Amber glass bottle with plastic roller ball plug and black shiny cap with dots. For use with perfume or fragrance oil, essential oils, aromatic oils and aromatherapy. Refillable, Small sized bottle for decants, promotion, samples",,False
GBTulipAmb5Gl,GBTulipAmb5Gl,False,False,28.0,,,1/6 oz,"5ml,",,,,,
GBTulipAmb5Sl,GBTulipAmb5Sl,False,False,29.0,,,1/6 oz,"5ml,",,,,,
GBTulipAmb5SpryCuMatt,GBTulipAmb5SpryCuMatt,False,False,30.0,,,1/6 oz,"5ml,",,,,,
GBSleek5BlkSht,GBSleek5BlkSht,False,False,3455.0,,,1/6oz,"5ml,",,,,,
GBSleek5WhtSht,GBSleek5WhtSht,False,False,3459.0,,,1/6oz,"5ml,",,,,,
GBSleek5SpryBlkMatt,GBSleek5SpryBlkMatt,False,True,3456.0,,$0.90,1/6oz,"5ml,",5 ml (0.17 oz),,"Sleek design 5ml, 1/6oz Clear glass bottle with matte black spray. Fine mist sprayer for use with perfumes and colognes. Refillable, Small sized bottle for decants, promotion, samples and travel accessory.",,False
GBSleek5SpryBlkSh,GBSleek5SpryBlkSh,False,False,1036.0,,,1/6oz,"5ml,",,,,,
GBSleek5SpryBluMatt,GBSleek5SpryBluMatt,False,False,3457.0,,,1/6oz,"5ml,",,,,,
GBSleek5SpryGlSh,GBSleek5SpryGlSh,False,False,1030.0,,,1/6oz,"5ml,",,,,,
GBSleek5SpryGlMatt,GBSleek5SpryGlMatt,False,False,3458.0,,,1/6oz,"5ml,",,,,,
GBSleek5SprySlMatt,GBSleek5SprySlMatt,False,False,1037.0,,,1/6oz,"5ml,",,,,,
GBSleek5SprySlSh,GBSleek5SprySlSh,False,False,1031.0,,,1/6oz,"5ml,",,,,,
GBSleek5MtlRollSlDot,GBSleek5MtlRollSlDot,False,False,10.0,,,1/6oz,"5ml,",,,,,
GBSleek5RollSlDot,GBSleek5RollSlDot,False,False,11.0,,,1/6oz,"5ml,",,,,,
GBSleek5MtlRollPinkDot,GBSleek5MtlRollPinkDot,False,False,12.0,,,1/6oz,"5ml,",,,,,
GBSleek5RollPinkDot,GBSleek5RollPinkDot,False,False,13.0,,,1/6oz,"5ml,",,,,,
GBSleek5MtlRollSlMatt,GBSleek5MtlRollSlMatt,False,False,14.0,,,1/6oz,"5ml,",,,,,
GBSleek5RollSlMatt,GBSleek5RollSlMatt,False,False,15.0,,,1/6oz,"5ml,",,,,,
GBSleek5MtlRollGlMatt,GBSleek5MtlRollGlMatt,False,False,16.0,,,1/6oz,"5ml,",,,,,
GBSleek5RollGlMatt,GBSleek5RollGlMatt,False,False,17.0,,,1/6oz,"5ml,",,,,,
GBSleek5MtlRollGlSh,GBSleek5MtlRollGlSh,False,False,18.0,,,1/6oz,"5ml,",,,,,
GBSleek5RollGlSh,GBSleek5RollGlSh,False,False,19.0,,,1/6oz,"5ml,",,,,,
GBSleek5MtlRollSlSh,GBSleek5MtlRollSlSh,False,False,20.0,,,1/6oz,"5ml,",,,,,
GBSleek5RollSlSh,GBSleek5RollSlSh,False,False,21.0,,,1/6oz,"5ml,",,,,,
GBSleek5MtlRollCuMatt,GBSleek5MtlRollCuMatt,False,False,22.0,,,1/6oz,"5ml,",,,,,
GBSleek5RollCuMatt,GBSleek5RollCuMatt,False,False,23.0,,,1/6oz,"5ml,",,,,,
GBSleek5MtlRollBlkSh,GBSleek5MtlRollBlkSh,False,False,24.0,,,1/6oz,"5ml,",,,,,
GBSleek5RollBlkSh,GBSleek5RollBlkSh,False,False,25.0,,,1/6oz,"5ml,",,,,,
GBSleek5MtlRollBlkDot,GBSleek5MtlRollBlkDot,False,True,26.0,,$0.83,1/6oz,"5ml,",5 ml (0.17 oz),,"Sleek design 5ml, 1/6oz Clear glass bottle with metal roller ball plug and black shiny cap with dots. For use with perfume or fragrance oil, essential oils, aromatic oils and aromatherapy. Refillable, Small sized bottle for decants, promotion, samples and",,False
GBSleek5RollBlkDot,GBSleek5RollBlkDot,False,True,27.0,,$0.75,1/6oz,"5ml,",5 ml (0.17 oz),,"Sleek design 5ml, 1/6oz Clear glass bottle with plastic roller ball plug and black shiny cap with dots. For use with perfume or fragrance oil, essential oils, aromatic oils and aromatherapy. Refillable, Small sized bottle for decants, promotion, samples a",,False
GBSleek5Gl,GBSleek5Gl,False,False,28.0,,,1/6oz,"5ml,",,,,,
GBSleek5Sl,GBSleek5Sl,False,False,29.0,,,1/6oz,"5ml,",,,,,
GBSleek5SpryCuMatt,GBSleek5SpryCuMatt,False,False,30.0,,,1/6oz,"5ml,",,,,,
GBSleek8BlkSht,GBSleek8BlkSht,False,False,1676.0,,,1/3oz,"8ml,",,,,,
GBSleek8WhtSht,GBSleek8WhtSht,False,False,1697.0,,,1/3oz,"8ml,",,,,,
GBSleek8SpryBlkMatt,GBSleek8SpryBlkMatt,False,True,1668.0,,$0.92,1/3oz,"8ml,",8 ml (0.27 oz),,"Sleek design 8ml, 1/3oz Clear glass bottle with matte black spray. Fine mist sprayer for use with perfumes and colognes. Refillable, Small sized bottle for decants, promotion, samples and travel accessory.",,False
GBSleek8SpryBlkSh,GBSleek8SpryBlkSh,False,False,1038.0,,,1/3oz,"8ml,",,,,,
GBSleek8SpryBluMatt,GBSleek8SpryBluMatt,False,False,1690.0,,,1/3oz,"8ml,",,,,,
GBSleek8SpryGlSh,GBSleek8SpryGlSh,False,False,1039.0,,,1/3oz,"8ml,",,,,,
GBSleek8SpryGlMatt,GBSleek8SpryGlMatt,False,False,1696.0,,,1/3oz,"8ml,",,,,,
GBSleek8SprySlMatt,GBSleek8SprySlMatt,False,False,1040.0,,,1/3oz,"8ml,",,,,,
GBSleek8SprySlSh,GBSleek8SprySlSh,False,False,1041.0,,,1/3oz,"8ml,",,,,,
GBSleek8MtlRollSlDot,GBSleek8MtlRollSlDot,False,False,10.0,,,1/3oz,"8ml,",,,,,
GBSleek8RollSlDot,GBSleek8RollSlDot,False,False,11.0,,,1/3oz,"8ml,",,,,,
GBSleek8MtlRollPinkDot,GBSleek8MtlRollPinkDot,False,False,12.0,,,1/3oz,"8ml,",,,,,
GBSleek8RollPinkDot,GBSleek8RollPinkDot,False,False,13.0,,,1/3oz,"8ml,",,,,,
GBSleek8MtlRollSlMatt,GBSleek8MtlRollSlMatt,False,False,14.0,,,1/3oz,"8ml,",,,,,
GBSleek8RollSlMatt,GBSleek8RollSlMatt,False,False,15.0,,,1/3oz,"8ml,",,,,,
GBSleek8MtlRollGlMatt,GBSleek8MtlRollGlMatt,False,False,16.0,,,1/3oz,"8ml,",,,,,
GBSleek8RollGlMatt,GBSleek8RollGlMatt,False,False,17.0,,,1/3oz,"8ml,",,,,,
GBSleek8MtlRollGlSh,GBSleek8MtlRollGlSh,False,False,18.0,,,1/3oz,"8ml,",,,,,
GBSleek8RollGlSh,GBSleek8RollGlSh,False,False,19.0,,,1/3oz,"8ml,",,,,,
GBSleek8MtlRollSlSh,GBSleek8MtlRollSlSh,False,False,20.0,,,1/3oz,"8ml,",,,,,
GBSleek8RollSlSh,GBSleek8RollSlSh,False,False,21.0,,,1/3oz,"8ml,",,,,,
GBSleek8MtlRollCuMatt,GBSleek8MtlRollCuMatt,False,False,22.0,,,1/3oz,"8ml,",,,,,
GBSleek8RollCuMatt,GBSleek8RollCuMatt,False,False,23.0,,,1/3oz,"8ml,",,,,,
GBSleek8MtlRollBlkSh,GBSleek8MtlRollBlkSh,False,False,24.0,,,1/3oz,"8ml,",,,,,
GBSleek8RollBlkSh,GBSleek8RollBlkSh,False,False,25.0,,,1/3oz,"8ml,",,,,,
GBSleek8MtlRollBlkDot,GBSleek8MtlRollBlkDot,False,True,26.0,,$0.85,1/3oz,"8ml,",8 ml (0.27 oz),,"Sleek design 8ml, 1/3oz Clear glass bottle with metal roller ball plug and black shiny cap with dots. For use with perfume or fragrance oil, essential oils, aromatic oils and aromatherapy. Refillable, Small sized bottle for decants, promotion, samples and",,False
GBSleek8RollBlkDot,GBSleek8RollBlkDot,False,True,27.0,,$0.77,1/3oz,"8ml,",8 ml (0.27 oz),,"Sleek design 8ml, 1/3oz Clear glass bottle with plastic roller ball plug and black shiny cap with dots. For use with perfume or fragrance oil, essential oils, aromatic oils and aromatherapy. Refillable, Small sized bottle for decants, promotion, samples a",,False
GBSleek8Gl,GBSleek8Gl,False,False,28.0,,,1/3oz,"8ml,",,,,,
GBSleek8Sl,GBSleek8Sl,False,False,29.0,,,1/3oz,"8ml,",,,,,
GBSleek8SpryCuMatt,GBSleek8SpryCuMatt,False,False,30.0,,,1/3oz,"8ml,",,,,,
GBBell12BlkSht,GBBell12BlkSht,False,False,12.0,,,1/2oz,"12ml,",,,,,
GBBell12WhtSht,GBBell12WhtSht,False,False,12.0,,,1/2oz,"12ml,",,,,,
GBBell12SpryBlkMatt,GBBell12SpryBlkMatt,False,False,12.0,,,1/2oz,"12ml,",,,,,
GBBell12SpryBlkSh,GBBell12SpryBlkSh,False,False,12.0,,,1/2oz,"12ml,",,,,,
GBBell12SpryBluMatt,GBBell12SpryBluMatt,False,False,12.0,,,1/2oz,"12ml,",,,,,
GBBell12SpryGlSh,GBBell12SpryGlSh,False,False,12.0,,,1/2oz,"12ml,",,,,,
GBBell12SpryGlMatt,GBBell12SpryGlMatt,False,False,12.0,,,1/2oz,"12ml,",,,,,
GBBell12SprySlMatt,GBBell12SprySlMatt,False,False,12.0,,,1/2oz,"12ml,",,,,,
GBBell12SprySlSh,GBBell12SprySlSh,False,False,12.0,,,1/2oz,"12ml,",,,,,
GBBell12MtlRollSlDot,GBBell12MtlRollSlDot,False,False,10.0,,,1/2oz,"12ml,",,,,,
GBBell12RollSlDot,GBBell12RollSlDot,False,False,11.0,,,1/2oz,"12ml,",,,,,
GBBell12MtlRollPinkDot,GBBell12MtlRollPinkDot,False,False,12.0,,,1/2oz,"12ml,",,,,,
GBBell12RollPinkDot,GBBell12RollPinkDot,False,False,13.0,,,1/2oz,"12ml,",,,,,
GBBell12MtlRollSlMatt,GBBell12MtlRollSlMatt,False,False,14.0,,,1/2oz,"12ml,",,,,,
GBBell12RollSlMatt,GBBell12RollSlMatt,False,False,15.0,,,1/2oz,"12ml,",,,,,
GBBell12MtlRollGlMatt,GBBell12MtlRollGlMatt,False,False,16.0,,,1/2oz,"12ml,",,,,,
GBBell12RollGlMatt,GBBell12RollGlMatt,False,False,17.0,,,1/2oz,"12ml,",,,,,
GBBell12MtlRollGlSh,GBBell12MtlRollGlSh,False,False,18.0,,,1/2oz,"12ml,",,,,,
GBBell12RollGlSh,GBBell12RollGlSh,False,False,19.0,,,1/2oz,"12ml,",,,,,
GBBell12MtlRollSlSh,GBBell12MtlRollSlSh,False,False,20.0,,,1/2oz,"12ml,",,,,,
GBBell12RollSlSh,GBBell12RollSlSh,False,False,21.0,,,1/2oz,"12ml,",,,,,
GBBell12MtlRollCuMatt,GBBell12MtlRollCuMatt,False,False,22.0,,,1/2oz,"12ml,",,,,,
GBBell12RollCuMatt,GBBell12RollCuMatt,False,False,23.0,,,1/2oz,"12ml,",,,,,
GBBell12MtlRollBlkSh,GBBell12MtlRollBlkSh,False,False,24.0,,,1/2oz,"12ml,",,,,,
GBBell12RollBlkSh,GBBell12RollBlkSh,False,False,25.0,,,1/2oz,"12ml,",,,,,
GBBell12MtlRollBlkDot,GBBell12MtlRollBlkDot,False,False,26.0,,,1/2oz,"12ml,",,,,,
GBBell12RollBlkDot,GBBell12RollBlkDot,False,False,27.0,,,1/2oz,"12ml,",,,,,
GBBell12Gl,GBBell12Gl,False,False,28.0,,,1/2oz,"12ml,",,,,,
GBBell12Sl,GBBell12Sl,False,False,29.0,,,1/2oz,"12ml,",,,,,
GBBell12SpryCuMatt,GBBell12SpryCuMatt,False,False,30.0,,,1/2oz,"12ml,",,,,,
GBElg15BlkSht,GBElg15BlkSht,False,False,15.0,,,1/2oz,"15ml,",,,,,
GBElg15WhtSht,GBElg15WhtSht,False,False,15.0,,,1/2oz,"15ml,",,,,,
GBElg15SpryBlkMatt,GBElg15SpryBlkMatt,False,True,15.0,,$1.04,1/2oz,"15ml,",15 ml (0.51 oz),,"Elegant design 15ml, 1/2oz Clear glass bottle with matte black spray. Fine mist sprayer for use with perfumes and colognes. Refillable, classic style bottle good for promotions and decants.",,False
GBElg15SpryBlkSh,GBElg15SpryBlkSh,False,False,15.0,,,1/2oz,"15ml,",,,,,
GBElg15SpryBluMatt,GBElg15SpryBluMatt,False,False,15.0,,,1/2oz,"15ml,",,,,,
GBElg15SpryGlSh,GBElg15SpryGlSh,False,False,15.0,,,1/2oz,"15ml,",,,,,
GBElg15SpryGlMatt,GBElg15SpryGlMatt,False,False,15.0,,,1/2oz,"15ml,",,,,,
GBElg15SprySlMatt,GBElg15SprySlMatt,False,False,15.0,,,1/2oz,"15ml,",,,,,
GBElg15SprySlSh,GBElg15SprySlSh,False,False,15.0,,,1/2oz,"15ml,",,,,,
GBElg15MtlRollSlDot,GBElg15MtlRollSlDot,False,False,10.0,,,1/2oz,"15ml,",,,,,
GBElg15RollSlDot,GBElg15RollSlDot,False,False,11.0,,,1/2oz,"15ml,",,,,,
GBElg15MtlRollPinkDot,GBElg15MtlRollPinkDot,False,False,12.0,,,1/2oz,"15ml,",,,,,
GBElg15RollPinkDot,GBElg15RollPinkDot,False,False,13.0,,,1/2oz,"15ml,",,,,,
GBElg15MtlRollSlMatt,GBElg15MtlRollSlMatt,False,False,14.0,,,1/2oz,"15ml,",,,,,
GBElg15RollSlMatt,GBElg15RollSlMatt,False,False,15.0,,,1/2oz,"15ml,",,,,,
GBElg15MtlRollGlMatt,GBElg15MtlRollGlMatt,False,False,16.0,,,1/2oz,"15ml,",,,,,
GBElg15RollGlMatt,GBElg15RollGlMatt,False,False,17.0,,,1/2oz,"15ml,",,,,,
GBElg15MtlRollGlSh,GBElg15MtlRollGlSh,False,False,18.0,,,1/2oz,"15ml,",,,,,
GBElg15RollGlSh,GBElg15RollGlSh,False,False,19.0,,,1/2oz,"15ml,",,,,,
GBElg15MtlRollSlSh,GBElg15MtlRollSlSh,False,False,20.0,,,1/2oz,"15ml,",,,,,
GBElg15RollSlSh,GBElg15RollSlSh,False,False,21.0,,,1/2oz,"15ml,",,,,,
GBElg15MtlRollCuMatt,GBElg15MtlRollCuMatt,False,False,22.0,,,1/2oz,"15ml,",,,,,
GBElg15RollCuMatt,GBElg15RollCuMatt,False,False,23.0,,,1/2oz,"15ml,",,,,,
GBElg15MtlRollBlkSh,GBElg15MtlRollBlkSh,False,False,24.0,,,1/2oz,"15ml,",,,,,
GBElg15RollBlkSh,GBElg15RollBlkSh,False,False,25.0,,,1/2oz,"15ml,",,,,,
GBElg15MtlRollBlkDot,GBElg15MtlRollBlkDot,False,True,26.0,,$0.90,1/2oz,"15ml,",15 ml (0.51 oz),,"Elegant design 15ml, 1/2oz Clear glass bottle with metal roller ball plug and black shiny cap with dots. For use with perfume or fragrance oil, essential oils, aromatic oils and aromatherapy. Refillable, classic style bottle good for promotions and decant",,False
GBElg15RollBlkDot,GBElg15RollBlkDot,False,True,27.0,,$0.83,1/2oz,"15ml,",15 ml (0.51 oz),,"Elegant design 15ml, 1/2oz Clear glass bottle with plastic roller ball plug and black shiny cap with dots. For use with perfume or fragrance oil, essential oils, aromatic oils and aromatherapy. Refillable, classic style bottle good for promotions and deca",,False
GBElg15Gl,GBElg15Gl,False,False,28.0,,,1/2oz,"15ml,",,,,,
GBElg15Sl,GBElg15Sl,False,False,29.0,,,1/2oz,"15ml,",,,,,
GBElg15SpryCuMatt,GBElg15SpryCuMatt,False,False,30.0,,,1/2oz,"15ml,",,,,,
GBQueen10BlkSht,GBQueen10BlkSht,False,False,10.0,,,1/3oz,"10ml,",,,,,
GBQueen10WhtSht,GBQueen10WhtSht,False,False,10.0,,,1/3oz,"10ml,",,,,,
GBQueen10SpryBlkMatt,GBQueen10SpryBlkMatt,False,False,10.0,,,1/3oz,"10ml,",,,,,
GBQueen10SpryBlkSh,GBQueen10SpryBlkSh,False,False,10.0,,,1/3oz,"10ml,",,,,,
GBQueen10SpryBluMatt,GBQueen10SpryBluMatt,False,False,10.0,,,1/3oz,"10ml,",,,,,
GBQueen10SpryGlSh,GBQueen10SpryGlSh,False,False,10.0,,,1/3oz,"10ml,",,,,,
GBQueen10SpryGlMatt,GBQueen10SpryGlMatt,False,False,10.0,,,1/3oz,"10ml,",,,,,
GBQueen10SprySlMatt,GBQueen10SprySlMatt,False,False,10.0,,,1/3oz,"10ml,",,,,,
GBQueen10SprySlSh,GBQueen10SprySlSh,False,False,10.0,,,1/3oz,"10ml,",,,,,
GBQueen10MtlRollSlDot,GBQueen10MtlRollSlDot,False,False,10.0,,,1/3oz,"10ml,",,,,,
GBQueen10RollSlDot,GBQueen10RollSlDot,False,False,11.0,,,1/3oz,"10ml,",,,,,
GBQueen10MtlRollPinkDot,GBQueen10MtlRollPinkDot,False,False,12.0,,,1/3oz,"10ml,",,,,,
GBQueen10RollPinkDot,GBQueen10RollPinkDot,False,False,13.0,,,1/3oz,"10ml,",,,,,
GBQueen10MtlRollSlMatt,GBQueen10MtlRollSlMatt,False,False,14.0,,,1/3oz,"10ml,",,,,,
GBQueen10RollSlMatt,GBQueen10RollSlMatt,False,False,15.0,,,1/3oz,"10ml,",,,,,
GBQueen10MtlRollGlMatt,GBQueen10MtlRollGlMatt,False,False,16.0,,,1/3oz,"10ml,",,,,,
GBQueen10RollGlMatt,GBQueen10RollGlMatt,False,False,17.0,,,1/3oz,"10ml,",,,,,
GBQueen10MtlRollGlSh,GBQueen10MtlRollGlSh,False,False,18.0,,,1/3oz,"10ml,",,,,,
GBQueen10RollGlSh,GBQueen10RollGlSh,False,False,19.0,,,1/3oz,"10ml,",,,,,
GBQueen10MtlRollSlSh,GBQueen10MtlRollSlSh,False,False,20.0,,,1/3oz,"10ml,",,,,,
GBQueen10RollSlSh,GBQueen10RollSlSh,False,False,21.0,,,1/3oz,"10ml,",,,,,
GBQueen10MtlRollCuMatt,GBQueen10MtlRollCuMatt,False,False,22.0,,,1/3oz,"10ml,",,,,,
GBQueen10RollCuMatt,GBQueen10RollCuMatt,False,False,23.0,,,1/3oz,"10ml,",,,,,
GBQueen10MtlRollBlkSh,GBQueen10MtlRollBlkSh,False,False,24.0,,,1/3oz,"10ml,",,,,,
GBQueen10RollBlkSh,GBQueen10RollBlkSh,False,False,25.0,,,1/3oz,"10ml,",,,,,
GBQueen10MtlRollBlkDot,GBQueen10MtlRollBlkDot,False,False,26.0,,,1/3oz,"10ml,",,,,,
GBQueen10RollBlkDot,GBQueen10RollBlkDot,False,False,27.0,,,1/3oz,"10ml,",,,,,
GBQueen10Gl,GBQueen10Gl,False,False,28.0,,,1/3oz,"10ml,",,,,,
GBQueen10Sl,GBQueen10Sl,False,False,29.0,,,1/3oz,"10ml,",,,,,
GBQueen10SpryCuMatt,GBQueen10SpryCuMatt,False,False,30.0,,,1/3oz,"10ml,",,,,,
GBRoyal13BlkSht,GBRoyal13BlkSht,False,False,13.0,,,1/2oz,"13ml,",,,,,
GBRoyal13WhtSht,GBRoyal13WhtSht,False,False,13.0,,,1/2oz,"13ml,",,,,,
GBRoyal13SpryBlkMatt,GBRoyal13SpryBlkMatt,False,False,13.0,,,1/2oz,"13ml,",,,,,
GBRoyal13SpryBlkSh,GBRoyal13SpryBlkSh,False,True,13.0,,$0.92,1/2oz,"13ml,",13 ml (0.44 oz),,"Royal design 13ml, 1/2oz Clear glass bottle with shiny black spray. Fine mist sprayer for use with perfumes and colognes. Refillable, classic style bottle good for promotions and decants.",,False
GBRoyal13SpryBluMatt,GBRoyal13SpryBluMatt,False,False,13.0,,,1/2oz,"13ml,",,,,,
GBRoyal13SpryGlSh,GBRoyal13SpryGlSh,False,False,13.0,,,1/2oz,"13ml,",,,,,
GBRoyal13SpryGlMatt,GBRoyal13SpryGlMatt,False,False,13.0,,,1/2oz,"13ml,",,,,,
GBRoyal13SprySlMatt,GBRoyal13SprySlMatt,False,False,13.0,,,1/2oz,"13ml,",,,,,
GBRoyal13SprySlSh,GBRoyal13SprySlSh,False,False,13.0,,,1/2oz,"13ml,",,,,,
GBRoyal13MtlRollSlDot,GBRoyal13MtlRollSlDot,False,False,10.0,,,1/2oz,"13ml,",,,,,
GBRoyal13RollSlDot,GBRoyal13RollSlDot,False,False,11.0,,,1/2oz,"13ml,",,,,,
GBRoyal13MtlRollPinkDot,GBRoyal13MtlRollPinkDot,False,False,12.0,,,1/2oz,"13ml,",,,,,
GBRoyal13RollPinkDot,GBRoyal13RollPinkDot,False,False,13.0,,,1/2oz,"13ml,",,,,,
GBRoyal13MtlRollSlMatt,GBRoyal13MtlRollSlMatt,False,False,14.0,,,1/2oz,"13ml,",,,,,
GBRoyal13RollSlMatt,GBRoyal13RollSlMatt,False,False,15.0,,,1/2oz,"13ml,",,,,,
GBRoyal13MtlRollGlMatt,GBRoyal13MtlRollGlMatt,False,False,16.0,,,1/2oz,"13ml,",,,,,
GBRoyal13RollGlMatt,GBRoyal13RollGlMatt,False,False,17.0,,,1/2oz,"13ml,",,,,,
GBRoyal13MtlRollGlSh,GBRoyal13MtlRollGlSh,False,False,18.0,,,1/2oz,"13ml,",,,,,
GBRoyal13RollGlSh,GBRoyal13RollGlSh,False,False,19.0,,,1/2oz,"13ml,",,,,,
GBRoyal13MtlRollSlSh,GBRoyal13MtlRollSlSh,False,False,20.0,,,1/2oz,"13ml,",,,,,
GBRoyal13RollSlSh,GBRoyal13RollSlSh,False,False,21.0,,,1/2oz,"13ml,",,,,,
GBRoyal13MtlRollCuMatt,GBRoyal13MtlRollCuMatt,False,False,22.0,,,1/2oz,"13ml,",,,,,
GBRoyal13RollCuMatt,GBRoyal13RollCuMatt,False,False,23.0,,,1/2oz,"13ml,",,,,,
GBRoyal13MtlRollBlkSh,GBRoyal13MtlRollBlkSh,False,False,24.0,,,1/2oz,"13ml,",,,,,
GBRoyal13RollBlkSh,GBRoyal13RollBlkSh,False,False,25.0,,,1/2oz,"13ml,",,,,,
GBRoyal13MtlRollBlkDot,GBRoyal13MtlRollBlkDot,False,True,26.0,,$0.85,1/2oz,"13ml,",13 ml (0.44 oz),,"Royal design 13ml, 1/2oz Clear glass bottle with metal roller ball plug and black shiny cap with dots. For use with perfume or fragrance oil, essential oils, aromatic oils and aromatherapy. Refillable, classic style bottle good for promotions and decants.",,False
GBRoyal13RollBlkDot,GBRoyal13RollBlkDot,False,True,27.0,,$0.77,1/2oz,"13ml,",13 ml (0.44 oz),,"Royal design 13ml, 1/2oz Clear glass bottle with plastic roller ball plug and black shiny cap with dots. For use with perfume or fragrance oil, essential oils, aromatic oils and aromatherapy. Refillable, classic style bottle good for promotions and decant",,False
GBRoyal13Gl,GBRoyal13Gl,False,False,28.0,,,1/2oz,"13ml,",,,,,
GBRoyal13Sl,GBRoyal13Sl,False,False,29.0,,,1/2oz,"13ml,",,,,,
GBRoyal13SpryCuMatt,GBRoyal13SpryCuMatt,False,False,30.0,,,1/2oz,"13ml,",,,,,
GBFlair15BlkSht,GBFlair15BlkSht,False,False,15.0,,,1/2oz,"15ml,",,,,,
GBFlair15WhtSht,GBFlair15WhtSht,False,False,15.0,,,1/2oz,"15ml,",,,,,
GBFlair15SpryBlkMatt,GBFlair15SpryBlkMatt,False,True,15.0,,$0.92,1/2oz,"15ml,",15 ml (0.51 oz),,"Flair design 15ml, 1/2oz Clear glass bottle with matte black spray. Fine mist sprayer for use with perfumes and colognes. Refillable, classic style bottle good for promotions and decants.",,False
GBFlair15SpryBlkSh,GBFlair15SpryBlkSh,False,False,15.0,,,1/2oz,"15ml,",,,,,
GBFlair15SpryBluMatt,GBFlair15SpryBluMatt,False,False,15.0,,,1/2oz,"15ml,",,,,,
GBFlair15SpryGlSh,GBFlair15SpryGlSh,False,False,15.0,,,1/2oz,"15ml,",,,,,
GBFlair15SpryGlMatt,GBFlair15SpryGlMatt,False,False,15.0,,,1/2oz,"15ml,",,,,,
GBFlair15SprySlMatt,GBFlair15SprySlMatt,False,False,15.0,,,1/2oz,"15ml,",,,,,
GBFlair15SprySlSh,GBFlair15SprySlSh,False,False,15.0,,,1/2oz,"15ml,",,,,,
GBFlair15MtlRollSlDot,GBFlair15MtlRollSlDot,False,False,10.0,,,1/2oz,"15ml,",,,,,
GBFlair15RollSlDot,GBFlair15RollSlDot,False,False,11.0,,,1/2oz,"15ml,",,,,,
GBFlair15MtlRollPinkDot,GBFlair15MtlRollPinkDot,False,False,12.0,,,1/2oz,"15ml,",,,,,
GBFlair15RollPinkDot,GBFlair15RollPinkDot,False,False,13.0,,,1/2oz,"15ml,",,,,,
GBFlair15MtlRollSlMatt,GBFlair15MtlRollSlMatt,False,False,14.0,,,1/2oz,"15ml,",,,,,
GBFlair15RollSlMatt,GBFlair15RollSlMatt,False,False,15.0,,,1/2oz,"15ml,",,,,,
GBFlair15MtlRollGlMatt,GBFlair15MtlRollGlMatt,False,False,16.0,,,1/2oz,"15ml,",,,,,
GBFlair15RollGlMatt,GBFlair15RollGlMatt,False,False,17.0,,,1/2oz,"15ml,",,,,,
GBFlair15MtlRollGlSh,GBFlair15MtlRollGlSh,False,False,18.0,,,1/2oz,"15ml,",,,,,
GBFlair15RollGlSh,GBFlair15RollGlSh,False,False,19.0,,,1/2oz,"15ml,",,,,,
GBFlair15MtlRollSlSh,GBFlair15MtlRollSlSh,False,False,20.0,,,1/2oz,"15ml,",,,,,
GBFlair15RollSlSh,GBFlair15RollSlSh,False,False,21.0,,,1/2oz,"15ml,",,,,,
GBFlair15MtlRollCuMatt,GBFlair15MtlRollCuMatt,False,False,22.0,,,1/2oz,"15ml,",,,,,
GBFlair15RollCuMatt,GBFlair15RollCuMatt,False,False,23.0,,,1/2oz,"15ml,",,,,,
GBFlair15MtlRollBlkSh,GBFlair15MtlRollBlkSh,False,False,24.0,,,1/2oz,"15ml,",,,,,
GBFlair15RollBlkSh,GBFlair15RollBlkSh,False,False,25.0,,,1/2oz,"15ml,",,,,,
GBFlair15MtlRollBlkDot,GBFlair15MtlRollBlkDot,False,True,26.0,,$0.85,1/2oz,"15ml,",15 ml (0.51 oz),,"Flair design 15ml, 1/2oz Clear glass bottle with metal roller ball plug and black shiny cap with dots. For use with perfume or fragrance oil, essential oils, aromatic oils and aromatherapy. Refillable, classic style bottle good for promotions and decants.",,False
GBFlair15RollBlkDot,GBFlair15RollBlkDot,False,True,27.0,,$0.77,1/2oz,"15ml,",15 ml (0.51 oz),,"Flair design 15ml, 1/2oz Clear glass bottle with plastic roller ball plug and black shiny cap with dots. For use with perfume or fragrance oil, essential oils, aromatic oils and aromatherapy. Refillable, classic style bottle good for promotions and decant",,False
GBFlair15Gl,GBFlair15Gl,False,False,28.0,,,1/2oz,"15ml,",,,,,
GBFlair15Sl,GBFlair15Sl,False,False,29.0,,,1/2oz,"15ml,",,,,,
GBFlair15SpryCuMatt,GBFlair15SpryCuMatt,False,False,30.0,,,1/2oz,"15ml,",,,,,
GBSqr15BlkSht,GBSqr15BlkSht,False,False,15.0,,,1/2oz,"15ml,",,,,,
GBSqr15WhtSht,GBSqr15WhtSht,False,False,15.0,,,1/2oz,"15ml,",,,,,
GBSqr15SpryBlkMatt,GBSqr15SpryBlkMatt,False,False,15.0,,,1/2oz,"15ml,",,,,,
GBSqr15SpryBlkSh,GBSqr15SpryBlkSh,False,True,15.0,,$0.92,1/2oz,"15ml,",15 ml (0.51 oz),,"Square design 15ml, 1/2oz Clear glass bottle with shiny black spray. Fine mist sprayer for use with perfumes and colognes. Refillable, classic style bottle good for promotions and decants.",,False
GBSqr15SpryBluMatt,GBSqr15SpryBluMatt,False,False,15.0,,,1/2oz,"15ml,",,,,,
GBSqr15SpryGlSh,GBSqr15SpryGlSh,False,False,15.0,,,1/2oz,"15ml,",,,,,
GBSqr15SpryGlMatt,GBSqr15SpryGlMatt,False,False,15.0,,,1/2oz,"15ml,",,,,,
GBSqr15SprySlMatt,GBSqr15SprySlMatt,False,False,15.0,,,1/2oz,"15ml,",,,,,
GBSqr15SprySlSh,GBSqr15SprySlSh,False,False,15.0,,,1/2oz,"15ml,",,,,,
GBSqr15MtlRollSlDot,GBSqr15MtlRollSlDot,False,False,10.0,,,1/2oz,"15ml,",,,,,
GBSqr15RollSlDot,GBSqr15RollSlDot,False,False,11.0,,,1/2oz,"15ml,",,,,,
GBSqr15MtlRollPinkDot,GBSqr15MtlRollPinkDot,False,False,12.0,,,1/2oz,"15ml,",,,,,
GBSqr15RollPinkDot,GBSqr15RollPinkDot,False,False,13.0,,,1/2oz,"15ml,",,,,,
GBSqr15MtlRollSlMatt,GBSqr15MtlRollSlMatt,False,False,14.0,,,1/2oz,"15ml,",,,,,
GBSqr15RollSlMatt,GBSqr15RollSlMatt,False,False,15.0,,,1/2oz,"15ml,",,,,,
GBSqr15MtlRollGlMatt,GBSqr15MtlRollGlMatt,False,False,16.0,,,1/2oz,"15ml,",,,,,
GBSqr15RollGlMatt,GBSqr15RollGlMatt,False,False,17.0,,,1/2oz,"15ml,",,,,,
GBSqr15MtlRollGlSh,GBSqr15MtlRollGlSh,False,False,18.0,,,1/2oz,"15ml,",,,,,
GBSqr15RollGlSh,GBSqr15RollGlSh,False,False,19.0,,,1/2oz,"15ml,",,,,,
GBSqr15MtlRollSlSh,GBSqr15MtlRollSlSh,False,False,20.0,,,1/2oz,"15ml,",,,,,
GBSqr15RollSlSh,GBSqr15RollSlSh,False,False,21.0,,,1/2oz,"15ml,",,,,,
GBSqr15MtlRollCuMatt,GBSqr15MtlRollCuMatt,False,False,22.0,,,1/2oz,"15ml,",,,,,
GBSqr15RollCuMatt,GBSqr15RollCuMatt,False,False,23.0,,,1/2oz,"15ml,",,,,,
GBSqr15MtlRollBlkSh,GBSqr15MtlRollBlkSh,False,False,24.0,,,1/2oz,"15ml,",,,,,
GBSqr15RollBlkSh,GBSqr15RollBlkSh,False,False,25.0,,,1/2oz,"15ml,",,,,,
GBSqr15MtlRollBlkDot,GBSqr15MtlRollBlkDot,False,True,26.0,,$0.87,1/2oz,"15ml,",15 ml (0.51 oz),,"Square design 15ml, 1/2oz Clear glass bottle with metal roller ball plug and black shiny cap with dots. For use with perfume or fragrance oil, essential oils, aromatic oils and aromatherapy. Refillable, classic style bottle good for promotions and decants",,False
GBSqr15RollBlkDot,GBSqr15RollBlkDot,False,True,27.0,,$0.80,1/2oz,"15ml,",15 ml (0.51 oz),,"Square design 15ml, 1/2oz Clear glass bottle with plastic roller ball plug and black shiny cap with dots. For use with perfume or fragrance oil, essential oils, aromatic oils and aromatherapy. Refillable, classic style bottle good for promotions and decan",,False
GBSqr15Gl,GBSqr15Gl,False,False,28.0,,,1/2oz,"15ml,",,,,,
GBSqr15Sl,GBSqr15Sl,False,False,29.0,,,1/2oz,"15ml,",,,,,
GBSqr15SpryCuMatt,GBSqr15SpryCuMatt,False,False,30.0,,,1/2oz,"15ml,",,,,,
GBTallCyl9BlkSht,GBTallCyl9BlkSht,False,False,1531.0,,,1/3oz,"9ml,",,,,,
GBTallCyl9WhtSht,GBTallCyl9WhtSht,False,False,1825.0,,,1/3oz,"9ml,",,,,,
GBTallCyl9SpryBlkMatt,GBTallCyl9SpryBlkMatt,False,True,1553.0,,$1.14,1/3oz,"9ml,",9 ml (0.3 oz),,"Tall cylinder design 9ml, 1/3oz Clear glass bottle with matte black spray. Fine mist sprayer for use with perfumes and colognes. Refillable, slender bottle with attractive heavy base.",,False
GBTallCyl9SpryBlkSh,GBTallCyl9SpryBlkSh,False,False,3461.0,,,1/3oz,"9ml,",,,,,
GBTallCyl9SpryBluMatt,GBTallCyl9SpryBluMatt,False,False,1828.0,,,1/3oz,"9ml,",,,,,
GBTallCyl9SpryGlSh,GBTallCyl9SpryGlSh,False,False,3463.0,,,1/3oz,"9ml,",,,,,
GBTallCyl9SpryGlMatt,GBTallCyl9SpryGlMatt,False,False,3462.0,,,1/3oz,"9ml,",,,,,
GBTallCyl9SprySlMatt,GBTallCyl9SprySlMatt,False,False,3464.0,,,1/3oz,"9ml,",,,,,
GBTallCyl9SprySlSh,GBTallCyl9SprySlSh,False,False,3465.0,,,1/3oz,"9ml,",,,,,
GBTallCyl9MtlRollSlDot,GBTallCyl9MtlRollSlDot,False,False,10.0,,,1/3oz,"9ml,",,,,,
GBTallCyl9RollSlDot,GBTallCyl9RollSlDot,False,False,11.0,,,1/3oz,"9ml,",,,,,
GBTallCyl9MtlRollPinkDot,GBTallCyl9MtlRollPinkDot,False,False,12.0,,,1/3oz,"9ml,",,,,,
GBTallCyl9RollPinkDot,GBTallCyl9RollPinkDot,False,False,13.0,,,1/3oz,"9ml,",,,,,
GBTallCyl9MtlRollSlMatt,GBTallCyl9MtlRollSlMatt,False,False,14.0,,,1/3oz,"9ml,",,,,,
GBTallCyl9RollSlMatt,GBTallCyl9RollSlMatt,False,False,15.0,,,1/3oz,"9ml,",,,,,
GBTallCyl9MtlRollGlMatt,GBTallCyl9MtlRollGlMatt,False,False,16.0,,,1/3oz,"9ml,",,,,,
GBTallCyl9RollGlMatt,GBTallCyl9RollGlMatt,False,False,17.0,,,1/3oz,"9ml,",,,,,
GBTallCyl9MtlRollGlSh,GBTallCyl9MtlRollGlSh,False,False,18.0,,,1/3oz,"9ml,",,,,,
GBTallCyl9RollGlSh,GBTallCyl9RollGlSh,False,False,19.0,,,1/3oz,"9ml,",,,,,
GBTallCyl9MtlRollSlSh,GBTallCyl9MtlRollSlSh,False,False,20.0,,,1/3oz,"9ml,",,,,,
GBTallCyl9RollSlSh,GBTallCyl9RollSlSh,False,False,21.0,,,1/3oz,"9ml,",,,,,
GBTallCyl9MtlRollCuMatt,GBTallCyl9MtlRollCuMatt,False,False,22.0,,,1/3oz,"9ml,",,,,,
GBTallCyl9RollCuMatt,GBTallCyl9RollCuMatt,False,False,23.0,,,1/3oz,"9ml,",,,,,
GBTallCyl9MtlRollBlkSh,GBTallCyl9MtlRollBlkSh,False,False,24.0,,,1/3oz,"9ml,",,,,,
GBTallCyl9RollBlkSh,GBTallCyl9RollBlkSh,False,False,25.0,,,1/3oz,"9ml,",,,,,
GBTallCyl9MtlRollBlkDot,GBTallCyl9MtlRollBlkDot,False,True,26.0,,$1.06,1/3oz,"9ml,",9 ml (0.3 oz),,"Tall cylinder design 9ml, 1/3oz Clear glass bottle with metal roller ball plug and black shiny cap with dots. For use with perfume or fragrance oil, essential oils, aromatic oils and aromatherapy. Refillable, slender bottle with attractive heavy base. Pri",,False
GBTallCyl9RollBlkDot,GBTallCyl9RollBlkDot,False,True,27.0,,$0.99,1/3oz,"9ml,",9 ml (0.3 oz),,"Tall cylinder design 9ml, 1/3oz Clear glass bottle with plastic roller ball plug and black shiny cap with dots. For use with perfume or fragrance oil, essential oils, aromatic oils and aromatherapy. Refillable, slender bottle with attractive heavy base. P",,False
GBTallCyl9Gl,GBTallCyl9Gl,False,False,28.0,,,1/3oz,"9ml,",,,,,
GBTallCyl9Sl,GBTallCyl9Sl,False,False,29.0,,,1/3oz,"9ml,",,,,,
GBTallCyl9SpryCuMatt,GBTallCyl9SpryCuMatt,False,False,30.0,,,1/3oz,"9ml,",,,,,
GBDaisy10BlkSht,GBDaisy10BlkSht,False,False,10.0,,,1/3oz,"10ml,",,,,,
GBDaisy10WhtSht,GBDaisy10WhtSht,False,False,10.0,,,1/3oz,"10ml,",,,,,
GBDaisy10SpryBlkMatt,GBDaisy10SpryBlkMatt,False,False,10.0,,,1/3oz,"10ml,",,,,,
GBDaisy10SpryBlkSh,GBDaisy10SpryBlkSh,False,False,10.0,,,1/3oz,"10ml,",,,,,
GBDaisy10SpryBluMatt,GBDaisy10SpryBluMatt,False,False,10.0,,,1/3oz,"10ml,",,,,,
GBDaisy10SpryGlSh,GBDaisy10SpryGlSh,False,False,10.0,,,1/3oz,"10ml,",,,,,
GBDaisy10SpryGlMatt,GBDaisy10SpryGlMatt,False,False,10.0,,,1/3oz,"10ml,",,,,,
GBDaisy10SprySlMatt,GBDaisy10SprySlMatt,False,False,10.0,,,1/3oz,"10ml,",,,,,
GBDaisy10SprySlSh,GBDaisy10SprySlSh,False,False,10.0,,,1/3oz,"10ml,",,,,,
GBDaisy10MtlRollSlDot,GBDaisy10MtlRollSlDot,False,False,10.0,,,1/3oz,"10ml,",,,,,
GBDaisy10RollSlDot,GBDaisy10RollSlDot,False,False,11.0,,,1/3oz,"10ml,",,,,,
GBDaisy10MtlRollPinkDot,GBDaisy10MtlRollPinkDot,False,False,12.0,,,1/3oz,"10ml,",,,,,
GBDaisy10RollPinkDot,GBDaisy10RollPinkDot,False,False,13.0,,,1/3oz,"10ml,",,,,,
GBDaisy10MtlRollSlMatt,GBDaisy10MtlRollSlMatt,False,False,14.0,,,1/3oz,"10ml,",,,,,
GBDaisy10RollSlMatt,GBDaisy10RollSlMatt,False,False,15.0,,,1/3oz,"10ml,",,,,,
GBDaisy10MtlRollGlMatt,GBDaisy10MtlRollGlMatt,False,False,16.0,,,1/3oz,"10ml,",,,,,
GBDaisy10RollGlMatt,GBDaisy10RollGlMatt,False,False,17.0,,,1/3oz,"10ml,",,,,,
GBDaisy10MtlRollGlSh,GBDaisy10MtlRollGlSh,False,False,18.0,,,1/3oz,"10ml,",,,,,
GBDaisy10RollGlSh,GBDaisy10RollGlSh,False,False,19.0,,,1/3oz,"10ml,",,,,,
GBDaisy10MtlRollSlSh,GBDaisy10MtlRollSlSh,False,False,20.0,,,1/3oz,"10ml,",,,,,
GBDaisy10RollSlSh,GBDaisy10RollSlSh,False,False,21.0,,,1/3oz,"10ml,",,,,,
GBDaisy10MtlRollCuMatt,GBDaisy10MtlRollCuMatt,False,False,22.0,,,1/3oz,"10ml,",,,,,
GBDaisy10RollCuMatt,GBDaisy10RollCuMatt,False,False,23.0,,,1/3oz,"10ml,",,,,,
GBDaisy10MtlRollBlkSh,GBDaisy10MtlRollBlkSh,False,False,24.0,,,1/3oz,"10ml,",,,,,
GBDaisy10RollBlkSh,GBDaisy10RollBlkSh,False,False,25.0,,,1/3oz,"10ml,",,,,,
GBDaisy10MtlRollBlkDot,GBDaisy10MtlRollBlkDot,False,False,26.0,,,1/3oz,"10ml,",,,,,
GBDaisy10RollBlkDot,GBDaisy10RollBlkDot,False,False,27.0,,,1/3oz,"10ml,",,,,,
GBDaisy10Gl,GBDaisy10Gl,False,False,28.0,,,1/3oz,"10ml,",,,,,
GBDaisy10Sl,GBDaisy10Sl,False,False,29.0,,,1/3oz,"10ml,",,,,,
GBDaisy10SpryCuMatt,GBDaisy10SpryCuMatt,False,False,30.0,,,1/3oz,"10ml,",,,,,
GBRect15BlkSht,GBRect15BlkSht,False,False,15.0,,,1/2oz,"15ml,",,,,,
GBRect15WhtSht,GBRect15WhtSht,False,False,15.0,,,1/2oz,"15ml,",,,,,
GBRect15SpryBlkMatt,GBRect15SpryBlkMatt,False,False,15.0,,,1/2oz,"15ml,",,,,,
GBRect15SpryBlkSh,GBRect15SpryBlkSh,False,False,15.0,,,1/2oz,"15ml,",,,,,
GBRect15SpryBluMatt,GBRect15SpryBluMatt,False,False,15.0,,,1/2oz,"15ml,",,,,,
GBRect15SpryGlSh,GBRect15SpryGlSh,False,False,15.0,,,1/2oz,"15ml,",,,,,
GBRect15SpryGlMatt,GBRect15SpryGlMatt,False,False,15.0,,,1/2oz,"15ml,",,,,,
GBRect15SprySlMatt,GBRect15SprySlMatt,False,False,15.0,,,1/2oz,"15ml,",,,,,
GBRect15SprySlSh,GBRect15SprySlSh,False,False,15.0,,,1/2oz,"15ml,",,,,,
GBRect15MtlRollSlDot,GBRect15MtlRollSlDot,False,False,10.0,,,1/2oz,"15ml,",,,,,
GBRect15RollSlDot,GBRect15RollSlDot,False,False,11.0,,,1/2oz,"15ml,",,,,,
GBRect15MtlRollPinkDot,GBRect15MtlRollPinkDot,False,False,12.0,,,1/2oz,"15ml,",,,,,
GBRect15RollPinkDot,GBRect15RollPinkDot,False,False,13.0,,,1/2oz,"15ml,",,,,,
GBRect15MtlRollSlMatt,GBRect15MtlRollSlMatt,False,False,14.0,,,1/2oz,"15ml,",,,,,
GBRect15RollSlMatt,GBRect15RollSlMatt,False,False,15.0,,,1/2oz,"15ml,",,,,,
GBRect15MtlRollGlMatt,GBRect15MtlRollGlMatt,False,False,16.0,,,1/2oz,"15ml,",,,,,
GBRect15RollGlMatt,GBRect15RollGlMatt,False,False,17.0,,,1/2oz,"15ml,",,,,,
GBRect15MtlRollGlSh,GBRect15MtlRollGlSh,False,False,18.0,,,1/2oz,"15ml,",,,,,
GBRect15RollGlSh,GBRect15RollGlSh,False,False,19.0,,,1/2oz,"15ml,",,,,,
GBRect15MtlRollSlSh,GBRect15MtlRollSlSh,False,False,20.0,,,1/2oz,"15ml,",,,,,
GBRect15RollSlSh,GBRect15RollSlSh,False,False,21.0,,,1/2oz,"15ml,",,,,,
GBRect15MtlRollCuMatt,GBRect15MtlRollCuMatt,False,False,22.0,,,1/2oz,"15ml,",,,,,
GBRect15RollCuMatt,GBRect15RollCuMatt,False,False,23.0,,,1/2oz,"15ml,",,,,,
GBRect15MtlRollBlkSh,GBRect15MtlRollBlkSh,False,False,24.0,,,1/2oz,"15ml,",,,,,
GBRect15RollBlkSh,GBRect15RollBlkSh,False,False,25.0,,,1/2oz,"15ml,",,,,,
GBRect15MtlRollBlkDot,GBRect15MtlRollBlkDot,False,False,26.0,,,1/2oz,"15ml,",,,,,
GBRect15RollBlkDot,GBRect15RollBlkDot,False,False,27.0,,,1/2oz,"15ml,",,,,,
GBRect15Gl,GBRect15Gl,False,False,28.0,,,1/2oz,"15ml,",,,,,
GBRect15Sl,GBRect15Sl,False,False,29.0,,,1/2oz,"15ml,",,,,,
GBRect15SpryCuMatt,GBRect15SpryCuMatt,False,False,30.0,,,1/2oz,"15ml,",,,,,
GBTallRect10BlkSht,GBTallRect10BlkSht,False,False,10.0,,,1/3oz,"10ml,",,,,,
GBTallRect10WhtSht,GBTallRect10WhtSht,False,False,10.0,,,1/3oz,"10ml,",,,,,
GBTallRect10SpryBlkMatt,GBTallRect10SpryBlkMatt,False,True,10.0,,$1.14,1/3oz,"10ml,",10 ml (0.34 oz),,"Tall rectangular design 10ml, 1/3oz Clear glass bottle with matte black spray. Fine mist sprayer for use with perfumes and colognes. Refillable, slender bottle with attractive heavy base.",,False
GBTallRect10SpryBlkSh,GBTallRect10SpryBlkSh,False,False,10.0,,,1/3oz,"10ml,",,,,,
GBTallRect10SpryBluMatt,GBTallRect10SpryBluMatt,False,False,10.0,,,1/3oz,"10ml,",,,,,
GBTallRect10SpryGlSh,GBTallRect10SpryGlSh,False,False,10.0,,,1/3oz,"10ml,",,,,,
GBTallRect10SpryGlMatt,GBTallRect10SpryGlMatt,False,False,10.0,,,1/3oz,"10ml,",,,,,
GBTallRect10SprySlMatt,GBTallRect10SprySlMatt,False,False,10.0,,,1/3oz,"10ml,",,,,,
GBTallRect10SprySlSh,GBTallRect10SprySlSh,False,False,10.0,,,1/3oz,"10ml,",,,,,
GBTallRect10MtlRollSlDot,GBTallRect10MtlRollSlDot,False,False,10.0,,,1/3oz,"10ml,",,,,,
GBTallRect10RollSlDot,GBTallRect10RollSlDot,False,False,11.0,,,1/3oz,"10ml,",,,,,
GBTallRect10MtlRollPinkDot,GBTallRect10MtlRollPinkDot,False,False,12.0,,,1/3oz,"10ml,",,,,,
GBTallRect10RollPinkDot,GBTallRect10RollPinkDot,False,False,13.0,,,1/3oz,"10ml,",,,,,
GBTallRect10MtlRollSlMatt,GBTallRect10MtlRollSlMatt,False,False,14.0,,,1/3oz,"10ml,",,,,,
GBTallRect10RollSlMatt,GBTallRect10RollSlMatt,False,False,15.0,,,1/3oz,"10ml,",,,,,
GBTallRect10MtlRollGlMatt,GBTallRect10MtlRollGlMatt,False,False,16.0,,,1/3oz,"10ml,",,,,,
GBTallRect10RollGlMatt,GBTallRect10RollGlMatt,False,False,17.0,,,1/3oz,"10ml,",,,,,
GBTallRect10MtlRollGlSh,GBTallRect10MtlRollGlSh,False,False,18.0,,,1/3oz,"10ml,",,,,,
GBTallRect10RollGlSh,GBTallRect10RollGlSh,False,False,19.0,,,1/3oz,"10ml,",,,,,
GBTallRect10MtlRollSlSh,GBTallRect10MtlRollSlSh,False,False,20.0,,,1/3oz,"10ml,",,,,,
GBTallRect10RollSlSh,GBTallRect10RollSlSh,False,False,21.0,,,1/3oz,"10ml,",,,,,
GBTallRect10MtlRollCuMatt,GBTallRect10MtlRollCuMatt,False,False,22.0,,,1/3oz,"10ml,",,,,,
GBTallRect10RollCuMatt,GBTallRect10RollCuMatt,False,False,23.0,,,1/3oz,"10ml,",,,,,
GBTallRect10MtlRollBlkSh,GBTallRect10MtlRollBlkSh,False,False,24.0,,,1/3oz,"10ml,",,,,,
GBTallRect10RollBlkSh,GBTallRect10RollBlkSh,False,False,25.0,,,1/3oz,"10ml,",,,,,
GBTallRect10MtlRollBlkDot,GBTallRect10MtlRollBlkDot,False,True,26.0,,$1.06,1/3oz,"10ml,",10 ml (0.34 oz),,"Tall rectangular design 10ml, 1/3oz Clear glass bottle with metal roller ball plug and black shiny cap with dots. For use with perfume or fragrance oil, essential oils, aromatic oils and aromatherapy. Refillable, slender bottle with attractive heavy base.",,False
GBTallRect10RollBlkDot,GBTallRect10RollBlkDot,False,True,27.0,,$0.99,1/3oz,"10ml,",10 ml (0.34 oz),,"Tall rectangular design 10ml, 1/3oz Clear glass bottle with plastic roller ball plug and black shiny cap with dots. For use with perfume or fragrance oil, essential oils, aromatic oils and aromatherapy. Refillable, slender bottle with attractive heavy bas",,False
GBTallRect10Gl,GBTallRect10Gl,False,False,28.0,,,1/3oz,"10ml,",,,,,
GBTallRect10Sl,GBTallRect10Sl,False,False,29.0,,,1/3oz,"10ml,",,,,,
GBTallRect10SpryCuMatt,GBTallRect10SpryCuMatt,False,False,30.0,,,1/3oz,"10ml,",,,,,
GBCrcl15BlkSht,GBCrcl15BlkSht,False,False,15.0,,,1/2oz,"15ml,",,,,,
GBCrcl15WhtSht,GBCrcl15WhtSht,False,False,15.0,,,1/2oz,"15ml,",,,,,
GBCrcl15SpryBlkMatt,GBCrcl15SpryBlkMatt,False,True,15.0,,$0.92,1/2oz,"15ml,",15 ml (0.51 oz),,"Circle design 15ml, 1/2oz Clear glass bottle with matte black spray. Fine mist sprayer for use with perfumes and colognes. Refillable, classic style bottle good for promotions and decants.",,False
GBCrcl15SpryBlkSh,GBCrcl15SpryBlkSh,False,False,15.0,,,1/2oz,"15ml,",,,,,
GBCrcl15SpryBluMatt,GBCrcl15SpryBluMatt,False,False,15.0,,,1/2oz,"15ml,",,,,,
GBCrcl15SpryGlSh,GBCrcl15SpryGlSh,False,False,15.0,,,1/2oz,"15ml,",,,,,
GBCrcl15SpryGlMatt,GBCrcl15SpryGlMatt,False,False,15.0,,,1/2oz,"15ml,",,,,,
GBCrcl15SprySlMatt,GBCrcl15SprySlMatt,False,False,15.0,,,1/2oz,"15ml,",,,,,
GBCrcl15SprySlSh,GBCrcl15SprySlSh,False,False,15.0,,,1/2oz,"15ml,",,,,,
GBCrcl15MtlRollSlDot,GBCrcl15MtlRollSlDot,False,False,10.0,,,1/2oz,"15ml,",,,,,
GBCrcl15RollSlDot,GBCrcl15RollSlDot,False,False,11.0,,,1/2oz,"15ml,",,,,,
GBCrcl15MtlRollPinkDot,GBCrcl15MtlRollPinkDot,False,False,12.0,,,1/2oz,"15ml,",,,,,
GBCrcl15RollPinkDot,GBCrcl15RollPinkDot,False,False,13.0,,,1/2oz,"15ml,",,,,,
GBCrcl15MtlRollSlMatt,GBCrcl15MtlRollSlMatt,False,False,14.0,,,1/2oz,"15ml,",,,,,
GBCrcl15RollSlMatt,GBCrcl15RollSlMatt,False,False,15.0,,,1/2oz,"15ml,",,,,,
GBCrcl15MtlRollGlMatt,GBCrcl15MtlRollGlMatt,False,False,16.0,,,1/2oz,"15ml,",,,,,
GBCrcl15RollGlMatt,GBCrcl15RollGlMatt,False,False,17.0,,,1/2oz,"15ml,",,,,,
GBCrcl15MtlRollGlSh,GBCrcl15MtlRollGlSh,False,False,18.0,,,1/2oz,"15ml,",,,,,
GBCrcl15RollGlSh,GBCrcl15RollGlSh,False,False,19.0,,,1/2oz,"15ml,",,,,,
GBCrcl15MtlRollSlSh,GBCrcl15MtlRollSlSh,False,False,20.0,,,1/2oz,"15ml,",,,,,
GBCrcl15RollSlSh,GBCrcl15RollSlSh,False,False,21.0,,,1/2oz,"15ml,",,,,,
GBCrcl15MtlRollCuMatt,GBCrcl15MtlRollCuMatt,False,False,22.0,,,1/2oz,"15ml,",,,,,
GBCrcl15RollCuMatt,GBCrcl15RollCuMatt,False,False,23.0,,,1/2oz,"15ml,",,,,,
GBCrcl15MtlRollBlkSh,GBCrcl15MtlRollBlkSh,False,False,24.0,,,1/2oz,"15ml,",,,,,
GBCrcl15RollBlkSh,GBCrcl15RollBlkSh,False,False,25.0,,,1/2oz,"15ml,",,,,,
GBCrcl15MtlRollBlkDot,GBCrcl15MtlRollBlkDot,False,True,26.0,,$0.85,1/2oz,"15ml,",15 ml (0.51 oz),,"Circle design 15ml, 1/2oz Clear glass bottle with metal roller ball plug and black shiny cap with dots. For use with perfume or fragrance oil, essential oils, aromatic oils and aromatherapy. Refillable, classic style bottle good for promotions and decants",,False
GBCrcl15RollBlkDot,GBCrcl15RollBlkDot,False,True,27.0,,$0.77,1/2oz,"15ml,",15 ml (0.51 oz),,"Circle design 15ml, 1/2oz Clear glass bottle with plastic roller ball plug and black shiny cap with dots. For use with perfume or fragrance oil, essential oils, aromatic oils and aromatherapy. Refillable, classic style bottle good for promotions and decan",,False
GBCrcl15Gl,GBCrcl15Gl,False,False,28.0,,,1/2oz,"15ml,",,,,,
GBCrcl15Sl,GBCrcl15Sl,False,False,29.0,,,1/2oz,"15ml,",,,,,
GBCrcl15SpryCuMatt,GBCrcl15SpryCuMatt,False,False,30.0,,,1/2oz,"15ml,",,,,,
GBRect10BlkSht,GBRect10BlkSht,False,False,10.0,,,1/3oz,"10ml,",,,,,
GBRect10WhtSht,GBRect10WhtSht,False,False,10.0,,,1/3oz,"10ml,",,,,,
GBRect10SpryBlkMatt,GBRect10SpryBlkMatt,False,True,10.0,,$0.92,1/3oz,"10ml,",10 ml (0.34 oz),,"Footed rectangular design 10ml, 1/3oz Clear glass bottle with matte black spray. Fine mist sprayer for use with perfumes and colognes. Refillable, classic style bottle good for promotions and decants.",,False
GBRect10SpryBlkSh,GBRect10SpryBlkSh,False,False,10.0,,,1/3oz,"10ml,",,,,,
GBRect10SpryBluMatt,GBRect10SpryBluMatt,False,False,10.0,,,1/3oz,"10ml,",,,,,
GBRect10SpryGlSh,GBRect10SpryGlSh,False,False,10.0,,,1/3oz,"10ml,",,,,,
GBRect10SpryGlMatt,GBRect10SpryGlMatt,False,False,10.0,,,1/3oz,"10ml,",,,,,
GBRect10SprySlMatt,GBRect10SprySlMatt,False,False,10.0,,,1/3oz,"10ml,",,,,,
GBRect10SprySlSh,GBRect10SprySlSh,False,False,10.0,,,1/3oz,"10ml,",,,,,
GBRect10MtlRollSlDot,GBRect10MtlRollSlDot,False,False,10.0,,,1/3oz,"10ml,",,,,,
GBRect10RollSlDot,GBRect10RollSlDot,False,False,11.0,,,1/3oz,"10ml,",,,,,
GBRect10MtlRollPinkDot,GBRect10MtlRollPinkDot,False,False,12.0,,,1/3oz,"10ml,",,,,,
GBRect10RollPinkDot,GBRect10RollPinkDot,False,False,13.0,,,1/3oz,"10ml,",,,,,
GBRect10MtlRollSlMatt,GBRect10MtlRollSlMatt,False,False,14.0,,,1/3oz,"10ml,",,,,,
GBRect10RollSlMatt,GBRect10RollSlMatt,False,False,15.0,,,1/3oz,"10ml,",,,,,
GBRect10MtlRollGlMatt,GBRect10MtlRollGlMatt,False,False,16.0,,,1/3oz,"10ml,",,,,,
GBRect10RollGlMatt,GBRect10RollGlMatt,False,False,17.0,,,1/3oz,"10ml,",,,,,
GBRect10MtlRollGlSh,GBRect10MtlRollGlSh,False,False,18.0,,,1/3oz,"10ml,",,,,,
GBRect10RollGlSh,GBRect10RollGlSh,False,False,19.0,,,1/3oz,"10ml,",,,,,
GBRect10MtlRollSlSh,GBRect10MtlRollSlSh,False,False,20.0,,,1/3oz,"10ml,",,,,,
GBRect10RollSlSh,GBRect10RollSlSh,False,False,21.0,,,1/3oz,"10ml,",,,,,
GBRect10MtlRollCuMatt,GBRect10MtlRollCuMatt,False,False,22.0,,,1/3oz,"10ml,",,,,,
GBRect10RollCuMatt,GBRect10RollCuMatt,False,False,23.0,,,1/3oz,"10ml,",,,,,
GBRect10MtlRollBlkSh,GBRect10MtlRollBlkSh,False,False,24.0,,,1/3oz,"10ml,",,,,,
GBRect10RollBlkSh,GBRect10RollBlkSh,False,False,25.0,,,1/3oz,"10ml,",,,,,
GBRect10MtlRollBlkDot,GBRect10MtlRollBlkDot,False,True,26.0,,$0.83,1/3oz,"10ml,",10 ml (0.34 oz),,"Footed rectangular design 10ml, 1/3oz Clear glass bottle with metal roller ball plug and black shiny cap with dots. For use with perfume or fragrance oil, essential oils, aromatic oils and aromatherapy. Refillable, classic style bottle good for promotions",,False
GBRect10RollBlkDot,GBRect10RollBlkDot,False,True,27.0,,$0.77,1/3oz,"10ml,",10 ml (0.34 oz),,"Footed rectangular design 10ml, 1/3oz Clear glass bottle with plastic roller ball plug and black shiny cap with dots. For use with perfume or fragrance oil, essential oils, aromatic oils and aromatherapy. Refillable, classic style bottle good for promotio",,False
GBRect10Gl,GBRect10Gl,False,False,28.0,,,1/3oz,"10ml,",,,,,
GBRect10Sl,GBRect10Sl,False,False,29.0,,,1/3oz,"10ml,",,,,,
GBRect10SpryCuMatt,GBRect10SpryCuMatt,False,False,30.0,,,1/3oz,"10ml,",,,,,
GBTulip6BlkSht,GBTulip6BlkSht,False,False,,,,1/5oz,"6ml,",,,,,
GBTulip6WhtSht,GBTulip6WhtSht,False,False,,,,1/5oz,"6ml,",,,,,
GBTulip6SpryBlkMatt,GBTulip6SpryBlkMatt,False,False,,,,1/5oz,"6ml,",,,,,
GBTulip6SpryBlkSh,GBTulip6SpryBlkSh,False,True,,,$0.86,1/5oz,"6ml,",6 ml (0.2 oz),,"Tulip design 6ml, 1/5oz Clear glass bottle with shiny black spray. Fine mist sprayer for use with perfumes and colognes. Refillable, Small sized bottle for decants, promotion, samples and travel accessory.",,False
GBTulip6SpryBluMatt,GBTulip6SpryBluMatt,False,False,,,,1/5oz,"6ml,",,,,,
GBTulip6SpryGlSh,GBTulip6SpryGlSh,False,False,,,,1/5oz,"6ml,",,,,,
GBTulip6SpryGlMatt,GBTulip6SpryGlMatt,False,False,,,,1/5oz,"6ml,",,,,,
GBTulip6SprySlMatt,GBTulip6SprySlMatt,False,False,,,,1/5oz,"6ml,",,,,,
GBTulip6SprySlSh,GBTulip6SprySlSh,False,False,,,,1/5oz,"6ml,",,,,,
GBTulip6MtlRollSlDot,GBTulip6MtlRollSlDot,False,False,10.0,,,1/5oz,"6ml,",,,,,
GBTulip6RollSlDot,GBTulip6RollSlDot,False,False,11.0,,,1/5oz,"6ml,",,,,,
GBTulip6MtlRollPinkDot,GBTulip6MtlRollPinkDot,False,False,12.0,,,1/5oz,"6ml,",,,,,
GBTulip6RollPinkDot,GBTulip6RollPinkDot,False,False,13.0,,,1/5oz,"6ml,",,,,,
GBTulip6MtlRollSlMatt,GBTulip6MtlRollSlMatt,False,False,14.0,,,1/5oz,"6ml,",,,,,
GBTulip6RollSlMatt,GBTulip6RollSlMatt,False,False,15.0,,,1/5oz,"6ml,",,,,,
GBTulip6MtlRollGlMatt,GBTulip6MtlRollGlMatt,False,False,16.0,,,1/5oz,"6ml,",,,,,
GBTulip6RollGlMatt,GBTulip6RollGlMatt,False,False,17.0,,,1/5oz,"6ml,",,,,,
GBTulip6MtlRollGlSh,GBTulip6MtlRollGlSh,False,False,18.0,,,1/5oz,"6ml,",,,,,
GBTulip6RollGlSh,GBTulip6RollGlSh,False,False,19.0,,,1/5oz,"6ml,",,,,,
GBTulip6MtlRollSlSh,GBTulip6MtlRollSlSh,False,False,20.0,,,1/5oz,"6ml,",,,,,
GBTulip6RollSlSh,GBTulip6RollSlSh,False,False,21.0,,,1/5oz,"6ml,",,,,,
GBTulip6MtlRollCuMatt,GBTulip6MtlRollCuMatt,False,False,22.0,,,1/5oz,"6ml,",,,,,
GBTulip6RollCuMatt,GBTulip6RollCuMatt,False,False,23.0,,,1/5oz,"6ml,",,,,,
GBTulip6MtlRollBlkSh,GBTulip6MtlRollBlkSh,False,False,24.0,,,1/5oz,"6ml,",,,,,
GBTulip6RollBlkSh,GBTulip6RollBlkSh,False,False,25.0,,,1/5oz,"6ml,",,,,,
GBTulip6MtlRollBlkDot,GBTulip6MtlRollBlkDot,False,True,26.0,,$0.78,1/5oz,"6ml,",6 ml (0.2 oz),,"Tulip design 6ml, 1/5oz Clear glass bottle with metal roller ball plug and black shiny cap with dots. For use with perfume or fragrance oil, essential oils, aromatic oils and aromatherapy. Refillable, Small sized bottle for decants, promotion, samples and",,False
GBTulip6RollBlkDot,GBTulip6RollBlkDot,False,True,27.0,,$0.70,1/5oz,"6ml,",6 ml (0.2 oz),,"Tulip design 6ml, 1/5oz Clear glass bottle with plastic roller ball plug and black shiny cap with dots. For use with perfume or fragrance oil, essential oils, aromatic oils and aromatherapy. Refillable, Small sized bottle for decants, promotion, samples a",,False
GBTulip6Gl,GBTulip6Gl,False,False,28.0,,,1/5oz,"6ml,",,,,,
GBTulip6Sl,GBTulip6Sl,False,False,29.0,,,1/5oz,"6ml,",,,,,
GBTulip6SpryCuMatt,GBTulip6SpryCuMatt,False,False,30.0,,,1/5oz,"6ml,",,,,,
GBVialAmb1DrmBlackCapSht,GBVialAmb1DrmBlackCapSht,False,False,,,,,,,,,,
GBVialAmb1DrmBlkDropper,GBVialAmb1DrmBlkDropper,False,False,,,,,,,,,,
GBVialAmb1DrmWhtCapSht,GBVialAmb1DrmWhtCapSht,False,False,,,,,,,,,,
GBVialBlu1DrmBlackCapSht,GBVialBlu1DrmBlackCapSht,False,False,,,,,,,,,,
GBVialBlu1DrmBlkDropper,GBVialBlu1DrmBlkDropper,False,False,,,,,,,,,,
GBVialBlu1DrmWhtCapSht,GBVialBlu1DrmWhtCapSht,False,False,,,,,,,,,,
GBVialGr1DrmBlackCapSht,GBVialGr1DrmBlackCapSht,False,False,,,,,,,,,,
GBVialGr1DrmBlkDropper,GBVialGr1DrmBlkDropper,False,False,,,,,,,,,,
GBVialGr1DrmWhtCapSht,GBVialGr1DrmWhtCapSht,False,False,,,,,,,,,,
GBVial1DrmBlackCapSht,GBVial1DrmBlackCapSht,False,False,,,,,,,,,,
GBVial01DrmBlkDropper,GBVial01DrmBlkDropper,False,False,,,,,,,,,,
GBVial01DrmWhtCapSht,GBVial01DrmWhtCapSht,False,False,,,,,,,,,,
GBVialGreen2o3BlackCapSht,GBVialGreen2o3BlackCapSht,False,False,,,,,,,,,,
GBVialGreen2o3WhtCapSht,GBVialGreen2o3WhtCapSht,False,False,,,,,,,,,,
GBVialBlu2o3BlackCapSht,GBVialBlu2o3BlackCapSht,False,False,,,,,,,,,,
GBVialBlu2o3WhtCapSht,GBVialBlu2o3WhtCapSht,False,False,,,,,,,,,,
GBVialAmb1o5BlackCapSht,GBVialAmb1o5BlackCapSht,False,False,,,,,"1.8ml,",,,,,
GBVialAmb1o5WhtCapSht,GBVialAmb1o5WhtCapSht,False,True,,,$0.36,,"1.8ml,",2 ml (0.07 oz),,"Vial design 1.5ml, Amber glass vial with white short cap. For use with perfume or fragrance oil, essential oil, aromatherapy, sample or trial size. Perfume sample vials for promotions.",,False
GBVialAmb2BlackCap,GBVialAmb2BlackCap,False,False,3476.0,,,0.07 oz,2 ml,,,,,
GBVialAmb2WhtCap,GBVialAmb2WhtCap,False,False,3477.0,,,0.07 oz,2 ml,,,,,
GBVialClr2mlBlackCap,GBVialClr2mlBlackCap,False,True,3552.0,,$0.36,0.07 oz,2ml,2 ml (0.07 oz),,Vial design 2 ml clear glass vial with short black cap.,,False
GBVialClr2mlWhtCap,GBVialClr2mlWhtCap,False,False,3553.0,,,0.07 oz,2ml,,,,,
GBElg5Blk,GBElg5Blk,False,False,,,,1/6oz,5 ml,,,,,
GBElg05BlkSht,GBElg05BlkSht,False,False,,,,1/6oz,5 ml,,,,,
GBElg05Gl,GBElg05Gl,False,False,,,,1/6oz,5 ml,,,,,
GBElg05Sl,GBElg05Sl,False,False,,,,1/6oz,5 ml,,,,,
GBElg05WhtSht,GBElg05WhtSht,False,False,,,,1/6oz,5 ml,,,,,
GBAtom5SlimBlk,GBAtom5SlimBlk,False,True,1594.0,,$2.14,1/6oz,5 ml,5 ml (0.17 oz),,"Black slim atomizer design 5 ml bottle. For use with perfumes, Colognes, eau de Parfum. Refillable, travel size atomizer. Can be laser engraved and customized. Great for gifts and promotion.",,False
GBAtom5SlimSl,GBAtom5SlimSl,False,True,1599.0,,$2.14,1/6oz,5 ml,5 ml (0.17 oz),,"Silver slim atomizer design 5 ml bottle. For use with perfumes, Colognes, eau de Parfum. Refillable, travel size atomizer. Can be laser engraved and customized. Great for gifts and promotion.",,False
GBAtom5SlimGl,GBAtom5SlimGl,False,True,1597.0,,$2.14,1/6oz,5 ml,5 ml (0.17 oz),,"Gold slim atomizer design 5 ml bottle. For use with perfumes, Colognes, eau de Parfum. Refillable, travel size atomizer. Can be laser engraved and customized. Great for gifts and promotion.",,False
GBAtom5Blk,GBAtom5Blk,False,True,37.0,,$2.66,1/6oz,5 ml,5 ml (0.17 oz),,"Matte Black atomizer design 5 ml bottle. For use with perfumes, Colognes, eau de Parfum. Refillable, travel size atomizer. Can be laser engraved and customized. Great for gifts and promotion.",,False
GBAtom5Gl,GBAtom5Gl,False,True,38.0,,$2.66,1/6oz,5 ml,5 ml (0.17 oz),,"Gold atomizer design 5 ml bottle. For use with perfumes, Colognes, eau de Parfum. Refillable, travel size atomizer. Can be laser engraved and customized. Great for gifts and promotion.",,False
GBAtom5Blu,GBAtom5Blu,False,True,422.0,,$2.66,1/6oz,5 ml,5 ml (0.17 oz),,"Blue atomizer design 5 ml bottle. For use with perfumes, Colognes, eau de Parfum. Refillable, travel size atomizer. Can be laser engraved and customized. Great for gifts and promotion.",,False
GBAtom5Pnk,GBAtom5Pnk,False,False,423.0,,,1/6oz,5 ml,,,,,
GBAtom5Red,GBAtom5Red,False,True,136.0,,$2.66,1/6oz,5 ml,5 ml (0.17 oz),,"Red atomizer design 5 ml bottle. For use with perfumes, Colognes, eau de Parfum. Refillable, travel size atomizer. Can be laser engraved and customized. Great for gifts and promotion.",,False
GBAtom5Sl,GBAtom5Sl,False,True,39.0,,$2.66,1/6oz,5 ml,5 ml (0.17 oz),,"Silver atomizer design 5 ml bottle. For use with perfumes, Colognes, eau de Parfum. Refillable, travel size atomizer. Can be laser engraved and customized. Great for gifts and promotion.",,False
GBAtom5BlkDot,GBAtom5BlkDot,False,True,10.0,,$2.90,1/6oz,5 ml,5 ml (0.17 oz),,"Black atomizer design 5 ml bottle with dots. For use with perfumes, Colognes, eau de Parfum. Refillable, travel size atomizer. Can be laser engraved and customized. Great for gifts and promotion.",,False
GBAtom5PnkDot,GBAtom5PnkDot,False,True,11.0,,$2.90,1/6oz,5 ml,5 ml (0.17 oz),,"Pink atomizer design 5 ml bottle with dots. For use with perfumes, Colognes, eau de Parfum. Refillable, travel size atomizer. Can be laser engraved and customized. Great for gifts and promotion.",,False
GBAtom5SlDot,GBAtom5SlDot,False,True,12.0,,$2.90,1/6oz,5 ml,5 ml (0.17 oz),,"Silver atomizer and sprayer with dots, design 5 ml bottle with dots. For use with perfumes, Colognes, eau de Parfum. Refillable, travel size atomizer. Can be laser engraved and customized. Great for gifts and promotion.",,False
GBAtom5SlStars,GBAtom5SlStars,False,True,13.0,,$2.90,1/6oz,5 ml,5 ml (0.17 oz),,"Silver atomizer design 5 ml bottle with star patterns. For use with perfumes, Colognes, eau de Parfum. Refillable, travel size atomizer. Can be laser engraved and customized. Great for gifts and promotion.",,False
GBAtom5SlHearts,GBAtom5SlHearts,False,False,14.0,,,1/6oz,5 ml,,,,,
GBAtom10Blk,GBAtom10Blk,False,True,10.0,,$2.99,1/3oz,10 ml,10 ml (0.34 oz),,"Black atomizer design 10 ml bottle. For use with perfumes, Colognes, eau de Parfum. Refillable, travel size atomizer. Can be laser engraved and customized. Great for gifts and promotion.",,False
GBAtom10Sl,GBAtom10Sl,False,True,10.0,,$2.99,1/3oz,10 ml,10 ml (0.34 oz),,"Silver atomizer design 10 ml bottle. For use with perfumes, Colognes, eau de Parfum. Refillable, travel size atomizer. Can be laser engraved and customized. Great for gifts and promotion.",,False
GBAtom10Gl,GBAtom10Gl,False,True,10.0,,$2.99,1/3oz,10 ml,10 ml (0.34 oz),,"Gold atomizer design 10 ml bottle. For use with perfumes, Colognes, eau de Parfum. Refillable, travel size atomizer. Can be laser engraved and customized. Great for gifts and promotion.",,False
GBAtom10Blu,GBAtom10Blu,False,True,10.0,,$2.99,1/3oz,10 ml,10 ml (0.34 oz),,"Blue atomizer design 10 ml bottle. For use with perfumes, Colognes, eau de Parfum. Refillable, travel size atomizer. Can be laser engraved and customized. Great for gifts and promotion.",,False
GBAtom10Pnk,GBAtom10Pnk,False,True,10.0,,$2.99,1/3oz,10 ml,10 ml (0.34 oz),,"Pink atomizer design 10 ml bottle. For use with perfumes, Colognes, eau de Parfum. Refillable, travel size atomizer. Can be laser engraved and customized. Great for gifts and promotion.",,False
GBAtom10Red,GBAtom10Red,False,True,10.0,,$2.99,1/3oz,10 ml,10 ml (0.34 oz),,"Red atomizer design 10 ml bottle. For use with perfumes, Colognes, eau de Parfum. Refillable, travel size atomizer. Can be laser engraved and customized. Great for gifts and promotion.",,False
GBAtom10Lv,GBAtom10Lv,False,False,10.0,,,1/3oz,10 ml,,,,,
GBAtom10BlkDot,GBAtom10BlkDot,False,True,10.0,,$3.23,1/3oz,10 ml,10 ml (0.34 oz),,"Black atomizer design 10 ml bottle with dots. For use with perfumes, Colognes, eau de Parfum. Refillable, travel size atomizer. Can be laser engraved and customized. Great for gifts and promotion.",,False
GBAtom10PnkDot,GBAtom10PnkDot,False,False,10.0,,,1/3oz,10 ml,,,,,
GBAtom10SlDot,GBAtom10SlDot,False,True,10.0,,$3.23,1/3oz,10 ml,10 ml (0.34 oz),,"Silver atomizer design 10 ml bottle with dots. For use with perfumes, Colognes, eau de Parfum. Refillable, travel size atomizer. Can be laser engraved and customized. Great for gifts and promotion.",,False
GBAtom10SlStars,GBAtom10SlStars,False,True,11.0,,$3.23,1/3oz,10 ml,10 ml (0.34 oz),,"Silver atomizer design 10 ml bottle with star patterns. For use with perfumes, Colognes, eau de Parfum. Refillable, travel size atomizer. Can be laser engraved and customized. Great for gifts and promotion.",,False
GBAtom10SlHearts,GBAtom10SlHearts,False,False,12.0,,,1/3oz,10 ml,,,,,
GBAtom10Gr,GBAtom10Gr,False,True,13.0,,$2.99,1/3oz,10 ml,10 ml (0.34 oz),,"Green atomizer design 10 ml bottle . For use with perfumes, Colognes, eau de Parfum. Refillable, travel size atomizer. Can be laser engraved and customized. Great for gifts and promotion.",,False
GBHeartFrst4TslBlu,GBHeartFrst4TslBlu,False,False,1770.0,,,1/7oz,"4 ml,",,,,,
GBHeartFrst4KeyGld,GBHeartFrst4KeyGld,False,True,1767.0,,$2.80,1/7oz,"4 ml,",4 ml (0.14 oz),,"Heart design 4 ml, Frosted glass bottle with gold key chain. For use with perfume or fragrance oil, essential oil. Great for Valentines, gifts, promotions, and wedding and party favors.",,False
GBHeartFrst4KeySl,GBHeartFrst4KeySl,False,False,1769.0,,,1/7oz,"4 ml,",,,,,
GBHeartFrst4TslRed,GBHeartFrst4TslRed,False,True,1773.0,,$2.66,1/7oz,"4 ml,",4 ml (0.14 oz),,"Heart design 4 ml, Frosted glass bottle with red tassel. For use with perfume or fragrance oil, essential oil. Great for Valentines, gifts, promotions, and wedding and party favors.",,False
GBHeart4TslBlu,GBHeart4TslBlu,False,False,3116.0,,,1/7oz,"4 ml,",,,,,
GBHeart4KeyGld,GBHeart4KeyGld,False,False,3112.0,,,1/7oz,"4 ml,",,,,,
GBHeart4KeySl,GBHeart4KeySl,False,False,3114.0,,,1/7oz,"4 ml,",,,,,
GBHeart4TslRed,GBHeart4TslRed,False,False,3118.0,,,1/7oz,"4 ml,",,,,,
GBHeartBlue5TslBlu,GBHeartBlue5TslBlu,False,False,3124.0,,,0.17oz,"4 ml,",,,,,
GBHeartBlue5KeyGld,GBHeartBlue5KeyGld,False,False,3120.0,,,0.17oz,"4 ml,",,,,,
GBHeartBlue5KeySl,GBHeartBlue5KeySl,False,False,3122.0,,,0.17oz,"4 ml,",,,,,
GBHeartBlue5TslRed,GBHeartBlue5TslRed,False,False,3126.0,,,0.17oz,"4 ml,",,,,,
GBHeartFrst10TslBlu,GBHeartFrst10TslBlu,False,False,10.0,,,1/3oz,"10 ml,",,,,,
GBHeartFrst10KeyGld,GBHeartFrst10KeyGld,False,False,10.0,,,1/3oz,"10 ml,",,,,,
GBHeartFrst10KeySl,GBHeartFrst10KeySl,False,False,10.0,,,1/3oz,"10 ml,",,,,,
GBHeartFrst10TslRed,GBHeartFrst10TslRed,False,False,10.0,,,1/3oz,"10 ml,",,,,,
GBHeartBluFrst10TslBlu,GBHeartBluFrst10TslBlu,False,False,10.0,,,1/3oz,"10 ml,",,,,,
GBHeartBluFrst10KeyGld,GBHeartBluFrst10KeyGld,False,False,10.0,,,1/3oz,"10 ml,",,,,,
GBHeartBluFrst10KeySl,GBHeartBluFrst10KeySl,False,False,10.0,,,1/3oz,"10 ml,",,,,,
GBHeartBluFrst10TslRed,GBHeartBluFrst10TslRed,False,False,10.0,,,1/3oz,"10 ml,",,,,,
GB15ApthBlue,GB15ApthBlue,False,False,15.0,,,1/2oz,15 ml,,,,,
GB15Apth,GB15Apth,False,False,15.0,,,1/2oz,15 ml,,,,,
GB15ApthGreen,GB15ApthGreen,False,False,15.0,,,1/2oz,15 ml,,,,,
GB1ozApthBlue,GB1ozApthBlue,False,False,20.0,,,1oz,30ml,,,,,
GB1ozApth,GB1ozApth,False,False,1572.0,,,1oz,30ml,,,,,
GB1ozApthGreen,GB1ozApthGreen,False,False,21.0,,,1oz,30ml,,,,,
GB4ozApthBlue,GB4ozApthBlue,False,False,23.0,,,4oz,120ml,,,,,
GB4ozApthClear,GB4ozApthClear,False,False,24.0,,,4oz,120ml,,,,,
GB4ozApthGreen,GB4ozApthGreen,False,False,26.0,,,4oz,120ml,,,,,
GB4ozApthPearBlue,GB4ozApthPearBlue,False,False,1509.0,,,4oz,120ml,,,,,
GB4ozApthPearClear,GB4ozApthPearClear,False,False,1515.0,,,4oz,120ml,,,,,
GB4ozApthRoundBlue,GB4ozApthRoundBlue,False,False,1514.0,,,4oz,120ml,,,,,
GB4ozApthRound,GB4ozApthRound,False,False,1511.0,,,4oz,120ml,,,,,
GB10ozApthBlue,GB10ozApthBlue,False,False,3354.0,,,10oz,280ml,,,,,
GB10ozApthClear,GB10ozApthClear,False,False,27.0,,,10oz,280ml,,,,,
GB10ozApthGreen,GB10ozApthGreen,False,False,1512.0,,,10oz,280ml,,,,,
GB2ozApthBlue,GB2ozApthBlue,False,False,3554.0,,,2oz,60ml,,,,,
GB2ozApth,GB2ozApth,False,False,3358.0,,,2oz,60ml,,,,,
GB2ozApthGreen,GB2ozApthGreen,False,False,3555.0,,,2oz,60ml,,,,,
Alu250mlSprayBlack,Alu250mlSprayBlack,False,True,50.0,,$1.43,8oz,250ml,250 ml (8.45 oz),,"Cylinder shaped, matte aluminum 250 ml bottle with black sprayer. For use with cologne, perfume, air freshner, face and body spray, or room spray.",,False
Alu125mlLotionPumpWhite,Alu125mlLotionPumpWhite,False,False,265.0,,,4oz,125ml,,,,,
Alu125mlLotionPumpBlack,Alu125mlLotionPumpBlack,False,False,3556.0,,,4oz,125ml,,,,,
Alu100mlSprayBlack,Alu10mlSprayBlack,True,False,3557.0,,,3.4oz,100ml,,,,,
Alu65mlLotionPumpWhite,Alu65mlLotionPumpWhite,False,False,264.0,,,,65ml,,,,,
Alu65mlLotionPumpBlack,Alu65mlLotionPumpBlack,False,True,3558.0,,$1.09,,65ml,65 ml (2.2 oz),,"Cylinder shaped, brushed aluminum 65 ml bottle with lotion black. For use with lotion or treatment pump.",,False
GB1mlAmbVialBlk,GB1mlAmbVialBlk,False,False,3355.0,,,,1ml,,,,,
GB1mlAmbVialWht,GB1mlAmbVialWht,False,False,3356.0,,,,1ml,,,,,
GB1mlVialBlk,GB1mlVialBlk,False,False,391.0,,,,1ml,,,,,
GB1mlVialWht,GB1mlVialWht,False,False,463.0,,,,1ml,,,,,
GBCyl28MtlRollBlk,GBCyl28MtlRollBlk,False,False,28.0,,,1oz,28 ml,,,,,
GBCyl28MtlRollWht,GBCyl28MtlRollWht,False,False,28.0,,,1oz,28 ml,,,,,
GBCyl28RollBlk,GBCyl28RollBlk,False,False,28.0,,,1oz,28 ml,,,,,
GBCyl28RollWht,GBCyl28RollWht,False,False,28.0,,,1oz,28 ml,,,,,
GBCyl50MtlRollBlk,GBCyl50MtlRollBlk,False,True,50.0,,$1.19,,50 ml,50 ml (1.69 oz),,"Cylinder style 50 ml bottle with metal roller ball plug and black cap. For use with fragrances, oils, massage oils, light lotions and ointments. Roll-on plug has a large roller ball.",,False
GBCyl50MtlRollWht,GBCyl50MtlRollWht,False,False,50.0,,,,50 ml,,,,,
GBCyl50RollBlk,GBCyl50RollBlk,False,True,50.0,,$0.90,,50 ml,50 ml (1.69 oz),,"Cylinder style 50 ml bottle with plastic roller ball plug and black cap. For use with fragrances, oils, massage oils, light lotions and ointments. Roll-on plug has a large roller ball.",,False
GBCyl50RollWht,GBCyl50RollWht,False,False,50.0,,,,50 ml,,,,,
CreamJarBlu3,CreamJarBlu3,False,False,3562.0,,,1/9oz,3 ml,,,,,
CreamJarClr3,CreamJarClr3,False,False,3563.0,,,1/9oz,3 ml,,,,,
CreamJarWhite4,CreamJarWhite4,False,False,3562.0,,,1/7oz,4 ml,,,,,
CreamJarWhite20,CreamJarWhite20,False,False,20.0,,,2/3oz,20 ml,,,,,
CreamJarAmb5mlBlkCap,CreamJarAmb5mlBlkCap,False,False,1063.0,,,1/9oz,5ml,,,,,
CreamJarAmb5mlSlCap,CreamJarAmb5mlSlCap,False,False,1269.0,,,1/9oz,5ml,,,,,
CreamJarClr5mlClrCap,CreamJarClr5mlClrCap,False,False,,,,,5ml,,,,,
CreamJarClr15Pnk,CreamJarClr15Pnk,False,False,15.0,,,1/2oz,15 ml,,,,,
CreamJarClr15Wht,CreamJarClr15Wht,False,False,15.0,,,1/2oz,15 ml,,,,,
CreamJarFrst30BlkCap,CreamJarFrst30BlkCap,False,False,30.0,,,1oz,30 ml,,,,,
CreamJarFrst30SlCap,CreamJarFrst30SlCap,False,False,30.0,,,1oz,30 ml,,,,,
CreamJarAmb30BlkCap,CreamJarAmb30BlkCap,False,False,30.0,,,1oz,30 ml,,,,,
CreamJarAmb30SlCap,CreamJarAmb30SlCap,False,False,30.0,,,1oz,30 ml,,,,,
CreamJarFrst40BlkCap,CreamJarFrst40BlkCap,False,False,40.0,,,,40 ml,,,,,
CreamJarFrst40SlCap,CreamJarFrst40SlCap,False,False,40.0,,,,40 ml,,,,,
CreamJarAmb40BlkCap,CreamJarAmb40BlkCap,False,False,40.0,,,,40 ml,,,,,
CreamJarAmb40SlCap,CreamJarAmb40SlCap,False,False,40.0,,,,40 ml,,,,,
CreamJarFrst63BlkCap,CreamJarFrst63BlkCap,False,False,63.0,,,,63 ml,,,,,
CreamJarWhite63BlkCap,CreamJarWhite63BlkCap,False,False,63.0,,,,63 ml,,,,,
GB3TPlShnGlRed,GB3TPlShnGlRed,False,False,98.0,,,,3 ml,,,,,
GB3TPlShnSlBl,GB3TPlShnSlBl,False,False,3564.0,,,,3 ml,,,,,
Gb6TPlShnGlRed,Gb6TPlShnGlRed,False,False,100.0,,,,6 ml,,,,,
Gb6TPlShnSlBl,Gb6TPlShnSlBl,False,False,281.0,,,,6 ml,,,,,
Gb12TPlShnGlRed,Gb12TPlShnGlRed,False,False,12.0,,,,12 ml,,,,,
Gb12TPlShnSlBl,Gb12TPlShnSlBl,False,False,12.0,,,,12 ml,,,,,
