SKU,ProductName,Category,Material,Color,Capacity,Shape,Cap_Color,Cap_Type,Applicator,Full_Description,Target_URL,Training_Context,Source_File
GBBstnAmb2ozMtlRollonMattSl,Clear Round bottle (60ml),Bottle,Glass,Clear,60ml,Round,White,Cap,None,"Wholesale supplier and distributor of ",,A Clear Round Glass bottle with a capacity of 60ml. It features a White Cap and no specific applicator. SKU: GBBstnAmb2ozMtlRollonMattSl.,01-BB_ 20-400 Collection - 20-400.csv
1. Circle Clear 30ml,Clear Round bottle (Unknown),Bottle,Glass,Clear,Unknown,Round,White,Cap,None,,,A Clear Round Glass bottle with a capacity of Unknown. It features a White Cap and no specific applicator. SKU: 1. Circle Clear 30ml.,15-415 ITEMCODE - 15-415.csv
2. Circle Frosted 30ml,Clear Round bottle (Unknown),Bottle,Glass,Clear,Unknown,Round,White,Cap,None,,,A Clear Round Glass bottle with a capacity of Unknown. It features a White Cap and no specific applicator. SKU: 2. Circle Frosted 30ml.,15-415 ITEMCODE - 15-415.csv
3. Elegant Clear 30ml,Clear Round bottle (Unknown),Bottle,Glass,Clear,Unknown,Round,White,Cap,None,,,A Clear Round Glass bottle with a capacity of Unknown. It features a White Cap and no specific applicator. SKU: 3. Elegant Clear 30ml.,15-415 ITEMCODE - 15-415.csv
4. Elegant Frosted 30ml,Clear Round bottle (Unknown),Bottle,Glass,Clear,Unknown,Round,White,Cap,None,,,A Clear Round Glass bottle with a capacity of Unknown. It features a White Cap and no specific applicator. SKU: 4. Elegant Frosted 30ml.,15-415 ITEMCODE - 15-415.csv
2032,Clear Round bottle (Unknown),Bottle,Glass,Clear,Unknown,Round,White,Cap,None,,cylinder-,A Clear Round Glass bottle with a capacity of Unknown. It features a White Cap and no specific applicator. SKU: 2032.,18-415 ITEMCODES - 18-415 ITEMCODES.csv
2033,Clear Round bottle (Unknown),Bottle,Glass,Clear,Unknown,Round,White,Cap,None,,cylinder-,A Clear Round Glass bottle with a capacity of Unknown. It features a White Cap and no specific applicator. SKU: 2033.,18-415 ITEMCODES - 18-415 ITEMCODES.csv
2034,Clear Round bottle (Unknown),Bottle,Glass,Clear,Unknown,Round,White,Cap,None,,cylinder-,A Clear Round Glass bottle with a capacity of Unknown. It features a White Cap and no specific applicator. SKU: 2034.,18-415 ITEMCODES - 18-415 ITEMCODES.csv
2035,Clear Round bottle (Unknown),Bottle,Glass,Clear,Unknown,Round,White,Cap,None,,cylinder-,A Clear Round Glass bottle with a capacity of Unknown. It features a White Cap and no specific applicator. SKU: 2035.,18-415 ITEMCODES - 18-415 ITEMCODES.csv
2036,Clear Round bottle (Unknown),Bottle,Glass,Clear,Unknown,Round,White,Cap,None,,cylinder-,A Clear Round Glass bottle with a capacity of Unknown. It features a White Cap and no specific applicator. SKU: 2036.,18-415 ITEMCODES - 18-415 ITEMCODES.csv
2037,Clear Round bottle (Unknown),Bottle,Glass,Clear,Unknown,Round,White,Cap,None,,cylinder-,A Clear Round Glass bottle with a capacity of Unknown. It features a White Cap and no specific applicator. SKU: 2037.,18-415 ITEMCODES - 18-415 ITEMCODES.csv
2038,Clear Round bottle (Unknown),Bottle,Glass,Clear,Unknown,Round,White,Cap,None,,cylinder-,A Clear Round Glass bottle with a capacity of Unknown. It features a White Cap and no specific applicator. SKU: 2038.,18-415 ITEMCODES - 18-415 ITEMCODES.csv
2039,Clear Round bottle (Unknown),Bottle,Glass,Clear,Unknown,Round,White,Cap,None,,cylinder-,A Clear Round Glass bottle with a capacity of Unknown. It features a White Cap and no specific applicator. SKU: 2039.,18-415 ITEMCODES - 18-415 ITEMCODES.csv
2040,Clear Round bottle (Unknown),Bottle,Glass,Clear,Unknown,Round,White,Cap,None,,cylinder-,A Clear Round Glass bottle with a capacity of Unknown. It features a White Cap and no specific applicator. SKU: 2040.,18-415 ITEMCODES - 18-415 ITEMCODES.csv
2041,Clear Round bottle (Unknown),Bottle,Glass,Clear,Unknown,Round,White,Cap,None,,cylinder-,A Clear Round Glass bottle with a capacity of Unknown. It features a White Cap and no specific applicator. SKU: 2041.,18-415 ITEMCODES - 18-415 ITEMCODES.csv
2042,Clear Round bottle (Unknown),Bottle,Glass,Clear,Unknown,Round,White,Cap,None,,cylinder-,A Clear Round Glass bottle with a capacity of Unknown. It features a White Cap and no specific applicator. SKU: 2042.,18-415 ITEMCODES - 18-415 ITEMCODES.csv
2043,Clear Round bottle (Unknown),Bottle,Glass,Clear,Unknown,Round,White,Cap,None,,cylinder-,A Clear Round Glass bottle with a capacity of Unknown. It features a White Cap and no specific applicator. SKU: 2043.,18-415 ITEMCODES - 18-415 ITEMCODES.csv
2044,Clear Round bottle (Unknown),Bottle,Glass,Clear,Unknown,Round,White,Cap,None,,cylinder-,A Clear Round Glass bottle with a capacity of Unknown. It features a White Cap and no specific applicator. SKU: 2044.,18-415 ITEMCODES - 18-415 ITEMCODES.csv
2045,Clear Round bottle (Unknown),Bottle,Glass,Clear,Unknown,Round,White,Cap,None,,cylinder-,A Clear Round Glass bottle with a capacity of Unknown. It features a White Cap and no specific applicator. SKU: 2045.,18-415 ITEMCODES - 18-415 ITEMCODES.csv
2046,Clear Round bottle (Unknown),Bottle,Glass,Clear,Unknown,Round,White,Cap,None,,cylinder-,A Clear Round Glass bottle with a capacity of Unknown. It features a White Cap and no specific applicator. SKU: 2046.,18-415 ITEMCODES - 18-415 ITEMCODES.csv
2047,Clear Round bottle (Unknown),Bottle,Glass,Clear,Unknown,Round,White,Cap,None,,cylinder-,A Clear Round Glass bottle with a capacity of Unknown. It features a White Cap and no specific applicator. SKU: 2047.,18-415 ITEMCODES - 18-415 ITEMCODES.csv
3492,Clear Round bottle (Unknown),Bottle,Glass,Clear,Unknown,Round,White,Cap,None,,cylinder-,A Clear Round Glass bottle with a capacity of Unknown. It features a White Cap and no specific applicator. SKU: 3492.,18-415 ITEMCODES - 18-415 ITEMCODES.csv
2048,Clear Round bottle (Unknown),Bottle,Glass,Clear,Unknown,Round,White,Cap,None,,cylinder-,A Clear Round Glass bottle with a capacity of Unknown. It features a White Cap and no specific applicator. SKU: 2048.,18-415 ITEMCODES - 18-415 ITEMCODES.csv
2049,Clear Round bottle (Unknown),Bottle,Glass,Clear,Unknown,Round,White,Cap,None,,cylinder-,A Clear Round Glass bottle with a capacity of Unknown. It features a White Cap and no specific applicator. SKU: 2049.,18-415 ITEMCODES - 18-415 ITEMCODES.csv
2050,Clear Round bottle (Unknown),Bottle,Glass,Clear,Unknown,Round,White,Cap,None,,cylinder-,A Clear Round Glass bottle with a capacity of Unknown. It features a White Cap and no specific applicator. SKU: 2050.,18-415 ITEMCODES - 18-415 ITEMCODES.csv
2051,Clear Round bottle (Unknown),Bottle,Glass,Clear,Unknown,Round,White,Cap,None,,cylinder-,A Clear Round Glass bottle with a capacity of Unknown. It features a White Cap and no specific applicator. SKU: 2051.,18-415 ITEMCODES - 18-415 ITEMCODES.csv
2052,Clear Round bottle (Unknown),Bottle,Glass,Clear,Unknown,Round,White,Cap,None,,cylinder-,A Clear Round Glass bottle with a capacity of Unknown. It features a White Cap and no specific applicator. SKU: 2052.,18-415 ITEMCODES - 18-415 ITEMCODES.csv
2053,Clear Round bottle (Unknown),Bottle,Glass,Clear,Unknown,Round,White,Cap,None,,cylinder-,A Clear Round Glass bottle with a capacity of Unknown. It features a White Cap and no specific applicator. SKU: 2053.,18-415 ITEMCODES - 18-415 ITEMCODES.csv
2054,Clear Round bottle (Unknown),Bottle,Glass,Clear,Unknown,Round,White,Cap,None,,cylinder-,A Clear Round Glass bottle with a capacity of Unknown. It features a White Cap and no specific applicator. SKU: 2054.,18-415 ITEMCODES - 18-415 ITEMCODES.csv
2055,Clear Round bottle (Unknown),Bottle,Glass,Clear,Unknown,Round,White,Cap,None,,cylinder-,A Clear Round Glass bottle with a capacity of Unknown. It features a White Cap and no specific applicator. SKU: 2055.,18-415 ITEMCODES - 18-415 ITEMCODES.csv
2056,Clear Round bottle (Unknown),Bottle,Glass,Clear,Unknown,Round,White,Cap,None,,cylinder-,A Clear Round Glass bottle with a capacity of Unknown. It features a White Cap and no specific applicator. SKU: 2056.,18-415 ITEMCODES - 18-415 ITEMCODES.csv
2057,Clear Round bottle (Unknown),Bottle,Glass,Clear,Unknown,Round,White,Cap,None,,cylinder-,A Clear Round Glass bottle with a capacity of Unknown. It features a White Cap and no specific applicator. SKU: 2057.,18-415 ITEMCODES - 18-415 ITEMCODES.csv
2058,Clear Round bottle (Unknown),Bottle,Glass,Clear,Unknown,Round,White,Cap,None,,cylinder-,A Clear Round Glass bottle with a capacity of Unknown. It features a White Cap and no specific applicator. SKU: 2058.,18-415 ITEMCODES - 18-415 ITEMCODES.csv
2059,Clear Round bottle (Unknown),Bottle,Glass,Clear,Unknown,Round,White,Cap,None,,cylinder-,A Clear Round Glass bottle with a capacity of Unknown. It features a White Cap and no specific applicator. SKU: 2059.,18-415 ITEMCODES - 18-415 ITEMCODES.csv
2060,Clear Round bottle (Unknown),Bottle,Glass,Clear,Unknown,Round,White,Cap,None,,cylinder-,A Clear Round Glass bottle with a capacity of Unknown. It features a White Cap and no specific applicator. SKU: 2060.,18-415 ITEMCODES - 18-415 ITEMCODES.csv
2061,Clear Round bottle (Unknown),Bottle,Glass,Clear,Unknown,Round,White,Cap,None,,cylinder-,A Clear Round Glass bottle with a capacity of Unknown. It features a White Cap and no specific applicator. SKU: 2061.,18-415 ITEMCODES - 18-415 ITEMCODES.csv
2062,Clear Round bottle (Unknown),Bottle,Glass,Clear,Unknown,Round,White,Cap,None,,cylinder-,A Clear Round Glass bottle with a capacity of Unknown. It features a White Cap and no specific applicator. SKU: 2062.,18-415 ITEMCODES - 18-415 ITEMCODES.csv
2063,Clear Round bottle (Unknown),Bottle,Glass,Clear,Unknown,Round,White,Cap,None,,cylinder-,A Clear Round Glass bottle with a capacity of Unknown. It features a White Cap and no specific applicator. SKU: 2063.,18-415 ITEMCODES - 18-415 ITEMCODES.csv
2064,Clear Round bottle (Unknown),Bottle,Glass,Clear,Unknown,Round,White,Cap,None,,cylinder-,A Clear Round Glass bottle with a capacity of Unknown. It features a White Cap and no specific applicator. SKU: 2064.,18-415 ITEMCODES - 18-415 ITEMCODES.csv
2065,Clear Round bottle (Unknown),Bottle,Glass,Clear,Unknown,Round,White,Cap,None,,cylinder-,A Clear Round Glass bottle with a capacity of Unknown. It features a White Cap and no specific applicator. SKU: 2065.,18-415 ITEMCODES - 18-415 ITEMCODES.csv
2066,Clear Round bottle (Unknown),Bottle,Glass,Clear,Unknown,Round,White,Cap,None,,cylinder-,A Clear Round Glass bottle with a capacity of Unknown. It features a White Cap and no specific applicator. SKU: 2066.,18-415 ITEMCODES - 18-415 ITEMCODES.csv
2067,Clear Round bottle (Unknown),Bottle,Glass,Clear,Unknown,Round,White,Cap,None,,cylinder-,A Clear Round Glass bottle with a capacity of Unknown. It features a White Cap and no specific applicator. SKU: 2067.,18-415 ITEMCODES - 18-415 ITEMCODES.csv
2068,Clear Round bottle (Unknown),Bottle,Glass,Clear,Unknown,Round,White,Cap,None,,cylinder-,A Clear Round Glass bottle with a capacity of Unknown. It features a White Cap and no specific applicator. SKU: 2068.,18-415 ITEMCODES - 18-415 ITEMCODES.csv
2069,Clear Round bottle (Unknown),Bottle,Glass,Clear,Unknown,Round,White,Cap,None,,cylinder-,A Clear Round Glass bottle with a capacity of Unknown. It features a White Cap and no specific applicator. SKU: 2069.,18-415 ITEMCODES - 18-415 ITEMCODES.csv
2070,Clear Round bottle (Unknown),Bottle,Glass,Clear,Unknown,Round,White,Cap,None,,cylinder-,A Clear Round Glass bottle with a capacity of Unknown. It features a White Cap and no specific applicator. SKU: 2070.,18-415 ITEMCODES - 18-415 ITEMCODES.csv
2071,Clear Round bottle (Unknown),Bottle,Glass,Clear,Unknown,Round,White,Cap,None,,cylinder-,A Clear Round Glass bottle with a capacity of Unknown. It features a White Cap and no specific applicator. SKU: 2071.,18-415 ITEMCODES - 18-415 ITEMCODES.csv
2072,Clear Round bottle (Unknown),Bottle,Glass,Clear,Unknown,Round,White,Cap,None,,cylinder-,A Clear Round Glass bottle with a capacity of Unknown. It features a White Cap and no specific applicator. SKU: 2072.,18-415 ITEMCODES - 18-415 ITEMCODES.csv
2073,Clear Round bottle (Unknown),Bottle,Glass,Clear,Unknown,Round,White,Cap,None,,cylinder-,A Clear Round Glass bottle with a capacity of Unknown. It features a White Cap and no specific applicator. SKU: 2073.,18-415 ITEMCODES - 18-415 ITEMCODES.csv
2074,Clear Round bottle (Unknown),Bottle,Glass,Clear,Unknown,Round,White,Cap,None,,cylinder-,A Clear Round Glass bottle with a capacity of Unknown. It features a White Cap and no specific applicator. SKU: 2074.,18-415 ITEMCODES - 18-415 ITEMCODES.csv
2075,Clear Round bottle (Unknown),Bottle,Glass,Clear,Unknown,Round,White,Cap,None,,cylinder-,A Clear Round Glass bottle with a capacity of Unknown. It features a White Cap and no specific applicator. SKU: 2075.,18-415 ITEMCODES - 18-415 ITEMCODES.csv
2076,Clear Round bottle (Unknown),Bottle,Glass,Clear,Unknown,Round,White,Cap,None,,cylinder-,A Clear Round Glass bottle with a capacity of Unknown. It features a White Cap and no specific applicator. SKU: 2076.,18-415 ITEMCODES - 18-415 ITEMCODES.csv
2077,Clear Round bottle (Unknown),Bottle,Glass,Clear,Unknown,Round,White,Cap,None,,cylinder-,A Clear Round Glass bottle with a capacity of Unknown. It features a White Cap and no specific applicator. SKU: 2077.,18-415 ITEMCODES - 18-415 ITEMCODES.csv
2078,Clear Round bottle (Unknown),Bottle,Glass,Clear,Unknown,Round,White,Cap,None,,cylinder-,A Clear Round Glass bottle with a capacity of Unknown. It features a White Cap and no specific applicator. SKU: 2078.,18-415 ITEMCODES - 18-415 ITEMCODES.csv
2079,Clear Round bottle (Unknown),Bottle,Glass,Clear,Unknown,Round,White,Cap,None,,cylinder-,A Clear Round Glass bottle with a capacity of Unknown. It features a White Cap and no specific applicator. SKU: 2079.,18-415 ITEMCODES - 18-415 ITEMCODES.csv
3493,Clear Round bottle (Unknown),Bottle,Glass,Clear,Unknown,Round,White,Cap,None,,cylinder-,A Clear Round Glass bottle with a capacity of Unknown. It features a White Cap and no specific applicator. SKU: 3493.,18-415 ITEMCODES - 18-415 ITEMCODES.csv
2080,Clear Round bottle (Unknown),Bottle,Glass,Clear,Unknown,Round,White,Cap,None,,cylinder-,A Clear Round Glass bottle with a capacity of Unknown. It features a White Cap and no specific applicator. SKU: 2080.,18-415 ITEMCODES - 18-415 ITEMCODES.csv
3494,Clear Round bottle (Unknown),Bottle,Glass,Clear,Unknown,Round,White,Cap,None,,cylinder-,A Clear Round Glass bottle with a capacity of Unknown. It features a White Cap and no specific applicator. SKU: 3494.,18-415 ITEMCODES - 18-415 ITEMCODES.csv
2081,Clear Round bottle (Unknown),Bottle,Glass,Clear,Unknown,Round,White,Cap,None,,cylinder-,A Clear Round Glass bottle with a capacity of Unknown. It features a White Cap and no specific applicator. SKU: 2081.,18-415 ITEMCODES - 18-415 ITEMCODES.csv
3495,Clear Round bottle (Unknown),Bottle,Glass,Clear,Unknown,Round,White,Cap,None,,cylinder-,A Clear Round Glass bottle with a capacity of Unknown. It features a White Cap and no specific applicator. SKU: 3495.,18-415 ITEMCODES - 18-415 ITEMCODES.csv
2082,Clear Round bottle (Unknown),Bottle,Glass,Clear,Unknown,Round,White,Cap,None,,cylinder-,A Clear Round Glass bottle with a capacity of Unknown. It features a White Cap and no specific applicator. SKU: 2082.,18-415 ITEMCODES - 18-415 ITEMCODES.csv
2083,Clear Round bottle (Unknown),Bottle,Glass,Clear,Unknown,Round,White,Cap,None,,cylinder-,A Clear Round Glass bottle with a capacity of Unknown. It features a White Cap and no specific applicator. SKU: 2083.,18-415 ITEMCODES - 18-415 ITEMCODES.csv
3496,Clear Round bottle (Unknown),Bottle,Glass,Clear,Unknown,Round,White,Cap,None,,cylinder-,A Clear Round Glass bottle with a capacity of Unknown. It features a White Cap and no specific applicator. SKU: 3496.,18-415 ITEMCODES - 18-415 ITEMCODES.csv
2084,Clear Round bottle (Unknown),Bottle,Glass,Clear,Unknown,Round,White,Cap,None,,cylinder-,A Clear Round Glass bottle with a capacity of Unknown. It features a White Cap and no specific applicator. SKU: 2084.,18-415 ITEMCODES - 18-415 ITEMCODES.csv
2085,Clear Round bottle (Unknown),Bottle,Glass,Clear,Unknown,Round,White,Cap,None,,cylinder-,A Clear Round Glass bottle with a capacity of Unknown. It features a White Cap and no specific applicator. SKU: 2085.,18-415 ITEMCODES - 18-415 ITEMCODES.csv
2086,Clear Round bottle (Unknown),Bottle,Glass,Clear,Unknown,Round,White,Cap,None,,cylinder-,A Clear Round Glass bottle with a capacity of Unknown. It features a White Cap and no specific applicator. SKU: 2086.,18-415 ITEMCODES - 18-415 ITEMCODES.csv
2087,Clear Round bottle (Unknown),Bottle,Glass,Clear,Unknown,Round,White,Cap,None,,cylinder-,A Clear Round Glass bottle with a capacity of Unknown. It features a White Cap and no specific applicator. SKU: 2087.,18-415 ITEMCODES - 18-415 ITEMCODES.csv
2088,Clear Round bottle (Unknown),Bottle,Glass,Clear,Unknown,Round,White,Cap,None,,cylinder-,A Clear Round Glass bottle with a capacity of Unknown. It features a White Cap and no specific applicator. SKU: 2088.,18-415 ITEMCODES - 18-415 ITEMCODES.csv
2089,Clear Round bottle (Unknown),Bottle,Glass,Clear,Unknown,Round,White,Cap,None,,cylinder-,A Clear Round Glass bottle with a capacity of Unknown. It features a White Cap and no specific applicator. SKU: 2089.,18-415 ITEMCODES - 18-415 ITEMCODES.csv
2090,Clear Round bottle (Unknown),Bottle,Glass,Clear,Unknown,Round,White,Cap,None,,cylinder-,A Clear Round Glass bottle with a capacity of Unknown. It features a White Cap and no specific applicator. SKU: 2090.,18-415 ITEMCODES - 18-415 ITEMCODES.csv
2091,Clear Round bottle (Unknown),Bottle,Glass,Clear,Unknown,Round,White,Cap,None,,cylinder-,A Clear Round Glass bottle with a capacity of Unknown. It features a White Cap and no specific applicator. SKU: 2091.,18-415 ITEMCODES - 18-415 ITEMCODES.csv
2092,Clear Round bottle (Unknown),Bottle,Glass,Clear,Unknown,Round,White,Cap,None,,cylinder-,A Clear Round Glass bottle with a capacity of Unknown. It features a White Cap and no specific applicator. SKU: 2092.,18-415 ITEMCODES - 18-415 ITEMCODES.csv
2093,Clear Round bottle (Unknown),Bottle,Glass,Clear,Unknown,Round,White,Cap,None,,cylinder-,A Clear Round Glass bottle with a capacity of Unknown. It features a White Cap and no specific applicator. SKU: 2093.,18-415 ITEMCODES - 18-415 ITEMCODES.csv
2094,Clear Round bottle (Unknown),Bottle,Glass,Clear,Unknown,Round,White,Cap,None,,cylinder-,A Clear Round Glass bottle with a capacity of Unknown. It features a White Cap and no specific applicator. SKU: 2094.,18-415 ITEMCODES - 18-415 ITEMCODES.csv
2095,Clear Round bottle (Unknown),Bottle,Glass,Clear,Unknown,Round,White,Cap,None,,cylinder-,A Clear Round Glass bottle with a capacity of Unknown. It features a White Cap and no specific applicator. SKU: 2095.,18-415 ITEMCODES - 18-415 ITEMCODES.csv
2096,Clear Round bottle (Unknown),Bottle,Glass,Clear,Unknown,Round,White,Cap,None,,cylinder-,A Clear Round Glass bottle with a capacity of Unknown. It features a White Cap and no specific applicator. SKU: 2096.,18-415 ITEMCODES - 18-415 ITEMCODES.csv
2097,Clear Round bottle (Unknown),Bottle,Glass,Clear,Unknown,Round,White,Cap,None,,cylinder-,A Clear Round Glass bottle with a capacity of Unknown. It features a White Cap and no specific applicator. SKU: 2097.,18-415 ITEMCODES - 18-415 ITEMCODES.csv
2098,Clear Round bottle (Unknown),Bottle,Glass,Clear,Unknown,Round,White,Cap,None,,cylinder-,A Clear Round Glass bottle with a capacity of Unknown. It features a White Cap and no specific applicator. SKU: 2098.,18-415 ITEMCODES - 18-415 ITEMCODES.csv
2099,Clear Round bottle (Unknown),Bottle,Glass,Clear,Unknown,Round,White,Cap,None,,cylinder-,A Clear Round Glass bottle with a capacity of Unknown. It features a White Cap and no specific applicator. SKU: 2099.,18-415 ITEMCODES - 18-415 ITEMCODES.csv
2100,Clear Round bottle (Unknown),Bottle,Glass,Clear,Unknown,Round,White,Cap,None,,cylinder-,A Clear Round Glass bottle with a capacity of Unknown. It features a White Cap and no specific applicator. SKU: 2100.,18-415 ITEMCODES - 18-415 ITEMCODES.csv
2101,Clear Round bottle (Unknown),Bottle,Glass,Clear,Unknown,Round,White,Cap,None,,cylinder-,A Clear Round Glass bottle with a capacity of Unknown. It features a White Cap and no specific applicator. SKU: 2101.,18-415 ITEMCODES - 18-415 ITEMCODES.csv
2102,Clear Round bottle (Unknown),Bottle,Glass,Clear,Unknown,Round,White,Cap,None,,cylinder-,A Clear Round Glass bottle with a capacity of Unknown. It features a White Cap and no specific applicator. SKU: 2102.,18-415 ITEMCODES - 18-415 ITEMCODES.csv
2103,Clear Round bottle (Unknown),Bottle,Glass,Clear,Unknown,Round,White,Cap,None,,cylinder-,A Clear Round Glass bottle with a capacity of Unknown. It features a White Cap and no specific applicator. SKU: 2103.,18-415 ITEMCODES - 18-415 ITEMCODES.csv
2104,Clear Round bottle (Unknown),Bottle,Glass,Clear,Unknown,Round,White,Cap,None,,cylinder-,A Clear Round Glass bottle with a capacity of Unknown. It features a White Cap and no specific applicator. SKU: 2104.,18-415 ITEMCODES - 18-415 ITEMCODES.csv
2105,Clear Round bottle (Unknown),Bottle,Glass,Clear,Unknown,Round,White,Cap,None,,cylinder-,A Clear Round Glass bottle with a capacity of Unknown. It features a White Cap and no specific applicator. SKU: 2105.,18-415 ITEMCODES - 18-415 ITEMCODES.csv
2106,Clear Round bottle (Unknown),Bottle,Glass,Clear,Unknown,Round,White,Cap,None,,cylinder-,A Clear Round Glass bottle with a capacity of Unknown. It features a White Cap and no specific applicator. SKU: 2106.,18-415 ITEMCODES - 18-415 ITEMCODES.csv
2107,Clear Round bottle (Unknown),Bottle,Glass,Clear,Unknown,Round,White,Cap,None,,cylinder-,A Clear Round Glass bottle with a capacity of Unknown. It features a White Cap and no specific applicator. SKU: 2107.,18-415 ITEMCODES - 18-415 ITEMCODES.csv
2108,Clear Round bottle (Unknown),Bottle,Glass,Clear,Unknown,Round,White,Cap,None,,cylinder-,A Clear Round Glass bottle with a capacity of Unknown. It features a White Cap and no specific applicator. SKU: 2108.,18-415 ITEMCODES - 18-415 ITEMCODES.csv
2109,Clear Round bottle (Unknown),Bottle,Glass,Clear,Unknown,Round,White,Cap,None,,cylinder-,A Clear Round Glass bottle with a capacity of Unknown. It features a White Cap and no specific applicator. SKU: 2109.,18-415 ITEMCODES - 18-415 ITEMCODES.csv
3136,Clear Round bottle (Unknown),Bottle,Glass,Clear,Unknown,Round,White,Cap,None,,cylinder-,A Clear Round Glass bottle with a capacity of Unknown. It features a White Cap and no specific applicator. SKU: 3136.,18-415 ITEMCODES - 18-415 ITEMCODES.csv
2111,Clear Round bottle (Unknown),Bottle,Glass,Clear,Unknown,Round,White,Cap,None,,cylinder-,A Clear Round Glass bottle with a capacity of Unknown. It features a White Cap and no specific applicator. SKU: 2111.,18-415 ITEMCODES - 18-415 ITEMCODES.csv
2112,Clear Round bottle (Unknown),Bottle,Glass,Clear,Unknown,Round,White,Cap,None,,cylinder-,A Clear Round Glass bottle with a capacity of Unknown. It features a White Cap and no specific applicator. SKU: 2112.,18-415 ITEMCODES - 18-415 ITEMCODES.csv
2113,Clear Round bottle (Unknown),Bottle,Glass,Clear,Unknown,Round,White,Cap,None,,cylinder-,A Clear Round Glass bottle with a capacity of Unknown. It features a White Cap and no specific applicator. SKU: 2113.,18-415 ITEMCODES - 18-415 ITEMCODES.csv
2114,Clear Round bottle (Unknown),Bottle,Glass,Clear,Unknown,Round,White,Cap,None,,cylinder-,A Clear Round Glass bottle with a capacity of Unknown. It features a White Cap and no specific applicator. SKU: 2114.,18-415 ITEMCODES - 18-415 ITEMCODES.csv
2115,Clear Round bottle (Unknown),Bottle,Glass,Clear,Unknown,Round,White,Cap,None,,cylinder-,A Clear Round Glass bottle with a capacity of Unknown. It features a White Cap and no specific applicator. SKU: 2115.,18-415 ITEMCODES - 18-415 ITEMCODES.csv
2116,Clear Round bottle (Unknown),Bottle,Glass,Clear,Unknown,Round,White,Cap,None,,cylinder-,A Clear Round Glass bottle with a capacity of Unknown. It features a White Cap and no specific applicator. SKU: 2116.,18-415 ITEMCODES - 18-415 ITEMCODES.csv
2117,Clear Round bottle (Unknown),Bottle,Glass,Clear,Unknown,Round,White,Cap,None,,cylinder-,A Clear Round Glass bottle with a capacity of Unknown. It features a White Cap and no specific applicator. SKU: 2117.,18-415 ITEMCODES - 18-415 ITEMCODES.csv
2118,Clear Round bottle (Unknown),Bottle,Glass,Clear,Unknown,Round,White,Cap,None,,cylinder-,A Clear Round Glass bottle with a capacity of Unknown. It features a White Cap and no specific applicator. SKU: 2118.,18-415 ITEMCODES - 18-415 ITEMCODES.csv
3497,Clear Round bottle (Unknown),Bottle,Glass,Clear,Unknown,Round,White,Cap,None,,cylinder-,A Clear Round Glass bottle with a capacity of Unknown. It features a White Cap and no specific applicator. SKU: 3497.,18-415 ITEMCODES - 18-415 ITEMCODES.csv
1257,Clear Round bottle (Unknown),Bottle,Glass,Clear,Unknown,Round,White,Cap,None,,cylinder-,A Clear Round Glass bottle with a capacity of Unknown. It features a White Cap and no specific applicator. SKU: 1257.,18-415 ITEMCODES - 18-415 ITEMCODES.csv
3498,Clear Round bottle (Unknown),Bottle,Glass,Clear,Unknown,Round,White,Cap,None,,cylinder-,A Clear Round Glass bottle with a capacity of Unknown. It features a White Cap and no specific applicator. SKU: 3498.,18-415 ITEMCODES - 18-415 ITEMCODES.csv
1256,Clear Round bottle (Unknown),Bottle,Glass,Clear,Unknown,Round,White,Cap,None,,cylinder-,A Clear Round Glass bottle with a capacity of Unknown. It features a White Cap and no specific applicator. SKU: 1256.,18-415 ITEMCODES - 18-415 ITEMCODES.csv
3499,Clear Round bottle (Unknown),Bottle,Glass,Clear,Unknown,Round,White,Cap,None,,cylinder-,A Clear Round Glass bottle with a capacity of Unknown. It features a White Cap and no specific applicator. SKU: 3499.,18-415 ITEMCODES - 18-415 ITEMCODES.csv
2119,Clear Round bottle (Unknown),Bottle,Glass,Clear,Unknown,Round,White,Cap,None,,cylinder-,A Clear Round Glass bottle with a capacity of Unknown. It features a White Cap and no specific applicator. SKU: 2119.,18-415 ITEMCODES - 18-415 ITEMCODES.csv
3135,Clear Round bottle (Unknown),Bottle,Glass,Clear,Unknown,Round,White,Cap,None,,cylinder-,A Clear Round Glass bottle with a capacity of Unknown. It features a White Cap and no specific applicator. SKU: 3135.,18-415 ITEMCODES - 18-415 ITEMCODES.csv
3500,Clear Round bottle (Unknown),Bottle,Glass,Clear,Unknown,Round,White,Cap,None,,cylinder-,A Clear Round Glass bottle with a capacity of Unknown. It features a White Cap and no specific applicator. SKU: 3500.,18-415 ITEMCODES - 18-415 ITEMCODES.csv
1258,Clear Round bottle (Unknown),Bottle,Glass,Clear,Unknown,Round,White,Cap,None,,cylinder-,A Clear Round Glass bottle with a capacity of Unknown. It features a White Cap and no specific applicator. SKU: 1258.,18-415 ITEMCODES - 18-415 ITEMCODES.csv
2120,Clear Round bottle (Unknown),Bottle,Glass,Clear,Unknown,Round,White,Cap,None,,cylinder-,A Clear Round Glass bottle with a capacity of Unknown. It features a White Cap and no specific applicator. SKU: 2120.,18-415 ITEMCODES - 18-415 ITEMCODES.csv
2121,Clear Round bottle (Unknown),Bottle,Glass,Clear,Unknown,Round,White,Cap,None,,cylinder-,A Clear Round Glass bottle with a capacity of Unknown. It features a White Cap and no specific applicator. SKU: 2121.,18-415 ITEMCODES - 18-415 ITEMCODES.csv
2122,Clear Round bottle (Unknown),Bottle,Glass,Clear,Unknown,Round,White,Cap,None,,cylinder-,A Clear Round Glass bottle with a capacity of Unknown. It features a White Cap and no specific applicator. SKU: 2122.,18-415 ITEMCODES - 18-415 ITEMCODES.csv
2123,Clear Round bottle (Unknown),Bottle,Glass,Clear,Unknown,Round,White,Cap,None,,cylinder-,A Clear Round Glass bottle with a capacity of Unknown. It features a White Cap and no specific applicator. SKU: 2123.,18-415 ITEMCODES - 18-415 ITEMCODES.csv
2124,Clear Round bottle (Unknown),Bottle,Glass,Clear,Unknown,Round,White,Cap,None,,cylinder-,A Clear Round Glass bottle with a capacity of Unknown. It features a White Cap and no specific applicator. SKU: 2124.,18-415 ITEMCODES - 18-415 ITEMCODES.csv
2125,Clear Round bottle (Unknown),Bottle,Glass,Clear,Unknown,Round,White,Cap,None,,cylinder-,A Clear Round Glass bottle with a capacity of Unknown. It features a White Cap and no specific applicator. SKU: 2125.,18-415 ITEMCODES - 18-415 ITEMCODES.csv
2126,Clear Round bottle (Unknown),Bottle,Glass,Clear,Unknown,Round,White,Cap,None,,cylinder-,A Clear Round Glass bottle with a capacity of Unknown. It features a White Cap and no specific applicator. SKU: 2126.,18-415 ITEMCODES - 18-415 ITEMCODES.csv
2127,Clear Round bottle (Unknown),Bottle,Glass,Clear,Unknown,Round,White,Cap,None,,cylinder-,A Clear Round Glass bottle with a capacity of Unknown. It features a White Cap and no specific applicator. SKU: 2127.,18-415 ITEMCODES - 18-415 ITEMCODES.csv
2128,Clear Round bottle (Unknown),Bottle,Glass,Clear,Unknown,Round,White,Cap,None,,cylinder-,A Clear Round Glass bottle with a capacity of Unknown. It features a White Cap and no specific applicator. SKU: 2128.,18-415 ITEMCODES - 18-415 ITEMCODES.csv
2129,Clear Round bottle (Unknown),Bottle,Glass,Clear,Unknown,Round,White,Cap,None,,cylinder-,A Clear Round Glass bottle with a capacity of Unknown. It features a White Cap and no specific applicator. SKU: 2129.,18-415 ITEMCODES - 18-415 ITEMCODES.csv
2130,Clear Round bottle (Unknown),Bottle,Glass,Clear,Unknown,Round,White,Cap,None,,cylinder-,A Clear Round Glass bottle with a capacity of Unknown. It features a White Cap and no specific applicator. SKU: 2130.,18-415 ITEMCODES - 18-415 ITEMCODES.csv
2131,Clear Round bottle (Unknown),Bottle,Glass,Clear,Unknown,Round,White,Cap,None,,cylinder-,A Clear Round Glass bottle with a capacity of Unknown. It features a White Cap and no specific applicator. SKU: 2131.,18-415 ITEMCODES - 18-415 ITEMCODES.csv
2132,Clear Round bottle (Unknown),Bottle,Glass,Clear,Unknown,Round,White,Cap,None,,cylinder-,A Clear Round Glass bottle with a capacity of Unknown. It features a White Cap and no specific applicator. SKU: 2132.,18-415 ITEMCODES - 18-415 ITEMCODES.csv
2133,Clear Round bottle (Unknown),Bottle,Glass,Clear,Unknown,Round,White,Cap,None,,cylinder-,A Clear Round Glass bottle with a capacity of Unknown. It features a White Cap and no specific applicator. SKU: 2133.,18-415 ITEMCODES - 18-415 ITEMCODES.csv
2134,Clear Round bottle (Unknown),Bottle,Glass,Clear,Unknown,Round,White,Cap,None,,cylinder-,A Clear Round Glass bottle with a capacity of Unknown. It features a White Cap and no specific applicator. SKU: 2134.,18-415 ITEMCODES - 18-415 ITEMCODES.csv
2135,Clear Round bottle (Unknown),Bottle,Glass,Clear,Unknown,Round,White,Cap,None,,cylinder-,A Clear Round Glass bottle with a capacity of Unknown. It features a White Cap and no specific applicator. SKU: 2135.,18-415 ITEMCODES - 18-415 ITEMCODES.csv
2136,Clear Round bottle (Unknown),Bottle,Glass,Clear,Unknown,Round,White,Cap,None,,cylinder-,A Clear Round Glass bottle with a capacity of Unknown. It features a White Cap and no specific applicator. SKU: 2136.,18-415 ITEMCODES - 18-415 ITEMCODES.csv
2137,Clear Round bottle (Unknown),Bottle,Glass,Clear,Unknown,Round,White,Cap,None,,cylinder-,A Clear Round Glass bottle with a capacity of Unknown. It features a White Cap and no specific applicator. SKU: 2137.,18-415 ITEMCODES - 18-415 ITEMCODES.csv
3138,Clear Round bottle (Unknown),Bottle,Glass,Clear,Unknown,Round,White,Cap,None,,cylinder-,A Clear Round Glass bottle with a capacity of Unknown. It features a White Cap and no specific applicator. SKU: 3138.,18-415 ITEMCODES - 18-415 ITEMCODES.csv
3137,Clear Round bottle (Unknown),Bottle,Glass,Clear,Unknown,Round,White,Cap,None,,cylinder-,A Clear Round Glass bottle with a capacity of Unknown. It features a White Cap and no specific applicator. SKU: 3137.,18-415 ITEMCODES - 18-415 ITEMCODES.csv
2140,Clear Round bottle (Unknown),Bottle,Glass,Clear,Unknown,Round,White,Cap,None,,cylinder-,A Clear Round Glass bottle with a capacity of Unknown. It features a White Cap and no specific applicator. SKU: 2140.,18-415 ITEMCODES - 18-415 ITEMCODES.csv
2141,Clear Round bottle (Unknown),Bottle,Glass,Clear,Unknown,Round,White,Cap,None,,cylinder-,A Clear Round Glass bottle with a capacity of Unknown. It features a White Cap and no specific applicator. SKU: 2141.,18-415 ITEMCODES - 18-415 ITEMCODES.csv
471,Clear Round bottle (Unknown),Bottle,Glass,Clear,Unknown,Round,White,Cap,None,,circle-,A Clear Round Glass bottle with a capacity of Unknown. It features a White Cap and no specific applicator. SKU: 471.,18-415 ITEMCODES - 18-415 ITEMCODES.csv
2142,Clear Round bottle (Unknown),Bottle,Glass,Clear,Unknown,Round,White,Cap,None,,circle-,A Clear Round Glass bottle with a capacity of Unknown. It features a White Cap and no specific applicator. SKU: 2142.,18-415 ITEMCODES - 18-415 ITEMCODES.csv
2143,Clear Round bottle (Unknown),Bottle,Glass,Clear,Unknown,Round,White,Cap,None,,circle-,A Clear Round Glass bottle with a capacity of Unknown. It features a White Cap and no specific applicator. SKU: 2143.,18-415 ITEMCODES - 18-415 ITEMCODES.csv
1193,Clear Round bottle (Unknown),Bottle,Glass,Clear,Unknown,Round,White,Cap,None,,circle-,A Clear Round Glass bottle with a capacity of Unknown. It features a White Cap and no specific applicator. SKU: 1193.,18-415 ITEMCODES - 18-415 ITEMCODES.csv
2144,Clear Round bottle (Unknown),Bottle,Glass,Clear,Unknown,Round,White,Cap,None,,circle-,A Clear Round Glass bottle with a capacity of Unknown. It features a White Cap and no specific applicator. SKU: 2144.,18-415 ITEMCODES - 18-415 ITEMCODES.csv
2145,Clear Round bottle (Unknown),Bottle,Glass,Clear,Unknown,Round,White,Cap,None,,circle-,A Clear Round Glass bottle with a capacity of Unknown. It features a White Cap and no specific applicator. SKU: 2145.,18-415 ITEMCODES - 18-415 ITEMCODES.csv
470,Clear Round bottle (Unknown),Bottle,Glass,Clear,Unknown,Round,White,Cap,None,,circle-,A Clear Round Glass bottle with a capacity of Unknown. It features a White Cap and no specific applicator. SKU: 470.,18-415 ITEMCODES - 18-415 ITEMCODES.csv
2146,Clear Round bottle (Unknown),Bottle,Glass,Clear,Unknown,Round,White,Cap,None,,circle-,A Clear Round Glass bottle with a capacity of Unknown. It features a White Cap and no specific applicator. SKU: 2146.,18-415 ITEMCODES - 18-415 ITEMCODES.csv
3411,Clear Round bottle (Unknown),Bottle,Glass,Clear,Unknown,Round,White,Cap,None,,circle-,A Clear Round Glass bottle with a capacity of Unknown. It features a White Cap and no specific applicator. SKU: 3411.,18-415 ITEMCODES - 18-415 ITEMCODES.csv
2147,Clear Round bottle (Unknown),Bottle,Glass,Clear,Unknown,Round,White,Cap,None,,circle-,A Clear Round Glass bottle with a capacity of Unknown. It features a White Cap and no specific applicator. SKU: 2147.,18-415 ITEMCODES - 18-415 ITEMCODES.csv
2148,Clear Round bottle (Unknown),Bottle,Glass,Clear,Unknown,Round,White,Cap,None,,circle-,A Clear Round Glass bottle with a capacity of Unknown. It features a White Cap and no specific applicator. SKU: 2148.,18-415 ITEMCODES - 18-415 ITEMCODES.csv
2149,Clear Round bottle (Unknown),Bottle,Glass,Clear,Unknown,Round,White,Cap,None,,circle-,A Clear Round Glass bottle with a capacity of Unknown. It features a White Cap and no specific applicator. SKU: 2149.,18-415 ITEMCODES - 18-415 ITEMCODES.csv
2150,Clear Round bottle (Unknown),Bottle,Glass,Clear,Unknown,Round,White,Cap,None,,circle-,A Clear Round Glass bottle with a capacity of Unknown. It features a White Cap and no specific applicator. SKU: 2150.,18-415 ITEMCODES - 18-415 ITEMCODES.csv
2151,Clear Round bottle (Unknown),Bottle,Glass,Clear,Unknown,Round,White,Cap,None,,circle-,A Clear Round Glass bottle with a capacity of Unknown. It features a White Cap and no specific applicator. SKU: 2151.,18-415 ITEMCODES - 18-415 ITEMCODES.csv
2152,Clear Round bottle (Unknown),Bottle,Glass,Clear,Unknown,Round,White,Cap,None,,circle-,A Clear Round Glass bottle with a capacity of Unknown. It features a White Cap and no specific applicator. SKU: 2152.,18-415 ITEMCODES - 18-415 ITEMCODES.csv
2153,Clear Round bottle (Unknown),Bottle,Glass,Clear,Unknown,Round,White,Cap,None,,circle-,A Clear Round Glass bottle with a capacity of Unknown. It features a White Cap and no specific applicator. SKU: 2153.,18-415 ITEMCODES - 18-415 ITEMCODES.csv
1244,Clear Round bottle (Unknown),Bottle,Glass,Clear,Unknown,Round,White,Cap,None,,circle-,A Clear Round Glass bottle with a capacity of Unknown. It features a White Cap and no specific applicator. SKU: 1244.,18-415 ITEMCODES - 18-415 ITEMCODES.csv
2154,Clear Round bottle (Unknown),Bottle,Glass,Clear,Unknown,Round,White,Cap,None,,circle-,A Clear Round Glass bottle with a capacity of Unknown. It features a White Cap and no specific applicator. SKU: 2154.,18-415 ITEMCODES - 18-415 ITEMCODES.csv
2155,Clear Round bottle (Unknown),Bottle,Glass,Clear,Unknown,Round,White,Cap,None,,circle-,A Clear Round Glass bottle with a capacity of Unknown. It features a White Cap and no specific applicator. SKU: 2155.,18-415 ITEMCODES - 18-415 ITEMCODES.csv
2156,Clear Round bottle (Unknown),Bottle,Glass,Clear,Unknown,Round,White,Cap,None,,circle-,A Clear Round Glass bottle with a capacity of Unknown. It features a White Cap and no specific applicator. SKU: 2156.,18-415 ITEMCODES - 18-415 ITEMCODES.csv
2157,Clear Round bottle (Unknown),Bottle,Glass,Clear,Unknown,Round,White,Cap,None,,circle-,A Clear Round Glass bottle with a capacity of Unknown. It features a White Cap and no specific applicator. SKU: 2157.,18-415 ITEMCODES - 18-415 ITEMCODES.csv
2158,Clear Round bottle (Unknown),Bottle,Glass,Clear,Unknown,Round,White,Cap,None,,circle-,A Clear Round Glass bottle with a capacity of Unknown. It features a White Cap and no specific applicator. SKU: 2158.,18-415 ITEMCODES - 18-415 ITEMCODES.csv
2159,Clear Round bottle (Unknown),Bottle,Glass,Clear,Unknown,Round,White,Cap,None,,circle-,A Clear Round Glass bottle with a capacity of Unknown. It features a White Cap and no specific applicator. SKU: 2159.,18-415 ITEMCODES - 18-415 ITEMCODES.csv
2160,Clear Round bottle (Unknown),Bottle,Glass,Clear,Unknown,Round,White,Cap,None,,circle-,A Clear Round Glass bottle with a capacity of Unknown. It features a White Cap and no specific applicator. SKU: 2160.,18-415 ITEMCODES - 18-415 ITEMCODES.csv
2161,Clear Round bottle (Unknown),Bottle,Glass,Clear,Unknown,Round,White,Cap,None,,circle-,A Clear Round Glass bottle with a capacity of Unknown. It features a White Cap and no specific applicator. SKU: 2161.,18-415 ITEMCODES - 18-415 ITEMCODES.csv
2162,Clear Round bottle (Unknown),Bottle,Glass,Clear,Unknown,Round,White,Cap,None,,circle-,A Clear Round Glass bottle with a capacity of Unknown. It features a White Cap and no specific applicator. SKU: 2162.,18-415 ITEMCODES - 18-415 ITEMCODES.csv
2163,Clear Round bottle (Unknown),Bottle,Glass,Clear,Unknown,Round,White,Cap,None,,circle-,A Clear Round Glass bottle with a capacity of Unknown. It features a White Cap and no specific applicator. SKU: 2163.,18-415 ITEMCODES - 18-415 ITEMCODES.csv
2164,Clear Round bottle (Unknown),Bottle,Glass,Clear,Unknown,Round,White,Cap,None,,circle-,A Clear Round Glass bottle with a capacity of Unknown. It features a White Cap and no specific applicator. SKU: 2164.,18-415 ITEMCODES - 18-415 ITEMCODES.csv
2165,Clear Round bottle (Unknown),Bottle,Glass,Clear,Unknown,Round,White,Cap,None,,circle-,A Clear Round Glass bottle with a capacity of Unknown. It features a White Cap and no specific applicator. SKU: 2165.,18-415 ITEMCODES - 18-415 ITEMCODES.csv
2166,Clear Round bottle (Unknown),Bottle,Glass,Clear,Unknown,Round,White,Cap,None,,circle-,A Clear Round Glass bottle with a capacity of Unknown. It features a White Cap and no specific applicator. SKU: 2166.,18-415 ITEMCODES - 18-415 ITEMCODES.csv
2167,Clear Round bottle (Unknown),Bottle,Glass,Clear,Unknown,Round,White,Cap,None,,circle-,A Clear Round Glass bottle with a capacity of Unknown. It features a White Cap and no specific applicator. SKU: 2167.,18-415 ITEMCODES - 18-415 ITEMCODES.csv
2168,Clear Round bottle (Unknown),Bottle,Glass,Clear,Unknown,Round,White,Cap,None,,circle-,A Clear Round Glass bottle with a capacity of Unknown. It features a White Cap and no specific applicator. SKU: 2168.,18-415 ITEMCODES - 18-415 ITEMCODES.csv
2169,Clear Round bottle (Unknown),Bottle,Glass,Clear,Unknown,Round,White,Cap,None,,circle-,A Clear Round Glass bottle with a capacity of Unknown. It features a White Cap and no specific applicator. SKU: 2169.,18-415 ITEMCODES - 18-415 ITEMCODES.csv
2170,Clear Round bottle (Unknown),Bottle,Glass,Clear,Unknown,Round,White,Cap,None,,circle-,A Clear Round Glass bottle with a capacity of Unknown. It features a White Cap and no specific applicator. SKU: 2170.,18-415 ITEMCODES - 18-415 ITEMCODES.csv
2171,Clear Round bottle (Unknown),Bottle,Glass,Clear,Unknown,Round,White,Cap,None,,circle-,A Clear Round Glass bottle with a capacity of Unknown. It features a White Cap and no specific applicator. SKU: 2171.,18-415 ITEMCODES - 18-415 ITEMCODES.csv
2172,Clear Round bottle (Unknown),Bottle,Glass,Clear,Unknown,Round,White,Cap,None,,circle-,A Clear Round Glass bottle with a capacity of Unknown. It features a White Cap and no specific applicator. SKU: 2172.,18-415 ITEMCODES - 18-415 ITEMCODES.csv
2173,Clear Round bottle (Unknown),Bottle,Glass,Clear,Unknown,Round,White,Cap,None,,circle-,A Clear Round Glass bottle with a capacity of Unknown. It features a White Cap and no specific applicator. SKU: 2173.,18-415 ITEMCODES - 18-415 ITEMCODES.csv
2174,Clear Round bottle (Unknown),Bottle,Glass,Clear,Unknown,Round,White,Cap,None,,circle-,A Clear Round Glass bottle with a capacity of Unknown. It features a White Cap and no specific applicator. SKU: 2174.,18-415 ITEMCODES - 18-415 ITEMCODES.csv
2175,Clear Round bottle (Unknown),Bottle,Glass,Clear,Unknown,Round,White,Cap,None,,circle-,A Clear Round Glass bottle with a capacity of Unknown. It features a White Cap and no specific applicator. SKU: 2175.,18-415 ITEMCODES - 18-415 ITEMCODES.csv
2176,Clear Round bottle (Unknown),Bottle,Glass,Clear,Unknown,Round,White,Cap,None,,circle-,A Clear Round Glass bottle with a capacity of Unknown. It features a White Cap and no specific applicator. SKU: 2176.,18-415 ITEMCODES - 18-415 ITEMCODES.csv
2177,Clear Round bottle (Unknown),Bottle,Glass,Clear,Unknown,Round,White,Cap,None,,circle-,A Clear Round Glass bottle with a capacity of Unknown. It features a White Cap and no specific applicator. SKU: 2177.,18-415 ITEMCODES - 18-415 ITEMCODES.csv
2178,Clear Round bottle (Unknown),Bottle,Glass,Clear,Unknown,Round,White,Cap,None,,circle-,A Clear Round Glass bottle with a capacity of Unknown. It features a White Cap and no specific applicator. SKU: 2178.,18-415 ITEMCODES - 18-415 ITEMCODES.csv
1195,Clear Round bottle (Unknown),Bottle,Glass,Clear,Unknown,Round,White,Cap,None,,circle-,A Clear Round Glass bottle with a capacity of Unknown. It features a White Cap and no specific applicator. SKU: 1195.,18-415 ITEMCODES - 18-415 ITEMCODES.csv
1194,Clear Round bottle (Unknown),Bottle,Glass,Clear,Unknown,Round,White,Cap,None,,circle-,A Clear Round Glass bottle with a capacity of Unknown. It features a White Cap and no specific applicator. SKU: 1194.,18-415 ITEMCODES - 18-415 ITEMCODES.csv
2179,Clear Round bottle (Unknown),Bottle,Glass,Clear,Unknown,Round,White,Cap,None,,circle-,A Clear Round Glass bottle with a capacity of Unknown. It features a White Cap and no specific applicator. SKU: 2179.,18-415 ITEMCODES - 18-415 ITEMCODES.csv
2180,Clear Round bottle (Unknown),Bottle,Glass,Clear,Unknown,Round,White,Cap,None,,circle-,A Clear Round Glass bottle with a capacity of Unknown. It features a White Cap and no specific applicator. SKU: 2180.,18-415 ITEMCODES - 18-415 ITEMCODES.csv
2181,Clear Round bottle (Unknown),Bottle,Glass,Clear,Unknown,Round,White,Cap,None,,circle-,A Clear Round Glass bottle with a capacity of Unknown. It features a White Cap and no specific applicator. SKU: 2181.,18-415 ITEMCODES - 18-415 ITEMCODES.csv
2182,Clear Round bottle (Unknown),Bottle,Glass,Clear,Unknown,Round,White,Cap,None,,circle-,A Clear Round Glass bottle with a capacity of Unknown. It features a White Cap and no specific applicator. SKU: 2182.,18-415 ITEMCODES - 18-415 ITEMCODES.csv
2183,Clear Round bottle (Unknown),Bottle,Glass,Clear,Unknown,Round,White,Cap,None,,circle-,A Clear Round Glass bottle with a capacity of Unknown. It features a White Cap and no specific applicator. SKU: 2183.,18-415 ITEMCODES - 18-415 ITEMCODES.csv
1188,Clear Round bottle (Unknown),Bottle,Glass,Clear,Unknown,Round,White,Cap,None,,circle-,A Clear Round Glass bottle with a capacity of Unknown. It features a White Cap and no specific applicator. SKU: 1188.,18-415 ITEMCODES - 18-415 ITEMCODES.csv
2184,Clear Round bottle (Unknown),Bottle,Glass,Clear,Unknown,Round,White,Cap,None,,circle-,A Clear Round Glass bottle with a capacity of Unknown. It features a White Cap and no specific applicator. SKU: 2184.,18-415 ITEMCODES - 18-415 ITEMCODES.csv
2185,Clear Round bottle (Unknown),Bottle,Glass,Clear,Unknown,Round,White,Cap,None,,circle-,A Clear Round Glass bottle with a capacity of Unknown. It features a White Cap and no specific applicator. SKU: 2185.,18-415 ITEMCODES - 18-415 ITEMCODES.csv
2186,Clear Round bottle (Unknown),Bottle,Glass,Clear,Unknown,Round,White,Cap,None,,circle-,A Clear Round Glass bottle with a capacity of Unknown. It features a White Cap and no specific applicator. SKU: 2186.,18-415 ITEMCODES - 18-415 ITEMCODES.csv
2187,Clear Round bottle (Unknown),Bottle,Glass,Clear,Unknown,Round,White,Cap,None,,circle-,A Clear Round Glass bottle with a capacity of Unknown. It features a White Cap and no specific applicator. SKU: 2187.,18-415 ITEMCODES - 18-415 ITEMCODES.csv
2188,Clear Round bottle (Unknown),Bottle,Glass,Clear,Unknown,Round,White,Cap,None,,circle-,A Clear Round Glass bottle with a capacity of Unknown. It features a White Cap and no specific applicator. SKU: 2188.,18-415 ITEMCODES - 18-415 ITEMCODES.csv
2189,Clear Round bottle (Unknown),Bottle,Glass,Clear,Unknown,Round,White,Cap,None,,circle-,A Clear Round Glass bottle with a capacity of Unknown. It features a White Cap and no specific applicator. SKU: 2189.,18-415 ITEMCODES - 18-415 ITEMCODES.csv
2190,Clear Round bottle (Unknown),Bottle,Glass,Clear,Unknown,Round,White,Cap,None,,circle-,A Clear Round Glass bottle with a capacity of Unknown. It features a White Cap and no specific applicator. SKU: 2190.,18-415 ITEMCODES - 18-415 ITEMCODES.csv
2191,Clear Round bottle (Unknown),Bottle,Glass,Clear,Unknown,Round,White,Cap,None,,circle-,A Clear Round Glass bottle with a capacity of Unknown. It features a White Cap and no specific applicator. SKU: 2191.,18-415 ITEMCODES - 18-415 ITEMCODES.csv
2192,Clear Round bottle (Unknown),Bottle,Glass,Clear,Unknown,Round,White,Cap,None,,circle-,A Clear Round Glass bottle with a capacity of Unknown. It features a White Cap and no specific applicator. SKU: 2192.,18-415 ITEMCODES - 18-415 ITEMCODES.csv
2193,Clear Round bottle (Unknown),Bottle,Glass,Clear,Unknown,Round,White,Cap,None,,circle-,A Clear Round Glass bottle with a capacity of Unknown. It features a White Cap and no specific applicator. SKU: 2193.,18-415 ITEMCODES - 18-415 ITEMCODES.csv
2194,Clear Round bottle (Unknown),Bottle,Glass,Clear,Unknown,Round,White,Cap,None,,circle-,A Clear Round Glass bottle with a capacity of Unknown. It features a White Cap and no specific applicator. SKU: 2194.,18-415 ITEMCODES - 18-415 ITEMCODES.csv
2195,Clear Round bottle (Unknown),Bottle,Glass,Clear,Unknown,Round,White,Cap,None,,circle-,A Clear Round Glass bottle with a capacity of Unknown. It features a White Cap and no specific applicator. SKU: 2195.,18-415 ITEMCODES - 18-415 ITEMCODES.csv
2196,Clear Round bottle (Unknown),Bottle,Glass,Clear,Unknown,Round,White,Cap,None,,circle-,A Clear Round Glass bottle with a capacity of Unknown. It features a White Cap and no specific applicator. SKU: 2196.,18-415 ITEMCODES - 18-415 ITEMCODES.csv
2197,Clear Round bottle (Unknown),Bottle,Glass,Clear,Unknown,Round,White,Cap,None,,circle-,A Clear Round Glass bottle with a capacity of Unknown. It features a White Cap and no specific applicator. SKU: 2197.,18-415 ITEMCODES - 18-415 ITEMCODES.csv
2198,Clear Round bottle (Unknown),Bottle,Glass,Clear,Unknown,Round,White,Cap,None,,circle-,A Clear Round Glass bottle with a capacity of Unknown. It features a White Cap and no specific applicator. SKU: 2198.,18-415 ITEMCODES - 18-415 ITEMCODES.csv
2199,Clear Round bottle (Unknown),Bottle,Glass,Clear,Unknown,Round,White,Cap,None,,circle-,A Clear Round Glass bottle with a capacity of Unknown. It features a White Cap and no specific applicator. SKU: 2199.,18-415 ITEMCODES - 18-415 ITEMCODES.csv
2201,Clear Round bottle (Unknown),Bottle,Glass,Clear,Unknown,Round,White,Cap,None,,circle-,A Clear Round Glass bottle with a capacity of Unknown. It features a White Cap and no specific applicator. SKU: 2201.,18-415 ITEMCODES - 18-415 ITEMCODES.csv
441,Clear Round bottle (Unknown),Bottle,Glass,Clear,Unknown,Round,White,Cap,None,,circle-,A Clear Round Glass bottle with a capacity of Unknown. It features a White Cap and no specific applicator. SKU: 441.,18-415 ITEMCODES - 18-415 ITEMCODES.csv
3501,Clear Round bottle (Unknown),Bottle,Glass,Clear,Unknown,Round,White,Cap,None,,circle-,A Clear Round Glass bottle with a capacity of Unknown. It features a White Cap and no specific applicator. SKU: 3501.,18-415 ITEMCODES - 18-415 ITEMCODES.csv
2202,Clear Round bottle (Unknown),Bottle,Glass,Clear,Unknown,Round,White,Cap,None,,circle-,A Clear Round Glass bottle with a capacity of Unknown. It features a White Cap and no specific applicator. SKU: 2202.,18-415 ITEMCODES - 18-415 ITEMCODES.csv
1025,Clear Round bottle (Unknown),Bottle,Glass,Clear,Unknown,Round,White,Cap,None,,circle-,A Clear Round Glass bottle with a capacity of Unknown. It features a White Cap and no specific applicator. SKU: 1025.,18-415 ITEMCODES - 18-415 ITEMCODES.csv
440,Clear Round bottle (Unknown),Bottle,Glass,Clear,Unknown,Round,White,Cap,None,,circle-,A Clear Round Glass bottle with a capacity of Unknown. It features a White Cap and no specific applicator. SKU: 440.,18-415 ITEMCODES - 18-415 ITEMCODES.csv
2204,Clear Round bottle (Unknown),Bottle,Glass,Clear,Unknown,Round,White,Cap,None,,circle-,A Clear Round Glass bottle with a capacity of Unknown. It features a White Cap and no specific applicator. SKU: 2204.,18-415 ITEMCODES - 18-415 ITEMCODES.csv
438,Clear Round bottle (Unknown),Bottle,Glass,Clear,Unknown,Round,White,Cap,None,,circle-,A Clear Round Glass bottle with a capacity of Unknown. It features a White Cap and no specific applicator. SKU: 438.,18-415 ITEMCODES - 18-415 ITEMCODES.csv
2206,Clear Round bottle (Unknown),Bottle,Glass,Clear,Unknown,Round,White,Cap,None,,circle-,A Clear Round Glass bottle with a capacity of Unknown. It features a White Cap and no specific applicator. SKU: 2206.,18-415 ITEMCODES - 18-415 ITEMCODES.csv
1026,Clear Round bottle (Unknown),Bottle,Glass,Clear,Unknown,Round,White,Cap,None,,circle-,A Clear Round Glass bottle with a capacity of Unknown. It features a White Cap and no specific applicator. SKU: 1026.,18-415 ITEMCODES - 18-415 ITEMCODES.csv
446,Clear Round bottle (Unknown),Bottle,Glass,Clear,Unknown,Round,White,Cap,None,,circle-,A Clear Round Glass bottle with a capacity of Unknown. It features a White Cap and no specific applicator. SKU: 446.,18-415 ITEMCODES - 18-415 ITEMCODES.csv
445,Clear Round bottle (Unknown),Bottle,Glass,Clear,Unknown,Round,White,Cap,None,,circle-,A Clear Round Glass bottle with a capacity of Unknown. It features a White Cap and no specific applicator. SKU: 445.,18-415 ITEMCODES - 18-415 ITEMCODES.csv
1224,Clear Round bottle (Unknown),Bottle,Glass,Clear,Unknown,Round,White,Cap,None,,circle-,A Clear Round Glass bottle with a capacity of Unknown. It features a White Cap and no specific applicator. SKU: 1224.,18-415 ITEMCODES - 18-415 ITEMCODES.csv
2208,Clear Round bottle (Unknown),Bottle,Glass,Clear,Unknown,Round,White,Cap,None,,circle-,A Clear Round Glass bottle with a capacity of Unknown. It features a White Cap and no specific applicator. SKU: 2208.,18-415 ITEMCODES - 18-415 ITEMCODES.csv
447,Clear Round bottle (Unknown),Bottle,Glass,Clear,Unknown,Round,White,Cap,None,,circle-,A Clear Round Glass bottle with a capacity of Unknown. It features a White Cap and no specific applicator. SKU: 447.,18-415 ITEMCODES - 18-415 ITEMCODES.csv
1225,Clear Round bottle (Unknown),Bottle,Glass,Clear,Unknown,Round,White,Cap,None,,circle-,A Clear Round Glass bottle with a capacity of Unknown. It features a White Cap and no specific applicator. SKU: 1225.,18-415 ITEMCODES - 18-415 ITEMCODES.csv
443,Clear Round bottle (Unknown),Bottle,Glass,Clear,Unknown,Round,White,Cap,None,,circle-,A Clear Round Glass bottle with a capacity of Unknown. It features a White Cap and no specific applicator. SKU: 443.,18-415 ITEMCODES - 18-415 ITEMCODES.csv
3206,Clear Round bottle (Unknown),Bottle,Glass,Clear,Unknown,Round,White,Cap,None,,circle-,A Clear Round Glass bottle with a capacity of Unknown. It features a White Cap and no specific applicator. SKU: 3206.,18-415 ITEMCODES - 18-415 ITEMCODES.csv
444,Clear Round bottle (Unknown),Bottle,Glass,Clear,Unknown,Round,White,Cap,None,,circle-,A Clear Round Glass bottle with a capacity of Unknown. It features a White Cap and no specific applicator. SKU: 444.,18-415 ITEMCODES - 18-415 ITEMCODES.csv
1189,Clear Round bottle (Unknown),Bottle,Glass,Clear,Unknown,Round,White,Cap,None,,circle-,A Clear Round Glass bottle with a capacity of Unknown. It features a White Cap and no specific applicator. SKU: 1189.,18-415 ITEMCODES - 18-415 ITEMCODES.csv
2210,Clear Round bottle (Unknown),Bottle,Glass,Clear,Unknown,Round,White,Cap,None,,circle-,A Clear Round Glass bottle with a capacity of Unknown. It features a White Cap and no specific applicator. SKU: 2210.,18-415 ITEMCODES - 18-415 ITEMCODES.csv
2212,Clear Round bottle (Unknown),Bottle,Glass,Clear,Unknown,Round,White,Cap,None,,circle-,A Clear Round Glass bottle with a capacity of Unknown. It features a White Cap and no specific applicator. SKU: 2212.,18-415 ITEMCODES - 18-415 ITEMCODES.csv
2214,Clear Round bottle (Unknown),Bottle,Glass,Clear,Unknown,Round,White,Cap,None,,circle-,A Clear Round Glass bottle with a capacity of Unknown. It features a White Cap and no specific applicator. SKU: 2214.,18-415 ITEMCODES - 18-415 ITEMCODES.csv
411,Clear Round bottle (Unknown),Bottle,Glass,Clear,Unknown,Round,White,Cap,None,,circle-,A Clear Round Glass bottle with a capacity of Unknown. It features a White Cap and no specific applicator. SKU: 411.,18-415 ITEMCODES - 18-415 ITEMCODES.csv
2217,Clear Round bottle (Unknown),Bottle,Glass,Clear,Unknown,Round,White,Cap,None,,circle-,A Clear Round Glass bottle with a capacity of Unknown. It features a White Cap and no specific applicator. SKU: 2217.,18-415 ITEMCODES - 18-415 ITEMCODES.csv
2219,Clear Round bottle (Unknown),Bottle,Glass,Clear,Unknown,Round,White,Cap,None,,circle-,A Clear Round Glass bottle with a capacity of Unknown. It features a White Cap and no specific applicator. SKU: 2219.,18-415 ITEMCODES - 18-415 ITEMCODES.csv
1190,Clear Round bottle (Unknown),Bottle,Glass,Clear,Unknown,Round,White,Cap,None,,circle-,A Clear Round Glass bottle with a capacity of Unknown. It features a White Cap and no specific applicator. SKU: 1190.,18-415 ITEMCODES - 18-415 ITEMCODES.csv
2221,Clear Round bottle (Unknown),Bottle,Glass,Clear,Unknown,Round,White,Cap,None,,circle-,A Clear Round Glass bottle with a capacity of Unknown. It features a White Cap and no specific applicator. SKU: 2221.,18-415 ITEMCODES - 18-415 ITEMCODES.csv
2223,Clear Round bottle (Unknown),Bottle,Glass,Clear,Unknown,Round,White,Cap,None,,circle-,A Clear Round Glass bottle with a capacity of Unknown. It features a White Cap and no specific applicator. SKU: 2223.,18-415 ITEMCODES - 18-415 ITEMCODES.csv
410,Clear Round bottle (Unknown),Bottle,Glass,Clear,Unknown,Round,White,Cap,None,,circle-,A Clear Round Glass bottle with a capacity of Unknown. It features a White Cap and no specific applicator. SKU: 410.,18-415 ITEMCODES - 18-415 ITEMCODES.csv
2225,Clear Round bottle (Unknown),Bottle,Glass,Clear,Unknown,Round,White,Cap,None,,circle-,A Clear Round Glass bottle with a capacity of Unknown. It features a White Cap and no specific applicator. SKU: 2225.,18-415 ITEMCODES - 18-415 ITEMCODES.csv
2227,Clear Round bottle (Unknown),Bottle,Glass,Clear,Unknown,Round,White,Cap,None,,circle-,A Clear Round Glass bottle with a capacity of Unknown. It features a White Cap and no specific applicator. SKU: 2227.,18-415 ITEMCODES - 18-415 ITEMCODES.csv
2229,Clear Round bottle (Unknown),Bottle,Glass,Clear,Unknown,Round,White,Cap,None,,circle-,A Clear Round Glass bottle with a capacity of Unknown. It features a White Cap and no specific applicator. SKU: 2229.,18-415 ITEMCODES - 18-415 ITEMCODES.csv
2231,Clear Round bottle (Unknown),Bottle,Glass,Clear,Unknown,Round,White,Cap,None,,circle-,A Clear Round Glass bottle with a capacity of Unknown. It features a White Cap and no specific applicator. SKU: 2231.,18-415 ITEMCODES - 18-415 ITEMCODES.csv
2233,Clear Round bottle (Unknown),Bottle,Glass,Clear,Unknown,Round,White,Cap,None,,circle-,A Clear Round Glass bottle with a capacity of Unknown. It features a White Cap and no specific applicator. SKU: 2233.,18-415 ITEMCODES - 18-415 ITEMCODES.csv
2235,Clear Round bottle (Unknown),Bottle,Glass,Clear,Unknown,Round,White,Cap,None,,circle-,A Clear Round Glass bottle with a capacity of Unknown. It features a White Cap and no specific applicator. SKU: 2235.,18-415 ITEMCODES - 18-415 ITEMCODES.csv
2237,Clear Round bottle (Unknown),Bottle,Glass,Clear,Unknown,Round,White,Cap,None,,circle-,A Clear Round Glass bottle with a capacity of Unknown. It features a White Cap and no specific applicator. SKU: 2237.,18-415 ITEMCODES - 18-415 ITEMCODES.csv
2239,Clear Round bottle (Unknown),Bottle,Glass,Clear,Unknown,Round,White,Cap,None,,circle-,A Clear Round Glass bottle with a capacity of Unknown. It features a White Cap and no specific applicator. SKU: 2239.,18-415 ITEMCODES - 18-415 ITEMCODES.csv
2241,Clear Round bottle (Unknown),Bottle,Glass,Clear,Unknown,Round,White,Cap,None,,circle-,A Clear Round Glass bottle with a capacity of Unknown. It features a White Cap and no specific applicator. SKU: 2241.,18-415 ITEMCODES - 18-415 ITEMCODES.csv
2243,Clear Round bottle (Unknown),Bottle,Glass,Clear,Unknown,Round,White,Cap,None,,circle-,A Clear Round Glass bottle with a capacity of Unknown. It features a White Cap and no specific applicator. SKU: 2243.,18-415 ITEMCODES - 18-415 ITEMCODES.csv
2245,Clear Round bottle (Unknown),Bottle,Glass,Clear,Unknown,Round,White,Cap,None,,circle-,A Clear Round Glass bottle with a capacity of Unknown. It features a White Cap and no specific applicator. SKU: 2245.,18-415 ITEMCODES - 18-415 ITEMCODES.csv
2247,Clear Round bottle (Unknown),Bottle,Glass,Clear,Unknown,Round,White,Cap,None,,circle-,A Clear Round Glass bottle with a capacity of Unknown. It features a White Cap and no specific applicator. SKU: 2247.,18-415 ITEMCODES - 18-415 ITEMCODES.csv
2249,Clear Round bottle (Unknown),Bottle,Glass,Clear,Unknown,Round,White,Cap,None,,circle-,A Clear Round Glass bottle with a capacity of Unknown. It features a White Cap and no specific applicator. SKU: 2249.,18-415 ITEMCODES - 18-415 ITEMCODES.csv
2251,Clear Round bottle (Unknown),Bottle,Glass,Clear,Unknown,Round,White,Cap,None,,circle-,A Clear Round Glass bottle with a capacity of Unknown. It features a White Cap and no specific applicator. SKU: 2251.,18-415 ITEMCODES - 18-415 ITEMCODES.csv
898,Clear Round bottle (Unknown),Bottle,Glass,Clear,Unknown,Round,White,Cap,None,,circle-,A Clear Round Glass bottle with a capacity of Unknown. It features a White Cap and no specific applicator. SKU: 898.,18-415 ITEMCODES - 18-415 ITEMCODES.csv
899,Clear Round bottle (Unknown),Bottle,Glass,Clear,Unknown,Round,White,Cap,None,,circle-,A Clear Round Glass bottle with a capacity of Unknown. It features a White Cap and no specific applicator. SKU: 899.,18-415 ITEMCODES - 18-415 ITEMCODES.csv
2253,Clear Round bottle (Unknown),Bottle,Glass,Clear,Unknown,Round,White,Cap,None,,circle-,A Clear Round Glass bottle with a capacity of Unknown. It features a White Cap and no specific applicator. SKU: 2253.,18-415 ITEMCODES - 18-415 ITEMCODES.csv
3207,Clear Round bottle (Unknown),Bottle,Glass,Clear,Unknown,Round,White,Cap,None,,circle-,A Clear Round Glass bottle with a capacity of Unknown. It features a White Cap and no specific applicator. SKU: 3207.,18-415 ITEMCODES - 18-415 ITEMCODES.csv
894,Clear Round bottle (Unknown),Bottle,Glass,Clear,Unknown,Round,White,Cap,None,,circle-,A Clear Round Glass bottle with a capacity of Unknown. It features a White Cap and no specific applicator. SKU: 894.,18-415 ITEMCODES - 18-415 ITEMCODES.csv
896,Clear Round bottle (Unknown),Bottle,Glass,Clear,Unknown,Round,White,Cap,None,,circle-,A Clear Round Glass bottle with a capacity of Unknown. It features a White Cap and no specific applicator. SKU: 896.,18-415 ITEMCODES - 18-415 ITEMCODES.csv
893,Clear Round bottle (Unknown),Bottle,Glass,Clear,Unknown,Round,White,Cap,None,,circle-,A Clear Round Glass bottle with a capacity of Unknown. It features a White Cap and no specific applicator. SKU: 893.,18-415 ITEMCODES - 18-415 ITEMCODES.csv
2255,Clear Round bottle (Unknown),Bottle,Glass,Clear,Unknown,Round,White,Cap,None,,circle-,A Clear Round Glass bottle with a capacity of Unknown. It features a White Cap and no specific applicator. SKU: 2255.,18-415 ITEMCODES - 18-415 ITEMCODES.csv
969,Clear Round bottle (Unknown),Bottle,Glass,Clear,Unknown,Round,White,Cap,None,,circle-,A Clear Round Glass bottle with a capacity of Unknown. It features a White Cap and no specific applicator. SKU: 969.,18-415 ITEMCODES - 18-415 ITEMCODES.csv
902,Clear Round bottle (Unknown),Bottle,Glass,Clear,Unknown,Round,White,Cap,None,,circle-,A Clear Round Glass bottle with a capacity of Unknown. It features a White Cap and no specific applicator. SKU: 902.,18-415 ITEMCODES - 18-415 ITEMCODES.csv
895,Clear Round bottle (Unknown),Bottle,Glass,Clear,Unknown,Round,White,Cap,None,,circle-,A Clear Round Glass bottle with a capacity of Unknown. It features a White Cap and no specific applicator. SKU: 895.,18-415 ITEMCODES - 18-415 ITEMCODES.csv
897,Clear Round bottle (Unknown),Bottle,Glass,Clear,Unknown,Round,White,Cap,None,,circle-,A Clear Round Glass bottle with a capacity of Unknown. It features a White Cap and no specific applicator. SKU: 897.,18-415 ITEMCODES - 18-415 ITEMCODES.csv
2257,Clear Round bottle (Unknown),Bottle,Glass,Clear,Unknown,Round,White,Cap,None,,circle-,A Clear Round Glass bottle with a capacity of Unknown. It features a White Cap and no specific applicator. SKU: 2257.,18-415 ITEMCODES - 18-415 ITEMCODES.csv
903,Clear Round bottle (Unknown),Bottle,Glass,Clear,Unknown,Round,White,Cap,None,,circle-,A Clear Round Glass bottle with a capacity of Unknown. It features a White Cap and no specific applicator. SKU: 903.,18-415 ITEMCODES - 18-415 ITEMCODES.csv
966,Clear Round bottle (Unknown),Bottle,Glass,Clear,Unknown,Round,White,Cap,None,,circle-,A Clear Round Glass bottle with a capacity of Unknown. It features a White Cap and no specific applicator. SKU: 966.,18-415 ITEMCODES - 18-415 ITEMCODES.csv
900,Clear Round bottle (Unknown),Bottle,Glass,Clear,Unknown,Round,White,Cap,None,,circle-,A Clear Round Glass bottle with a capacity of Unknown. It features a White Cap and no specific applicator. SKU: 900.,18-415 ITEMCODES - 18-415 ITEMCODES.csv
2259,Clear Round bottle (Unknown),Bottle,Glass,Clear,Unknown,Round,White,Cap,None,,circle-,A Clear Round Glass bottle with a capacity of Unknown. It features a White Cap and no specific applicator. SKU: 2259.,18-415 ITEMCODES - 18-415 ITEMCODES.csv
901,Clear Round bottle (Unknown),Bottle,Glass,Clear,Unknown,Round,White,Cap,None,,circle-,A Clear Round Glass bottle with a capacity of Unknown. It features a White Cap and no specific applicator. SKU: 901.,18-415 ITEMCODES - 18-415 ITEMCODES.csv
1192,Clear Round bottle (Unknown),Bottle,Glass,Clear,Unknown,Round,White,Cap,None,,circle-,A Clear Round Glass bottle with a capacity of Unknown. It features a White Cap and no specific applicator. SKU: 1192.,18-415 ITEMCODES - 18-415 ITEMCODES.csv
1191,Clear Round bottle (Unknown),Bottle,Glass,Clear,Unknown,Round,White,Cap,None,,circle-,A Clear Round Glass bottle with a capacity of Unknown. It features a White Cap and no specific applicator. SKU: 1191.,18-415 ITEMCODES - 18-415 ITEMCODES.csv
2260,Clear Round bottle (Unknown),Bottle,Glass,Clear,Unknown,Round,White,Cap,None,,circle-,A Clear Round Glass bottle with a capacity of Unknown. It features a White Cap and no specific applicator. SKU: 2260.,18-415 ITEMCODES - 18-415 ITEMCODES.csv
2261,Clear Round bottle (Unknown),Bottle,Glass,Clear,Unknown,Round,White,Cap,None,,circle-,A Clear Round Glass bottle with a capacity of Unknown. It features a White Cap and no specific applicator. SKU: 2261.,18-415 ITEMCODES - 18-415 ITEMCODES.csv
2262,Clear Round bottle (Unknown),Bottle,Glass,Clear,Unknown,Round,White,Cap,None,,round-,A Clear Round Glass bottle with a capacity of Unknown. It features a White Cap and no specific applicator. SKU: 2262.,18-415 ITEMCODES - 18-415 ITEMCODES.csv
2263,Clear Round bottle (Unknown),Bottle,Glass,Clear,Unknown,Round,White,Cap,None,,round-,A Clear Round Glass bottle with a capacity of Unknown. It features a White Cap and no specific applicator. SKU: 2263.,18-415 ITEMCODES - 18-415 ITEMCODES.csv
2264,Clear Round bottle (Unknown),Bottle,Glass,Clear,Unknown,Round,White,Cap,None,,round-,A Clear Round Glass bottle with a capacity of Unknown. It features a White Cap and no specific applicator. SKU: 2264.,18-415 ITEMCODES - 18-415 ITEMCODES.csv
1153,Clear Round bottle (Unknown),Bottle,Glass,Clear,Unknown,Round,White,Cap,None,,round-,A Clear Round Glass bottle with a capacity of Unknown. It features a White Cap and no specific applicator. SKU: 1153.,18-415 ITEMCODES - 18-415 ITEMCODES.csv
2265,Clear Round bottle (Unknown),Bottle,Glass,Clear,Unknown,Round,White,Cap,None,,round-,A Clear Round Glass bottle with a capacity of Unknown. It features a White Cap and no specific applicator. SKU: 2265.,18-415 ITEMCODES - 18-415 ITEMCODES.csv
2266,Clear Round bottle (Unknown),Bottle,Glass,Clear,Unknown,Round,White,Cap,None,,round-,A Clear Round Glass bottle with a capacity of Unknown. It features a White Cap and no specific applicator. SKU: 2266.,18-415 ITEMCODES - 18-415 ITEMCODES.csv
2267,Clear Round bottle (Unknown),Bottle,Glass,Clear,Unknown,Round,White,Cap,None,,round-,A Clear Round Glass bottle with a capacity of Unknown. It features a White Cap and no specific applicator. SKU: 2267.,18-415 ITEMCODES - 18-415 ITEMCODES.csv
2268,Clear Round bottle (Unknown),Bottle,Glass,Clear,Unknown,Round,White,Cap,None,,round-,A Clear Round Glass bottle with a capacity of Unknown. It features a White Cap and no specific applicator. SKU: 2268.,18-415 ITEMCODES - 18-415 ITEMCODES.csv
2269,Clear Round bottle (Unknown),Bottle,Glass,Clear,Unknown,Round,White,Cap,None,,round-,A Clear Round Glass bottle with a capacity of Unknown. It features a White Cap and no specific applicator. SKU: 2269.,18-415 ITEMCODES - 18-415 ITEMCODES.csv
2270,Clear Round bottle (Unknown),Bottle,Glass,Clear,Unknown,Round,White,Cap,None,,round-,A Clear Round Glass bottle with a capacity of Unknown. It features a White Cap and no specific applicator. SKU: 2270.,18-415 ITEMCODES - 18-415 ITEMCODES.csv
2271,Clear Round bottle (Unknown),Bottle,Glass,Clear,Unknown,Round,White,Cap,None,,round-,A Clear Round Glass bottle with a capacity of Unknown. It features a White Cap and no specific applicator. SKU: 2271.,18-415 ITEMCODES - 18-415 ITEMCODES.csv
3502,Clear Round bottle (Unknown),Bottle,Glass,Clear,Unknown,Round,White,Cap,None,,round-,A Clear Round Glass bottle with a capacity of Unknown. It features a White Cap and no specific applicator. SKU: 3502.,18-415 ITEMCODES - 18-415 ITEMCODES.csv
3503,Clear Round bottle (Unknown),Bottle,Glass,Clear,Unknown,Round,White,Cap,None,,round-,A Clear Round Glass bottle with a capacity of Unknown. It features a White Cap and no specific applicator. SKU: 3503.,18-415 ITEMCODES - 18-415 ITEMCODES.csv
2272,Clear Round bottle (Unknown),Bottle,Glass,Clear,Unknown,Round,White,Cap,None,,round-,A Clear Round Glass bottle with a capacity of Unknown. It features a White Cap and no specific applicator. SKU: 2272.,18-415 ITEMCODES - 18-415 ITEMCODES.csv
3504,Clear Round bottle (Unknown),Bottle,Glass,Clear,Unknown,Round,White,Cap,None,,round-,A Clear Round Glass bottle with a capacity of Unknown. It features a White Cap and no specific applicator. SKU: 3504.,18-415 ITEMCODES - 18-415 ITEMCODES.csv
3505,Clear Round bottle (Unknown),Bottle,Glass,Clear,Unknown,Round,White,Cap,None,,round-,A Clear Round Glass bottle with a capacity of Unknown. It features a White Cap and no specific applicator. SKU: 3505.,18-415 ITEMCODES - 18-415 ITEMCODES.csv
3506,Clear Round bottle (Unknown),Bottle,Glass,Clear,Unknown,Round,White,Cap,None,,round-,A Clear Round Glass bottle with a capacity of Unknown. It features a White Cap and no specific applicator. SKU: 3506.,18-415 ITEMCODES - 18-415 ITEMCODES.csv
2273,Clear Round bottle (Unknown),Bottle,Glass,Clear,Unknown,Round,White,Cap,None,,round-,A Clear Round Glass bottle with a capacity of Unknown. It features a White Cap and no specific applicator. SKU: 2273.,18-415 ITEMCODES - 18-415 ITEMCODES.csv
3507,Clear Round bottle (Unknown),Bottle,Glass,Clear,Unknown,Round,White,Cap,None,,round-,A Clear Round Glass bottle with a capacity of Unknown. It features a White Cap and no specific applicator. SKU: 3507.,18-415 ITEMCODES - 18-415 ITEMCODES.csv
3508,Clear Round bottle (Unknown),Bottle,Glass,Clear,Unknown,Round,White,Cap,None,,round-,A Clear Round Glass bottle with a capacity of Unknown. It features a White Cap and no specific applicator. SKU: 3508.,18-415 ITEMCODES - 18-415 ITEMCODES.csv
3509,Clear Round bottle (Unknown),Bottle,Glass,Clear,Unknown,Round,White,Cap,None,,round-,A Clear Round Glass bottle with a capacity of Unknown. It features a White Cap and no specific applicator. SKU: 3509.,18-415 ITEMCODES - 18-415 ITEMCODES.csv
187,Clear Round bottle (Unknown),Bottle,Glass,Clear,Unknown,Round,White,Cap,None,,round-,A Clear Round Glass bottle with a capacity of Unknown. It features a White Cap and no specific applicator. SKU: 187.,18-415 ITEMCODES - 18-415 ITEMCODES.csv
185,Clear Round bottle (Unknown),Bottle,Glass,Clear,Unknown,Round,White,Cap,None,,round-,A Clear Round Glass bottle with a capacity of Unknown. It features a White Cap and no specific applicator. SKU: 185.,18-415 ITEMCODES - 18-415 ITEMCODES.csv
2274,Clear Round bottle (Unknown),Bottle,Glass,Clear,Unknown,Round,White,Cap,None,,round-,A Clear Round Glass bottle with a capacity of Unknown. It features a White Cap and no specific applicator. SKU: 2274.,18-415 ITEMCODES - 18-415 ITEMCODES.csv
1027,Clear Round bottle (Unknown),Bottle,Glass,Clear,Unknown,Round,White,Cap,None,,round-,A Clear Round Glass bottle with a capacity of Unknown. It features a White Cap and no specific applicator. SKU: 1027.,18-415 ITEMCODES - 18-415 ITEMCODES.csv
254,Clear Round bottle (Unknown),Bottle,Glass,Clear,Unknown,Round,White,Cap,None,,round-,A Clear Round Glass bottle with a capacity of Unknown. It features a White Cap and no specific applicator. SKU: 254.,18-415 ITEMCODES - 18-415 ITEMCODES.csv
186,Clear Round bottle (Unknown),Bottle,Glass,Clear,Unknown,Round,White,Cap,None,,round-,A Clear Round Glass bottle with a capacity of Unknown. It features a White Cap and no specific applicator. SKU: 186.,18-415 ITEMCODES - 18-415 ITEMCODES.csv
184,Clear Round bottle (Unknown),Bottle,Glass,Clear,Unknown,Round,White,Cap,None,,round-,A Clear Round Glass bottle with a capacity of Unknown. It features a White Cap and no specific applicator. SKU: 184.,18-415 ITEMCODES - 18-415 ITEMCODES.csv
2276,Clear Round bottle (Unknown),Bottle,Glass,Clear,Unknown,Round,White,Cap,None,,round-,A Clear Round Glass bottle with a capacity of Unknown. It features a White Cap and no specific applicator. SKU: 2276.,18-415 ITEMCODES - 18-415 ITEMCODES.csv
2277,Clear Round bottle (Unknown),Bottle,Glass,Clear,Unknown,Round,White,Cap,None,,round-,A Clear Round Glass bottle with a capacity of Unknown. It features a White Cap and no specific applicator. SKU: 2277.,18-415 ITEMCODES - 18-415 ITEMCODES.csv
252,Clear Round bottle (Unknown),Bottle,Glass,Clear,Unknown,Round,White,Cap,None,,round-,A Clear Round Glass bottle with a capacity of Unknown. It features a White Cap and no specific applicator. SKU: 252.,18-415 ITEMCODES - 18-415 ITEMCODES.csv
251,Clear Round bottle (Unknown),Bottle,Glass,Clear,Unknown,Round,White,Cap,None,,round-,A Clear Round Glass bottle with a capacity of Unknown. It features a White Cap and no specific applicator. SKU: 251.,18-415 ITEMCODES - 18-415 ITEMCODES.csv
1211,Clear Round bottle (Unknown),Bottle,Glass,Clear,Unknown,Round,White,Cap,None,,round-,A Clear Round Glass bottle with a capacity of Unknown. It features a White Cap and no specific applicator. SKU: 1211.,18-415 ITEMCODES - 18-415 ITEMCODES.csv
2278,Clear Round bottle (Unknown),Bottle,Glass,Clear,Unknown,Round,White,Cap,None,,round-,A Clear Round Glass bottle with a capacity of Unknown. It features a White Cap and no specific applicator. SKU: 2278.,18-415 ITEMCODES - 18-415 ITEMCODES.csv
250,Clear Round bottle (Unknown),Bottle,Glass,Clear,Unknown,Round,White,Cap,None,,round-,A Clear Round Glass bottle with a capacity of Unknown. It features a White Cap and no specific applicator. SKU: 250.,18-415 ITEMCODES - 18-415 ITEMCODES.csv
1212,Clear Round bottle (Unknown),Bottle,Glass,Clear,Unknown,Round,White,Cap,None,,round-,A Clear Round Glass bottle with a capacity of Unknown. It features a White Cap and no specific applicator. SKU: 1212.,18-415 ITEMCODES - 18-415 ITEMCODES.csv
249,Clear Round bottle (Unknown),Bottle,Glass,Clear,Unknown,Round,White,Cap,None,,round-,A Clear Round Glass bottle with a capacity of Unknown. It features a White Cap and no specific applicator. SKU: 249.,18-415 ITEMCODES - 18-415 ITEMCODES.csv
2279,Clear Round bottle (Unknown),Bottle,Glass,Clear,Unknown,Round,White,Cap,None,,round-,A Clear Round Glass bottle with a capacity of Unknown. It features a White Cap and no specific applicator. SKU: 2279.,18-415 ITEMCODES - 18-415 ITEMCODES.csv
253,Clear Round bottle (Unknown),Bottle,Glass,Clear,Unknown,Round,White,Cap,None,,round-,A Clear Round Glass bottle with a capacity of Unknown. It features a White Cap and no specific applicator. SKU: 253.,18-415 ITEMCODES - 18-415 ITEMCODES.csv
2280,Clear Round bottle (Unknown),Bottle,Glass,Clear,Unknown,Round,White,Cap,None,,round-,A Clear Round Glass bottle with a capacity of Unknown. It features a White Cap and no specific applicator. SKU: 2280.,18-415 ITEMCODES - 18-415 ITEMCODES.csv
2281,Clear Round bottle (Unknown),Bottle,Glass,Clear,Unknown,Round,White,Cap,None,,round-,A Clear Round Glass bottle with a capacity of Unknown. It features a White Cap and no specific applicator. SKU: 2281.,18-415 ITEMCODES - 18-415 ITEMCODES.csv
2282,Clear Round bottle (Unknown),Bottle,Glass,Clear,Unknown,Round,White,Cap,None,,round-,A Clear Round Glass bottle with a capacity of Unknown. It features a White Cap and no specific applicator. SKU: 2282.,18-415 ITEMCODES - 18-415 ITEMCODES.csv
2283,Clear Round bottle (Unknown),Bottle,Glass,Clear,Unknown,Round,White,Cap,None,,round-,A Clear Round Glass bottle with a capacity of Unknown. It features a White Cap and no specific applicator. SKU: 2283.,18-415 ITEMCODES - 18-415 ITEMCODES.csv
1154,Clear Round bottle (Unknown),Bottle,Glass,Clear,Unknown,Round,White,Cap,None,,round-,A Clear Round Glass bottle with a capacity of Unknown. It features a White Cap and no specific applicator. SKU: 1154.,18-415 ITEMCODES - 18-415 ITEMCODES.csv
2284,Clear Round bottle (Unknown),Bottle,Glass,Clear,Unknown,Round,White,Cap,None,,round-,A Clear Round Glass bottle with a capacity of Unknown. It features a White Cap and no specific applicator. SKU: 2284.,18-415 ITEMCODES - 18-415 ITEMCODES.csv
2285,Clear Round bottle (Unknown),Bottle,Glass,Clear,Unknown,Round,White,Cap,None,,round-,A Clear Round Glass bottle with a capacity of Unknown. It features a White Cap and no specific applicator. SKU: 2285.,18-415 ITEMCODES - 18-415 ITEMCODES.csv
2286,Clear Round bottle (Unknown),Bottle,Glass,Clear,Unknown,Round,White,Cap,None,,round-,A Clear Round Glass bottle with a capacity of Unknown. It features a White Cap and no specific applicator. SKU: 2286.,18-415 ITEMCODES - 18-415 ITEMCODES.csv
2287,Clear Round bottle (Unknown),Bottle,Glass,Clear,Unknown,Round,White,Cap,None,,round-,A Clear Round Glass bottle with a capacity of Unknown. It features a White Cap and no specific applicator. SKU: 2287.,18-415 ITEMCODES - 18-415 ITEMCODES.csv
2288,Clear Round bottle (Unknown),Bottle,Glass,Clear,Unknown,Round,White,Cap,None,,round-,A Clear Round Glass bottle with a capacity of Unknown. It features a White Cap and no specific applicator. SKU: 2288.,18-415 ITEMCODES - 18-415 ITEMCODES.csv
3143,Clear Round bottle (Unknown),Bottle,Glass,Clear,Unknown,Round,White,Cap,None,,round-,A Clear Round Glass bottle with a capacity of Unknown. It features a White Cap and no specific applicator. SKU: 3143.,18-415 ITEMCODES - 18-415 ITEMCODES.csv
2290,Clear Round bottle (Unknown),Bottle,Glass,Clear,Unknown,Round,White,Cap,None,,round-,A Clear Round Glass bottle with a capacity of Unknown. It features a White Cap and no specific applicator. SKU: 2290.,18-415 ITEMCODES - 18-415 ITEMCODES.csv
2291,Clear Round bottle (Unknown),Bottle,Glass,Clear,Unknown,Round,White,Cap,None,,round-,A Clear Round Glass bottle with a capacity of Unknown. It features a White Cap and no specific applicator. SKU: 2291.,18-415 ITEMCODES - 18-415 ITEMCODES.csv
2292,Clear Round bottle (Unknown),Bottle,Glass,Clear,Unknown,Round,White,Cap,None,,round-,A Clear Round Glass bottle with a capacity of Unknown. It features a White Cap and no specific applicator. SKU: 2292.,18-415 ITEMCODES - 18-415 ITEMCODES.csv
2293,Clear Round bottle (Unknown),Bottle,Glass,Clear,Unknown,Round,White,Cap,None,,round-,A Clear Round Glass bottle with a capacity of Unknown. It features a White Cap and no specific applicator. SKU: 2293.,18-415 ITEMCODES - 18-415 ITEMCODES.csv
2294,Clear Round bottle (Unknown),Bottle,Glass,Clear,Unknown,Round,White,Cap,None,,round-,A Clear Round Glass bottle with a capacity of Unknown. It features a White Cap and no specific applicator. SKU: 2294.,18-415 ITEMCODES - 18-415 ITEMCODES.csv
2295,Clear Round bottle (Unknown),Bottle,Glass,Clear,Unknown,Round,White,Cap,None,,round-,A Clear Round Glass bottle with a capacity of Unknown. It features a White Cap and no specific applicator. SKU: 2295.,18-415 ITEMCODES - 18-415 ITEMCODES.csv
2296,Clear Round bottle (Unknown),Bottle,Glass,Clear,Unknown,Round,White,Cap,None,,round-,A Clear Round Glass bottle with a capacity of Unknown. It features a White Cap and no specific applicator. SKU: 2296.,18-415 ITEMCODES - 18-415 ITEMCODES.csv
2297,Clear Round bottle (Unknown),Bottle,Glass,Clear,Unknown,Round,White,Cap,None,,round-,A Clear Round Glass bottle with a capacity of Unknown. It features a White Cap and no specific applicator. SKU: 2297.,18-415 ITEMCODES - 18-415 ITEMCODES.csv
868,Clear Round bottle (Unknown),Bottle,Glass,Clear,Unknown,Round,White,Cap,None,,round-,A Clear Round Glass bottle with a capacity of Unknown. It features a White Cap and no specific applicator. SKU: 868.,18-415 ITEMCODES - 18-415 ITEMCODES.csv
2298,Clear Round bottle (Unknown),Bottle,Glass,Clear,Unknown,Round,White,Cap,None,,round-,A Clear Round Glass bottle with a capacity of Unknown. It features a White Cap and no specific applicator. SKU: 2298.,18-415 ITEMCODES - 18-415 ITEMCODES.csv
1100,Clear Round bottle (Unknown),Bottle,Glass,Clear,Unknown,Round,White,Cap,None,,round-,A Clear Round Glass bottle with a capacity of Unknown. It features a White Cap and no specific applicator. SKU: 1100.,18-415 ITEMCODES - 18-415 ITEMCODES.csv
2299,Clear Round bottle (Unknown),Bottle,Glass,Clear,Unknown,Round,White,Cap,None,,round-,A Clear Round Glass bottle with a capacity of Unknown. It features a White Cap and no specific applicator. SKU: 2299.,18-415 ITEMCODES - 18-415 ITEMCODES.csv
869,Clear Round bottle (Unknown),Bottle,Glass,Clear,Unknown,Round,White,Cap,None,,round-,A Clear Round Glass bottle with a capacity of Unknown. It features a White Cap and no specific applicator. SKU: 869.,18-415 ITEMCODES - 18-415 ITEMCODES.csv
2300,Clear Round bottle (Unknown),Bottle,Glass,Clear,Unknown,Round,White,Cap,None,,round-,A Clear Round Glass bottle with a capacity of Unknown. It features a White Cap and no specific applicator. SKU: 2300.,18-415 ITEMCODES - 18-415 ITEMCODES.csv
2301,Clear Round bottle (Unknown),Bottle,Glass,Clear,Unknown,Round,White,Cap,None,,round-,A Clear Round Glass bottle with a capacity of Unknown. It features a White Cap and no specific applicator. SKU: 2301.,18-415 ITEMCODES - 18-415 ITEMCODES.csv
870,Clear Round bottle (Unknown),Bottle,Glass,Clear,Unknown,Round,White,Cap,None,,round-,A Clear Round Glass bottle with a capacity of Unknown. It features a White Cap and no specific applicator. SKU: 870.,18-415 ITEMCODES - 18-415 ITEMCODES.csv
2302,Clear Round bottle (Unknown),Bottle,Glass,Clear,Unknown,Round,White,Cap,None,,round-,A Clear Round Glass bottle with a capacity of Unknown. It features a White Cap and no specific applicator. SKU: 2302.,18-415 ITEMCODES - 18-415 ITEMCODES.csv
906,Clear Round bottle (Unknown),Bottle,Glass,Clear,Unknown,Round,White,Cap,None,,round-,A Clear Round Glass bottle with a capacity of Unknown. It features a White Cap and no specific applicator. SKU: 906.,18-415 ITEMCODES - 18-415 ITEMCODES.csv
867,Clear Round bottle (Unknown),Bottle,Glass,Clear,Unknown,Round,White,Cap,None,,round-,A Clear Round Glass bottle with a capacity of Unknown. It features a White Cap and no specific applicator. SKU: 867.,18-415 ITEMCODES - 18-415 ITEMCODES.csv
2303,Clear Round bottle (Unknown),Bottle,Glass,Clear,Unknown,Round,White,Cap,None,,round-,A Clear Round Glass bottle with a capacity of Unknown. It features a White Cap and no specific applicator. SKU: 2303.,18-415 ITEMCODES - 18-415 ITEMCODES.csv
866,Clear Round bottle (Unknown),Bottle,Glass,Clear,Unknown,Round,White,Cap,None,,round-,A Clear Round Glass bottle with a capacity of Unknown. It features a White Cap and no specific applicator. SKU: 866.,18-415 ITEMCODES - 18-415 ITEMCODES.csv
864,Clear Round bottle (Unknown),Bottle,Glass,Clear,Unknown,Round,White,Cap,None,,round-,A Clear Round Glass bottle with a capacity of Unknown. It features a White Cap and no specific applicator. SKU: 864.,18-415 ITEMCODES - 18-415 ITEMCODES.csv
865,Clear Round bottle (Unknown),Bottle,Glass,Clear,Unknown,Round,White,Cap,None,,round-,A Clear Round Glass bottle with a capacity of Unknown. It features a White Cap and no specific applicator. SKU: 865.,18-415 ITEMCODES - 18-415 ITEMCODES.csv
863,Clear Round bottle (Unknown),Bottle,Glass,Clear,Unknown,Round,White,Cap,None,,round-,A Clear Round Glass bottle with a capacity of Unknown. It features a White Cap and no specific applicator. SKU: 863.,18-415 ITEMCODES - 18-415 ITEMCODES.csv
2304,Clear Round bottle (Unknown),Bottle,Glass,Clear,Unknown,Round,White,Cap,None,,round-,A Clear Round Glass bottle with a capacity of Unknown. It features a White Cap and no specific applicator. SKU: 2304.,18-415 ITEMCODES - 18-415 ITEMCODES.csv
973,Clear Round bottle (Unknown),Bottle,Glass,Clear,Unknown,Round,White,Cap,None,,round-,A Clear Round Glass bottle with a capacity of Unknown. It features a White Cap and no specific applicator. SKU: 973.,18-415 ITEMCODES - 18-415 ITEMCODES.csv
891,Clear Round bottle (Unknown),Bottle,Glass,Clear,Unknown,Round,White,Cap,None,,round-,A Clear Round Glass bottle with a capacity of Unknown. It features a White Cap and no specific applicator. SKU: 891.,18-415 ITEMCODES - 18-415 ITEMCODES.csv
890,Clear Round bottle (Unknown),Bottle,Glass,Clear,Unknown,Round,White,Cap,None,,round-,A Clear Round Glass bottle with a capacity of Unknown. It features a White Cap and no specific applicator. SKU: 890.,18-415 ITEMCODES - 18-415 ITEMCODES.csv
1023,Clear Round bottle (Unknown),Bottle,Glass,Clear,Unknown,Round,White,Cap,None,,round-,A Clear Round Glass bottle with a capacity of Unknown. It features a White Cap and no specific applicator. SKU: 1023.,18-415 ITEMCODES - 18-415 ITEMCODES.csv
2305,Clear Round bottle (Unknown),Bottle,Glass,Clear,Unknown,Round,White,Cap,None,,round-,A Clear Round Glass bottle with a capacity of Unknown. It features a White Cap and no specific applicator. SKU: 2305.,18-415 ITEMCODES - 18-415 ITEMCODES.csv
892,Clear Round bottle (Unknown),Bottle,Glass,Clear,Unknown,Round,White,Cap,None,,round-,A Clear Round Glass bottle with a capacity of Unknown. It features a White Cap and no specific applicator. SKU: 892.,18-415 ITEMCODES - 18-415 ITEMCODES.csv
3144,Clear Round bottle (Unknown),Bottle,Glass,Clear,Unknown,Round,White,Cap,None,,round-,A Clear Round Glass bottle with a capacity of Unknown. It features a White Cap and no specific applicator. SKU: 3144.,18-415 ITEMCODES - 18-415 ITEMCODES.csv
888,Clear Round bottle (Unknown),Bottle,Glass,Clear,Unknown,Round,White,Cap,None,,round-,A Clear Round Glass bottle with a capacity of Unknown. It features a White Cap and no specific applicator. SKU: 888.,18-415 ITEMCODES - 18-415 ITEMCODES.csv
2306,Clear Round bottle (Unknown),Bottle,Glass,Clear,Unknown,Round,White,Cap,None,,round-,A Clear Round Glass bottle with a capacity of Unknown. It features a White Cap and no specific applicator. SKU: 2306.,18-415 ITEMCODES - 18-415 ITEMCODES.csv
889,Clear Round bottle (Unknown),Bottle,Glass,Clear,Unknown,Round,White,Cap,None,,round-,A Clear Round Glass bottle with a capacity of Unknown. It features a White Cap and no specific applicator. SKU: 889.,18-415 ITEMCODES - 18-415 ITEMCODES.csv
3145,Clear Round bottle (Unknown),Bottle,Glass,Clear,Unknown,Round,White,Cap,None,,round-,A Clear Round Glass bottle with a capacity of Unknown. It features a White Cap and no specific applicator. SKU: 3145.,18-415 ITEMCODES - 18-415 ITEMCODES.csv
2307,Clear Round bottle (Unknown),Bottle,Glass,Clear,Unknown,Round,White,Cap,None,,round-,A Clear Round Glass bottle with a capacity of Unknown. It features a White Cap and no specific applicator. SKU: 2307.,18-415 ITEMCODES - 18-415 ITEMCODES.csv
2308,Clear Round bottle (Unknown),Bottle,Glass,Clear,Unknown,Round,White,Cap,None,,round-,A Clear Round Glass bottle with a capacity of Unknown. It features a White Cap and no specific applicator. SKU: 2308.,18-415 ITEMCODES - 18-415 ITEMCODES.csv
2309,Clear Round bottle (Unknown),Bottle,Glass,Clear,Unknown,Round,White,Cap,None,,round-,A Clear Round Glass bottle with a capacity of Unknown. It features a White Cap and no specific applicator. SKU: 2309.,18-415 ITEMCODES - 18-415 ITEMCODES.csv
850,Clear Round bottle (Unknown),Bottle,Glass,Clear,Unknown,Round,White,Cap,None,,round-,A Clear Round Glass bottle with a capacity of Unknown. It features a White Cap and no specific applicator. SKU: 850.,18-415 ITEMCODES - 18-415 ITEMCODES.csv
2310,Clear Round bottle (Unknown),Bottle,Glass,Clear,Unknown,Round,White,Cap,None,,round-,A Clear Round Glass bottle with a capacity of Unknown. It features a White Cap and no specific applicator. SKU: 2310.,18-415 ITEMCODES - 18-415 ITEMCODES.csv
2311,Clear Round bottle (Unknown),Bottle,Glass,Clear,Unknown,Round,White,Cap,None,,round-,A Clear Round Glass bottle with a capacity of Unknown. It features a White Cap and no specific applicator. SKU: 2311.,18-415 ITEMCODES - 18-415 ITEMCODES.csv
1179,Clear Round bottle (Unknown),Bottle,Glass,Clear,Unknown,Round,White,Cap,None,,round-,A Clear Round Glass bottle with a capacity of Unknown. It features a White Cap and no specific applicator. SKU: 1179.,18-415 ITEMCODES - 18-415 ITEMCODES.csv
2312,Clear Round bottle (Unknown),Bottle,Glass,Clear,Unknown,Round,White,Cap,None,,round-,A Clear Round Glass bottle with a capacity of Unknown. It features a White Cap and no specific applicator. SKU: 2312.,18-415 ITEMCODES - 18-415 ITEMCODES.csv
2313,Clear Round bottle (Unknown),Bottle,Glass,Clear,Unknown,Round,White,Cap,None,,round-,A Clear Round Glass bottle with a capacity of Unknown. It features a White Cap and no specific applicator. SKU: 2313.,18-415 ITEMCODES - 18-415 ITEMCODES.csv
851,Clear Round bottle (Unknown),Bottle,Glass,Clear,Unknown,Round,White,Cap,None,,round-,A Clear Round Glass bottle with a capacity of Unknown. It features a White Cap and no specific applicator. SKU: 851.,18-415 ITEMCODES - 18-415 ITEMCODES.csv
2314,Clear Round bottle (Unknown),Bottle,Glass,Clear,Unknown,Round,White,Cap,None,,round-,A Clear Round Glass bottle with a capacity of Unknown. It features a White Cap and no specific applicator. SKU: 2314.,18-415 ITEMCODES - 18-415 ITEMCODES.csv
3510,Clear Round bottle (Unknown),Bottle,Glass,Clear,Unknown,Round,White,Cap,None,,round-,A Clear Round Glass bottle with a capacity of Unknown. It features a White Cap and no specific applicator. SKU: 3510.,18-415 ITEMCODES - 18-415 ITEMCODES.csv
2315,Clear Round bottle (Unknown),Bottle,Glass,Clear,Unknown,Round,White,Cap,None,,round-,A Clear Round Glass bottle with a capacity of Unknown. It features a White Cap and no specific applicator. SKU: 2315.,18-415 ITEMCODES - 18-415 ITEMCODES.csv
2316,Clear Round bottle (Unknown),Bottle,Glass,Clear,Unknown,Round,White,Cap,None,,round-,A Clear Round Glass bottle with a capacity of Unknown. It features a White Cap and no specific applicator. SKU: 2316.,18-415 ITEMCODES - 18-415 ITEMCODES.csv
2317,Clear Round bottle (Unknown),Bottle,Glass,Clear,Unknown,Round,White,Cap,None,,round-,A Clear Round Glass bottle with a capacity of Unknown. It features a White Cap and no specific applicator. SKU: 2317.,18-415 ITEMCODES - 18-415 ITEMCODES.csv
3511,Clear Round bottle (Unknown),Bottle,Glass,Clear,Unknown,Round,White,Cap,None,,round-,A Clear Round Glass bottle with a capacity of Unknown. It features a White Cap and no specific applicator. SKU: 3511.,18-415 ITEMCODES - 18-415 ITEMCODES.csv
2318,Clear Round bottle (Unknown),Bottle,Glass,Clear,Unknown,Round,White,Cap,None,,round-,A Clear Round Glass bottle with a capacity of Unknown. It features a White Cap and no specific applicator. SKU: 2318.,18-415 ITEMCODES - 18-415 ITEMCODES.csv
3512,Clear Round bottle (Unknown),Bottle,Glass,Clear,Unknown,Round,White,Cap,None,,round-,A Clear Round Glass bottle with a capacity of Unknown. It features a White Cap and no specific applicator. SKU: 3512.,18-415 ITEMCODES - 18-415 ITEMCODES.csv
2319,Clear Round bottle (Unknown),Bottle,Glass,Clear,Unknown,Round,White,Cap,None,,round-,A Clear Round Glass bottle with a capacity of Unknown. It features a White Cap and no specific applicator. SKU: 2319.,18-415 ITEMCODES - 18-415 ITEMCODES.csv
2320,Clear Round bottle (Unknown),Bottle,Glass,Clear,Unknown,Round,White,Cap,None,,round-,A Clear Round Glass bottle with a capacity of Unknown. It features a White Cap and no specific applicator. SKU: 2320.,18-415 ITEMCODES - 18-415 ITEMCODES.csv
2321,Clear Round bottle (Unknown),Bottle,Glass,Clear,Unknown,Round,White,Cap,None,,round-,A Clear Round Glass bottle with a capacity of Unknown. It features a White Cap and no specific applicator. SKU: 2321.,18-415 ITEMCODES - 18-415 ITEMCODES.csv
2322,Clear Round bottle (Unknown),Bottle,Glass,Clear,Unknown,Round,White,Cap,None,,round-,A Clear Round Glass bottle with a capacity of Unknown. It features a White Cap and no specific applicator. SKU: 2322.,18-415 ITEMCODES - 18-415 ITEMCODES.csv
3513,Clear Round bottle (Unknown),Bottle,Glass,Clear,Unknown,Round,White,Cap,None,,round-,A Clear Round Glass bottle with a capacity of Unknown. It features a White Cap and no specific applicator. SKU: 3513.,18-415 ITEMCODES - 18-415 ITEMCODES.csv
2323,Clear Round bottle (Unknown),Bottle,Glass,Clear,Unknown,Round,White,Cap,None,,round-,A Clear Round Glass bottle with a capacity of Unknown. It features a White Cap and no specific applicator. SKU: 2323.,18-415 ITEMCODES - 18-415 ITEMCODES.csv
180,Clear Round bottle (Unknown),Bottle,Glass,Clear,Unknown,Round,White,Cap,None,,round-,A Clear Round Glass bottle with a capacity of Unknown. It features a White Cap and no specific applicator. SKU: 180.,18-415 ITEMCODES - 18-415 ITEMCODES.csv
179,Clear Round bottle (Unknown),Bottle,Glass,Clear,Unknown,Round,White,Cap,None,,round-,A Clear Round Glass bottle with a capacity of Unknown. It features a White Cap and no specific applicator. SKU: 179.,18-415 ITEMCODES - 18-415 ITEMCODES.csv
2324,Clear Round bottle (Unknown),Bottle,Glass,Clear,Unknown,Round,White,Cap,None,,round-,A Clear Round Glass bottle with a capacity of Unknown. It features a White Cap and no specific applicator. SKU: 2324.,18-415 ITEMCODES - 18-415 ITEMCODES.csv
1217,Clear Round bottle (Unknown),Bottle,Glass,Clear,Unknown,Round,White,Cap,None,,round-,A Clear Round Glass bottle with a capacity of Unknown. It features a White Cap and no specific applicator. SKU: 1217.,18-415 ITEMCODES - 18-415 ITEMCODES.csv
224,Clear Round bottle (Unknown),Bottle,Glass,Clear,Unknown,Round,White,Cap,None,,round-,A Clear Round Glass bottle with a capacity of Unknown. It features a White Cap and no specific applicator. SKU: 224.,18-415 ITEMCODES - 18-415 ITEMCODES.csv
181,Clear Round bottle (Unknown),Bottle,Glass,Clear,Unknown,Round,White,Cap,None,,round-,A Clear Round Glass bottle with a capacity of Unknown. It features a White Cap and no specific applicator. SKU: 181.,18-415 ITEMCODES - 18-415 ITEMCODES.csv
178,Clear Round bottle (Unknown),Bottle,Glass,Clear,Unknown,Round,White,Cap,None,,round-,A Clear Round Glass bottle with a capacity of Unknown. It features a White Cap and no specific applicator. SKU: 178.,18-415 ITEMCODES - 18-415 ITEMCODES.csv
2325,Clear Round bottle (Unknown),Bottle,Glass,Clear,Unknown,Round,White,Cap,None,,round-,A Clear Round Glass bottle with a capacity of Unknown. It features a White Cap and no specific applicator. SKU: 2325.,18-415 ITEMCODES - 18-415 ITEMCODES.csv
1218,Clear Round bottle (Unknown),Bottle,Glass,Clear,Unknown,Round,White,Cap,None,,round-,A Clear Round Glass bottle with a capacity of Unknown. It features a White Cap and no specific applicator. SKU: 1218.,18-415 ITEMCODES - 18-415 ITEMCODES.csv
2326,Clear Round bottle (Unknown),Bottle,Glass,Clear,Unknown,Round,White,Cap,None,,round-,A Clear Round Glass bottle with a capacity of Unknown. It features a White Cap and no specific applicator. SKU: 2326.,18-415 ITEMCODES - 18-415 ITEMCODES.csv
241,Clear Round bottle (Unknown),Bottle,Glass,Clear,Unknown,Round,White,Cap,None,,round-,A Clear Round Glass bottle with a capacity of Unknown. It features a White Cap and no specific applicator. SKU: 241.,18-415 ITEMCODES - 18-415 ITEMCODES.csv
3514,Clear Round bottle (Unknown),Bottle,Glass,Clear,Unknown,Round,White,Cap,None,,round-,A Clear Round Glass bottle with a capacity of Unknown. It features a White Cap and no specific applicator. SKU: 3514.,18-415 ITEMCODES - 18-415 ITEMCODES.csv
2327,Clear Round bottle (Unknown),Bottle,Glass,Clear,Unknown,Round,White,Cap,None,,round-,A Clear Round Glass bottle with a capacity of Unknown. It features a White Cap and no specific applicator. SKU: 2327.,18-415 ITEMCODES - 18-415 ITEMCODES.csv
2328,Clear Round bottle (Unknown),Bottle,Glass,Clear,Unknown,Round,White,Cap,None,,round-,A Clear Round Glass bottle with a capacity of Unknown. It features a White Cap and no specific applicator. SKU: 2328.,18-415 ITEMCODES - 18-415 ITEMCODES.csv
2329,Clear Round bottle (Unknown),Bottle,Glass,Clear,Unknown,Round,White,Cap,None,,round-,A Clear Round Glass bottle with a capacity of Unknown. It features a White Cap and no specific applicator. SKU: 2329.,18-415 ITEMCODES - 18-415 ITEMCODES.csv
240,Clear Round bottle (Unknown),Bottle,Glass,Clear,Unknown,Round,White,Cap,None,,round-,A Clear Round Glass bottle with a capacity of Unknown. It features a White Cap and no specific applicator. SKU: 240.,18-415 ITEMCODES - 18-415 ITEMCODES.csv
2330,Clear Round bottle (Unknown),Bottle,Glass,Clear,Unknown,Round,White,Cap,None,,round-,A Clear Round Glass bottle with a capacity of Unknown. It features a White Cap and no specific applicator. SKU: 2330.,18-415 ITEMCODES - 18-415 ITEMCODES.csv
225,Clear Round bottle (Unknown),Bottle,Glass,Clear,Unknown,Round,White,Cap,None,,round-,A Clear Round Glass bottle with a capacity of Unknown. It features a White Cap and no specific applicator. SKU: 225.,18-415 ITEMCODES - 18-415 ITEMCODES.csv
1180,Clear Round bottle (Unknown),Bottle,Glass,Clear,Unknown,Round,White,Cap,None,,round-,A Clear Round Glass bottle with a capacity of Unknown. It features a White Cap and no specific applicator. SKU: 1180.,18-415 ITEMCODES - 18-415 ITEMCODES.csv
1172,Clear Round bottle (Unknown),Bottle,Glass,Clear,Unknown,Round,White,Cap,None,,round-,A Clear Round Glass bottle with a capacity of Unknown. It features a White Cap and no specific applicator. SKU: 1172.,18-415 ITEMCODES - 18-415 ITEMCODES.csv
2331,Clear Round bottle (Unknown),Bottle,Glass,Clear,Unknown,Round,White,Cap,None,,round-,A Clear Round Glass bottle with a capacity of Unknown. It features a White Cap and no specific applicator. SKU: 2331.,18-415 ITEMCODES - 18-415 ITEMCODES.csv
2332,Clear Round bottle (Unknown),Bottle,Glass,Clear,Unknown,Round,White,Cap,None,,round-,A Clear Round Glass bottle with a capacity of Unknown. It features a White Cap and no specific applicator. SKU: 2332.,18-415 ITEMCODES - 18-415 ITEMCODES.csv
997,Clear Round bottle (Unknown),Bottle,Glass,Clear,Unknown,Round,White,Cap,None,,round-,A Clear Round Glass bottle with a capacity of Unknown. It features a White Cap and no specific applicator. SKU: 997.,18-415 ITEMCODES - 18-415 ITEMCODES.csv
2334,Clear Round bottle (Unknown),Bottle,Glass,Clear,Unknown,Round,White,Cap,None,,round-,A Clear Round Glass bottle with a capacity of Unknown. It features a White Cap and no specific applicator. SKU: 2334.,18-415 ITEMCODES - 18-415 ITEMCODES.csv
2335,Clear Round bottle (Unknown),Bottle,Glass,Clear,Unknown,Round,White,Cap,None,,round-,A Clear Round Glass bottle with a capacity of Unknown. It features a White Cap and no specific applicator. SKU: 2335.,18-415 ITEMCODES - 18-415 ITEMCODES.csv
2336,Clear Round bottle (Unknown),Bottle,Glass,Clear,Unknown,Round,White,Cap,None,,round-,A Clear Round Glass bottle with a capacity of Unknown. It features a White Cap and no specific applicator. SKU: 2336.,18-415 ITEMCODES - 18-415 ITEMCODES.csv
2337,Clear Round bottle (Unknown),Bottle,Glass,Clear,Unknown,Round,White,Cap,None,,round-,A Clear Round Glass bottle with a capacity of Unknown. It features a White Cap and no specific applicator. SKU: 2337.,18-415 ITEMCODES - 18-415 ITEMCODES.csv
2338,Clear Round bottle (Unknown),Bottle,Glass,Clear,Unknown,Round,White,Cap,None,,round-,A Clear Round Glass bottle with a capacity of Unknown. It features a White Cap and no specific applicator. SKU: 2338.,18-415 ITEMCODES - 18-415 ITEMCODES.csv
996,Clear Round bottle (Unknown),Bottle,Glass,Clear,Unknown,Round,White,Cap,None,,round-,A Clear Round Glass bottle with a capacity of Unknown. It features a White Cap and no specific applicator. SKU: 996.,18-415 ITEMCODES - 18-415 ITEMCODES.csv
2340,Clear Round bottle (Unknown),Bottle,Glass,Clear,Unknown,Round,White,Cap,None,,round-,A Clear Round Glass bottle with a capacity of Unknown. It features a White Cap and no specific applicator. SKU: 2340.,18-415 ITEMCODES - 18-415 ITEMCODES.csv
2341,Clear Round bottle (Unknown),Bottle,Glass,Clear,Unknown,Round,White,Cap,None,,round-,A Clear Round Glass bottle with a capacity of Unknown. It features a White Cap and no specific applicator. SKU: 2341.,18-415 ITEMCODES - 18-415 ITEMCODES.csv
2342,Clear Round bottle (Unknown),Bottle,Glass,Clear,Unknown,Round,White,Cap,None,,round-,A Clear Round Glass bottle with a capacity of Unknown. It features a White Cap and no specific applicator. SKU: 2342.,18-415 ITEMCODES - 18-415 ITEMCODES.csv
2343,Clear Round bottle (Unknown),Bottle,Glass,Clear,Unknown,Round,White,Cap,None,,round-,A Clear Round Glass bottle with a capacity of Unknown. It features a White Cap and no specific applicator. SKU: 2343.,18-415 ITEMCODES - 18-415 ITEMCODES.csv
2344,Clear Round bottle (Unknown),Bottle,Glass,Clear,Unknown,Round,White,Cap,None,,round-,A Clear Round Glass bottle with a capacity of Unknown. It features a White Cap and no specific applicator. SKU: 2344.,18-415 ITEMCODES - 18-415 ITEMCODES.csv
3515,Clear Round bottle (Unknown),Bottle,Glass,Clear,Unknown,Round,White,Cap,None,,round-,A Clear Round Glass bottle with a capacity of Unknown. It features a White Cap and no specific applicator. SKU: 3515.,18-415 ITEMCODES - 18-415 ITEMCODES.csv
2345,Clear Round bottle (Unknown),Bottle,Glass,Clear,Unknown,Round,White,Cap,None,,round-,A Clear Round Glass bottle with a capacity of Unknown. It features a White Cap and no specific applicator. SKU: 2345.,18-415 ITEMCODES - 18-415 ITEMCODES.csv
3516,Clear Round bottle (Unknown),Bottle,Glass,Clear,Unknown,Round,White,Cap,None,,round-,A Clear Round Glass bottle with a capacity of Unknown. It features a White Cap and no specific applicator. SKU: 3516.,18-415 ITEMCODES - 18-415 ITEMCODES.csv
2346,Clear Round bottle (Unknown),Bottle,Glass,Clear,Unknown,Round,White,Cap,None,,round-,A Clear Round Glass bottle with a capacity of Unknown. It features a White Cap and no specific applicator. SKU: 2346.,18-415 ITEMCODES - 18-415 ITEMCODES.csv
2347,Clear Round bottle (Unknown),Bottle,Glass,Clear,Unknown,Round,White,Cap,None,,round-,A Clear Round Glass bottle with a capacity of Unknown. It features a White Cap and no specific applicator. SKU: 2347.,18-415 ITEMCODES - 18-415 ITEMCODES.csv
2348,Clear Round bottle (Unknown),Bottle,Glass,Clear,Unknown,Round,White,Cap,None,,round-,A Clear Round Glass bottle with a capacity of Unknown. It features a White Cap and no specific applicator. SKU: 2348.,18-415 ITEMCODES - 18-415 ITEMCODES.csv
2349,Clear Round bottle (Unknown),Bottle,Glass,Clear,Unknown,Round,White,Cap,None,,round-,A Clear Round Glass bottle with a capacity of Unknown. It features a White Cap and no specific applicator. SKU: 2349.,18-415 ITEMCODES - 18-415 ITEMCODES.csv
3517,Clear Round bottle (Unknown),Bottle,Glass,Clear,Unknown,Round,White,Cap,None,,round-,A Clear Round Glass bottle with a capacity of Unknown. It features a White Cap and no specific applicator. SKU: 3517.,18-415 ITEMCODES - 18-415 ITEMCODES.csv
2350,Clear Round bottle (Unknown),Bottle,Glass,Clear,Unknown,Round,White,Cap,None,,round-,A Clear Round Glass bottle with a capacity of Unknown. It features a White Cap and no specific applicator. SKU: 2350.,18-415 ITEMCODES - 18-415 ITEMCODES.csv
979,Clear Round bottle (Unknown),Bottle,Glass,Clear,Unknown,Round,White,Cap,None,,round-,A Clear Round Glass bottle with a capacity of Unknown. It features a White Cap and no specific applicator. SKU: 979.,18-415 ITEMCODES - 18-415 ITEMCODES.csv
980,Clear Round bottle (Unknown),Bottle,Glass,Clear,Unknown,Round,White,Cap,None,,round-,A Clear Round Glass bottle with a capacity of Unknown. It features a White Cap and no specific applicator. SKU: 980.,18-415 ITEMCODES - 18-415 ITEMCODES.csv
2351,Clear Round bottle (Unknown),Bottle,Glass,Clear,Unknown,Round,White,Cap,None,,round-,A Clear Round Glass bottle with a capacity of Unknown. It features a White Cap and no specific applicator. SKU: 2351.,18-415 ITEMCODES - 18-415 ITEMCODES.csv
978,Clear Round bottle (Unknown),Bottle,Glass,Clear,Unknown,Round,White,Cap,None,,round-,A Clear Round Glass bottle with a capacity of Unknown. It features a White Cap and no specific applicator. SKU: 978.,18-415 ITEMCODES - 18-415 ITEMCODES.csv
976,Clear Round bottle (Unknown),Bottle,Glass,Clear,Unknown,Round,White,Cap,None,,round-,A Clear Round Glass bottle with a capacity of Unknown. It features a White Cap and no specific applicator. SKU: 976.,18-415 ITEMCODES - 18-415 ITEMCODES.csv
977,Clear Round bottle (Unknown),Bottle,Glass,Clear,Unknown,Round,White,Cap,None,,round-,A Clear Round Glass bottle with a capacity of Unknown. It features a White Cap and no specific applicator. SKU: 977.,18-415 ITEMCODES - 18-415 ITEMCODES.csv
975,Clear Round bottle (Unknown),Bottle,Glass,Clear,Unknown,Round,White,Cap,None,,round-,A Clear Round Glass bottle with a capacity of Unknown. It features a White Cap and no specific applicator. SKU: 975.,18-415 ITEMCODES - 18-415 ITEMCODES.csv
2352,Clear Round bottle (Unknown),Bottle,Glass,Clear,Unknown,Round,White,Cap,None,,round-,A Clear Round Glass bottle with a capacity of Unknown. It features a White Cap and no specific applicator. SKU: 2352.,18-415 ITEMCODES - 18-415 ITEMCODES.csv
982,Clear Round bottle (Unknown),Bottle,Glass,Clear,Unknown,Round,White,Cap,None,,round-,A Clear Round Glass bottle with a capacity of Unknown. It features a White Cap and no specific applicator. SKU: 982.,18-415 ITEMCODES - 18-415 ITEMCODES.csv
989,Clear Round bottle (Unknown),Bottle,Glass,Clear,Unknown,Round,White,Cap,None,,round-,A Clear Round Glass bottle with a capacity of Unknown. It features a White Cap and no specific applicator. SKU: 989.,18-415 ITEMCODES - 18-415 ITEMCODES.csv
986,Clear Round bottle (Unknown),Bottle,Glass,Clear,Unknown,Round,White,Cap,None,,round-,A Clear Round Glass bottle with a capacity of Unknown. It features a White Cap and no specific applicator. SKU: 986.,18-415 ITEMCODES - 18-415 ITEMCODES.csv
987,Clear Round bottle (Unknown),Bottle,Glass,Clear,Unknown,Round,White,Cap,None,,round-,A Clear Round Glass bottle with a capacity of Unknown. It features a White Cap and no specific applicator. SKU: 987.,18-415 ITEMCODES - 18-415 ITEMCODES.csv
2353,Clear Round bottle (Unknown),Bottle,Glass,Clear,Unknown,Round,White,Cap,None,,round-,A Clear Round Glass bottle with a capacity of Unknown. It features a White Cap and no specific applicator. SKU: 2353.,18-415 ITEMCODES - 18-415 ITEMCODES.csv
990,Clear Round bottle (Unknown),Bottle,Glass,Clear,Unknown,Round,White,Cap,None,,round-,A Clear Round Glass bottle with a capacity of Unknown. It features a White Cap and no specific applicator. SKU: 990.,18-415 ITEMCODES - 18-415 ITEMCODES.csv
981,Clear Round bottle (Unknown),Bottle,Glass,Clear,Unknown,Round,White,Cap,None,,round-,A Clear Round Glass bottle with a capacity of Unknown. It features a White Cap and no specific applicator. SKU: 981.,18-415 ITEMCODES - 18-415 ITEMCODES.csv
984,Clear Round bottle (Unknown),Bottle,Glass,Clear,Unknown,Round,White,Cap,None,,round-,A Clear Round Glass bottle with a capacity of Unknown. It features a White Cap and no specific applicator. SKU: 984.,18-415 ITEMCODES - 18-415 ITEMCODES.csv
2354,Clear Round bottle (Unknown),Bottle,Glass,Clear,Unknown,Round,White,Cap,None,,round-,A Clear Round Glass bottle with a capacity of Unknown. It features a White Cap and no specific applicator. SKU: 2354.,18-415 ITEMCODES - 18-415 ITEMCODES.csv
985,Clear Round bottle (Unknown),Bottle,Glass,Clear,Unknown,Round,White,Cap,None,,round-,A Clear Round Glass bottle with a capacity of Unknown. It features a White Cap and no specific applicator. SKU: 985.,18-415 ITEMCODES - 18-415 ITEMCODES.csv
2355,Clear Round bottle (Unknown),Bottle,Glass,Clear,Unknown,Round,White,Cap,None,,round-,A Clear Round Glass bottle with a capacity of Unknown. It features a White Cap and no specific applicator. SKU: 2355.,18-415 ITEMCODES - 18-415 ITEMCODES.csv
2356,Clear Round bottle (Unknown),Bottle,Glass,Clear,Unknown,Round,White,Cap,None,,round-,A Clear Round Glass bottle with a capacity of Unknown. It features a White Cap and no specific applicator. SKU: 2356.,18-415 ITEMCODES - 18-415 ITEMCODES.csv
2357,Clear Round bottle (Unknown),Bottle,Glass,Clear,Unknown,Round,White,Cap,None,,round-,A Clear Round Glass bottle with a capacity of Unknown. It features a White Cap and no specific applicator. SKU: 2357.,18-415 ITEMCODES - 18-415 ITEMCODES.csv
2358,Clear Round bottle (Unknown),Bottle,Glass,Clear,Unknown,Round,White,Cap,None,,round-,A Clear Round Glass bottle with a capacity of Unknown. It features a White Cap and no specific applicator. SKU: 2358.,18-415 ITEMCODES - 18-415 ITEMCODES.csv
2359,Clear Round bottle (Unknown),Bottle,Glass,Clear,Unknown,Round,White,Cap,None,,round-,A Clear Round Glass bottle with a capacity of Unknown. It features a White Cap and no specific applicator. SKU: 2359.,18-415 ITEMCODES - 18-415 ITEMCODES.csv
2360,Clear Round bottle (Unknown),Bottle,Glass,Clear,Unknown,Round,White,Cap,None,,round-,A Clear Round Glass bottle with a capacity of Unknown. It features a White Cap and no specific applicator. SKU: 2360.,18-415 ITEMCODES - 18-415 ITEMCODES.csv
2361,Clear Round bottle (Unknown),Bottle,Glass,Clear,Unknown,Round,White,Cap,None,,round-,A Clear Round Glass bottle with a capacity of Unknown. It features a White Cap and no specific applicator. SKU: 2361.,18-415 ITEMCODES - 18-415 ITEMCODES.csv
2362,Clear Round bottle (Unknown),Bottle,Glass,Clear,Unknown,Round,White,Cap,None,,sleek-,A Clear Round Glass bottle with a capacity of Unknown. It features a White Cap and no specific applicator. SKU: 2362.,18-415 ITEMCODES - 18-415 ITEMCODES.csv
2363,Clear Round bottle (Unknown),Bottle,Glass,Clear,Unknown,Round,White,Cap,None,,sleek-,A Clear Round Glass bottle with a capacity of Unknown. It features a White Cap and no specific applicator. SKU: 2363.,18-415 ITEMCODES - 18-415 ITEMCODES.csv
2364,Clear Round bottle (Unknown),Bottle,Glass,Clear,Unknown,Round,White,Cap,None,,sleek-,A Clear Round Glass bottle with a capacity of Unknown. It features a White Cap and no specific applicator. SKU: 2364.,18-415 ITEMCODES - 18-415 ITEMCODES.csv
2365,Clear Round bottle (Unknown),Bottle,Glass,Clear,Unknown,Round,White,Cap,None,,sleek-,A Clear Round Glass bottle with a capacity of Unknown. It features a White Cap and no specific applicator. SKU: 2365.,18-415 ITEMCODES - 18-415 ITEMCODES.csv
2366,Clear Round bottle (Unknown),Bottle,Glass,Clear,Unknown,Round,White,Cap,None,,sleek-,A Clear Round Glass bottle with a capacity of Unknown. It features a White Cap and no specific applicator. SKU: 2366.,18-415 ITEMCODES - 18-415 ITEMCODES.csv
2367,Clear Round bottle (Unknown),Bottle,Glass,Clear,Unknown,Round,White,Cap,None,,sleek-,A Clear Round Glass bottle with a capacity of Unknown. It features a White Cap and no specific applicator. SKU: 2367.,18-415 ITEMCODES - 18-415 ITEMCODES.csv
2368,Clear Round bottle (Unknown),Bottle,Glass,Clear,Unknown,Round,White,Cap,None,,sleek-,A Clear Round Glass bottle with a capacity of Unknown. It features a White Cap and no specific applicator. SKU: 2368.,18-415 ITEMCODES - 18-415 ITEMCODES.csv
2369,Clear Round bottle (Unknown),Bottle,Glass,Clear,Unknown,Round,White,Cap,None,,sleek-,A Clear Round Glass bottle with a capacity of Unknown. It features a White Cap and no specific applicator. SKU: 2369.,18-415 ITEMCODES - 18-415 ITEMCODES.csv
2370,Clear Round bottle (Unknown),Bottle,Glass,Clear,Unknown,Round,White,Cap,None,,sleek-,A Clear Round Glass bottle with a capacity of Unknown. It features a White Cap and no specific applicator. SKU: 2370.,18-415 ITEMCODES - 18-415 ITEMCODES.csv
2371,Clear Round bottle (Unknown),Bottle,Glass,Clear,Unknown,Round,White,Cap,None,,sleek-,A Clear Round Glass bottle with a capacity of Unknown. It features a White Cap and no specific applicator. SKU: 2371.,18-415 ITEMCODES - 18-415 ITEMCODES.csv
2372,Clear Round bottle (Unknown),Bottle,Glass,Clear,Unknown,Round,White,Cap,None,,sleek-,A Clear Round Glass bottle with a capacity of Unknown. It features a White Cap and no specific applicator. SKU: 2372.,18-415 ITEMCODES - 18-415 ITEMCODES.csv
2373,Clear Round bottle (Unknown),Bottle,Glass,Clear,Unknown,Round,White,Cap,None,,sleek-,A Clear Round Glass bottle with a capacity of Unknown. It features a White Cap and no specific applicator. SKU: 2373.,18-415 ITEMCODES - 18-415 ITEMCODES.csv
2374,Clear Round bottle (Unknown),Bottle,Glass,Clear,Unknown,Round,White,Cap,None,,sleek-,A Clear Round Glass bottle with a capacity of Unknown. It features a White Cap and no specific applicator. SKU: 2374.,18-415 ITEMCODES - 18-415 ITEMCODES.csv
1276,Clear Round bottle (Unknown),Bottle,Glass,Clear,Unknown,Round,White,Cap,None,,sleek-,A Clear Round Glass bottle with a capacity of Unknown. It features a White Cap and no specific applicator. SKU: 1276.,18-415 ITEMCODES - 18-415 ITEMCODES.csv
2375,Clear Round bottle (Unknown),Bottle,Glass,Clear,Unknown,Round,White,Cap,None,,sleek-,A Clear Round Glass bottle with a capacity of Unknown. It features a White Cap and no specific applicator. SKU: 2375.,18-415 ITEMCODES - 18-415 ITEMCODES.csv
1275,Clear Round bottle (Unknown),Bottle,Glass,Clear,Unknown,Round,White,Cap,None,,sleek-,A Clear Round Glass bottle with a capacity of Unknown. It features a White Cap and no specific applicator. SKU: 1275.,18-415 ITEMCODES - 18-415 ITEMCODES.csv
2376,Clear Round bottle (Unknown),Bottle,Glass,Clear,Unknown,Round,White,Cap,None,,sleek-,A Clear Round Glass bottle with a capacity of Unknown. It features a White Cap and no specific applicator. SKU: 2376.,18-415 ITEMCODES - 18-415 ITEMCODES.csv
2377,Clear Round bottle (Unknown),Bottle,Glass,Clear,Unknown,Round,White,Cap,None,,sleek-,A Clear Round Glass bottle with a capacity of Unknown. It features a White Cap and no specific applicator. SKU: 2377.,18-415 ITEMCODES - 18-415 ITEMCODES.csv
3518,Clear Round bottle (Unknown),Bottle,Glass,Clear,Unknown,Round,White,Cap,None,,sleek-,A Clear Round Glass bottle with a capacity of Unknown. It features a White Cap and no specific applicator. SKU: 3518.,18-415 ITEMCODES - 18-415 ITEMCODES.csv
2378,Clear Round bottle (Unknown),Bottle,Glass,Clear,Unknown,Round,White,Cap,None,,sleek-,A Clear Round Glass bottle with a capacity of Unknown. It features a White Cap and no specific applicator. SKU: 2378.,18-415 ITEMCODES - 18-415 ITEMCODES.csv
1277,Clear Round bottle (Unknown),Bottle,Glass,Clear,Unknown,Round,White,Cap,None,,sleek-,A Clear Round Glass bottle with a capacity of Unknown. It features a White Cap and no specific applicator. SKU: 1277.,18-415 ITEMCODES - 18-415 ITEMCODES.csv
2379,Clear Round bottle (Unknown),Bottle,Glass,Clear,Unknown,Round,White,Cap,None,,sleek-,A Clear Round Glass bottle with a capacity of Unknown. It features a White Cap and no specific applicator. SKU: 2379.,18-415 ITEMCODES - 18-415 ITEMCODES.csv
2380,Clear Round bottle (Unknown),Bottle,Glass,Clear,Unknown,Round,White,Cap,None,,sleek-,A Clear Round Glass bottle with a capacity of Unknown. It features a White Cap and no specific applicator. SKU: 2380.,18-415 ITEMCODES - 18-415 ITEMCODES.csv
2381,Clear Round bottle (Unknown),Bottle,Glass,Clear,Unknown,Round,White,Cap,None,,sleek-,A Clear Round Glass bottle with a capacity of Unknown. It features a White Cap and no specific applicator. SKU: 2381.,18-415 ITEMCODES - 18-415 ITEMCODES.csv
2382,Clear Round bottle (Unknown),Bottle,Glass,Clear,Unknown,Round,White,Cap,None,,sleek-,A Clear Round Glass bottle with a capacity of Unknown. It features a White Cap and no specific applicator. SKU: 2382.,18-415 ITEMCODES - 18-415 ITEMCODES.csv
2383,Clear Round bottle (Unknown),Bottle,Glass,Clear,Unknown,Round,White,Cap,None,,sleek-,A Clear Round Glass bottle with a capacity of Unknown. It features a White Cap and no specific applicator. SKU: 2383.,18-415 ITEMCODES - 18-415 ITEMCODES.csv
2384,Clear Round bottle (Unknown),Bottle,Glass,Clear,Unknown,Round,White,Cap,None,,sleek-,A Clear Round Glass bottle with a capacity of Unknown. It features a White Cap and no specific applicator. SKU: 2384.,18-415 ITEMCODES - 18-415 ITEMCODES.csv
2385,Clear Round bottle (Unknown),Bottle,Glass,Clear,Unknown,Round,White,Cap,None,,sleek-,A Clear Round Glass bottle with a capacity of Unknown. It features a White Cap and no specific applicator. SKU: 2385.,18-415 ITEMCODES - 18-415 ITEMCODES.csv
2386,Clear Round bottle (Unknown),Bottle,Glass,Clear,Unknown,Round,White,Cap,None,,sleek-,A Clear Round Glass bottle with a capacity of Unknown. It features a White Cap and no specific applicator. SKU: 2386.,18-415 ITEMCODES - 18-415 ITEMCODES.csv
2387,Clear Round bottle (Unknown),Bottle,Glass,Clear,Unknown,Round,White,Cap,None,,sleek-,A Clear Round Glass bottle with a capacity of Unknown. It features a White Cap and no specific applicator. SKU: 2387.,18-415 ITEMCODES - 18-415 ITEMCODES.csv
2388,Clear Round bottle (Unknown),Bottle,Glass,Clear,Unknown,Round,White,Cap,None,,sleek-,A Clear Round Glass bottle with a capacity of Unknown. It features a White Cap and no specific applicator. SKU: 2388.,18-415 ITEMCODES - 18-415 ITEMCODES.csv
2389,Clear Round bottle (Unknown),Bottle,Glass,Clear,Unknown,Round,White,Cap,None,,sleek-,A Clear Round Glass bottle with a capacity of Unknown. It features a White Cap and no specific applicator. SKU: 2389.,18-415 ITEMCODES - 18-415 ITEMCODES.csv
2390,Clear Round bottle (Unknown),Bottle,Glass,Clear,Unknown,Round,White,Cap,None,,sleek-,A Clear Round Glass bottle with a capacity of Unknown. It features a White Cap and no specific applicator. SKU: 2390.,18-415 ITEMCODES - 18-415 ITEMCODES.csv
1273,Clear Round bottle (Unknown),Bottle,Glass,Clear,Unknown,Round,White,Cap,None,,sleek-,A Clear Round Glass bottle with a capacity of Unknown. It features a White Cap and no specific applicator. SKU: 1273.,18-415 ITEMCODES - 18-415 ITEMCODES.csv
1164,Clear Round bottle (Unknown),Bottle,Glass,Clear,Unknown,Round,White,Cap,None,,sleek-,A Clear Round Glass bottle with a capacity of Unknown. It features a White Cap and no specific applicator. SKU: 1164.,18-415 ITEMCODES - 18-415 ITEMCODES.csv
1163,Clear Round bottle (Unknown),Bottle,Glass,Clear,Unknown,Round,White,Cap,None,,sleek-,A Clear Round Glass bottle with a capacity of Unknown. It features a White Cap and no specific applicator. SKU: 1163.,18-415 ITEMCODES - 18-415 ITEMCODES.csv
2391,Clear Round bottle (Unknown),Bottle,Glass,Clear,Unknown,Round,White,Cap,None,,sleek-,A Clear Round Glass bottle with a capacity of Unknown. It features a White Cap and no specific applicator. SKU: 2391.,18-415 ITEMCODES - 18-415 ITEMCODES.csv
2392,Clear Round bottle (Unknown),Bottle,Glass,Clear,Unknown,Round,White,Cap,None,,sleek-,A Clear Round Glass bottle with a capacity of Unknown. It features a White Cap and no specific applicator. SKU: 2392.,18-415 ITEMCODES - 18-415 ITEMCODES.csv
2393,Clear Round bottle (Unknown),Bottle,Glass,Clear,Unknown,Round,White,Cap,None,,sleek-,A Clear Round Glass bottle with a capacity of Unknown. It features a White Cap and no specific applicator. SKU: 2393.,18-415 ITEMCODES - 18-415 ITEMCODES.csv
2394,Clear Round bottle (Unknown),Bottle,Glass,Clear,Unknown,Round,White,Cap,None,,sleek-,A Clear Round Glass bottle with a capacity of Unknown. It features a White Cap and no specific applicator. SKU: 2394.,18-415 ITEMCODES - 18-415 ITEMCODES.csv
2395,Clear Round bottle (Unknown),Bottle,Glass,Clear,Unknown,Round,White,Cap,None,,sleek-,A Clear Round Glass bottle with a capacity of Unknown. It features a White Cap and no specific applicator. SKU: 2395.,18-415 ITEMCODES - 18-415 ITEMCODES.csv
1156,Clear Round bottle (Unknown),Bottle,Glass,Clear,Unknown,Round,White,Cap,None,,sleek-,A Clear Round Glass bottle with a capacity of Unknown. It features a White Cap and no specific applicator. SKU: 1156.,18-415 ITEMCODES - 18-415 ITEMCODES.csv
2396,Clear Round bottle (Unknown),Bottle,Glass,Clear,Unknown,Round,White,Cap,None,,sleek-,A Clear Round Glass bottle with a capacity of Unknown. It features a White Cap and no specific applicator. SKU: 2396.,18-415 ITEMCODES - 18-415 ITEMCODES.csv
2397,Clear Round bottle (Unknown),Bottle,Glass,Clear,Unknown,Round,White,Cap,None,,sleek-,A Clear Round Glass bottle with a capacity of Unknown. It features a White Cap and no specific applicator. SKU: 2397.,18-415 ITEMCODES - 18-415 ITEMCODES.csv
2398,Clear Round bottle (Unknown),Bottle,Glass,Clear,Unknown,Round,White,Cap,None,,sleek-,A Clear Round Glass bottle with a capacity of Unknown. It features a White Cap and no specific applicator. SKU: 2398.,18-415 ITEMCODES - 18-415 ITEMCODES.csv
2399,Clear Round bottle (Unknown),Bottle,Glass,Clear,Unknown,Round,White,Cap,None,,sleek-,A Clear Round Glass bottle with a capacity of Unknown. It features a White Cap and no specific applicator. SKU: 2399.,18-415 ITEMCODES - 18-415 ITEMCODES.csv
2400,Clear Round bottle (Unknown),Bottle,Glass,Clear,Unknown,Round,White,Cap,None,,sleek-,A Clear Round Glass bottle with a capacity of Unknown. It features a White Cap and no specific applicator. SKU: 2400.,18-415 ITEMCODES - 18-415 ITEMCODES.csv
2401,Clear Round bottle (Unknown),Bottle,Glass,Clear,Unknown,Round,White,Cap,None,,sleek-,A Clear Round Glass bottle with a capacity of Unknown. It features a White Cap and no specific applicator. SKU: 2401.,18-415 ITEMCODES - 18-415 ITEMCODES.csv
2402,Clear Round bottle (Unknown),Bottle,Glass,Clear,Unknown,Round,White,Cap,None,,sleek-,A Clear Round Glass bottle with a capacity of Unknown. It features a White Cap and no specific applicator. SKU: 2402.,18-415 ITEMCODES - 18-415 ITEMCODES.csv
2403,Clear Round bottle (Unknown),Bottle,Glass,Clear,Unknown,Round,White,Cap,None,,sleek-,A Clear Round Glass bottle with a capacity of Unknown. It features a White Cap and no specific applicator. SKU: 2403.,18-415 ITEMCODES - 18-415 ITEMCODES.csv
1246,Clear Round bottle (Unknown),Bottle,Glass,Clear,Unknown,Round,White,Cap,None,,sleek-,A Clear Round Glass bottle with a capacity of Unknown. It features a White Cap and no specific applicator. SKU: 1246.,18-415 ITEMCODES - 18-415 ITEMCODES.csv
1255,Clear Round bottle (Unknown),Bottle,Glass,Clear,Unknown,Round,White,Cap,None,,sleek-,A Clear Round Glass bottle with a capacity of Unknown. It features a White Cap and no specific applicator. SKU: 1255.,18-415 ITEMCODES - 18-415 ITEMCODES.csv
1245,Clear Round bottle (Unknown),Bottle,Glass,Clear,Unknown,Round,White,Cap,None,,sleek-,A Clear Round Glass bottle with a capacity of Unknown. It features a White Cap and no specific applicator. SKU: 1245.,18-415 ITEMCODES - 18-415 ITEMCODES.csv
1254,Clear Round bottle (Unknown),Bottle,Glass,Clear,Unknown,Round,White,Cap,None,,sleek-,A Clear Round Glass bottle with a capacity of Unknown. It features a White Cap and no specific applicator. SKU: 1254.,18-415 ITEMCODES - 18-415 ITEMCODES.csv
1247,Clear Round bottle (Unknown),Bottle,Glass,Clear,Unknown,Round,White,Cap,None,,sleek-,A Clear Round Glass bottle with a capacity of Unknown. It features a White Cap and no specific applicator. SKU: 1247.,18-415 ITEMCODES - 18-415 ITEMCODES.csv
2404,Clear Round bottle (Unknown),Bottle,Glass,Clear,Unknown,Round,White,Cap,None,,sleek-,A Clear Round Glass bottle with a capacity of Unknown. It features a White Cap and no specific applicator. SKU: 2404.,18-415 ITEMCODES - 18-415 ITEMCODES.csv
3147,Clear Round bottle (Unknown),Bottle,Glass,Clear,Unknown,Round,White,Cap,None,,sleek-,A Clear Round Glass bottle with a capacity of Unknown. It features a White Cap and no specific applicator. SKU: 3147.,18-415 ITEMCODES - 18-415 ITEMCODES.csv
1248,Clear Round bottle (Unknown),Bottle,Glass,Clear,Unknown,Round,White,Cap,None,,sleek-,A Clear Round Glass bottle with a capacity of Unknown. It features a White Cap and no specific applicator. SKU: 1248.,18-415 ITEMCODES - 18-415 ITEMCODES.csv
3148,Clear Round bottle (Unknown),Bottle,Glass,Clear,Unknown,Round,White,Cap,None,,sleek-,A Clear Round Glass bottle with a capacity of Unknown. It features a White Cap and no specific applicator. SKU: 3148.,18-415 ITEMCODES - 18-415 ITEMCODES.csv
2405,Clear Round bottle (Unknown),Bottle,Glass,Clear,Unknown,Round,White,Cap,None,,sleek-,A Clear Round Glass bottle with a capacity of Unknown. It features a White Cap and no specific applicator. SKU: 2405.,18-415 ITEMCODES - 18-415 ITEMCODES.csv
2406,Clear Round bottle (Unknown),Bottle,Glass,Clear,Unknown,Round,White,Cap,None,,sleek-,A Clear Round Glass bottle with a capacity of Unknown. It features a White Cap and no specific applicator. SKU: 2406.,18-415 ITEMCODES - 18-415 ITEMCODES.csv
2407,Clear Round bottle (Unknown),Bottle,Glass,Clear,Unknown,Round,White,Cap,None,,sleek-,A Clear Round Glass bottle with a capacity of Unknown. It features a White Cap and no specific applicator. SKU: 2407.,18-415 ITEMCODES - 18-415 ITEMCODES.csv
2408,Clear Round bottle (Unknown),Bottle,Glass,Clear,Unknown,Round,White,Cap,None,,sleek-,A Clear Round Glass bottle with a capacity of Unknown. It features a White Cap and no specific applicator. SKU: 2408.,18-415 ITEMCODES - 18-415 ITEMCODES.csv
2409,Clear Round bottle (Unknown),Bottle,Glass,Clear,Unknown,Round,White,Cap,None,,sleek-,A Clear Round Glass bottle with a capacity of Unknown. It features a White Cap and no specific applicator. SKU: 2409.,18-415 ITEMCODES - 18-415 ITEMCODES.csv
2410,Clear Round bottle (Unknown),Bottle,Glass,Clear,Unknown,Round,White,Cap,None,,sleek-,A Clear Round Glass bottle with a capacity of Unknown. It features a White Cap and no specific applicator. SKU: 2410.,18-415 ITEMCODES - 18-415 ITEMCODES.csv
2411,Clear Round bottle (Unknown),Bottle,Glass,Clear,Unknown,Round,White,Cap,None,,sleek-,A Clear Round Glass bottle with a capacity of Unknown. It features a White Cap and no specific applicator. SKU: 2411.,18-415 ITEMCODES - 18-415 ITEMCODES.csv
2412,Clear Round bottle (Unknown),Bottle,Glass,Clear,Unknown,Round,White,Cap,None,,sleek-,A Clear Round Glass bottle with a capacity of Unknown. It features a White Cap and no specific applicator. SKU: 2412.,18-415 ITEMCODES - 18-415 ITEMCODES.csv
2413,Clear Round bottle (Unknown),Bottle,Glass,Clear,Unknown,Round,White,Cap,None,,sleek-,A Clear Round Glass bottle with a capacity of Unknown. It features a White Cap and no specific applicator. SKU: 2413.,18-415 ITEMCODES - 18-415 ITEMCODES.csv
2414,Clear Round bottle (Unknown),Bottle,Glass,Clear,Unknown,Round,White,Cap,None,,sleek-,A Clear Round Glass bottle with a capacity of Unknown. It features a White Cap and no specific applicator. SKU: 2414.,18-415 ITEMCODES - 18-415 ITEMCODES.csv
2415,Clear Round bottle (Unknown),Bottle,Glass,Clear,Unknown,Round,White,Cap,None,,sleek-,A Clear Round Glass bottle with a capacity of Unknown. It features a White Cap and no specific applicator. SKU: 2415.,18-415 ITEMCODES - 18-415 ITEMCODES.csv
2416,Clear Round bottle (Unknown),Bottle,Glass,Clear,Unknown,Round,White,Cap,None,,sleek-,A Clear Round Glass bottle with a capacity of Unknown. It features a White Cap and no specific applicator. SKU: 2416.,18-415 ITEMCODES - 18-415 ITEMCODES.csv
2417,Clear Round bottle (Unknown),Bottle,Glass,Clear,Unknown,Round,White,Cap,None,,sleek-,A Clear Round Glass bottle with a capacity of Unknown. It features a White Cap and no specific applicator. SKU: 2417.,18-415 ITEMCODES - 18-415 ITEMCODES.csv
2418,Clear Round bottle (Unknown),Bottle,Glass,Clear,Unknown,Round,White,Cap,None,,sleek-,A Clear Round Glass bottle with a capacity of Unknown. It features a White Cap and no specific applicator. SKU: 2418.,18-415 ITEMCODES - 18-415 ITEMCODES.csv
2419,Clear Round bottle (Unknown),Bottle,Glass,Clear,Unknown,Round,White,Cap,None,,sleek-,A Clear Round Glass bottle with a capacity of Unknown. It features a White Cap and no specific applicator. SKU: 2419.,18-415 ITEMCODES - 18-415 ITEMCODES.csv
2420,Clear Round bottle (Unknown),Bottle,Glass,Clear,Unknown,Round,White,Cap,None,,sleek-,A Clear Round Glass bottle with a capacity of Unknown. It features a White Cap and no specific applicator. SKU: 2420.,18-415 ITEMCODES - 18-415 ITEMCODES.csv
2421,Clear Round bottle (Unknown),Bottle,Glass,Clear,Unknown,Round,White,Cap,None,,sleek-,A Clear Round Glass bottle with a capacity of Unknown. It features a White Cap and no specific applicator. SKU: 2421.,18-415 ITEMCODES - 18-415 ITEMCODES.csv
2422,Clear Round bottle (Unknown),Bottle,Glass,Clear,Unknown,Round,White,Cap,None,,sleek-,A Clear Round Glass bottle with a capacity of Unknown. It features a White Cap and no specific applicator. SKU: 2422.,18-415 ITEMCODES - 18-415 ITEMCODES.csv
1176,Clear Round bottle (Unknown),Bottle,Glass,Clear,Unknown,Round,White,Cap,None,,sleek-,A Clear Round Glass bottle with a capacity of Unknown. It features a White Cap and no specific applicator. SKU: 1176.,18-415 ITEMCODES - 18-415 ITEMCODES.csv
1158,Clear Round bottle (Unknown),Bottle,Glass,Clear,Unknown,Round,White,Cap,None,,sleek-,A Clear Round Glass bottle with a capacity of Unknown. It features a White Cap and no specific applicator. SKU: 1158.,18-415 ITEMCODES - 18-415 ITEMCODES.csv
1157,Clear Round bottle (Unknown),Bottle,Glass,Clear,Unknown,Round,White,Cap,None,,sleek-,A Clear Round Glass bottle with a capacity of Unknown. It features a White Cap and no specific applicator. SKU: 1157.,18-415 ITEMCODES - 18-415 ITEMCODES.csv
2423,Clear Round bottle (Unknown),Bottle,Glass,Clear,Unknown,Round,White,Cap,None,,sleek-,A Clear Round Glass bottle with a capacity of Unknown. It features a White Cap and no specific applicator. SKU: 2423.,18-415 ITEMCODES - 18-415 ITEMCODES.csv
2424,Clear Round bottle (Unknown),Bottle,Glass,Clear,Unknown,Round,White,Cap,None,,sleek-,A Clear Round Glass bottle with a capacity of Unknown. It features a White Cap and no specific applicator. SKU: 2424.,18-415 ITEMCODES - 18-415 ITEMCODES.csv
2425,Clear Round bottle (Unknown),Bottle,Glass,Clear,Unknown,Round,White,Cap,None,,sleek-,A Clear Round Glass bottle with a capacity of Unknown. It features a White Cap and no specific applicator. SKU: 2425.,18-415 ITEMCODES - 18-415 ITEMCODES.csv
2426,Clear Round bottle (Unknown),Bottle,Glass,Clear,Unknown,Round,White,Cap,None,,sleek-,A Clear Round Glass bottle with a capacity of Unknown. It features a White Cap and no specific applicator. SKU: 2426.,18-415 ITEMCODES - 18-415 ITEMCODES.csv
2427,Clear Round bottle (Unknown),Bottle,Glass,Clear,Unknown,Round,White,Cap,None,,sleek-,A Clear Round Glass bottle with a capacity of Unknown. It features a White Cap and no specific applicator. SKU: 2427.,18-415 ITEMCODES - 18-415 ITEMCODES.csv
1159,Clear Round bottle (Unknown),Bottle,Glass,Clear,Unknown,Round,White,Cap,None,,sleek-,A Clear Round Glass bottle with a capacity of Unknown. It features a White Cap and no specific applicator. SKU: 1159.,18-415 ITEMCODES - 18-415 ITEMCODES.csv
2428,Clear Round bottle (Unknown),Bottle,Glass,Clear,Unknown,Round,White,Cap,None,,sleek-,A Clear Round Glass bottle with a capacity of Unknown. It features a White Cap and no specific applicator. SKU: 2428.,18-415 ITEMCODES - 18-415 ITEMCODES.csv
2429,Clear Round bottle (Unknown),Bottle,Glass,Clear,Unknown,Round,White,Cap,None,,sleek-,A Clear Round Glass bottle with a capacity of Unknown. It features a White Cap and no specific applicator. SKU: 2429.,18-415 ITEMCODES - 18-415 ITEMCODES.csv
2430,Clear Round bottle (Unknown),Bottle,Glass,Clear,Unknown,Round,White,Cap,None,,sleek-,A Clear Round Glass bottle with a capacity of Unknown. It features a White Cap and no specific applicator. SKU: 2430.,18-415 ITEMCODES - 18-415 ITEMCODES.csv
2431,Clear Round bottle (Unknown),Bottle,Glass,Clear,Unknown,Round,White,Cap,None,,sleek-,A Clear Round Glass bottle with a capacity of Unknown. It features a White Cap and no specific applicator. SKU: 2431.,18-415 ITEMCODES - 18-415 ITEMCODES.csv
2432,Clear Round bottle (Unknown),Bottle,Glass,Clear,Unknown,Round,White,Cap,None,,sleek-,A Clear Round Glass bottle with a capacity of Unknown. It features a White Cap and no specific applicator. SKU: 2432.,18-415 ITEMCODES - 18-415 ITEMCODES.csv
2433,Clear Round bottle (Unknown),Bottle,Glass,Clear,Unknown,Round,White,Cap,None,,sleek-,A Clear Round Glass bottle with a capacity of Unknown. It features a White Cap and no specific applicator. SKU: 2433.,18-415 ITEMCODES - 18-415 ITEMCODES.csv
2434,Clear Round bottle (Unknown),Bottle,Glass,Clear,Unknown,Round,White,Cap,None,,sleek-,A Clear Round Glass bottle with a capacity of Unknown. It features a White Cap and no specific applicator. SKU: 2434.,18-415 ITEMCODES - 18-415 ITEMCODES.csv
2435,Clear Round bottle (Unknown),Bottle,Glass,Clear,Unknown,Round,White,Cap,None,,sleek-,A Clear Round Glass bottle with a capacity of Unknown. It features a White Cap and no specific applicator. SKU: 2435.,18-415 ITEMCODES - 18-415 ITEMCODES.csv
1250,Clear Round bottle (Unknown),Bottle,Glass,Clear,Unknown,Round,White,Cap,None,,sleek-,A Clear Round Glass bottle with a capacity of Unknown. It features a White Cap and no specific applicator. SKU: 1250.,18-415 ITEMCODES - 18-415 ITEMCODES.csv
1261,Clear Round bottle (Unknown),Bottle,Glass,Clear,Unknown,Round,White,Cap,None,,sleek-,A Clear Round Glass bottle with a capacity of Unknown. It features a White Cap and no specific applicator. SKU: 1261.,18-415 ITEMCODES - 18-415 ITEMCODES.csv
1249,Clear Round bottle (Unknown),Bottle,Glass,Clear,Unknown,Round,White,Cap,None,,sleek-,A Clear Round Glass bottle with a capacity of Unknown. It features a White Cap and no specific applicator. SKU: 1249.,18-415 ITEMCODES - 18-415 ITEMCODES.csv
1260,Clear Round bottle (Unknown),Bottle,Glass,Clear,Unknown,Round,White,Cap,None,,sleek-,A Clear Round Glass bottle with a capacity of Unknown. It features a White Cap and no specific applicator. SKU: 1260.,18-415 ITEMCODES - 18-415 ITEMCODES.csv
3146,Clear Round bottle (Unknown),Bottle,Glass,Clear,Unknown,Round,White,Cap,None,,sleek-,A Clear Round Glass bottle with a capacity of Unknown. It features a White Cap and no specific applicator. SKU: 3146.,18-415 ITEMCODES - 18-415 ITEMCODES.csv
2436,Clear Round bottle (Unknown),Bottle,Glass,Clear,Unknown,Round,White,Cap,None,,sleek-,A Clear Round Glass bottle with a capacity of Unknown. It features a White Cap and no specific applicator. SKU: 2436.,18-415 ITEMCODES - 18-415 ITEMCODES.csv
1263,Clear Round bottle (Unknown),Bottle,Glass,Clear,Unknown,Round,White,Cap,None,,sleek-,A Clear Round Glass bottle with a capacity of Unknown. It features a White Cap and no specific applicator. SKU: 1263.,18-415 ITEMCODES - 18-415 ITEMCODES.csv
3519,Clear Round bottle (Unknown),Bottle,Glass,Clear,Unknown,Round,White,Cap,None,,sleek-,A Clear Round Glass bottle with a capacity of Unknown. It features a White Cap and no specific applicator. SKU: 3519.,18-415 ITEMCODES - 18-415 ITEMCODES.csv
1262,Clear Round bottle (Unknown),Bottle,Glass,Clear,Unknown,Round,White,Cap,None,,sleek-,A Clear Round Glass bottle with a capacity of Unknown. It features a White Cap and no specific applicator. SKU: 1262.,18-415 ITEMCODES - 18-415 ITEMCODES.csv
2437,Clear Round bottle (Unknown),Bottle,Glass,Clear,Unknown,Round,White,Cap,None,,sleek-,A Clear Round Glass bottle with a capacity of Unknown. It features a White Cap and no specific applicator. SKU: 2437.,18-415 ITEMCODES - 18-415 ITEMCODES.csv
2438,Clear Round bottle (Unknown),Bottle,Glass,Clear,Unknown,Round,White,Cap,None,,sleek-,A Clear Round Glass bottle with a capacity of Unknown. It features a White Cap and no specific applicator. SKU: 2438.,18-415 ITEMCODES - 18-415 ITEMCODES.csv
2439,Clear Round bottle (Unknown),Bottle,Glass,Clear,Unknown,Round,White,Cap,None,,sleek-,A Clear Round Glass bottle with a capacity of Unknown. It features a White Cap and no specific applicator. SKU: 2439.,18-415 ITEMCODES - 18-415 ITEMCODES.csv
2440,Clear Round bottle (Unknown),Bottle,Glass,Clear,Unknown,Round,White,Cap,None,,sleek-,A Clear Round Glass bottle with a capacity of Unknown. It features a White Cap and no specific applicator. SKU: 2440.,18-415 ITEMCODES - 18-415 ITEMCODES.csv
2441,Clear Round bottle (Unknown),Bottle,Glass,Clear,Unknown,Round,White,Cap,None,,sleek-,A Clear Round Glass bottle with a capacity of Unknown. It features a White Cap and no specific applicator. SKU: 2441.,18-415 ITEMCODES - 18-415 ITEMCODES.csv
2442,Clear Round bottle (Unknown),Bottle,Glass,Clear,Unknown,Round,White,Cap,None,,sleek-,A Clear Round Glass bottle with a capacity of Unknown. It features a White Cap and no specific applicator. SKU: 2442.,18-415 ITEMCODES - 18-415 ITEMCODES.csv
2443,Clear Round bottle (Unknown),Bottle,Glass,Clear,Unknown,Round,White,Cap,None,,sleek-,A Clear Round Glass bottle with a capacity of Unknown. It features a White Cap and no specific applicator. SKU: 2443.,18-415 ITEMCODES - 18-415 ITEMCODES.csv
2444,Clear Round bottle (Unknown),Bottle,Glass,Clear,Unknown,Round,White,Cap,None,,sleek-,A Clear Round Glass bottle with a capacity of Unknown. It features a White Cap and no specific applicator. SKU: 2444.,18-415 ITEMCODES - 18-415 ITEMCODES.csv
2445,Clear Round bottle (Unknown),Bottle,Glass,Clear,Unknown,Round,White,Cap,None,,sleek-,A Clear Round Glass bottle with a capacity of Unknown. It features a White Cap and no specific applicator. SKU: 2445.,18-415 ITEMCODES - 18-415 ITEMCODES.csv
2446,Clear Round bottle (Unknown),Bottle,Glass,Clear,Unknown,Round,White,Cap,None,,sleek-,A Clear Round Glass bottle with a capacity of Unknown. It features a White Cap and no specific applicator. SKU: 2446.,18-415 ITEMCODES - 18-415 ITEMCODES.csv
2447,Clear Round bottle (Unknown),Bottle,Glass,Clear,Unknown,Round,White,Cap,None,,sleek-,A Clear Round Glass bottle with a capacity of Unknown. It features a White Cap and no specific applicator. SKU: 2447.,18-415 ITEMCODES - 18-415 ITEMCODES.csv
2448,Clear Round bottle (Unknown),Bottle,Glass,Clear,Unknown,Round,White,Cap,None,,sleek-,A Clear Round Glass bottle with a capacity of Unknown. It features a White Cap and no specific applicator. SKU: 2448.,18-415 ITEMCODES - 18-415 ITEMCODES.csv
2449,Clear Round bottle (Unknown),Bottle,Glass,Clear,Unknown,Round,White,Cap,None,,sleek-,A Clear Round Glass bottle with a capacity of Unknown. It features a White Cap and no specific applicator. SKU: 2449.,18-415 ITEMCODES - 18-415 ITEMCODES.csv
2450,Clear Round bottle (Unknown),Bottle,Glass,Clear,Unknown,Round,White,Cap,None,,sleek-,A Clear Round Glass bottle with a capacity of Unknown. It features a White Cap and no specific applicator. SKU: 2450.,18-415 ITEMCODES - 18-415 ITEMCODES.csv
2451,Clear Round bottle (Unknown),Bottle,Glass,Clear,Unknown,Round,White,Cap,None,,sleek-,A Clear Round Glass bottle with a capacity of Unknown. It features a White Cap and no specific applicator. SKU: 2451.,18-415 ITEMCODES - 18-415 ITEMCODES.csv
2452,Clear Round bottle (Unknown),Bottle,Glass,Clear,Unknown,Round,White,Cap,None,,sleek-,A Clear Round Glass bottle with a capacity of Unknown. It features a White Cap and no specific applicator. SKU: 2452.,18-415 ITEMCODES - 18-415 ITEMCODES.csv
2453,Clear Round bottle (Unknown),Bottle,Glass,Clear,Unknown,Round,White,Cap,None,,sleek-,A Clear Round Glass bottle with a capacity of Unknown. It features a White Cap and no specific applicator. SKU: 2453.,18-415 ITEMCODES - 18-415 ITEMCODES.csv
2454,Clear Round bottle (Unknown),Bottle,Glass,Clear,Unknown,Round,White,Cap,None,,sleek-,A Clear Round Glass bottle with a capacity of Unknown. It features a White Cap and no specific applicator. SKU: 2454.,18-415 ITEMCODES - 18-415 ITEMCODES.csv
1266,Clear Round bottle (Unknown),Bottle,Glass,Clear,Unknown,Round,White,Cap,None,,sleek-,A Clear Round Glass bottle with a capacity of Unknown. It features a White Cap and no specific applicator. SKU: 1266.,18-415 ITEMCODES - 18-415 ITEMCODES.csv
1161,Clear Round bottle (Unknown),Bottle,Glass,Clear,Unknown,Round,White,Cap,None,,sleek-,A Clear Round Glass bottle with a capacity of Unknown. It features a White Cap and no specific applicator. SKU: 1161.,18-415 ITEMCODES - 18-415 ITEMCODES.csv
1160,Clear Round bottle (Unknown),Bottle,Glass,Clear,Unknown,Round,White,Cap,None,,sleek-,A Clear Round Glass bottle with a capacity of Unknown. It features a White Cap and no specific applicator. SKU: 1160.,18-415 ITEMCODES - 18-415 ITEMCODES.csv
2455,Clear Round bottle (Unknown),Bottle,Glass,Clear,Unknown,Round,White,Cap,None,,sleek-,A Clear Round Glass bottle with a capacity of Unknown. It features a White Cap and no specific applicator. SKU: 2455.,18-415 ITEMCODES - 18-415 ITEMCODES.csv
2456,Clear Round bottle (Unknown),Bottle,Glass,Clear,Unknown,Round,White,Cap,None,,sleek-,A Clear Round Glass bottle with a capacity of Unknown. It features a White Cap and no specific applicator. SKU: 2456.,18-415 ITEMCODES - 18-415 ITEMCODES.csv
2457,Clear Round bottle (Unknown),Bottle,Glass,Clear,Unknown,Round,White,Cap,None,,slim-,A Clear Round Glass bottle with a capacity of Unknown. It features a White Cap and no specific applicator. SKU: 2457.,18-415 ITEMCODES - 18-415 ITEMCODES.csv
2458,Clear Round bottle (Unknown),Bottle,Glass,Clear,Unknown,Round,White,Cap,None,,slim-,A Clear Round Glass bottle with a capacity of Unknown. It features a White Cap and no specific applicator. SKU: 2458.,18-415 ITEMCODES - 18-415 ITEMCODES.csv
2459,Clear Round bottle (Unknown),Bottle,Glass,Clear,Unknown,Round,White,Cap,None,,slim-,A Clear Round Glass bottle with a capacity of Unknown. It features a White Cap and no specific applicator. SKU: 2459.,18-415 ITEMCODES - 18-415 ITEMCODES.csv
1162,Clear Round bottle (Unknown),Bottle,Glass,Clear,Unknown,Round,White,Cap,None,,slim-,A Clear Round Glass bottle with a capacity of Unknown. It features a White Cap and no specific applicator. SKU: 1162.,18-415 ITEMCODES - 18-415 ITEMCODES.csv
2460,Clear Round bottle (Unknown),Bottle,Glass,Clear,Unknown,Round,White,Cap,None,,slim-,A Clear Round Glass bottle with a capacity of Unknown. It features a White Cap and no specific applicator. SKU: 2460.,18-415 ITEMCODES - 18-415 ITEMCODES.csv
2461,Clear Round bottle (Unknown),Bottle,Glass,Clear,Unknown,Round,White,Cap,None,,slim-,A Clear Round Glass bottle with a capacity of Unknown. It features a White Cap and no specific applicator. SKU: 2461.,18-415 ITEMCODES - 18-415 ITEMCODES.csv
2462,Clear Round bottle (Unknown),Bottle,Glass,Clear,Unknown,Round,White,Cap,None,,slim-,A Clear Round Glass bottle with a capacity of Unknown. It features a White Cap and no specific applicator. SKU: 2462.,18-415 ITEMCODES - 18-415 ITEMCODES.csv
2463,Clear Round bottle (Unknown),Bottle,Glass,Clear,Unknown,Round,White,Cap,None,,slim-,A Clear Round Glass bottle with a capacity of Unknown. It features a White Cap and no specific applicator. SKU: 2463.,18-415 ITEMCODES - 18-415 ITEMCODES.csv
2464,Clear Round bottle (Unknown),Bottle,Glass,Clear,Unknown,Round,White,Cap,None,,slim-,A Clear Round Glass bottle with a capacity of Unknown. It features a White Cap and no specific applicator. SKU: 2464.,18-415 ITEMCODES - 18-415 ITEMCODES.csv
2465,Clear Round bottle (Unknown),Bottle,Glass,Clear,Unknown,Round,White,Cap,None,,slim-,A Clear Round Glass bottle with a capacity of Unknown. It features a White Cap and no specific applicator. SKU: 2465.,18-415 ITEMCODES - 18-415 ITEMCODES.csv
2466,Clear Round bottle (Unknown),Bottle,Glass,Clear,Unknown,Round,White,Cap,None,,slim-,A Clear Round Glass bottle with a capacity of Unknown. It features a White Cap and no specific applicator. SKU: 2466.,18-415 ITEMCODES - 18-415 ITEMCODES.csv
2467,Clear Round bottle (Unknown),Bottle,Glass,Clear,Unknown,Round,White,Cap,None,,slim-,A Clear Round Glass bottle with a capacity of Unknown. It features a White Cap and no specific applicator. SKU: 2467.,18-415 ITEMCODES - 18-415 ITEMCODES.csv
1005,Clear Round bottle (Unknown),Bottle,Glass,Clear,Unknown,Round,White,Cap,None,,slim-,A Clear Round Glass bottle with a capacity of Unknown. It features a White Cap and no specific applicator. SKU: 1005.,18-415 ITEMCODES - 18-415 ITEMCODES.csv
1279,Clear Round bottle (Unknown),Bottle,Glass,Clear,Unknown,Round,White,Cap,None,,slim-,A Clear Round Glass bottle with a capacity of Unknown. It features a White Cap and no specific applicator. SKU: 1279.,18-415 ITEMCODES - 18-415 ITEMCODES.csv
464,Clear Round bottle (Unknown),Bottle,Glass,Clear,Unknown,Round,White,Cap,None,,slim-,A Clear Round Glass bottle with a capacity of Unknown. It features a White Cap and no specific applicator. SKU: 464.,18-415 ITEMCODES - 18-415 ITEMCODES.csv
1278,Clear Round bottle (Unknown),Bottle,Glass,Clear,Unknown,Round,White,Cap,None,,slim-,A Clear Round Glass bottle with a capacity of Unknown. It features a White Cap and no specific applicator. SKU: 1278.,18-415 ITEMCODES - 18-415 ITEMCODES.csv
465,Clear Round bottle (Unknown),Bottle,Glass,Clear,Unknown,Round,White,Cap,None,,slim-,A Clear Round Glass bottle with a capacity of Unknown. It features a White Cap and no specific applicator. SKU: 465.,18-415 ITEMCODES - 18-415 ITEMCODES.csv
1280,Clear Round bottle (Unknown),Bottle,Glass,Clear,Unknown,Round,White,Cap,None,,slim-,A Clear Round Glass bottle with a capacity of Unknown. It features a White Cap and no specific applicator. SKU: 1280.,18-415 ITEMCODES - 18-415 ITEMCODES.csv
1281,Clear Round bottle (Unknown),Bottle,Glass,Clear,Unknown,Round,White,Cap,None,,slim-,A Clear Round Glass bottle with a capacity of Unknown. It features a White Cap and no specific applicator. SKU: 1281.,18-415 ITEMCODES - 18-415 ITEMCODES.csv
1004,Clear Round bottle (Unknown),Bottle,Glass,Clear,Unknown,Round,White,Cap,None,,slim-,A Clear Round Glass bottle with a capacity of Unknown. It features a White Cap and no specific applicator. SKU: 1004.,18-415 ITEMCODES - 18-415 ITEMCODES.csv
2468,Clear Round bottle (Unknown),Bottle,Glass,Clear,Unknown,Round,White,Cap,None,,slim-,A Clear Round Glass bottle with a capacity of Unknown. It features a White Cap and no specific applicator. SKU: 2468.,18-415 ITEMCODES - 18-415 ITEMCODES.csv
2469,Clear Round bottle (Unknown),Bottle,Glass,Clear,Unknown,Round,White,Cap,None,,slim-,A Clear Round Glass bottle with a capacity of Unknown. It features a White Cap and no specific applicator. SKU: 2469.,18-415 ITEMCODES - 18-415 ITEMCODES.csv
2470,Clear Round bottle (Unknown),Bottle,Glass,Clear,Unknown,Round,White,Cap,None,,slim-,A Clear Round Glass bottle with a capacity of Unknown. It features a White Cap and no specific applicator. SKU: 2470.,18-415 ITEMCODES - 18-415 ITEMCODES.csv
2471,Clear Round bottle (Unknown),Bottle,Glass,Clear,Unknown,Round,White,Cap,None,,slim-,A Clear Round Glass bottle with a capacity of Unknown. It features a White Cap and no specific applicator. SKU: 2471.,18-415 ITEMCODES - 18-415 ITEMCODES.csv
2472,Clear Round bottle (Unknown),Bottle,Glass,Clear,Unknown,Round,White,Cap,None,,slim-,A Clear Round Glass bottle with a capacity of Unknown. It features a White Cap and no specific applicator. SKU: 2472.,18-415 ITEMCODES - 18-415 ITEMCODES.csv
2473,Clear Round bottle (Unknown),Bottle,Glass,Clear,Unknown,Round,White,Cap,None,,slim-,A Clear Round Glass bottle with a capacity of Unknown. It features a White Cap and no specific applicator. SKU: 2473.,18-415 ITEMCODES - 18-415 ITEMCODES.csv
2474,Clear Round bottle (Unknown),Bottle,Glass,Clear,Unknown,Round,White,Cap,None,,slim-,A Clear Round Glass bottle with a capacity of Unknown. It features a White Cap and no specific applicator. SKU: 2474.,18-415 ITEMCODES - 18-415 ITEMCODES.csv
2475,Clear Round bottle (Unknown),Bottle,Glass,Clear,Unknown,Round,White,Cap,None,,slim-,A Clear Round Glass bottle with a capacity of Unknown. It features a White Cap and no specific applicator. SKU: 2475.,18-415 ITEMCODES - 18-415 ITEMCODES.csv
2476,Clear Round bottle (Unknown),Bottle,Glass,Clear,Unknown,Round,White,Cap,None,,slim-,A Clear Round Glass bottle with a capacity of Unknown. It features a White Cap and no specific applicator. SKU: 2476.,18-415 ITEMCODES - 18-415 ITEMCODES.csv
2477,Clear Round bottle (Unknown),Bottle,Glass,Clear,Unknown,Round,White,Cap,None,,slim-,A Clear Round Glass bottle with a capacity of Unknown. It features a White Cap and no specific applicator. SKU: 2477.,18-415 ITEMCODES - 18-415 ITEMCODES.csv
2478,Clear Round bottle (Unknown),Bottle,Glass,Clear,Unknown,Round,White,Cap,None,,slim-,A Clear Round Glass bottle with a capacity of Unknown. It features a White Cap and no specific applicator. SKU: 2478.,18-415 ITEMCODES - 18-415 ITEMCODES.csv
2479,Clear Round bottle (Unknown),Bottle,Glass,Clear,Unknown,Round,White,Cap,None,,slim-,A Clear Round Glass bottle with a capacity of Unknown. It features a White Cap and no specific applicator. SKU: 2479.,18-415 ITEMCODES - 18-415 ITEMCODES.csv
2480,Clear Round bottle (Unknown),Bottle,Glass,Clear,Unknown,Round,White,Cap,None,,slim-,A Clear Round Glass bottle with a capacity of Unknown. It features a White Cap and no specific applicator. SKU: 2480.,18-415 ITEMCODES - 18-415 ITEMCODES.csv
2481,Clear Round bottle (Unknown),Bottle,Glass,Clear,Unknown,Round,White,Cap,None,,slim-,A Clear Round Glass bottle with a capacity of Unknown. It features a White Cap and no specific applicator. SKU: 2481.,18-415 ITEMCODES - 18-415 ITEMCODES.csv
2482,Clear Round bottle (Unknown),Bottle,Glass,Clear,Unknown,Round,White,Cap,None,,slim-,A Clear Round Glass bottle with a capacity of Unknown. It features a White Cap and no specific applicator. SKU: 2482.,18-415 ITEMCODES - 18-415 ITEMCODES.csv
3520,Clear Round bottle (Unknown),Bottle,Glass,Clear,Unknown,Round,White,Cap,None,,slim-,A Clear Round Glass bottle with a capacity of Unknown. It features a White Cap and no specific applicator. SKU: 3520.,18-415 ITEMCODES - 18-415 ITEMCODES.csv
2483,Clear Round bottle (Unknown),Bottle,Glass,Clear,Unknown,Round,White,Cap,None,,slim-,A Clear Round Glass bottle with a capacity of Unknown. It features a White Cap and no specific applicator. SKU: 2483.,18-415 ITEMCODES - 18-415 ITEMCODES.csv
2484,Clear Round bottle (Unknown),Bottle,Glass,Clear,Unknown,Round,White,Cap,None,,slim-,A Clear Round Glass bottle with a capacity of Unknown. It features a White Cap and no specific applicator. SKU: 2484.,18-415 ITEMCODES - 18-415 ITEMCODES.csv
2485,Clear Round bottle (Unknown),Bottle,Glass,Clear,Unknown,Round,White,Cap,None,,slim-,A Clear Round Glass bottle with a capacity of Unknown. It features a White Cap and no specific applicator. SKU: 2485.,18-415 ITEMCODES - 18-415 ITEMCODES.csv
2486,Clear Round bottle (Unknown),Bottle,Glass,Clear,Unknown,Round,White,Cap,None,,slim-,A Clear Round Glass bottle with a capacity of Unknown. It features a White Cap and no specific applicator. SKU: 2486.,18-415 ITEMCODES - 18-415 ITEMCODES.csv
1165,Clear Round bottle (Unknown),Bottle,Glass,Clear,Unknown,Round,White,Cap,None,,slim-,A Clear Round Glass bottle with a capacity of Unknown. It features a White Cap and no specific applicator. SKU: 1165.,18-415 ITEMCODES - 18-415 ITEMCODES.csv
2487,Clear Round bottle (Unknown),Bottle,Glass,Clear,Unknown,Round,White,Cap,None,,slim-,A Clear Round Glass bottle with a capacity of Unknown. It features a White Cap and no specific applicator. SKU: 2487.,18-415 ITEMCODES - 18-415 ITEMCODES.csv
2488,Clear Round bottle (Unknown),Bottle,Glass,Clear,Unknown,Round,White,Cap,None,,slim-,A Clear Round Glass bottle with a capacity of Unknown. It features a White Cap and no specific applicator. SKU: 2488.,18-415 ITEMCODES - 18-415 ITEMCODES.csv
2489,Clear Round bottle (Unknown),Bottle,Glass,Clear,Unknown,Round,White,Cap,None,,slim-,A Clear Round Glass bottle with a capacity of Unknown. It features a White Cap and no specific applicator. SKU: 2489.,18-415 ITEMCODES - 18-415 ITEMCODES.csv
2490,Clear Round bottle (Unknown),Bottle,Glass,Clear,Unknown,Round,White,Cap,None,,slim-,A Clear Round Glass bottle with a capacity of Unknown. It features a White Cap and no specific applicator. SKU: 2490.,18-415 ITEMCODES - 18-415 ITEMCODES.csv
2491,Clear Round bottle (Unknown),Bottle,Glass,Clear,Unknown,Round,White,Cap,None,,slim-,A Clear Round Glass bottle with a capacity of Unknown. It features a White Cap and no specific applicator. SKU: 2491.,18-415 ITEMCODES - 18-415 ITEMCODES.csv
2492,Clear Round bottle (Unknown),Bottle,Glass,Clear,Unknown,Round,White,Cap,None,,slim-,A Clear Round Glass bottle with a capacity of Unknown. It features a White Cap and no specific applicator. SKU: 2492.,18-415 ITEMCODES - 18-415 ITEMCODES.csv
2493,Clear Round bottle (Unknown),Bottle,Glass,Clear,Unknown,Round,White,Cap,None,,slim-,A Clear Round Glass bottle with a capacity of Unknown. It features a White Cap and no specific applicator. SKU: 2493.,18-415 ITEMCODES - 18-415 ITEMCODES.csv
2494,Clear Round bottle (Unknown),Bottle,Glass,Clear,Unknown,Round,White,Cap,None,,slim-,A Clear Round Glass bottle with a capacity of Unknown. It features a White Cap and no specific applicator. SKU: 2494.,18-415 ITEMCODES - 18-415 ITEMCODES.csv
238,Clear Round bottle (Unknown),Bottle,Glass,Clear,Unknown,Round,White,Cap,None,,slim-,A Clear Round Glass bottle with a capacity of Unknown. It features a White Cap and no specific applicator. SKU: 238.,18-415 ITEMCODES - 18-415 ITEMCODES.csv
1283,Clear Round bottle (Unknown),Bottle,Glass,Clear,Unknown,Round,White,Cap,None,,slim-,A Clear Round Glass bottle with a capacity of Unknown. It features a White Cap and no specific applicator. SKU: 1283.,18-415 ITEMCODES - 18-415 ITEMCODES.csv
402,Clear Round bottle (Unknown),Bottle,Glass,Clear,Unknown,Round,White,Cap,None,,slim-,A Clear Round Glass bottle with a capacity of Unknown. It features a White Cap and no specific applicator. SKU: 402.,18-415 ITEMCODES - 18-415 ITEMCODES.csv
1282,Clear Round bottle (Unknown),Bottle,Glass,Clear,Unknown,Round,White,Cap,None,,slim-,A Clear Round Glass bottle with a capacity of Unknown. It features a White Cap and no specific applicator. SKU: 1282.,18-415 ITEMCODES - 18-415 ITEMCODES.csv
325,Clear Round bottle (Unknown),Bottle,Glass,Clear,Unknown,Round,White,Cap,None,,slim-,A Clear Round Glass bottle with a capacity of Unknown. It features a White Cap and no specific applicator. SKU: 325.,18-415 ITEMCODES - 18-415 ITEMCODES.csv
2495,Clear Round bottle (Unknown),Bottle,Glass,Clear,Unknown,Round,White,Cap,None,,slim-,A Clear Round Glass bottle with a capacity of Unknown. It features a White Cap and no specific applicator. SKU: 2495.,18-415 ITEMCODES - 18-415 ITEMCODES.csv
3521,Clear Round bottle (Unknown),Bottle,Glass,Clear,Unknown,Round,White,Cap,None,,slim-,A Clear Round Glass bottle with a capacity of Unknown. It features a White Cap and no specific applicator. SKU: 3521.,18-415 ITEMCODES - 18-415 ITEMCODES.csv
239,Clear Round bottle (Unknown),Bottle,Glass,Clear,Unknown,Round,White,Cap,None,,slim-,A Clear Round Glass bottle with a capacity of Unknown. It features a White Cap and no specific applicator. SKU: 239.,18-415 ITEMCODES - 18-415 ITEMCODES.csv
1285,Clear Round bottle (Unknown),Bottle,Glass,Clear,Unknown,Round,White,Cap,None,,slim-,A Clear Round Glass bottle with a capacity of Unknown. It features a White Cap and no specific applicator. SKU: 1285.,18-415 ITEMCODES - 18-415 ITEMCODES.csv
169,Clear Round bottle (Unknown),Bottle,Glass,Clear,Unknown,Round,White,Cap,None,,slim-,A Clear Round Glass bottle with a capacity of Unknown. It features a White Cap and no specific applicator. SKU: 169.,18-415 ITEMCODES - 18-415 ITEMCODES.csv
167,Clear Round bottle (Unknown),Bottle,Glass,Clear,Unknown,Round,White,Cap,None,,slim-,A Clear Round Glass bottle with a capacity of Unknown. It features a White Cap and no specific applicator. SKU: 167.,18-415 ITEMCODES - 18-415 ITEMCODES.csv
2496,Clear Round bottle (Unknown),Bottle,Glass,Clear,Unknown,Round,White,Cap,None,,slim-,A Clear Round Glass bottle with a capacity of Unknown. It features a White Cap and no specific applicator. SKU: 2496.,18-415 ITEMCODES - 18-415 ITEMCODES.csv
3344,Clear Round bottle (Unknown),Bottle,Glass,Clear,Unknown,Round,White,Cap,None,,slim-,A Clear Round Glass bottle with a capacity of Unknown. It features a White Cap and no specific applicator. SKU: 3344.,18-415 ITEMCODES - 18-415 ITEMCODES.csv
168,Clear Round bottle (Unknown),Bottle,Glass,Clear,Unknown,Round,White,Cap,None,,slim-,A Clear Round Glass bottle with a capacity of Unknown. It features a White Cap and no specific applicator. SKU: 168.,18-415 ITEMCODES - 18-415 ITEMCODES.csv
170,Clear Round bottle (Unknown),Bottle,Glass,Clear,Unknown,Round,White,Cap,None,,slim-,A Clear Round Glass bottle with a capacity of Unknown. It features a White Cap and no specific applicator. SKU: 170.,18-415 ITEMCODES - 18-415 ITEMCODES.csv
232,Clear Round bottle (Unknown),Bottle,Glass,Clear,Unknown,Round,White,Cap,None,,slim-,A Clear Round Glass bottle with a capacity of Unknown. It features a White Cap and no specific applicator. SKU: 232.,18-415 ITEMCODES - 18-415 ITEMCODES.csv
2497,Clear Round bottle (Unknown),Bottle,Glass,Clear,Unknown,Round,White,Cap,None,,slim-,A Clear Round Glass bottle with a capacity of Unknown. It features a White Cap and no specific applicator. SKU: 2497.,18-415 ITEMCODES - 18-415 ITEMCODES.csv
1220,Clear Round bottle (Unknown),Bottle,Glass,Clear,Unknown,Round,White,Cap,None,,slim-,A Clear Round Glass bottle with a capacity of Unknown. It features a White Cap and no specific applicator. SKU: 1220.,18-415 ITEMCODES - 18-415 ITEMCODES.csv
236,Clear Round bottle (Unknown),Bottle,Glass,Clear,Unknown,Round,White,Cap,None,,slim-,A Clear Round Glass bottle with a capacity of Unknown. It features a White Cap and no specific applicator. SKU: 236.,18-415 ITEMCODES - 18-415 ITEMCODES.csv
235,Clear Round bottle (Unknown),Bottle,Glass,Clear,Unknown,Round,White,Cap,None,,slim-,A Clear Round Glass bottle with a capacity of Unknown. It features a White Cap and no specific applicator. SKU: 235.,18-415 ITEMCODES - 18-415 ITEMCODES.csv
1221,Clear Round bottle (Unknown),Bottle,Glass,Clear,Unknown,Round,White,Cap,None,,slim-,A Clear Round Glass bottle with a capacity of Unknown. It features a White Cap and no specific applicator. SKU: 1221.,18-415 ITEMCODES - 18-415 ITEMCODES.csv
2498,Clear Round bottle (Unknown),Bottle,Glass,Clear,Unknown,Round,White,Cap,None,,slim-,A Clear Round Glass bottle with a capacity of Unknown. It features a White Cap and no specific applicator. SKU: 2498.,18-415 ITEMCODES - 18-415 ITEMCODES.csv
237,Clear Round bottle (Unknown),Bottle,Glass,Clear,Unknown,Round,White,Cap,None,,slim-,A Clear Round Glass bottle with a capacity of Unknown. It features a White Cap and no specific applicator. SKU: 237.,18-415 ITEMCODES - 18-415 ITEMCODES.csv
1222,Clear Round bottle (Unknown),Bottle,Glass,Clear,Unknown,Round,White,Cap,None,,slim-,A Clear Round Glass bottle with a capacity of Unknown. It features a White Cap and no specific applicator. SKU: 1222.,18-415 ITEMCODES - 18-415 ITEMCODES.csv
233,Clear Round bottle (Unknown),Bottle,Glass,Clear,Unknown,Round,White,Cap,None,,slim-,A Clear Round Glass bottle with a capacity of Unknown. It features a White Cap and no specific applicator. SKU: 233.,18-415 ITEMCODES - 18-415 ITEMCODES.csv
2499,Clear Round bottle (Unknown),Bottle,Glass,Clear,Unknown,Round,White,Cap,None,,slim-,A Clear Round Glass bottle with a capacity of Unknown. It features a White Cap and no specific applicator. SKU: 2499.,18-415 ITEMCODES - 18-415 ITEMCODES.csv
234,Clear Round bottle (Unknown),Bottle,Glass,Clear,Unknown,Round,White,Cap,None,,slim-,A Clear Round Glass bottle with a capacity of Unknown. It features a White Cap and no specific applicator. SKU: 234.,18-415 ITEMCODES - 18-415 ITEMCODES.csv
1167,Clear Round bottle (Unknown),Bottle,Glass,Clear,Unknown,Round,White,Cap,None,,slim-,A Clear Round Glass bottle with a capacity of Unknown. It features a White Cap and no specific applicator. SKU: 1167.,18-415 ITEMCODES - 18-415 ITEMCODES.csv
1166,Clear Round bottle (Unknown),Bottle,Glass,Clear,Unknown,Round,White,Cap,None,,slim-,A Clear Round Glass bottle with a capacity of Unknown. It features a White Cap and no specific applicator. SKU: 1166.,18-415 ITEMCODES - 18-415 ITEMCODES.csv
2500,Clear Round bottle (Unknown),Bottle,Glass,Clear,Unknown,Round,White,Cap,None,,slim-,A Clear Round Glass bottle with a capacity of Unknown. It features a White Cap and no specific applicator. SKU: 2500.,18-415 ITEMCODES - 18-415 ITEMCODES.csv
2501,Clear Round bottle (Unknown),Bottle,Glass,Clear,Unknown,Round,White,Cap,None,,slim-,A Clear Round Glass bottle with a capacity of Unknown. It features a White Cap and no specific applicator. SKU: 2501.,18-415 ITEMCODES - 18-415 ITEMCODES.csv
2502,Clear Round bottle (Unknown),Bottle,Glass,Clear,Unknown,Round,White,Cap,None,,slim-,A Clear Round Glass bottle with a capacity of Unknown. It features a White Cap and no specific applicator. SKU: 2502.,18-415 ITEMCODES - 18-415 ITEMCODES.csv
2503,Clear Round bottle (Unknown),Bottle,Glass,Clear,Unknown,Round,White,Cap,None,,slim-,A Clear Round Glass bottle with a capacity of Unknown. It features a White Cap and no specific applicator. SKU: 2503.,18-415 ITEMCODES - 18-415 ITEMCODES.csv
2504,Clear Round bottle (Unknown),Bottle,Glass,Clear,Unknown,Round,White,Cap,None,,slim-,A Clear Round Glass bottle with a capacity of Unknown. It features a White Cap and no specific applicator. SKU: 2504.,18-415 ITEMCODES - 18-415 ITEMCODES.csv
1168,Clear Round bottle (Unknown),Bottle,Glass,Clear,Unknown,Round,White,Cap,None,,slim-,A Clear Round Glass bottle with a capacity of Unknown. It features a White Cap and no specific applicator. SKU: 1168.,18-415 ITEMCODES - 18-415 ITEMCODES.csv
2506,Clear Round bottle (Unknown),Bottle,Glass,Clear,Unknown,Round,White,Cap,None,,slim-,A Clear Round Glass bottle with a capacity of Unknown. It features a White Cap and no specific applicator. SKU: 2506.,18-415 ITEMCODES - 18-415 ITEMCODES.csv
2507,Clear Round bottle (Unknown),Bottle,Glass,Clear,Unknown,Round,White,Cap,None,,slim-,A Clear Round Glass bottle with a capacity of Unknown. It features a White Cap and no specific applicator. SKU: 2507.,18-415 ITEMCODES - 18-415 ITEMCODES.csv
2508,Clear Round bottle (Unknown),Bottle,Glass,Clear,Unknown,Round,White,Cap,None,,slim-,A Clear Round Glass bottle with a capacity of Unknown. It features a White Cap and no specific applicator. SKU: 2508.,18-415 ITEMCODES - 18-415 ITEMCODES.csv
2509,Clear Round bottle (Unknown),Bottle,Glass,Clear,Unknown,Round,White,Cap,None,,slim-,A Clear Round Glass bottle with a capacity of Unknown. It features a White Cap and no specific applicator. SKU: 2509.,18-415 ITEMCODES - 18-415 ITEMCODES.csv
2510,Clear Round bottle (Unknown),Bottle,Glass,Clear,Unknown,Round,White,Cap,None,,slim-,A Clear Round Glass bottle with a capacity of Unknown. It features a White Cap and no specific applicator. SKU: 2510.,18-415 ITEMCODES - 18-415 ITEMCODES.csv
2511,Clear Round bottle (Unknown),Bottle,Glass,Clear,Unknown,Round,White,Cap,None,,slim-,A Clear Round Glass bottle with a capacity of Unknown. It features a White Cap and no specific applicator. SKU: 2511.,18-415 ITEMCODES - 18-415 ITEMCODES.csv
2512,Clear Round bottle (Unknown),Bottle,Glass,Clear,Unknown,Round,White,Cap,None,,slim-,A Clear Round Glass bottle with a capacity of Unknown. It features a White Cap and no specific applicator. SKU: 2512.,18-415 ITEMCODES - 18-415 ITEMCODES.csv
2513,Clear Round bottle (Unknown),Bottle,Glass,Clear,Unknown,Round,White,Cap,None,,slim-,A Clear Round Glass bottle with a capacity of Unknown. It features a White Cap and no specific applicator. SKU: 2513.,18-415 ITEMCODES - 18-415 ITEMCODES.csv
183,Clear Round bottle (Unknown),Bottle,Glass,Clear,Unknown,Round,White,Cap,None,,slim-,A Clear Round Glass bottle with a capacity of Unknown. It features a White Cap and no specific applicator. SKU: 183.,18-415 ITEMCODES - 18-415 ITEMCODES.csv
1178,Clear Round bottle (Unknown),Bottle,Glass,Clear,Unknown,Round,White,Cap,None,,slim-,A Clear Round Glass bottle with a capacity of Unknown. It features a White Cap and no specific applicator. SKU: 1178.,18-415 ITEMCODES - 18-415 ITEMCODES.csv
2514,Clear Round bottle (Unknown),Bottle,Glass,Clear,Unknown,Round,White,Cap,None,,slim-,A Clear Round Glass bottle with a capacity of Unknown. It features a White Cap and no specific applicator. SKU: 2514.,18-415 ITEMCODES - 18-415 ITEMCODES.csv
1253,Clear Round bottle (Unknown),Bottle,Glass,Clear,Unknown,Round,White,Cap,None,,slim-,A Clear Round Glass bottle with a capacity of Unknown. It features a White Cap and no specific applicator. SKU: 1253.,18-415 ITEMCODES - 18-415 ITEMCODES.csv
1106,Clear Round bottle (Unknown),Bottle,Glass,Clear,Unknown,Round,White,Cap,None,,slim-,A Clear Round Glass bottle with a capacity of Unknown. It features a White Cap and no specific applicator. SKU: 1106.,18-415 ITEMCODES - 18-415 ITEMCODES.csv
2515,Clear Round bottle (Unknown),Bottle,Glass,Clear,Unknown,Round,White,Cap,None,,slim-,A Clear Round Glass bottle with a capacity of Unknown. It features a White Cap and no specific applicator. SKU: 2515.,18-415 ITEMCODES - 18-415 ITEMCODES.csv
1265,Clear Round bottle (Unknown),Bottle,Glass,Clear,Unknown,Round,White,Cap,None,,slim-,A Clear Round Glass bottle with a capacity of Unknown. It features a White Cap and no specific applicator. SKU: 1265.,18-415 ITEMCODES - 18-415 ITEMCODES.csv
182,Clear Round bottle (Unknown),Bottle,Glass,Clear,Unknown,Round,White,Cap,None,,slim-,A Clear Round Glass bottle with a capacity of Unknown. It features a White Cap and no specific applicator. SKU: 182.,18-415 ITEMCODES - 18-415 ITEMCODES.csv
1177,Clear Round bottle (Unknown),Bottle,Glass,Clear,Unknown,Round,White,Cap,None,,slim-,A Clear Round Glass bottle with a capacity of Unknown. It features a White Cap and no specific applicator. SKU: 1177.,18-415 ITEMCODES - 18-415 ITEMCODES.csv
246,Clear Round bottle (Unknown),Bottle,Glass,Clear,Unknown,Round,White,Cap,None,,slim-,A Clear Round Glass bottle with a capacity of Unknown. It features a White Cap and no specific applicator. SKU: 246.,18-415 ITEMCODES - 18-415 ITEMCODES.csv
243,Clear Round bottle (Unknown),Bottle,Glass,Clear,Unknown,Round,White,Cap,None,,slim-,A Clear Round Glass bottle with a capacity of Unknown. It features a White Cap and no specific applicator. SKU: 243.,18-415 ITEMCODES - 18-415 ITEMCODES.csv
2516,Clear Round bottle (Unknown),Bottle,Glass,Clear,Unknown,Round,White,Cap,None,,slim-,A Clear Round Glass bottle with a capacity of Unknown. It features a White Cap and no specific applicator. SKU: 2516.,18-415 ITEMCODES - 18-415 ITEMCODES.csv
1203,Clear Round bottle (Unknown),Bottle,Glass,Clear,Unknown,Round,White,Cap,None,,slim-,A Clear Round Glass bottle with a capacity of Unknown. It features a White Cap and no specific applicator. SKU: 1203.,18-415 ITEMCODES - 18-415 ITEMCODES.csv
1202,Clear Round bottle (Unknown),Bottle,Glass,Clear,Unknown,Round,White,Cap,None,,slim-,A Clear Round Glass bottle with a capacity of Unknown. It features a White Cap and no specific applicator. SKU: 1202.,18-415 ITEMCODES - 18-415 ITEMCODES.csv
245,Clear Round bottle (Unknown),Bottle,Glass,Clear,Unknown,Round,White,Cap,None,,slim-,A Clear Round Glass bottle with a capacity of Unknown. It features a White Cap and no specific applicator. SKU: 245.,18-415 ITEMCODES - 18-415 ITEMCODES.csv
2517,Clear Round bottle (Unknown),Bottle,Glass,Clear,Unknown,Round,White,Cap,None,,slim-,A Clear Round Glass bottle with a capacity of Unknown. It features a White Cap and no specific applicator. SKU: 2517.,18-415 ITEMCODES - 18-415 ITEMCODES.csv
2518,Clear Round bottle (Unknown),Bottle,Glass,Clear,Unknown,Round,White,Cap,None,,slim-,A Clear Round Glass bottle with a capacity of Unknown. It features a White Cap and no specific applicator. SKU: 2518.,18-415 ITEMCODES - 18-415 ITEMCODES.csv
1205,Clear Round bottle (Unknown),Bottle,Glass,Clear,Unknown,Round,White,Cap,None,,slim-,A Clear Round Glass bottle with a capacity of Unknown. It features a White Cap and no specific applicator. SKU: 1205.,18-415 ITEMCODES - 18-415 ITEMCODES.csv
1209,Clear Round bottle (Unknown),Bottle,Glass,Clear,Unknown,Round,White,Cap,None,,slim-,A Clear Round Glass bottle with a capacity of Unknown. It features a White Cap and no specific applicator. SKU: 1209.,18-415 ITEMCODES - 18-415 ITEMCODES.csv
1207,Clear Round bottle (Unknown),Bottle,Glass,Clear,Unknown,Round,White,Cap,None,,slim-,A Clear Round Glass bottle with a capacity of Unknown. It features a White Cap and no specific applicator. SKU: 1207.,18-415 ITEMCODES - 18-415 ITEMCODES.csv
1208,Clear Round bottle (Unknown),Bottle,Glass,Clear,Unknown,Round,White,Cap,None,,slim-,A Clear Round Glass bottle with a capacity of Unknown. It features a White Cap and no specific applicator. SKU: 1208.,18-415 ITEMCODES - 18-415 ITEMCODES.csv
2519,Clear Round bottle (Unknown),Bottle,Glass,Clear,Unknown,Round,White,Cap,None,,slim-,A Clear Round Glass bottle with a capacity of Unknown. It features a White Cap and no specific applicator. SKU: 2519.,18-415 ITEMCODES - 18-415 ITEMCODES.csv
247,Clear Round bottle (Unknown),Bottle,Glass,Clear,Unknown,Round,White,Cap,None,,slim-,A Clear Round Glass bottle with a capacity of Unknown. It features a White Cap and no specific applicator. SKU: 247.,18-415 ITEMCODES - 18-415 ITEMCODES.csv
1210,Clear Round bottle (Unknown),Bottle,Glass,Clear,Unknown,Round,White,Cap,None,,slim-,A Clear Round Glass bottle with a capacity of Unknown. It features a White Cap and no specific applicator. SKU: 1210.,18-415 ITEMCODES - 18-415 ITEMCODES.csv
248,Clear Round bottle (Unknown),Bottle,Glass,Clear,Unknown,Round,White,Cap,None,,slim-,A Clear Round Glass bottle with a capacity of Unknown. It features a White Cap and no specific applicator. SKU: 248.,18-415 ITEMCODES - 18-415 ITEMCODES.csv
2520,Clear Round bottle (Unknown),Bottle,Glass,Clear,Unknown,Round,White,Cap,None,,slim-,A Clear Round Glass bottle with a capacity of Unknown. It features a White Cap and no specific applicator. SKU: 2520.,18-415 ITEMCODES - 18-415 ITEMCODES.csv
1206,Clear Round bottle (Unknown),Bottle,Glass,Clear,Unknown,Round,White,Cap,None,,slim-,A Clear Round Glass bottle with a capacity of Unknown. It features a White Cap and no specific applicator. SKU: 1206.,18-415 ITEMCODES - 18-415 ITEMCODES.csv
2521,Clear Round bottle (Unknown),Bottle,Glass,Clear,Unknown,Round,White,Cap,None,,slim-,A Clear Round Glass bottle with a capacity of Unknown. It features a White Cap and no specific applicator. SKU: 2521.,18-415 ITEMCODES - 18-415 ITEMCODES.csv
1170,Clear Round bottle (Unknown),Bottle,Glass,Clear,Unknown,Round,White,Cap,None,,slim-,A Clear Round Glass bottle with a capacity of Unknown. It features a White Cap and no specific applicator. SKU: 1170.,18-415 ITEMCODES - 18-415 ITEMCODES.csv
1169,Clear Round bottle (Unknown),Bottle,Glass,Clear,Unknown,Round,White,Cap,None,,slim-,A Clear Round Glass bottle with a capacity of Unknown. It features a White Cap and no specific applicator. SKU: 1169.,18-415 ITEMCODES - 18-415 ITEMCODES.csv
2524,Clear Round bottle (Unknown),Bottle,Glass,Clear,Unknown,Round,White,Cap,None,,slim-,A Clear Round Glass bottle with a capacity of Unknown. It features a White Cap and no specific applicator. SKU: 2524.,18-415 ITEMCODES - 18-415 ITEMCODES.csv
2525,Clear Round bottle (Unknown),Bottle,Glass,Clear,Unknown,Round,White,Cap,None,,slim-,A Clear Round Glass bottle with a capacity of Unknown. It features a White Cap and no specific applicator. SKU: 2525.,18-415 ITEMCODES - 18-415 ITEMCODES.csv
2526,Clear Round bottle (Unknown),Bottle,Glass,Clear,Unknown,Round,White,Cap,None,,elegant-,A Clear Round Glass bottle with a capacity of Unknown. It features a White Cap and no specific applicator. SKU: 2526.,18-415 ITEMCODES - 18-415 ITEMCODES.csv
205,Clear Round bottle (Unknown),Bottle,Glass,Clear,Unknown,Round,White,Cap,None,,elegant-,A Clear Round Glass bottle with a capacity of Unknown. It features a White Cap and no specific applicator. SKU: 205.,18-415 ITEMCODES - 18-415 ITEMCODES.csv
2527,Clear Round bottle (Unknown),Bottle,Glass,Clear,Unknown,Round,White,Cap,None,,elegant-,A Clear Round Glass bottle with a capacity of Unknown. It features a White Cap and no specific applicator. SKU: 2527.,18-415 ITEMCODES - 18-415 ITEMCODES.csv
1138,Clear Round bottle (Unknown),Bottle,Glass,Clear,Unknown,Round,White,Cap,None,,elegant-,A Clear Round Glass bottle with a capacity of Unknown. It features a White Cap and no specific applicator. SKU: 1138.,18-415 ITEMCODES - 18-415 ITEMCODES.csv
2528,Clear Round bottle (Unknown),Bottle,Glass,Clear,Unknown,Round,White,Cap,None,,elegant-,A Clear Round Glass bottle with a capacity of Unknown. It features a White Cap and no specific applicator. SKU: 2528.,18-415 ITEMCODES - 18-415 ITEMCODES.csv
2529,Clear Round bottle (Unknown),Bottle,Glass,Clear,Unknown,Round,White,Cap,None,,elegant-,A Clear Round Glass bottle with a capacity of Unknown. It features a White Cap and no specific applicator. SKU: 2529.,18-415 ITEMCODES - 18-415 ITEMCODES.csv
2530,Clear Round bottle (Unknown),Bottle,Glass,Clear,Unknown,Round,White,Cap,None,,elegant-,A Clear Round Glass bottle with a capacity of Unknown. It features a White Cap and no specific applicator. SKU: 2530.,18-415 ITEMCODES - 18-415 ITEMCODES.csv
2531,Clear Round bottle (Unknown),Bottle,Glass,Clear,Unknown,Round,White,Cap,None,,elegant-,A Clear Round Glass bottle with a capacity of Unknown. It features a White Cap and no specific applicator. SKU: 2531.,18-415 ITEMCODES - 18-415 ITEMCODES.csv
2532,Clear Round bottle (Unknown),Bottle,Glass,Clear,Unknown,Round,White,Cap,None,,elegant-,A Clear Round Glass bottle with a capacity of Unknown. It features a White Cap and no specific applicator. SKU: 2532.,18-415 ITEMCODES - 18-415 ITEMCODES.csv
324,Clear Round bottle (Unknown),Bottle,Glass,Clear,Unknown,Round,White,Cap,None,,elegant-,A Clear Round Glass bottle with a capacity of Unknown. It features a White Cap and no specific applicator. SKU: 324.,18-415 ITEMCODES - 18-415 ITEMCODES.csv
2533,Clear Round bottle (Unknown),Bottle,Glass,Clear,Unknown,Round,White,Cap,None,,elegant-,A Clear Round Glass bottle with a capacity of Unknown. It features a White Cap and no specific applicator. SKU: 2533.,18-415 ITEMCODES - 18-415 ITEMCODES.csv
2534,Clear Round bottle (Unknown),Bottle,Glass,Clear,Unknown,Round,White,Cap,None,,elegant-,A Clear Round Glass bottle with a capacity of Unknown. It features a White Cap and no specific applicator. SKU: 2534.,18-415 ITEMCODES - 18-415 ITEMCODES.csv
177,Clear Round bottle (Unknown),Bottle,Glass,Clear,Unknown,Round,White,Cap,None,,elegant-,A Clear Round Glass bottle with a capacity of Unknown. It features a White Cap and no specific applicator. SKU: 177.,18-415 ITEMCODES - 18-415 ITEMCODES.csv
3522,Clear Round bottle (Unknown),Bottle,Glass,Clear,Unknown,Round,White,Cap,None,,elegant-,A Clear Round Glass bottle with a capacity of Unknown. It features a White Cap and no specific applicator. SKU: 3522.,18-415 ITEMCODES - 18-415 ITEMCODES.csv
389,Clear Round bottle (Unknown),Bottle,Glass,Clear,Unknown,Round,White,Cap,None,,elegant-,A Clear Round Glass bottle with a capacity of Unknown. It features a White Cap and no specific applicator. SKU: 389.,18-415 ITEMCODES - 18-415 ITEMCODES.csv
3523,Clear Round bottle (Unknown),Bottle,Glass,Clear,Unknown,Round,White,Cap,None,,elegant-,A Clear Round Glass bottle with a capacity of Unknown. It features a White Cap and no specific applicator. SKU: 3523.,18-415 ITEMCODES - 18-415 ITEMCODES.csv
3524,Clear Round bottle (Unknown),Bottle,Glass,Clear,Unknown,Round,White,Cap,None,,elegant-,A Clear Round Glass bottle with a capacity of Unknown. It features a White Cap and no specific applicator. SKU: 3524.,18-415 ITEMCODES - 18-415 ITEMCODES.csv
2535,Clear Round bottle (Unknown),Bottle,Glass,Clear,Unknown,Round,White,Cap,None,,elegant-,A Clear Round Glass bottle with a capacity of Unknown. It features a White Cap and no specific applicator. SKU: 2535.,18-415 ITEMCODES - 18-415 ITEMCODES.csv
3525,Clear Round bottle (Unknown),Bottle,Glass,Clear,Unknown,Round,White,Cap,None,,elegant-,A Clear Round Glass bottle with a capacity of Unknown. It features a White Cap and no specific applicator. SKU: 3525.,18-415 ITEMCODES - 18-415 ITEMCODES.csv
2536,Clear Round bottle (Unknown),Bottle,Glass,Clear,Unknown,Round,White,Cap,None,,elegant-,A Clear Round Glass bottle with a capacity of Unknown. It features a White Cap and no specific applicator. SKU: 2536.,18-415 ITEMCODES - 18-415 ITEMCODES.csv
3526,Clear Round bottle (Unknown),Bottle,Glass,Clear,Unknown,Round,White,Cap,None,,elegant-,A Clear Round Glass bottle with a capacity of Unknown. It features a White Cap and no specific applicator. SKU: 3526.,18-415 ITEMCODES - 18-415 ITEMCODES.csv
2537,Clear Round bottle (Unknown),Bottle,Glass,Clear,Unknown,Round,White,Cap,None,,elegant-,A Clear Round Glass bottle with a capacity of Unknown. It features a White Cap and no specific applicator. SKU: 2537.,18-415 ITEMCODES - 18-415 ITEMCODES.csv
2538,Clear Round bottle (Unknown),Bottle,Glass,Clear,Unknown,Round,White,Cap,None,,elegant-,A Clear Round Glass bottle with a capacity of Unknown. It features a White Cap and no specific applicator. SKU: 2538.,18-415 ITEMCODES - 18-415 ITEMCODES.csv
2539,Clear Round bottle (Unknown),Bottle,Glass,Clear,Unknown,Round,White,Cap,None,,elegant-,A Clear Round Glass bottle with a capacity of Unknown. It features a White Cap and no specific applicator. SKU: 2539.,18-415 ITEMCODES - 18-415 ITEMCODES.csv
2540,Clear Round bottle (Unknown),Bottle,Glass,Clear,Unknown,Round,White,Cap,None,,elegant-,A Clear Round Glass bottle with a capacity of Unknown. It features a White Cap and no specific applicator. SKU: 2540.,18-415 ITEMCODES - 18-415 ITEMCODES.csv
2541,Clear Round bottle (Unknown),Bottle,Glass,Clear,Unknown,Round,White,Cap,None,,elegant-,A Clear Round Glass bottle with a capacity of Unknown. It features a White Cap and no specific applicator. SKU: 2541.,18-415 ITEMCODES - 18-415 ITEMCODES.csv
2542,Clear Round bottle (Unknown),Bottle,Glass,Clear,Unknown,Round,White,Cap,None,,elegant-,A Clear Round Glass bottle with a capacity of Unknown. It features a White Cap and no specific applicator. SKU: 2542.,18-415 ITEMCODES - 18-415 ITEMCODES.csv
2543,Clear Round bottle (Unknown),Bottle,Glass,Clear,Unknown,Round,White,Cap,None,,elegant-,A Clear Round Glass bottle with a capacity of Unknown. It features a White Cap and no specific applicator. SKU: 2543.,18-415 ITEMCODES - 18-415 ITEMCODES.csv
2544,Clear Round bottle (Unknown),Bottle,Glass,Clear,Unknown,Round,White,Cap,None,,elegant-,A Clear Round Glass bottle with a capacity of Unknown. It features a White Cap and no specific applicator. SKU: 2544.,18-415 ITEMCODES - 18-415 ITEMCODES.csv
2545,Clear Round bottle (Unknown),Bottle,Glass,Clear,Unknown,Round,White,Cap,None,,elegant-,A Clear Round Glass bottle with a capacity of Unknown. It features a White Cap and no specific applicator. SKU: 2545.,18-415 ITEMCODES - 18-415 ITEMCODES.csv
2546,Clear Round bottle (Unknown),Bottle,Glass,Clear,Unknown,Round,White,Cap,None,,elegant-,A Clear Round Glass bottle with a capacity of Unknown. It features a White Cap and no specific applicator. SKU: 2546.,18-415 ITEMCODES - 18-415 ITEMCODES.csv
2547,Clear Round bottle (Unknown),Bottle,Glass,Clear,Unknown,Round,White,Cap,None,,elegant-,A Clear Round Glass bottle with a capacity of Unknown. It features a White Cap and no specific applicator. SKU: 2547.,18-415 ITEMCODES - 18-415 ITEMCODES.csv
2548,Clear Round bottle (Unknown),Bottle,Glass,Clear,Unknown,Round,White,Cap,None,,elegant-,A Clear Round Glass bottle with a capacity of Unknown. It features a White Cap and no specific applicator. SKU: 2548.,18-415 ITEMCODES - 18-415 ITEMCODES.csv
2549,Clear Round bottle (Unknown),Bottle,Glass,Clear,Unknown,Round,White,Cap,None,,elegant-,A Clear Round Glass bottle with a capacity of Unknown. It features a White Cap and no specific applicator. SKU: 2549.,18-415 ITEMCODES - 18-415 ITEMCODES.csv
2550,Clear Round bottle (Unknown),Bottle,Glass,Clear,Unknown,Round,White,Cap,None,,elegant-,A Clear Round Glass bottle with a capacity of Unknown. It features a White Cap and no specific applicator. SKU: 2550.,18-415 ITEMCODES - 18-415 ITEMCODES.csv
2551,Clear Round bottle (Unknown),Bottle,Glass,Clear,Unknown,Round,White,Cap,None,,elegant-,A Clear Round Glass bottle with a capacity of Unknown. It features a White Cap and no specific applicator. SKU: 2551.,18-415 ITEMCODES - 18-415 ITEMCODES.csv
2552,Clear Round bottle (Unknown),Bottle,Glass,Clear,Unknown,Round,White,Cap,None,,elegant-,A Clear Round Glass bottle with a capacity of Unknown. It features a White Cap and no specific applicator. SKU: 2552.,18-415 ITEMCODES - 18-415 ITEMCODES.csv
2553,Clear Round bottle (Unknown),Bottle,Glass,Clear,Unknown,Round,White,Cap,None,,elegant-,A Clear Round Glass bottle with a capacity of Unknown. It features a White Cap and no specific applicator. SKU: 2553.,18-415 ITEMCODES - 18-415 ITEMCODES.csv
2554,Clear Round bottle (Unknown),Bottle,Glass,Clear,Unknown,Round,White,Cap,None,,elegant-,A Clear Round Glass bottle with a capacity of Unknown. It features a White Cap and no specific applicator. SKU: 2554.,18-415 ITEMCODES - 18-415 ITEMCODES.csv
2555,Clear Round bottle (Unknown),Bottle,Glass,Clear,Unknown,Round,White,Cap,None,,elegant-,A Clear Round Glass bottle with a capacity of Unknown. It features a White Cap and no specific applicator. SKU: 2555.,18-415 ITEMCODES - 18-415 ITEMCODES.csv
2556,Clear Round bottle (Unknown),Bottle,Glass,Clear,Unknown,Round,White,Cap,None,,elegant-,A Clear Round Glass bottle with a capacity of Unknown. It features a White Cap and no specific applicator. SKU: 2556.,18-415 ITEMCODES - 18-415 ITEMCODES.csv
2557,Clear Round bottle (Unknown),Bottle,Glass,Clear,Unknown,Round,White,Cap,None,,elegant-,A Clear Round Glass bottle with a capacity of Unknown. It features a White Cap and no specific applicator. SKU: 2557.,18-415 ITEMCODES - 18-415 ITEMCODES.csv
2558,Clear Round bottle (Unknown),Bottle,Glass,Clear,Unknown,Round,White,Cap,None,,elegant-,A Clear Round Glass bottle with a capacity of Unknown. It features a White Cap and no specific applicator. SKU: 2558.,18-415 ITEMCODES - 18-415 ITEMCODES.csv
1140,Clear Round bottle (Unknown),Bottle,Glass,Clear,Unknown,Round,White,Cap,None,,elegant-,A Clear Round Glass bottle with a capacity of Unknown. It features a White Cap and no specific applicator. SKU: 1140.,18-415 ITEMCODES - 18-415 ITEMCODES.csv
1139,Clear Round bottle (Unknown),Bottle,Glass,Clear,Unknown,Round,White,Cap,None,,elegant-,A Clear Round Glass bottle with a capacity of Unknown. It features a White Cap and no specific applicator. SKU: 1139.,18-415 ITEMCODES - 18-415 ITEMCODES.csv
2559,Clear Round bottle (Unknown),Bottle,Glass,Clear,Unknown,Round,White,Cap,None,,elegant-,A Clear Round Glass bottle with a capacity of Unknown. It features a White Cap and no specific applicator. SKU: 2559.,18-415 ITEMCODES - 18-415 ITEMCODES.csv
2560,Clear Round bottle (Unknown),Bottle,Glass,Clear,Unknown,Round,White,Cap,None,,elegant-,A Clear Round Glass bottle with a capacity of Unknown. It features a White Cap and no specific applicator. SKU: 2560.,18-415 ITEMCODES - 18-415 ITEMCODES.csv
2561,Clear Round bottle (Unknown),Bottle,Glass,Clear,Unknown,Round,White,Cap,None,,elegant-,A Clear Round Glass bottle with a capacity of Unknown. It features a White Cap and no specific applicator. SKU: 2561.,18-415 ITEMCODES - 18-415 ITEMCODES.csv
2562,Clear Round bottle (Unknown),Bottle,Glass,Clear,Unknown,Round,White,Cap,None,,elegant-,A Clear Round Glass bottle with a capacity of Unknown. It features a White Cap and no specific applicator. SKU: 2562.,18-415 ITEMCODES - 18-415 ITEMCODES.csv
2563,Clear Round bottle (Unknown),Bottle,Glass,Clear,Unknown,Round,White,Cap,None,,elegant-,A Clear Round Glass bottle with a capacity of Unknown. It features a White Cap and no specific applicator. SKU: 2563.,18-415 ITEMCODES - 18-415 ITEMCODES.csv
2564,Clear Round bottle (Unknown),Bottle,Glass,Clear,Unknown,Round,White,Cap,None,,elegant-,A Clear Round Glass bottle with a capacity of Unknown. It features a White Cap and no specific applicator. SKU: 2564.,18-415 ITEMCODES - 18-415 ITEMCODES.csv
3438,Clear Round bottle (Unknown),Bottle,Glass,Clear,Unknown,Round,White,Cap,None,,elegant-,A Clear Round Glass bottle with a capacity of Unknown. It features a White Cap and no specific applicator. SKU: 3438.,18-415 ITEMCODES - 18-415 ITEMCODES.csv
2565,Clear Round bottle (Unknown),Bottle,Glass,Clear,Unknown,Round,White,Cap,None,,elegant-,A Clear Round Glass bottle with a capacity of Unknown. It features a White Cap and no specific applicator. SKU: 2565.,18-415 ITEMCODES - 18-415 ITEMCODES.csv
401,Clear Round bottle (Unknown),Bottle,Glass,Clear,Unknown,Round,White,Cap,None,,elegant-,A Clear Round Glass bottle with a capacity of Unknown. It features a White Cap and no specific applicator. SKU: 401.,18-415 ITEMCODES - 18-415 ITEMCODES.csv
2566,Clear Round bottle (Unknown),Bottle,Glass,Clear,Unknown,Round,White,Cap,None,,elegant-,A Clear Round Glass bottle with a capacity of Unknown. It features a White Cap and no specific applicator. SKU: 2566.,18-415 ITEMCODES - 18-415 ITEMCODES.csv
400,Clear Round bottle (Unknown),Bottle,Glass,Clear,Unknown,Round,White,Cap,None,,elegant-,A Clear Round Glass bottle with a capacity of Unknown. It features a White Cap and no specific applicator. SKU: 400.,18-415 ITEMCODES - 18-415 ITEMCODES.csv
3291,Clear Round bottle (Unknown),Bottle,Glass,Clear,Unknown,Round,White,Cap,None,,elegant-,A Clear Round Glass bottle with a capacity of Unknown. It features a White Cap and no specific applicator. SKU: 3291.,18-415 ITEMCODES - 18-415 ITEMCODES.csv
2567,Clear Round bottle (Unknown),Bottle,Glass,Clear,Unknown,Round,White,Cap,None,,elegant-,A Clear Round Glass bottle with a capacity of Unknown. It features a White Cap and no specific applicator. SKU: 2567.,18-415 ITEMCODES - 18-415 ITEMCODES.csv
2568,Clear Round bottle (Unknown),Bottle,Glass,Clear,Unknown,Round,White,Cap,None,,elegant-,A Clear Round Glass bottle with a capacity of Unknown. It features a White Cap and no specific applicator. SKU: 2568.,18-415 ITEMCODES - 18-415 ITEMCODES.csv
399,Clear Round bottle (Unknown),Bottle,Glass,Clear,Unknown,Round,White,Cap,None,,elegant-,A Clear Round Glass bottle with a capacity of Unknown. It features a White Cap and no specific applicator. SKU: 399.,18-415 ITEMCODES - 18-415 ITEMCODES.csv
2569,Clear Round bottle (Unknown),Bottle,Glass,Clear,Unknown,Round,White,Cap,None,,elegant-,A Clear Round Glass bottle with a capacity of Unknown. It features a White Cap and no specific applicator. SKU: 2569.,18-415 ITEMCODES - 18-415 ITEMCODES.csv
392,Clear Round bottle (Unknown),Bottle,Glass,Clear,Unknown,Round,White,Cap,None,,elegant-,A Clear Round Glass bottle with a capacity of Unknown. It features a White Cap and no specific applicator. SKU: 392.,18-415 ITEMCODES - 18-415 ITEMCODES.csv
2570,Clear Round bottle (Unknown),Bottle,Glass,Clear,Unknown,Round,White,Cap,None,,elegant-,A Clear Round Glass bottle with a capacity of Unknown. It features a White Cap and no specific applicator. SKU: 2570.,18-415 ITEMCODES - 18-415 ITEMCODES.csv
2571,Clear Round bottle (Unknown),Bottle,Glass,Clear,Unknown,Round,White,Cap,None,,elegant-,A Clear Round Glass bottle with a capacity of Unknown. It features a White Cap and no specific applicator. SKU: 2571.,18-415 ITEMCODES - 18-415 ITEMCODES.csv
2572,Clear Round bottle (Unknown),Bottle,Glass,Clear,Unknown,Round,White,Cap,None,,elegant-,A Clear Round Glass bottle with a capacity of Unknown. It features a White Cap and no specific applicator. SKU: 2572.,18-415 ITEMCODES - 18-415 ITEMCODES.csv
2573,Clear Round bottle (Unknown),Bottle,Glass,Clear,Unknown,Round,White,Cap,None,,elegant-,A Clear Round Glass bottle with a capacity of Unknown. It features a White Cap and no specific applicator. SKU: 2573.,18-415 ITEMCODES - 18-415 ITEMCODES.csv
2574,Clear Round bottle (Unknown),Bottle,Glass,Clear,Unknown,Round,White,Cap,None,,elegant-,A Clear Round Glass bottle with a capacity of Unknown. It features a White Cap and no specific applicator. SKU: 2574.,18-415 ITEMCODES - 18-415 ITEMCODES.csv
2576,Clear Round bottle (Unknown),Bottle,Glass,Clear,Unknown,Round,White,Cap,None,,elegant-,A Clear Round Glass bottle with a capacity of Unknown. It features a White Cap and no specific applicator. SKU: 2576.,18-415 ITEMCODES - 18-415 ITEMCODES.csv
2577,Clear Round bottle (Unknown),Bottle,Glass,Clear,Unknown,Round,White,Cap,None,,elegant-,A Clear Round Glass bottle with a capacity of Unknown. It features a White Cap and no specific applicator. SKU: 2577.,18-415 ITEMCODES - 18-415 ITEMCODES.csv
2579,Clear Round bottle (Unknown),Bottle,Glass,Clear,Unknown,Round,White,Cap,None,,elegant-,A Clear Round Glass bottle with a capacity of Unknown. It features a White Cap and no specific applicator. SKU: 2579.,18-415 ITEMCODES - 18-415 ITEMCODES.csv
2581,Clear Round bottle (Unknown),Bottle,Glass,Clear,Unknown,Round,White,Cap,None,,elegant-,A Clear Round Glass bottle with a capacity of Unknown. It features a White Cap and no specific applicator. SKU: 2581.,18-415 ITEMCODES - 18-415 ITEMCODES.csv
2583,Clear Round bottle (Unknown),Bottle,Glass,Clear,Unknown,Round,White,Cap,None,,elegant-,A Clear Round Glass bottle with a capacity of Unknown. It features a White Cap and no specific applicator. SKU: 2583.,18-415 ITEMCODES - 18-415 ITEMCODES.csv
2585,Clear Round bottle (Unknown),Bottle,Glass,Clear,Unknown,Round,White,Cap,None,,elegant-,A Clear Round Glass bottle with a capacity of Unknown. It features a White Cap and no specific applicator. SKU: 2585.,18-415 ITEMCODES - 18-415 ITEMCODES.csv
2587,Clear Round bottle (Unknown),Bottle,Glass,Clear,Unknown,Round,White,Cap,None,,elegant-,A Clear Round Glass bottle with a capacity of Unknown. It features a White Cap and no specific applicator. SKU: 2587.,18-415 ITEMCODES - 18-415 ITEMCODES.csv
2589,Clear Round bottle (Unknown),Bottle,Glass,Clear,Unknown,Round,White,Cap,None,,elegant-,A Clear Round Glass bottle with a capacity of Unknown. It features a White Cap and no specific applicator. SKU: 2589.,18-415 ITEMCODES - 18-415 ITEMCODES.csv
2591,Clear Round bottle (Unknown),Bottle,Glass,Clear,Unknown,Round,White,Cap,None,,elegant-,A Clear Round Glass bottle with a capacity of Unknown. It features a White Cap and no specific applicator. SKU: 2591.,18-415 ITEMCODES - 18-415 ITEMCODES.csv
2593,Clear Round bottle (Unknown),Bottle,Glass,Clear,Unknown,Round,White,Cap,None,,elegant-,A Clear Round Glass bottle with a capacity of Unknown. It features a White Cap and no specific applicator. SKU: 2593.,18-415 ITEMCODES - 18-415 ITEMCODES.csv
2595,Clear Round bottle (Unknown),Bottle,Glass,Clear,Unknown,Round,White,Cap,None,,elegant-,A Clear Round Glass bottle with a capacity of Unknown. It features a White Cap and no specific applicator. SKU: 2595.,18-415 ITEMCODES - 18-415 ITEMCODES.csv
2597,Clear Round bottle (Unknown),Bottle,Glass,Clear,Unknown,Round,White,Cap,None,,elegant-,A Clear Round Glass bottle with a capacity of Unknown. It features a White Cap and no specific applicator. SKU: 2597.,18-415 ITEMCODES - 18-415 ITEMCODES.csv
2599,Clear Round bottle (Unknown),Bottle,Glass,Clear,Unknown,Round,White,Cap,None,,elegant-,A Clear Round Glass bottle with a capacity of Unknown. It features a White Cap and no specific applicator. SKU: 2599.,18-415 ITEMCODES - 18-415 ITEMCODES.csv
2601,Clear Round bottle (Unknown),Bottle,Glass,Clear,Unknown,Round,White,Cap,None,,elegant-,A Clear Round Glass bottle with a capacity of Unknown. It features a White Cap and no specific applicator. SKU: 2601.,18-415 ITEMCODES - 18-415 ITEMCODES.csv
2603,Clear Round bottle (Unknown),Bottle,Glass,Clear,Unknown,Round,White,Cap,None,,elegant-,A Clear Round Glass bottle with a capacity of Unknown. It features a White Cap and no specific applicator. SKU: 2603.,18-415 ITEMCODES - 18-415 ITEMCODES.csv
2605,Clear Round bottle (Unknown),Bottle,Glass,Clear,Unknown,Round,White,Cap,None,,elegant-,A Clear Round Glass bottle with a capacity of Unknown. It features a White Cap and no specific applicator. SKU: 2605.,18-415 ITEMCODES - 18-415 ITEMCODES.csv
2606,Clear Round bottle (Unknown),Bottle,Glass,Clear,Unknown,Round,White,Cap,None,,elegant-,A Clear Round Glass bottle with a capacity of Unknown. It features a White Cap and no specific applicator. SKU: 2606.,18-415 ITEMCODES - 18-415 ITEMCODES.csv
2607,Clear Round bottle (Unknown),Bottle,Glass,Clear,Unknown,Round,White,Cap,None,,elegant-,A Clear Round Glass bottle with a capacity of Unknown. It features a White Cap and no specific applicator. SKU: 2607.,18-415 ITEMCODES - 18-415 ITEMCODES.csv
2608,Clear Round bottle (Unknown),Bottle,Glass,Clear,Unknown,Round,White,Cap,None,,elegant-,A Clear Round Glass bottle with a capacity of Unknown. It features a White Cap and no specific applicator. SKU: 2608.,18-415 ITEMCODES - 18-415 ITEMCODES.csv
1149,Clear Round bottle (Unknown),Bottle,Glass,Clear,Unknown,Round,White,Cap,None,,elegant-,A Clear Round Glass bottle with a capacity of Unknown. It features a White Cap and no specific applicator. SKU: 1149.,18-415 ITEMCODES - 18-415 ITEMCODES.csv
1148,Clear Round bottle (Unknown),Bottle,Glass,Clear,Unknown,Round,White,Cap,None,,elegant-,A Clear Round Glass bottle with a capacity of Unknown. It features a White Cap and no specific applicator. SKU: 1148.,18-415 ITEMCODES - 18-415 ITEMCODES.csv
3527,Clear Round bottle (Unknown),Bottle,Glass,Clear,Unknown,Round,White,Cap,None,,elegant-,A Clear Round Glass bottle with a capacity of Unknown. It features a White Cap and no specific applicator. SKU: 3527.,18-415 ITEMCODES - 18-415 ITEMCODES.csv
2609,Clear Round bottle (Unknown),Bottle,Glass,Clear,Unknown,Round,White,Cap,None,,elegant-,A Clear Round Glass bottle with a capacity of Unknown. It features a White Cap and no specific applicator. SKU: 2609.,18-415 ITEMCODES - 18-415 ITEMCODES.csv
2611,Clear Round bottle (Unknown),Bottle,Glass,Clear,Unknown,Round,White,Cap,None,,elegant-,A Clear Round Glass bottle with a capacity of Unknown. It features a White Cap and no specific applicator. SKU: 2611.,18-415 ITEMCODES - 18-415 ITEMCODES.csv
847,Clear Round bottle (Unknown),Bottle,Glass,Clear,Unknown,Round,White,Cap,None,,elegant-,A Clear Round Glass bottle with a capacity of Unknown. It features a White Cap and no specific applicator. SKU: 847.,18-415 ITEMCODES - 18-415 ITEMCODES.csv
2613,Clear Round bottle (Unknown),Bottle,Glass,Clear,Unknown,Round,White,Cap,None,,elegant-,A Clear Round Glass bottle with a capacity of Unknown. It features a White Cap and no specific applicator. SKU: 2613.,18-415 ITEMCODES - 18-415 ITEMCODES.csv
846,Clear Round bottle (Unknown),Bottle,Glass,Clear,Unknown,Round,White,Cap,None,,elegant-,A Clear Round Glass bottle with a capacity of Unknown. It features a White Cap and no specific applicator. SKU: 846.,18-415 ITEMCODES - 18-415 ITEMCODES.csv
1141,Clear Round bottle (Unknown),Bottle,Glass,Clear,Unknown,Round,White,Cap,None,,elegant-,A Clear Round Glass bottle with a capacity of Unknown. It features a White Cap and no specific applicator. SKU: 1141.,18-415 ITEMCODES - 18-415 ITEMCODES.csv
2616,Clear Round bottle (Unknown),Bottle,Glass,Clear,Unknown,Round,White,Cap,None,,elegant-,A Clear Round Glass bottle with a capacity of Unknown. It features a White Cap and no specific applicator. SKU: 2616.,18-415 ITEMCODES - 18-415 ITEMCODES.csv
2617,Clear Round bottle (Unknown),Bottle,Glass,Clear,Unknown,Round,White,Cap,None,,elegant-,A Clear Round Glass bottle with a capacity of Unknown. It features a White Cap and no specific applicator. SKU: 2617.,18-415 ITEMCODES - 18-415 ITEMCODES.csv
848,Clear Round bottle (Unknown),Bottle,Glass,Clear,Unknown,Round,White,Cap,None,,elegant-,A Clear Round Glass bottle with a capacity of Unknown. It features a White Cap and no specific applicator. SKU: 848.,18-415 ITEMCODES - 18-415 ITEMCODES.csv
2619,Clear Round bottle (Unknown),Bottle,Glass,Clear,Unknown,Round,White,Cap,None,,elegant-,A Clear Round Glass bottle with a capacity of Unknown. It features a White Cap and no specific applicator. SKU: 2619.,18-415 ITEMCODES - 18-415 ITEMCODES.csv
2620,Clear Round bottle (Unknown),Bottle,Glass,Clear,Unknown,Round,White,Cap,None,,elegant-,A Clear Round Glass bottle with a capacity of Unknown. It features a White Cap and no specific applicator. SKU: 2620.,18-415 ITEMCODES - 18-415 ITEMCODES.csv
849,Clear Round bottle (Unknown),Bottle,Glass,Clear,Unknown,Round,White,Cap,None,,elegant-,A Clear Round Glass bottle with a capacity of Unknown. It features a White Cap and no specific applicator. SKU: 849.,18-415 ITEMCODES - 18-415 ITEMCODES.csv
2622,Clear Round bottle (Unknown),Bottle,Glass,Clear,Unknown,Round,White,Cap,None,,elegant-,A Clear Round Glass bottle with a capacity of Unknown. It features a White Cap and no specific applicator. SKU: 2622.,18-415 ITEMCODES - 18-415 ITEMCODES.csv
2623,Clear Round bottle (Unknown),Bottle,Glass,Clear,Unknown,Round,White,Cap,None,,elegant-,A Clear Round Glass bottle with a capacity of Unknown. It features a White Cap and no specific applicator. SKU: 2623.,18-415 ITEMCODES - 18-415 ITEMCODES.csv
1000,Clear Round bottle (Unknown),Bottle,Glass,Clear,Unknown,Round,White,Cap,None,,elegant-,A Clear Round Glass bottle with a capacity of Unknown. It features a White Cap and no specific applicator. SKU: 1000.,18-415 ITEMCODES - 18-415 ITEMCODES.csv
3528,Clear Round bottle (Unknown),Bottle,Glass,Clear,Unknown,Round,White,Cap,None,,elegant-,A Clear Round Glass bottle with a capacity of Unknown. It features a White Cap and no specific applicator. SKU: 3528.,18-415 ITEMCODES - 18-415 ITEMCODES.csv
3529,Clear Round bottle (Unknown),Bottle,Glass,Clear,Unknown,Round,White,Cap,None,,elegant-,A Clear Round Glass bottle with a capacity of Unknown. It features a White Cap and no specific applicator. SKU: 3529.,18-415 ITEMCODES - 18-415 ITEMCODES.csv
999,Clear Round bottle (Unknown),Bottle,Glass,Clear,Unknown,Round,White,Cap,None,,elegant-,A Clear Round Glass bottle with a capacity of Unknown. It features a White Cap and no specific applicator. SKU: 999.,18-415 ITEMCODES - 18-415 ITEMCODES.csv
1001,Clear Round bottle (Unknown),Bottle,Glass,Clear,Unknown,Round,White,Cap,None,,elegant-,A Clear Round Glass bottle with a capacity of Unknown. It features a White Cap and no specific applicator. SKU: 1001.,18-415 ITEMCODES - 18-415 ITEMCODES.csv
2624,Clear Round bottle (Unknown),Bottle,Glass,Clear,Unknown,Round,White,Cap,None,,elegant-,A Clear Round Glass bottle with a capacity of Unknown. It features a White Cap and no specific applicator. SKU: 2624.,18-415 ITEMCODES - 18-415 ITEMCODES.csv
2625,Clear Round bottle (Unknown),Bottle,Glass,Clear,Unknown,Round,White,Cap,None,,elegant-,A Clear Round Glass bottle with a capacity of Unknown. It features a White Cap and no specific applicator. SKU: 2625.,18-415 ITEMCODES - 18-415 ITEMCODES.csv
1002,Clear Round bottle (Unknown),Bottle,Glass,Clear,Unknown,Round,White,Cap,None,,elegant-,A Clear Round Glass bottle with a capacity of Unknown. It features a White Cap and no specific applicator. SKU: 1002.,18-415 ITEMCODES - 18-415 ITEMCODES.csv
3530,Clear Round bottle (Unknown),Bottle,Glass,Clear,Unknown,Round,White,Cap,None,,elegant-,A Clear Round Glass bottle with a capacity of Unknown. It features a White Cap and no specific applicator. SKU: 3530.,18-415 ITEMCODES - 18-415 ITEMCODES.csv
856,Clear Round bottle (Unknown),Bottle,Glass,Clear,Unknown,Round,White,Cap,None,,elegant-,A Clear Round Glass bottle with a capacity of Unknown. It features a White Cap and no specific applicator. SKU: 856.,18-415 ITEMCODES - 18-415 ITEMCODES.csv
857,Clear Round bottle (Unknown),Bottle,Glass,Clear,Unknown,Round,White,Cap,None,,elegant-,A Clear Round Glass bottle with a capacity of Unknown. It features a White Cap and no specific applicator. SKU: 857.,18-415 ITEMCODES - 18-415 ITEMCODES.csv
2626,Clear Round bottle (Unknown),Bottle,Glass,Clear,Unknown,Round,White,Cap,None,,elegant-,A Clear Round Glass bottle with a capacity of Unknown. It features a White Cap and no specific applicator. SKU: 2626.,18-415 ITEMCODES - 18-415 ITEMCODES.csv
855,Clear Round bottle (Unknown),Bottle,Glass,Clear,Unknown,Round,White,Cap,None,,elegant-,A Clear Round Glass bottle with a capacity of Unknown. It features a White Cap and no specific applicator. SKU: 855.,18-415 ITEMCODES - 18-415 ITEMCODES.csv
853,Clear Round bottle (Unknown),Bottle,Glass,Clear,Unknown,Round,White,Cap,None,,elegant-,A Clear Round Glass bottle with a capacity of Unknown. It features a White Cap and no specific applicator. SKU: 853.,18-415 ITEMCODES - 18-415 ITEMCODES.csv
854,Clear Round bottle (Unknown),Bottle,Glass,Clear,Unknown,Round,White,Cap,None,,elegant-,A Clear Round Glass bottle with a capacity of Unknown. It features a White Cap and no specific applicator. SKU: 854.,18-415 ITEMCODES - 18-415 ITEMCODES.csv
852,Clear Round bottle (Unknown),Bottle,Glass,Clear,Unknown,Round,White,Cap,None,,elegant-,A Clear Round Glass bottle with a capacity of Unknown. It features a White Cap and no specific applicator. SKU: 852.,18-415 ITEMCODES - 18-415 ITEMCODES.csv
2627,Clear Round bottle (Unknown),Bottle,Glass,Clear,Unknown,Round,White,Cap,None,,elegant-,A Clear Round Glass bottle with a capacity of Unknown. It features a White Cap and no specific applicator. SKU: 2627.,18-415 ITEMCODES - 18-415 ITEMCODES.csv
1022,Clear Round bottle (Unknown),Bottle,Glass,Clear,Unknown,Round,White,Cap,None,,elegant-,A Clear Round Glass bottle with a capacity of Unknown. It features a White Cap and no specific applicator. SKU: 1022.,18-415 ITEMCODES - 18-415 ITEMCODES.csv
861,Clear Round bottle (Unknown),Bottle,Glass,Clear,Unknown,Round,White,Cap,None,,elegant-,A Clear Round Glass bottle with a capacity of Unknown. It features a White Cap and no specific applicator. SKU: 861.,18-415 ITEMCODES - 18-415 ITEMCODES.csv
860,Clear Round bottle (Unknown),Bottle,Glass,Clear,Unknown,Round,White,Cap,None,,elegant-,A Clear Round Glass bottle with a capacity of Unknown. It features a White Cap and no specific applicator. SKU: 860.,18-415 ITEMCODES - 18-415 ITEMCODES.csv
1213,Clear Round bottle (Unknown),Bottle,Glass,Clear,Unknown,Round,White,Cap,None,,elegant-,A Clear Round Glass bottle with a capacity of Unknown. It features a White Cap and no specific applicator. SKU: 1213.,18-415 ITEMCODES - 18-415 ITEMCODES.csv
2628,Clear Round bottle (Unknown),Bottle,Glass,Clear,Unknown,Round,White,Cap,None,,elegant-,A Clear Round Glass bottle with a capacity of Unknown. It features a White Cap and no specific applicator. SKU: 2628.,18-415 ITEMCODES - 18-415 ITEMCODES.csv
862,Clear Round bottle (Unknown),Bottle,Glass,Clear,Unknown,Round,White,Cap,None,,elegant-,A Clear Round Glass bottle with a capacity of Unknown. It features a White Cap and no specific applicator. SKU: 862.,18-415 ITEMCODES - 18-415 ITEMCODES.csv
1214,Clear Round bottle (Unknown),Bottle,Glass,Clear,Unknown,Round,White,Cap,None,,elegant-,A Clear Round Glass bottle with a capacity of Unknown. It features a White Cap and no specific applicator. SKU: 1214.,18-415 ITEMCODES - 18-415 ITEMCODES.csv
858,Clear Round bottle (Unknown),Bottle,Glass,Clear,Unknown,Round,White,Cap,None,,elegant-,A Clear Round Glass bottle with a capacity of Unknown. It features a White Cap and no specific applicator. SKU: 858.,18-415 ITEMCODES - 18-415 ITEMCODES.csv
2629,Clear Round bottle (Unknown),Bottle,Glass,Clear,Unknown,Round,White,Cap,None,,elegant-,A Clear Round Glass bottle with a capacity of Unknown. It features a White Cap and no specific applicator. SKU: 2629.,18-415 ITEMCODES - 18-415 ITEMCODES.csv
859,Clear Round bottle (Unknown),Bottle,Glass,Clear,Unknown,Round,White,Cap,None,,elegant-,A Clear Round Glass bottle with a capacity of Unknown. It features a White Cap and no specific applicator. SKU: 859.,18-415 ITEMCODES - 18-415 ITEMCODES.csv
2630,Clear Round bottle (Unknown),Bottle,Glass,Clear,Unknown,Round,White,Cap,None,,elegant-,A Clear Round Glass bottle with a capacity of Unknown. It features a White Cap and no specific applicator. SKU: 2630.,18-415 ITEMCODES - 18-415 ITEMCODES.csv
2631,Clear Round bottle (Unknown),Bottle,Glass,Clear,Unknown,Round,White,Cap,None,,elegant-,A Clear Round Glass bottle with a capacity of Unknown. It features a White Cap and no specific applicator. SKU: 2631.,18-415 ITEMCODES - 18-415 ITEMCODES.csv
2632,Clear Round bottle (Unknown),Bottle,Glass,Clear,Unknown,Round,White,Cap,None,,elegant-,A Clear Round Glass bottle with a capacity of Unknown. It features a White Cap and no specific applicator. SKU: 2632.,18-415 ITEMCODES - 18-415 ITEMCODES.csv
2633,Clear Round bottle (Unknown),Bottle,Glass,Clear,Unknown,Round,White,Cap,None,,elegant-,A Clear Round Glass bottle with a capacity of Unknown. It features a White Cap and no specific applicator. SKU: 2633.,18-415 ITEMCODES - 18-415 ITEMCODES.csv
2634,Clear Round bottle (Unknown),Bottle,Glass,Clear,Unknown,Round,White,Cap,None,,elegant-,A Clear Round Glass bottle with a capacity of Unknown. It features a White Cap and no specific applicator. SKU: 2634.,18-415 ITEMCODES - 18-415 ITEMCODES.csv
2635,Clear Round bottle (Unknown),Bottle,Glass,Clear,Unknown,Round,White,Cap,None,,elegant-,A Clear Round Glass bottle with a capacity of Unknown. It features a White Cap and no specific applicator. SKU: 2635.,18-415 ITEMCODES - 18-415 ITEMCODES.csv
2636,Clear Round bottle (Unknown),Bottle,Glass,Clear,Unknown,Round,White,Cap,None,,elegant-,A Clear Round Glass bottle with a capacity of Unknown. It features a White Cap and no specific applicator. SKU: 2636.,18-415 ITEMCODES - 18-415 ITEMCODES.csv
2637,Clear Round bottle (Unknown),Bottle,Glass,Clear,Unknown,Round,White,Cap,None,,elegant-,A Clear Round Glass bottle with a capacity of Unknown. It features a White Cap and no specific applicator. SKU: 2637.,18-415 ITEMCODES - 18-415 ITEMCODES.csv
2638,Clear Round bottle (Unknown),Bottle,Glass,Clear,Unknown,Round,White,Cap,None,,elegant-,A Clear Round Glass bottle with a capacity of Unknown. It features a White Cap and no specific applicator. SKU: 2638.,18-415 ITEMCODES - 18-415 ITEMCODES.csv
2639,Clear Round bottle (Unknown),Bottle,Glass,Clear,Unknown,Round,White,Cap,None,,elegant-,A Clear Round Glass bottle with a capacity of Unknown. It features a White Cap and no specific applicator. SKU: 2639.,18-415 ITEMCODES - 18-415 ITEMCODES.csv
907,Clear Round bottle (Unknown),Bottle,Glass,Clear,Unknown,Round,White,Cap,None,,elegant-,A Clear Round Glass bottle with a capacity of Unknown. It features a White Cap and no specific applicator. SKU: 907.,18-415 ITEMCODES - 18-415 ITEMCODES.csv
1150,Clear Round bottle (Unknown),Bottle,Glass,Clear,Unknown,Round,White,Cap,None,,elegant-,A Clear Round Glass bottle with a capacity of Unknown. It features a White Cap and no specific applicator. SKU: 1150.,18-415 ITEMCODES - 18-415 ITEMCODES.csv
2641,Clear Round bottle (Unknown),Bottle,Glass,Clear,Unknown,Round,White,Cap,None,,elegant-,A Clear Round Glass bottle with a capacity of Unknown. It features a White Cap and no specific applicator. SKU: 2641.,18-415 ITEMCODES - 18-415 ITEMCODES.csv
2642,Clear Round bottle (Unknown),Bottle,Glass,Clear,Unknown,Round,White,Cap,None,,elegant-,A Clear Round Glass bottle with a capacity of Unknown. It features a White Cap and no specific applicator. SKU: 2642.,18-415 ITEMCODES - 18-415 ITEMCODES.csv
2643,Clear Round bottle (Unknown),Bottle,Glass,Clear,Unknown,Round,White,Cap,None,,elegant-,A Clear Round Glass bottle with a capacity of Unknown. It features a White Cap and no specific applicator. SKU: 2643.,18-415 ITEMCODES - 18-415 ITEMCODES.csv
2644,Clear Round bottle (Unknown),Bottle,Glass,Clear,Unknown,Round,White,Cap,None,,elegant-,A Clear Round Glass bottle with a capacity of Unknown. It features a White Cap and no specific applicator. SKU: 2644.,18-415 ITEMCODES - 18-415 ITEMCODES.csv
2645,Clear Round bottle (Unknown),Bottle,Glass,Clear,Unknown,Round,White,Cap,None,,elegant-,A Clear Round Glass bottle with a capacity of Unknown. It features a White Cap and no specific applicator. SKU: 2645.,18-415 ITEMCODES - 18-415 ITEMCODES.csv
910,Clear Round bottle (Unknown),Bottle,Glass,Clear,Unknown,Round,White,Cap,None,,elegant-,A Clear Round Glass bottle with a capacity of Unknown. It features a White Cap and no specific applicator. SKU: 910.,18-415 ITEMCODES - 18-415 ITEMCODES.csv
2646,Clear Round bottle (Unknown),Bottle,Glass,Clear,Unknown,Round,White,Cap,None,,elegant-,A Clear Round Glass bottle with a capacity of Unknown. It features a White Cap and no specific applicator. SKU: 2646.,18-415 ITEMCODES - 18-415 ITEMCODES.csv
2647,Clear Round bottle (Unknown),Bottle,Glass,Clear,Unknown,Round,White,Cap,None,,elegant-,A Clear Round Glass bottle with a capacity of Unknown. It features a White Cap and no specific applicator. SKU: 2647.,18-415 ITEMCODES - 18-415 ITEMCODES.csv
993,Clear Round bottle (Unknown),Bottle,Glass,Clear,Unknown,Round,White,Cap,None,,elegant-,A Clear Round Glass bottle with a capacity of Unknown. It features a White Cap and no specific applicator. SKU: 993.,18-415 ITEMCODES - 18-415 ITEMCODES.csv
2648,Clear Round bottle (Unknown),Bottle,Glass,Clear,Unknown,Round,White,Cap,None,,elegant-,A Clear Round Glass bottle with a capacity of Unknown. It features a White Cap and no specific applicator. SKU: 2648.,18-415 ITEMCODES - 18-415 ITEMCODES.csv
992,Clear Round bottle (Unknown),Bottle,Glass,Clear,Unknown,Round,White,Cap,None,,elegant-,A Clear Round Glass bottle with a capacity of Unknown. It features a White Cap and no specific applicator. SKU: 992.,18-415 ITEMCODES - 18-415 ITEMCODES.csv
2649,Clear Round bottle (Unknown),Bottle,Glass,Clear,Unknown,Round,White,Cap,None,,elegant-,A Clear Round Glass bottle with a capacity of Unknown. It features a White Cap and no specific applicator. SKU: 2649.,18-415 ITEMCODES - 18-415 ITEMCODES.csv
994,Clear Round bottle (Unknown),Bottle,Glass,Clear,Unknown,Round,White,Cap,None,,elegant-,A Clear Round Glass bottle with a capacity of Unknown. It features a White Cap and no specific applicator. SKU: 994.,18-415 ITEMCODES - 18-415 ITEMCODES.csv
2651,Clear Round bottle (Unknown),Bottle,Glass,Clear,Unknown,Round,White,Cap,None,,elegant-,A Clear Round Glass bottle with a capacity of Unknown. It features a White Cap and no specific applicator. SKU: 2651.,18-415 ITEMCODES - 18-415 ITEMCODES.csv
2652,Clear Round bottle (Unknown),Bottle,Glass,Clear,Unknown,Round,White,Cap,None,,elegant-,A Clear Round Glass bottle with a capacity of Unknown. It features a White Cap and no specific applicator. SKU: 2652.,18-415 ITEMCODES - 18-415 ITEMCODES.csv
995,Clear Round bottle (Unknown),Bottle,Glass,Clear,Unknown,Round,White,Cap,None,,elegant-,A Clear Round Glass bottle with a capacity of Unknown. It features a White Cap and no specific applicator. SKU: 995.,18-415 ITEMCODES - 18-415 ITEMCODES.csv
2653,Clear Round bottle (Unknown),Bottle,Glass,Clear,Unknown,Round,White,Cap,None,,elegant-,A Clear Round Glass bottle with a capacity of Unknown. It features a White Cap and no specific applicator. SKU: 2653.,18-415 ITEMCODES - 18-415 ITEMCODES.csv
3296,Clear Round bottle (Unknown),Bottle,Glass,Clear,Unknown,Round,White,Cap,None,,elegant-,A Clear Round Glass bottle with a capacity of Unknown. It features a White Cap and no specific applicator. SKU: 3296.,18-415 ITEMCODES - 18-415 ITEMCODES.csv
3297,Clear Round bottle (Unknown),Bottle,Glass,Clear,Unknown,Round,White,Cap,None,,elegant-,A Clear Round Glass bottle with a capacity of Unknown. It features a White Cap and no specific applicator. SKU: 3297.,18-415 ITEMCODES - 18-415 ITEMCODES.csv
2654,Clear Round bottle (Unknown),Bottle,Glass,Clear,Unknown,Round,White,Cap,None,,elegant-,A Clear Round Glass bottle with a capacity of Unknown. It features a White Cap and no specific applicator. SKU: 2654.,18-415 ITEMCODES - 18-415 ITEMCODES.csv
3295,Clear Round bottle (Unknown),Bottle,Glass,Clear,Unknown,Round,White,Cap,None,,elegant-,A Clear Round Glass bottle with a capacity of Unknown. It features a White Cap and no specific applicator. SKU: 3295.,18-415 ITEMCODES - 18-415 ITEMCODES.csv
3294,Clear Round bottle (Unknown),Bottle,Glass,Clear,Unknown,Round,White,Cap,None,,elegant-,A Clear Round Glass bottle with a capacity of Unknown. It features a White Cap and no specific applicator. SKU: 3294.,18-415 ITEMCODES - 18-415 ITEMCODES.csv
1029,Clear Round bottle (Unknown),Bottle,Glass,Clear,Unknown,Round,White,Cap,None,,elegant-,A Clear Round Glass bottle with a capacity of Unknown. It features a White Cap and no specific applicator. SKU: 1029.,18-415 ITEMCODES - 18-415 ITEMCODES.csv
954,Clear Round bottle (Unknown),Bottle,Glass,Clear,Unknown,Round,White,Cap,None,,elegant-,A Clear Round Glass bottle with a capacity of Unknown. It features a White Cap and no specific applicator. SKU: 954.,18-415 ITEMCODES - 18-415 ITEMCODES.csv
2655,Clear Round bottle (Unknown),Bottle,Glass,Clear,Unknown,Round,White,Cap,None,,elegant-,A Clear Round Glass bottle with a capacity of Unknown. It features a White Cap and no specific applicator. SKU: 2655.,18-415 ITEMCODES - 18-415 ITEMCODES.csv
972,Clear Round bottle (Unknown),Bottle,Glass,Clear,Unknown,Round,White,Cap,None,,elegant-,A Clear Round Glass bottle with a capacity of Unknown. It features a White Cap and no specific applicator. SKU: 972.,18-415 ITEMCODES - 18-415 ITEMCODES.csv
963,Clear Round bottle (Unknown),Bottle,Glass,Clear,Unknown,Round,White,Cap,None,,elegant-,A Clear Round Glass bottle with a capacity of Unknown. It features a White Cap and no specific applicator. SKU: 963.,18-415 ITEMCODES - 18-415 ITEMCODES.csv
962,Clear Round bottle (Unknown),Bottle,Glass,Clear,Unknown,Round,White,Cap,None,,elegant-,A Clear Round Glass bottle with a capacity of Unknown. It features a White Cap and no specific applicator. SKU: 962.,18-415 ITEMCODES - 18-415 ITEMCODES.csv
1223,Clear Round bottle (Unknown),Bottle,Glass,Clear,Unknown,Round,White,Cap,None,,elegant-,A Clear Round Glass bottle with a capacity of Unknown. It features a White Cap and no specific applicator. SKU: 1223.,18-415 ITEMCODES - 18-415 ITEMCODES.csv
2656,Clear Round bottle (Unknown),Bottle,Glass,Clear,Unknown,Round,White,Cap,None,,elegant-,A Clear Round Glass bottle with a capacity of Unknown. It features a White Cap and no specific applicator. SKU: 2656.,18-415 ITEMCODES - 18-415 ITEMCODES.csv
964,Clear Round bottle (Unknown),Bottle,Glass,Clear,Unknown,Round,White,Cap,None,,elegant-,A Clear Round Glass bottle with a capacity of Unknown. It features a White Cap and no specific applicator. SKU: 964.,18-415 ITEMCODES - 18-415 ITEMCODES.csv
974,Clear Round bottle (Unknown),Bottle,Glass,Clear,Unknown,Round,White,Cap,None,,elegant-,A Clear Round Glass bottle with a capacity of Unknown. It features a White Cap and no specific applicator. SKU: 974.,18-415 ITEMCODES - 18-415 ITEMCODES.csv
960,Clear Round bottle (Unknown),Bottle,Glass,Clear,Unknown,Round,White,Cap,None,,elegant-,A Clear Round Glass bottle with a capacity of Unknown. It features a White Cap and no specific applicator. SKU: 960.,18-415 ITEMCODES - 18-415 ITEMCODES.csv
2657,Clear Round bottle (Unknown),Bottle,Glass,Clear,Unknown,Round,White,Cap,None,,elegant-,A Clear Round Glass bottle with a capacity of Unknown. It features a White Cap and no specific applicator. SKU: 2657.,18-415 ITEMCODES - 18-415 ITEMCODES.csv
961,Clear Round bottle (Unknown),Bottle,Glass,Clear,Unknown,Round,White,Cap,None,,elegant-,A Clear Round Glass bottle with a capacity of Unknown. It features a White Cap and no specific applicator. SKU: 961.,18-415 ITEMCODES - 18-415 ITEMCODES.csv
1152,Clear Round bottle (Unknown),Bottle,Glass,Clear,Unknown,Round,White,Cap,None,,elegant-,A Clear Round Glass bottle with a capacity of Unknown. It features a White Cap and no specific applicator. SKU: 1152.,18-415 ITEMCODES - 18-415 ITEMCODES.csv
1151,Clear Round bottle (Unknown),Bottle,Glass,Clear,Unknown,Round,White,Cap,None,,elegant-,A Clear Round Glass bottle with a capacity of Unknown. It features a White Cap and no specific applicator. SKU: 1151.,18-415 ITEMCODES - 18-415 ITEMCODES.csv
2660,Clear Round bottle (Unknown),Bottle,Glass,Clear,Unknown,Round,White,Cap,None,,elegant-,A Clear Round Glass bottle with a capacity of Unknown. It features a White Cap and no specific applicator. SKU: 2660.,18-415 ITEMCODES - 18-415 ITEMCODES.csv
2661,Clear Round bottle (Unknown),Bottle,Glass,Clear,Unknown,Round,White,Cap,None,,elegant-,A Clear Round Glass bottle with a capacity of Unknown. It features a White Cap and no specific applicator. SKU: 2661.,18-415 ITEMCODES - 18-415 ITEMCODES.csv
2662,Clear Round bottle (Unknown),Bottle,Glass,Clear,Unknown,Round,White,Cap,None,,elegant-,A Clear Round Glass bottle with a capacity of Unknown. It features a White Cap and no specific applicator. SKU: 2662.,18-415 ITEMCODES - 18-415 ITEMCODES.csv
327,Clear Round bottle (Unknown),Bottle,Glass,Clear,Unknown,Round,White,Cap,None,,empire-,A Clear Round Glass bottle with a capacity of Unknown. It features a White Cap and no specific applicator. SKU: 327.,18-415 ITEMCODES - 18-415 ITEMCODES.csv
2663,Clear Round bottle (Unknown),Bottle,Glass,Clear,Unknown,Round,White,Cap,None,,empire-,A Clear Round Glass bottle with a capacity of Unknown. It features a White Cap and no specific applicator. SKU: 2663.,18-415 ITEMCODES - 18-415 ITEMCODES.csv
328,Clear Round bottle (Unknown),Bottle,Glass,Clear,Unknown,Round,White,Cap,None,,empire-,A Clear Round Glass bottle with a capacity of Unknown. It features a White Cap and no specific applicator. SKU: 328.,18-415 ITEMCODES - 18-415 ITEMCODES.csv
1185,Clear Round bottle (Unknown),Bottle,Glass,Clear,Unknown,Round,White,Cap,None,,empire-,A Clear Round Glass bottle with a capacity of Unknown. It features a White Cap and no specific applicator. SKU: 1185.,18-415 ITEMCODES - 18-415 ITEMCODES.csv
2664,Clear Round bottle (Unknown),Bottle,Glass,Clear,Unknown,Round,White,Cap,None,,empire-,A Clear Round Glass bottle with a capacity of Unknown. It features a White Cap and no specific applicator. SKU: 2664.,18-415 ITEMCODES - 18-415 ITEMCODES.csv
2665,Clear Round bottle (Unknown),Bottle,Glass,Clear,Unknown,Round,White,Cap,None,,empire-,A Clear Round Glass bottle with a capacity of Unknown. It features a White Cap and no specific applicator. SKU: 2665.,18-415 ITEMCODES - 18-415 ITEMCODES.csv
326,Clear Round bottle (Unknown),Bottle,Glass,Clear,Unknown,Round,White,Cap,None,,empire-,A Clear Round Glass bottle with a capacity of Unknown. It features a White Cap and no specific applicator. SKU: 326.,18-415 ITEMCODES - 18-415 ITEMCODES.csv
2666,Clear Round bottle (Unknown),Bottle,Glass,Clear,Unknown,Round,White,Cap,None,,empire-,A Clear Round Glass bottle with a capacity of Unknown. It features a White Cap and no specific applicator. SKU: 2666.,18-415 ITEMCODES - 18-415 ITEMCODES.csv
2667,Clear Round bottle (Unknown),Bottle,Glass,Clear,Unknown,Round,White,Cap,None,,empire-,A Clear Round Glass bottle with a capacity of Unknown. It features a White Cap and no specific applicator. SKU: 2667.,18-415 ITEMCODES - 18-415 ITEMCODES.csv
2668,Clear Round bottle (Unknown),Bottle,Glass,Clear,Unknown,Round,White,Cap,None,,empire-,A Clear Round Glass bottle with a capacity of Unknown. It features a White Cap and no specific applicator. SKU: 2668.,18-415 ITEMCODES - 18-415 ITEMCODES.csv
2669,Clear Round bottle (Unknown),Bottle,Glass,Clear,Unknown,Round,White,Cap,None,,empire-,A Clear Round Glass bottle with a capacity of Unknown. It features a White Cap and no specific applicator. SKU: 2669.,18-415 ITEMCODES - 18-415 ITEMCODES.csv
2670,Clear Round bottle (Unknown),Bottle,Glass,Clear,Unknown,Round,White,Cap,None,,empire-,A Clear Round Glass bottle with a capacity of Unknown. It features a White Cap and no specific applicator. SKU: 2670.,18-415 ITEMCODES - 18-415 ITEMCODES.csv
321,Clear Round bottle (Unknown),Bottle,Glass,Clear,Unknown,Round,White,Cap,None,,empire-,A Clear Round Glass bottle with a capacity of Unknown. It features a White Cap and no specific applicator. SKU: 321.,18-415 ITEMCODES - 18-415 ITEMCODES.csv
2671,Clear Round bottle (Unknown),Bottle,Glass,Clear,Unknown,Round,White,Cap,None,,empire-,A Clear Round Glass bottle with a capacity of Unknown. It features a White Cap and no specific applicator. SKU: 2671.,18-415 ITEMCODES - 18-415 ITEMCODES.csv
393,Clear Round bottle (Unknown),Bottle,Glass,Clear,Unknown,Round,White,Cap,None,,empire-,A Clear Round Glass bottle with a capacity of Unknown. It features a White Cap and no specific applicator. SKU: 393.,18-415 ITEMCODES - 18-415 ITEMCODES.csv
2672,Clear Round bottle (Unknown),Bottle,Glass,Clear,Unknown,Round,White,Cap,None,,empire-,A Clear Round Glass bottle with a capacity of Unknown. It features a White Cap and no specific applicator. SKU: 2672.,18-415 ITEMCODES - 18-415 ITEMCODES.csv
134,Clear Round bottle (Unknown),Bottle,Glass,Clear,Unknown,Round,White,Cap,None,,empire-,A Clear Round Glass bottle with a capacity of Unknown. It features a White Cap and no specific applicator. SKU: 134.,18-415 ITEMCODES - 18-415 ITEMCODES.csv
2673,Clear Round bottle (Unknown),Bottle,Glass,Clear,Unknown,Round,White,Cap,None,,empire-,A Clear Round Glass bottle with a capacity of Unknown. It features a White Cap and no specific applicator. SKU: 2673.,18-415 ITEMCODES - 18-415 ITEMCODES.csv
2674,Clear Round bottle (Unknown),Bottle,Glass,Clear,Unknown,Round,White,Cap,None,,empire-,A Clear Round Glass bottle with a capacity of Unknown. It features a White Cap and no specific applicator. SKU: 2674.,18-415 ITEMCODES - 18-415 ITEMCODES.csv
320,Clear Round bottle (Unknown),Bottle,Glass,Clear,Unknown,Round,White,Cap,None,,empire-,A Clear Round Glass bottle with a capacity of Unknown. It features a White Cap and no specific applicator. SKU: 320.,18-415 ITEMCODES - 18-415 ITEMCODES.csv
2675,Clear Round bottle (Unknown),Bottle,Glass,Clear,Unknown,Round,White,Cap,None,,empire-,A Clear Round Glass bottle with a capacity of Unknown. It features a White Cap and no specific applicator. SKU: 2675.,18-415 ITEMCODES - 18-415 ITEMCODES.csv
311,Clear Round bottle (Unknown),Bottle,Glass,Clear,Unknown,Round,White,Cap,None,,empire-,A Clear Round Glass bottle with a capacity of Unknown. It features a White Cap and no specific applicator. SKU: 311.,18-415 ITEMCODES - 18-415 ITEMCODES.csv
312,Clear Round bottle (Unknown),Bottle,Glass,Clear,Unknown,Round,White,Cap,None,,empire-,A Clear Round Glass bottle with a capacity of Unknown. It features a White Cap and no specific applicator. SKU: 312.,18-415 ITEMCODES - 18-415 ITEMCODES.csv
2676,Clear Round bottle (Unknown),Bottle,Glass,Clear,Unknown,Round,White,Cap,None,,empire-,A Clear Round Glass bottle with a capacity of Unknown. It features a White Cap and no specific applicator. SKU: 2676.,18-415 ITEMCODES - 18-415 ITEMCODES.csv
1009,Clear Round bottle (Unknown),Bottle,Glass,Clear,Unknown,Round,White,Cap,None,,empire-,A Clear Round Glass bottle with a capacity of Unknown. It features a White Cap and no specific applicator. SKU: 1009.,18-415 ITEMCODES - 18-415 ITEMCODES.csv
310,Clear Round bottle (Unknown),Bottle,Glass,Clear,Unknown,Round,White,Cap,None,,empire-,A Clear Round Glass bottle with a capacity of Unknown. It features a White Cap and no specific applicator. SKU: 310.,18-415 ITEMCODES - 18-415 ITEMCODES.csv
334,Clear Round bottle (Unknown),Bottle,Glass,Clear,Unknown,Round,White,Cap,None,,empire-,A Clear Round Glass bottle with a capacity of Unknown. It features a White Cap and no specific applicator. SKU: 334.,18-415 ITEMCODES - 18-415 ITEMCODES.csv
309,Clear Round bottle (Unknown),Bottle,Glass,Clear,Unknown,Round,White,Cap,None,,empire-,A Clear Round Glass bottle with a capacity of Unknown. It features a White Cap and no specific applicator. SKU: 309.,18-415 ITEMCODES - 18-415 ITEMCODES.csv
2677,Clear Round bottle (Unknown),Bottle,Glass,Clear,Unknown,Round,White,Cap,None,,empire-,A Clear Round Glass bottle with a capacity of Unknown. It features a White Cap and no specific applicator. SKU: 2677.,18-415 ITEMCODES - 18-415 ITEMCODES.csv
1010,Clear Round bottle (Unknown),Bottle,Glass,Clear,Unknown,Round,White,Cap,None,,empire-,A Clear Round Glass bottle with a capacity of Unknown. It features a White Cap and no specific applicator. SKU: 1010.,18-415 ITEMCODES - 18-415 ITEMCODES.csv
316,Clear Round bottle (Unknown),Bottle,Glass,Clear,Unknown,Round,White,Cap,None,,empire-,A Clear Round Glass bottle with a capacity of Unknown. It features a White Cap and no specific applicator. SKU: 316.,18-415 ITEMCODES - 18-415 ITEMCODES.csv
315,Clear Round bottle (Unknown),Bottle,Glass,Clear,Unknown,Round,White,Cap,None,,empire-,A Clear Round Glass bottle with a capacity of Unknown. It features a White Cap and no specific applicator. SKU: 315.,18-415 ITEMCODES - 18-415 ITEMCODES.csv
1011,Clear Round bottle (Unknown),Bottle,Glass,Clear,Unknown,Round,White,Cap,None,,empire-,A Clear Round Glass bottle with a capacity of Unknown. It features a White Cap and no specific applicator. SKU: 1011.,18-415 ITEMCODES - 18-415 ITEMCODES.csv
2678,Clear Round bottle (Unknown),Bottle,Glass,Clear,Unknown,Round,White,Cap,None,,empire-,A Clear Round Glass bottle with a capacity of Unknown. It features a White Cap and no specific applicator. SKU: 2678.,18-415 ITEMCODES - 18-415 ITEMCODES.csv
317,Clear Round bottle (Unknown),Bottle,Glass,Clear,Unknown,Round,White,Cap,None,,empire-,A Clear Round Glass bottle with a capacity of Unknown. It features a White Cap and no specific applicator. SKU: 317.,18-415 ITEMCODES - 18-415 ITEMCODES.csv
1012,Clear Round bottle (Unknown),Bottle,Glass,Clear,Unknown,Round,White,Cap,None,,empire-,A Clear Round Glass bottle with a capacity of Unknown. It features a White Cap and no specific applicator. SKU: 1012.,18-415 ITEMCODES - 18-415 ITEMCODES.csv
313,Clear Round bottle (Unknown),Bottle,Glass,Clear,Unknown,Round,White,Cap,None,,empire-,A Clear Round Glass bottle with a capacity of Unknown. It features a White Cap and no specific applicator. SKU: 313.,18-415 ITEMCODES - 18-415 ITEMCODES.csv
2679,Clear Round bottle (Unknown),Bottle,Glass,Clear,Unknown,Round,White,Cap,None,,empire-,A Clear Round Glass bottle with a capacity of Unknown. It features a White Cap and no specific applicator. SKU: 2679.,18-415 ITEMCODES - 18-415 ITEMCODES.csv
314,Clear Round bottle (Unknown),Bottle,Glass,Clear,Unknown,Round,White,Cap,None,,empire-,A Clear Round Glass bottle with a capacity of Unknown. It features a White Cap and no specific applicator. SKU: 314.,18-415 ITEMCODES - 18-415 ITEMCODES.csv
2680,Clear Round bottle (Unknown),Bottle,Glass,Clear,Unknown,Round,White,Cap,None,,empire-,A Clear Round Glass bottle with a capacity of Unknown. It features a White Cap and no specific applicator. SKU: 2680.,18-415 ITEMCODES - 18-415 ITEMCODES.csv
2681,Clear Round bottle (Unknown),Bottle,Glass,Clear,Unknown,Round,White,Cap,None,,empire-,A Clear Round Glass bottle with a capacity of Unknown. It features a White Cap and no specific applicator. SKU: 2681.,18-415 ITEMCODES - 18-415 ITEMCODES.csv
2682,Clear Round bottle (Unknown),Bottle,Glass,Clear,Unknown,Round,White,Cap,None,,empire-,A Clear Round Glass bottle with a capacity of Unknown. It features a White Cap and no specific applicator. SKU: 2682.,18-415 ITEMCODES - 18-415 ITEMCODES.csv
1187,Clear Round bottle (Unknown),Bottle,Glass,Clear,Unknown,Round,White,Cap,None,,empire-,A Clear Round Glass bottle with a capacity of Unknown. It features a White Cap and no specific applicator. SKU: 1187.,18-415 ITEMCODES - 18-415 ITEMCODES.csv
1186,Clear Round bottle (Unknown),Bottle,Glass,Clear,Unknown,Round,White,Cap,None,,empire-,A Clear Round Glass bottle with a capacity of Unknown. It features a White Cap and no specific applicator. SKU: 1186.,18-415 ITEMCODES - 18-415 ITEMCODES.csv
2683,Clear Round bottle (Unknown),Bottle,Glass,Clear,Unknown,Round,White,Cap,None,,empire-,A Clear Round Glass bottle with a capacity of Unknown. It features a White Cap and no specific applicator. SKU: 2683.,18-415 ITEMCODES - 18-415 ITEMCODES.csv
2684,Clear Round bottle (Unknown),Bottle,Glass,Clear,Unknown,Round,White,Cap,None,,empire-,A Clear Round Glass bottle with a capacity of Unknown. It features a White Cap and no specific applicator. SKU: 2684.,18-415 ITEMCODES - 18-415 ITEMCODES.csv
2685,Clear Round bottle (Unknown),Bottle,Glass,Clear,Unknown,Round,White,Cap,None,,empire-,A Clear Round Glass bottle with a capacity of Unknown. It features a White Cap and no specific applicator. SKU: 2685.,18-415 ITEMCODES - 18-415 ITEMCODES.csv
2686,Clear Round bottle (Unknown),Bottle,Glass,Clear,Unknown,Round,White,Cap,None,,empire-,A Clear Round Glass bottle with a capacity of Unknown. It features a White Cap and no specific applicator. SKU: 2686.,18-415 ITEMCODES - 18-415 ITEMCODES.csv
2687,Clear Round bottle (Unknown),Bottle,Glass,Clear,Unknown,Round,White,Cap,None,,empire-,A Clear Round Glass bottle with a capacity of Unknown. It features a White Cap and no specific applicator. SKU: 2687.,18-415 ITEMCODES - 18-415 ITEMCODES.csv
3443,Clear Round bottle (Unknown),Bottle,Glass,Clear,Unknown,Round,White,Cap,None,,empire-,A Clear Round Glass bottle with a capacity of Unknown. It features a White Cap and no specific applicator. SKU: 3443.,18-415 ITEMCODES - 18-415 ITEMCODES.csv
2688,Clear Round bottle (Unknown),Bottle,Glass,Clear,Unknown,Round,White,Cap,None,,empire-,A Clear Round Glass bottle with a capacity of Unknown. It features a White Cap and no specific applicator. SKU: 2688.,18-415 ITEMCODES - 18-415 ITEMCODES.csv
2689,Clear Round bottle (Unknown),Bottle,Glass,Clear,Unknown,Round,White,Cap,None,,empire-,A Clear Round Glass bottle with a capacity of Unknown. It features a White Cap and no specific applicator. SKU: 2689.,18-415 ITEMCODES - 18-415 ITEMCODES.csv
2690,Clear Round bottle (Unknown),Bottle,Glass,Clear,Unknown,Round,White,Cap,None,,empire-,A Clear Round Glass bottle with a capacity of Unknown. It features a White Cap and no specific applicator. SKU: 2690.,18-415 ITEMCODES - 18-415 ITEMCODES.csv
2691,Clear Round bottle (Unknown),Bottle,Glass,Clear,Unknown,Round,White,Cap,None,,empire-,A Clear Round Glass bottle with a capacity of Unknown. It features a White Cap and no specific applicator. SKU: 2691.,18-415 ITEMCODES - 18-415 ITEMCODES.csv
2692,Clear Round bottle (Unknown),Bottle,Glass,Clear,Unknown,Round,White,Cap,None,,empire-,A Clear Round Glass bottle with a capacity of Unknown. It features a White Cap and no specific applicator. SKU: 2692.,18-415 ITEMCODES - 18-415 ITEMCODES.csv
2693,Clear Round bottle (Unknown),Bottle,Glass,Clear,Unknown,Round,White,Cap,None,,empire-,A Clear Round Glass bottle with a capacity of Unknown. It features a White Cap and no specific applicator. SKU: 2693.,18-415 ITEMCODES - 18-415 ITEMCODES.csv
2694,Clear Round bottle (Unknown),Bottle,Glass,Clear,Unknown,Round,White,Cap,None,,empire-,A Clear Round Glass bottle with a capacity of Unknown. It features a White Cap and no specific applicator. SKU: 2694.,18-415 ITEMCODES - 18-415 ITEMCODES.csv
2695,Clear Round bottle (Unknown),Bottle,Glass,Clear,Unknown,Round,White,Cap,None,,empire-,A Clear Round Glass bottle with a capacity of Unknown. It features a White Cap and no specific applicator. SKU: 2695.,18-415 ITEMCODES - 18-415 ITEMCODES.csv
2696,Clear Round bottle (Unknown),Bottle,Glass,Clear,Unknown,Round,White,Cap,None,,empire-,A Clear Round Glass bottle with a capacity of Unknown. It features a White Cap and no specific applicator. SKU: 2696.,18-415 ITEMCODES - 18-415 ITEMCODES.csv
2697,Clear Round bottle (Unknown),Bottle,Glass,Clear,Unknown,Round,White,Cap,None,,empire-,A Clear Round Glass bottle with a capacity of Unknown. It features a White Cap and no specific applicator. SKU: 2697.,18-415 ITEMCODES - 18-415 ITEMCODES.csv
2698,Clear Round bottle (Unknown),Bottle,Glass,Clear,Unknown,Round,White,Cap,None,,empire-,A Clear Round Glass bottle with a capacity of Unknown. It features a White Cap and no specific applicator. SKU: 2698.,18-415 ITEMCODES - 18-415 ITEMCODES.csv
2699,Clear Round bottle (Unknown),Bottle,Glass,Clear,Unknown,Round,White,Cap,None,,empire-,A Clear Round Glass bottle with a capacity of Unknown. It features a White Cap and no specific applicator. SKU: 2699.,18-415 ITEMCODES - 18-415 ITEMCODES.csv
2700,Clear Round bottle (Unknown),Bottle,Glass,Clear,Unknown,Round,White,Cap,None,,empire-,A Clear Round Glass bottle with a capacity of Unknown. It features a White Cap and no specific applicator. SKU: 2700.,18-415 ITEMCODES - 18-415 ITEMCODES.csv
2701,Clear Round bottle (Unknown),Bottle,Glass,Clear,Unknown,Round,White,Cap,None,,empire-,A Clear Round Glass bottle with a capacity of Unknown. It features a White Cap and no specific applicator. SKU: 2701.,18-415 ITEMCODES - 18-415 ITEMCODES.csv
2702,Clear Round bottle (Unknown),Bottle,Glass,Clear,Unknown,Round,White,Cap,None,,empire-,A Clear Round Glass bottle with a capacity of Unknown. It features a White Cap and no specific applicator. SKU: 2702.,18-415 ITEMCODES - 18-415 ITEMCODES.csv
2703,Clear Round bottle (Unknown),Bottle,Glass,Clear,Unknown,Round,White,Cap,None,,empire-,A Clear Round Glass bottle with a capacity of Unknown. It features a White Cap and no specific applicator. SKU: 2703.,18-415 ITEMCODES - 18-415 ITEMCODES.csv
2704,Clear Round bottle (Unknown),Bottle,Glass,Clear,Unknown,Round,White,Cap,None,,empire-,A Clear Round Glass bottle with a capacity of Unknown. It features a White Cap and no specific applicator. SKU: 2704.,18-415 ITEMCODES - 18-415 ITEMCODES.csv
2705,Clear Round bottle (Unknown),Bottle,Glass,Clear,Unknown,Round,White,Cap,None,,empire-,A Clear Round Glass bottle with a capacity of Unknown. It features a White Cap and no specific applicator. SKU: 2705.,18-415 ITEMCODES - 18-415 ITEMCODES.csv
2706,Clear Round bottle (Unknown),Bottle,Glass,Clear,Unknown,Round,White,Cap,None,,empire-,A Clear Round Glass bottle with a capacity of Unknown. It features a White Cap and no specific applicator. SKU: 2706.,18-415 ITEMCODES - 18-415 ITEMCODES.csv
2707,Clear Round bottle (Unknown),Bottle,Glass,Clear,Unknown,Round,White,Cap,None,,empire-,A Clear Round Glass bottle with a capacity of Unknown. It features a White Cap and no specific applicator. SKU: 2707.,18-415 ITEMCODES - 18-415 ITEMCODES.csv
2708,Clear Round bottle (Unknown),Bottle,Glass,Clear,Unknown,Round,White,Cap,None,,empire-,A Clear Round Glass bottle with a capacity of Unknown. It features a White Cap and no specific applicator. SKU: 2708.,18-415 ITEMCODES - 18-415 ITEMCODES.csv
3300,Clear Round bottle (Unknown),Bottle,Glass,Clear,Unknown,Round,White,Cap,None,,empire-,A Clear Round Glass bottle with a capacity of Unknown. It features a White Cap and no specific applicator. SKU: 3300.,18-415 ITEMCODES - 18-415 ITEMCODES.csv
3299,Clear Round bottle (Unknown),Bottle,Glass,Clear,Unknown,Round,White,Cap,None,,empire-,A Clear Round Glass bottle with a capacity of Unknown. It features a White Cap and no specific applicator. SKU: 3299.,18-415 ITEMCODES - 18-415 ITEMCODES.csv
2709,Clear Round bottle (Unknown),Bottle,Glass,Clear,Unknown,Round,White,Cap,None,,empire-,A Clear Round Glass bottle with a capacity of Unknown. It features a White Cap and no specific applicator. SKU: 2709.,18-415 ITEMCODES - 18-415 ITEMCODES.csv
3298,Clear Round bottle (Unknown),Bottle,Glass,Clear,Unknown,Round,White,Cap,None,,empire-,A Clear Round Glass bottle with a capacity of Unknown. It features a White Cap and no specific applicator. SKU: 3298.,18-415 ITEMCODES - 18-415 ITEMCODES.csv
2710,Clear Round bottle (Unknown),Bottle,Glass,Clear,Unknown,Round,White,Cap,None,,empire-,A Clear Round Glass bottle with a capacity of Unknown. It features a White Cap and no specific applicator. SKU: 2710.,18-415 ITEMCODES - 18-415 ITEMCODES.csv
2711,Clear Round bottle (Unknown),Bottle,Glass,Clear,Unknown,Round,White,Cap,None,,empire-,A Clear Round Glass bottle with a capacity of Unknown. It features a White Cap and no specific applicator. SKU: 2711.,18-415 ITEMCODES - 18-415 ITEMCODES.csv
3304,Clear Round bottle (Unknown),Bottle,Glass,Clear,Unknown,Round,White,Cap,None,,empire-,A Clear Round Glass bottle with a capacity of Unknown. It features a White Cap and no specific applicator. SKU: 3304.,18-415 ITEMCODES - 18-415 ITEMCODES.csv
3303,Clear Round bottle (Unknown),Bottle,Glass,Clear,Unknown,Round,White,Cap,None,,empire-,A Clear Round Glass bottle with a capacity of Unknown. It features a White Cap and no specific applicator. SKU: 3303.,18-415 ITEMCODES - 18-415 ITEMCODES.csv
2712,Clear Round bottle (Unknown),Bottle,Glass,Clear,Unknown,Round,White,Cap,None,,empire-,A Clear Round Glass bottle with a capacity of Unknown. It features a White Cap and no specific applicator. SKU: 2712.,18-415 ITEMCODES - 18-415 ITEMCODES.csv
2713,Clear Round bottle (Unknown),Bottle,Glass,Clear,Unknown,Round,White,Cap,None,,empire-,A Clear Round Glass bottle with a capacity of Unknown. It features a White Cap and no specific applicator. SKU: 2713.,18-415 ITEMCODES - 18-415 ITEMCODES.csv
3305,Clear Round bottle (Unknown),Bottle,Glass,Clear,Unknown,Round,White,Cap,None,,empire-,A Clear Round Glass bottle with a capacity of Unknown. It features a White Cap and no specific applicator. SKU: 3305.,18-415 ITEMCODES - 18-415 ITEMCODES.csv
3306,Clear Round bottle (Unknown),Bottle,Glass,Clear,Unknown,Round,White,Cap,None,,empire-,A Clear Round Glass bottle with a capacity of Unknown. It features a White Cap and no specific applicator. SKU: 3306.,18-415 ITEMCODES - 18-415 ITEMCODES.csv
3301,Clear Round bottle (Unknown),Bottle,Glass,Clear,Unknown,Round,White,Cap,None,,empire-,A Clear Round Glass bottle with a capacity of Unknown. It features a White Cap and no specific applicator. SKU: 3301.,18-415 ITEMCODES - 18-415 ITEMCODES.csv
2714,Clear Round bottle (Unknown),Bottle,Glass,Clear,Unknown,Round,White,Cap,None,,empire-,A Clear Round Glass bottle with a capacity of Unknown. It features a White Cap and no specific applicator. SKU: 2714.,18-415 ITEMCODES - 18-415 ITEMCODES.csv
3302,Clear Round bottle (Unknown),Bottle,Glass,Clear,Unknown,Round,White,Cap,None,,empire-,A Clear Round Glass bottle with a capacity of Unknown. It features a White Cap and no specific applicator. SKU: 3302.,18-415 ITEMCODES - 18-415 ITEMCODES.csv
2715,Clear Round bottle (Unknown),Bottle,Glass,Clear,Unknown,Round,White,Cap,None,,empire-,A Clear Round Glass bottle with a capacity of Unknown. It features a White Cap and no specific applicator. SKU: 2715.,18-415 ITEMCODES - 18-415 ITEMCODES.csv
2716,Clear Round bottle (Unknown),Bottle,Glass,Clear,Unknown,Round,White,Cap,None,,empire-,A Clear Round Glass bottle with a capacity of Unknown. It features a White Cap and no specific applicator. SKU: 2716.,18-415 ITEMCODES - 18-415 ITEMCODES.csv
2718,Clear Round bottle (Unknown),Bottle,Glass,Clear,Unknown,Round,White,Cap,None,,empire-,A Clear Round Glass bottle with a capacity of Unknown. It features a White Cap and no specific applicator. SKU: 2718.,18-415 ITEMCODES - 18-415 ITEMCODES.csv
2719,Clear Round bottle (Unknown),Bottle,Glass,Clear,Unknown,Round,White,Cap,None,,empire-,A Clear Round Glass bottle with a capacity of Unknown. It features a White Cap and no specific applicator. SKU: 2719.,18-415 ITEMCODES - 18-415 ITEMCODES.csv
2720,Clear Round bottle (Unknown),Bottle,Glass,Clear,Unknown,Round,White,Cap,None,,diva-,A Clear Round Glass bottle with a capacity of Unknown. It features a White Cap and no specific applicator. SKU: 2720.,18-415 ITEMCODES - 18-415 ITEMCODES.csv
2721,Clear Round bottle (Unknown),Bottle,Glass,Clear,Unknown,Round,White,Cap,None,,diva-,A Clear Round Glass bottle with a capacity of Unknown. It features a White Cap and no specific applicator. SKU: 2721.,18-415 ITEMCODES - 18-415 ITEMCODES.csv
2722,Clear Round bottle (Unknown),Bottle,Glass,Clear,Unknown,Round,White,Cap,None,,diva-,A Clear Round Glass bottle with a capacity of Unknown. It features a White Cap and no specific applicator. SKU: 2722.,18-415 ITEMCODES - 18-415 ITEMCODES.csv
2723,Clear Round bottle (Unknown),Bottle,Glass,Clear,Unknown,Round,White,Cap,None,,diva-,A Clear Round Glass bottle with a capacity of Unknown. It features a White Cap and no specific applicator. SKU: 2723.,18-415 ITEMCODES - 18-415 ITEMCODES.csv
2724,Clear Round bottle (Unknown),Bottle,Glass,Clear,Unknown,Round,White,Cap,None,,diva-,A Clear Round Glass bottle with a capacity of Unknown. It features a White Cap and no specific applicator. SKU: 2724.,18-415 ITEMCODES - 18-415 ITEMCODES.csv
2725,Clear Round bottle (Unknown),Bottle,Glass,Clear,Unknown,Round,White,Cap,None,,diva-,A Clear Round Glass bottle with a capacity of Unknown. It features a White Cap and no specific applicator. SKU: 2725.,18-415 ITEMCODES - 18-415 ITEMCODES.csv
2726,Clear Round bottle (Unknown),Bottle,Glass,Clear,Unknown,Round,White,Cap,None,,diva-,A Clear Round Glass bottle with a capacity of Unknown. It features a White Cap and no specific applicator. SKU: 2726.,18-415 ITEMCODES - 18-415 ITEMCODES.csv
2727,Clear Round bottle (Unknown),Bottle,Glass,Clear,Unknown,Round,White,Cap,None,,diva-,A Clear Round Glass bottle with a capacity of Unknown. It features a White Cap and no specific applicator. SKU: 2727.,18-415 ITEMCODES - 18-415 ITEMCODES.csv
2728,Clear Round bottle (Unknown),Bottle,Glass,Clear,Unknown,Round,White,Cap,None,,diva-,A Clear Round Glass bottle with a capacity of Unknown. It features a White Cap and no specific applicator. SKU: 2728.,18-415 ITEMCODES - 18-415 ITEMCODES.csv
2729,Clear Round bottle (Unknown),Bottle,Glass,Clear,Unknown,Round,White,Cap,None,,diva-,A Clear Round Glass bottle with a capacity of Unknown. It features a White Cap and no specific applicator. SKU: 2729.,18-415 ITEMCODES - 18-415 ITEMCODES.csv
2730,Clear Round bottle (Unknown),Bottle,Glass,Clear,Unknown,Round,White,Cap,None,,diva-,A Clear Round Glass bottle with a capacity of Unknown. It features a White Cap and no specific applicator. SKU: 2730.,18-415 ITEMCODES - 18-415 ITEMCODES.csv
2731,Clear Round bottle (Unknown),Bottle,Glass,Clear,Unknown,Round,White,Cap,None,,diva-,A Clear Round Glass bottle with a capacity of Unknown. It features a White Cap and no specific applicator. SKU: 2731.,18-415 ITEMCODES - 18-415 ITEMCODES.csv
3531,Clear Round bottle (Unknown),Bottle,Glass,Clear,Unknown,Round,White,Cap,None,,diva-,A Clear Round Glass bottle with a capacity of Unknown. It features a White Cap and no specific applicator. SKU: 3531.,18-415 ITEMCODES - 18-415 ITEMCODES.csv
2732,Clear Round bottle (Unknown),Bottle,Glass,Clear,Unknown,Round,White,Cap,None,,diva-,A Clear Round Glass bottle with a capacity of Unknown. It features a White Cap and no specific applicator. SKU: 2732.,18-415 ITEMCODES - 18-415 ITEMCODES.csv
3532,Clear Round bottle (Unknown),Bottle,Glass,Clear,Unknown,Round,White,Cap,None,,diva-,A Clear Round Glass bottle with a capacity of Unknown. It features a White Cap and no specific applicator. SKU: 3532.,18-415 ITEMCODES - 18-415 ITEMCODES.csv
2733,Clear Round bottle (Unknown),Bottle,Glass,Clear,Unknown,Round,White,Cap,None,,diva-,A Clear Round Glass bottle with a capacity of Unknown. It features a White Cap and no specific applicator. SKU: 2733.,18-415 ITEMCODES - 18-415 ITEMCODES.csv
3533,Clear Round bottle (Unknown),Bottle,Glass,Clear,Unknown,Round,White,Cap,None,,diva-,A Clear Round Glass bottle with a capacity of Unknown. It features a White Cap and no specific applicator. SKU: 3533.,18-415 ITEMCODES - 18-415 ITEMCODES.csv
2734,Clear Round bottle (Unknown),Bottle,Glass,Clear,Unknown,Round,White,Cap,None,,diva-,A Clear Round Glass bottle with a capacity of Unknown. It features a White Cap and no specific applicator. SKU: 2734.,18-415 ITEMCODES - 18-415 ITEMCODES.csv
2735,Clear Round bottle (Unknown),Bottle,Glass,Clear,Unknown,Round,White,Cap,None,,diva-,A Clear Round Glass bottle with a capacity of Unknown. It features a White Cap and no specific applicator. SKU: 2735.,18-415 ITEMCODES - 18-415 ITEMCODES.csv
3534,Clear Round bottle (Unknown),Bottle,Glass,Clear,Unknown,Round,White,Cap,None,,diva-,A Clear Round Glass bottle with a capacity of Unknown. It features a White Cap and no specific applicator. SKU: 3534.,18-415 ITEMCODES - 18-415 ITEMCODES.csv
2736,Clear Round bottle (Unknown),Bottle,Glass,Clear,Unknown,Round,White,Cap,None,,diva-,A Clear Round Glass bottle with a capacity of Unknown. It features a White Cap and no specific applicator. SKU: 2736.,18-415 ITEMCODES - 18-415 ITEMCODES.csv
3265,Clear Round bottle (Unknown),Bottle,Glass,Clear,Unknown,Round,White,Cap,None,,diva-,A Clear Round Glass bottle with a capacity of Unknown. It features a White Cap and no specific applicator. SKU: 3265.,18-415 ITEMCODES - 18-415 ITEMCODES.csv
3266,Clear Round bottle (Unknown),Bottle,Glass,Clear,Unknown,Round,White,Cap,None,,diva-,A Clear Round Glass bottle with a capacity of Unknown. It features a White Cap and no specific applicator. SKU: 3266.,18-415 ITEMCODES - 18-415 ITEMCODES.csv
2737,Clear Round bottle (Unknown),Bottle,Glass,Clear,Unknown,Round,White,Cap,None,,diva-,A Clear Round Glass bottle with a capacity of Unknown. It features a White Cap and no specific applicator. SKU: 2737.,18-415 ITEMCODES - 18-415 ITEMCODES.csv
3264,Clear Round bottle (Unknown),Bottle,Glass,Clear,Unknown,Round,White,Cap,None,,diva-,A Clear Round Glass bottle with a capacity of Unknown. It features a White Cap and no specific applicator. SKU: 3264.,18-415 ITEMCODES - 18-415 ITEMCODES.csv
3262,Clear Round bottle (Unknown),Bottle,Glass,Clear,Unknown,Round,White,Cap,None,,diva-,A Clear Round Glass bottle with a capacity of Unknown. It features a White Cap and no specific applicator. SKU: 3262.,18-415 ITEMCODES - 18-415 ITEMCODES.csv
3263,Clear Round bottle (Unknown),Bottle,Glass,Clear,Unknown,Round,White,Cap,None,,diva-,A Clear Round Glass bottle with a capacity of Unknown. It features a White Cap and no specific applicator. SKU: 3263.,18-415 ITEMCODES - 18-415 ITEMCODES.csv
3261,Clear Round bottle (Unknown),Bottle,Glass,Clear,Unknown,Round,White,Cap,None,,diva-,A Clear Round Glass bottle with a capacity of Unknown. It features a White Cap and no specific applicator. SKU: 3261.,18-415 ITEMCODES - 18-415 ITEMCODES.csv
2738,Clear Round bottle (Unknown),Bottle,Glass,Clear,Unknown,Round,White,Cap,None,,diva-,A Clear Round Glass bottle with a capacity of Unknown. It features a White Cap and no specific applicator. SKU: 2738.,18-415 ITEMCODES - 18-415 ITEMCODES.csv
2739,Clear Round bottle (Unknown),Bottle,Glass,Clear,Unknown,Round,White,Cap,None,,diva-,A Clear Round Glass bottle with a capacity of Unknown. It features a White Cap and no specific applicator. SKU: 2739.,18-415 ITEMCODES - 18-415 ITEMCODES.csv
2740,Clear Round bottle (Unknown),Bottle,Glass,Clear,Unknown,Round,White,Cap,None,,diva-,A Clear Round Glass bottle with a capacity of Unknown. It features a White Cap and no specific applicator. SKU: 2740.,18-415 ITEMCODES - 18-415 ITEMCODES.csv
2741,Clear Round bottle (Unknown),Bottle,Glass,Clear,Unknown,Round,White,Cap,None,,diva-,A Clear Round Glass bottle with a capacity of Unknown. It features a White Cap and no specific applicator. SKU: 2741.,18-415 ITEMCODES - 18-415 ITEMCODES.csv
2742,Clear Round bottle (Unknown),Bottle,Glass,Clear,Unknown,Round,White,Cap,None,,diva-,A Clear Round Glass bottle with a capacity of Unknown. It features a White Cap and no specific applicator. SKU: 2742.,18-415 ITEMCODES - 18-415 ITEMCODES.csv
2743,Clear Round bottle (Unknown),Bottle,Glass,Clear,Unknown,Round,White,Cap,None,,diva-,A Clear Round Glass bottle with a capacity of Unknown. It features a White Cap and no specific applicator. SKU: 2743.,18-415 ITEMCODES - 18-415 ITEMCODES.csv
2744,Clear Round bottle (Unknown),Bottle,Glass,Clear,Unknown,Round,White,Cap,None,,diva-,A Clear Round Glass bottle with a capacity of Unknown. It features a White Cap and no specific applicator. SKU: 2744.,18-415 ITEMCODES - 18-415 ITEMCODES.csv
2745,Clear Round bottle (Unknown),Bottle,Glass,Clear,Unknown,Round,White,Cap,None,,diva-,A Clear Round Glass bottle with a capacity of Unknown. It features a White Cap and no specific applicator. SKU: 2745.,18-415 ITEMCODES - 18-415 ITEMCODES.csv
2746,Clear Round bottle (Unknown),Bottle,Glass,Clear,Unknown,Round,White,Cap,None,,diva-,A Clear Round Glass bottle with a capacity of Unknown. It features a White Cap and no specific applicator. SKU: 2746.,18-415 ITEMCODES - 18-415 ITEMCODES.csv
2747,Clear Round bottle (Unknown),Bottle,Glass,Clear,Unknown,Round,White,Cap,None,,diva-,A Clear Round Glass bottle with a capacity of Unknown. It features a White Cap and no specific applicator. SKU: 2747.,18-415 ITEMCODES - 18-415 ITEMCODES.csv
2748,Clear Round bottle (Unknown),Bottle,Glass,Clear,Unknown,Round,White,Cap,None,,diva-,A Clear Round Glass bottle with a capacity of Unknown. It features a White Cap and no specific applicator. SKU: 2748.,18-415 ITEMCODES - 18-415 ITEMCODES.csv
2749,Clear Round bottle (Unknown),Bottle,Glass,Clear,Unknown,Round,White,Cap,None,,diva-,A Clear Round Glass bottle with a capacity of Unknown. It features a White Cap and no specific applicator. SKU: 2749.,18-415 ITEMCODES - 18-415 ITEMCODES.csv
2750,Clear Round bottle (Unknown),Bottle,Glass,Clear,Unknown,Round,White,Cap,None,,diva-,A Clear Round Glass bottle with a capacity of Unknown. It features a White Cap and no specific applicator. SKU: 2750.,18-415 ITEMCODES - 18-415 ITEMCODES.csv
2751,Clear Round bottle (Unknown),Bottle,Glass,Clear,Unknown,Round,White,Cap,None,,diva-,A Clear Round Glass bottle with a capacity of Unknown. It features a White Cap and no specific applicator. SKU: 2751.,18-415 ITEMCODES - 18-415 ITEMCODES.csv
2752,Clear Round bottle (Unknown),Bottle,Glass,Clear,Unknown,Round,White,Cap,None,,diva-,A Clear Round Glass bottle with a capacity of Unknown. It features a White Cap and no specific applicator. SKU: 2752.,18-415 ITEMCODES - 18-415 ITEMCODES.csv
2753,Clear Round bottle (Unknown),Bottle,Glass,Clear,Unknown,Round,White,Cap,None,,diva-,A Clear Round Glass bottle with a capacity of Unknown. It features a White Cap and no specific applicator. SKU: 2753.,18-415 ITEMCODES - 18-415 ITEMCODES.csv
2754,Clear Round bottle (Unknown),Bottle,Glass,Clear,Unknown,Round,White,Cap,None,,diva-,A Clear Round Glass bottle with a capacity of Unknown. It features a White Cap and no specific applicator. SKU: 2754.,18-415 ITEMCODES - 18-415 ITEMCODES.csv
2755,Clear Round bottle (Unknown),Bottle,Glass,Clear,Unknown,Round,White,Cap,None,,diva-,A Clear Round Glass bottle with a capacity of Unknown. It features a White Cap and no specific applicator. SKU: 2755.,18-415 ITEMCODES - 18-415 ITEMCODES.csv
2756,Clear Round bottle (Unknown),Bottle,Glass,Clear,Unknown,Round,White,Cap,None,,diva-,A Clear Round Glass bottle with a capacity of Unknown. It features a White Cap and no specific applicator. SKU: 2756.,18-415 ITEMCODES - 18-415 ITEMCODES.csv
2757,Clear Round bottle (Unknown),Bottle,Glass,Clear,Unknown,Round,White,Cap,None,,diva-,A Clear Round Glass bottle with a capacity of Unknown. It features a White Cap and no specific applicator. SKU: 2757.,18-415 ITEMCODES - 18-415 ITEMCODES.csv
2758,Clear Round bottle (Unknown),Bottle,Glass,Clear,Unknown,Round,White,Cap,None,,diva-,A Clear Round Glass bottle with a capacity of Unknown. It features a White Cap and no specific applicator. SKU: 2758.,18-415 ITEMCODES - 18-415 ITEMCODES.csv
2759,Clear Round bottle (Unknown),Bottle,Glass,Clear,Unknown,Round,White,Cap,None,,diva-,A Clear Round Glass bottle with a capacity of Unknown. It features a White Cap and no specific applicator. SKU: 2759.,18-415 ITEMCODES - 18-415 ITEMCODES.csv
2760,Clear Round bottle (Unknown),Bottle,Glass,Clear,Unknown,Round,White,Cap,None,,diva-,A Clear Round Glass bottle with a capacity of Unknown. It features a White Cap and no specific applicator. SKU: 2760.,18-415 ITEMCODES - 18-415 ITEMCODES.csv
2761,Clear Round bottle (Unknown),Bottle,Glass,Clear,Unknown,Round,White,Cap,None,,diva-,A Clear Round Glass bottle with a capacity of Unknown. It features a White Cap and no specific applicator. SKU: 2761.,18-415 ITEMCODES - 18-415 ITEMCODES.csv
2762,Clear Round bottle (Unknown),Bottle,Glass,Clear,Unknown,Round,White,Cap,None,,diva-,A Clear Round Glass bottle with a capacity of Unknown. It features a White Cap and no specific applicator. SKU: 2762.,18-415 ITEMCODES - 18-415 ITEMCODES.csv
2763,Clear Round bottle (Unknown),Bottle,Glass,Clear,Unknown,Round,White,Cap,None,,diva-,A Clear Round Glass bottle with a capacity of Unknown. It features a White Cap and no specific applicator. SKU: 2763.,18-415 ITEMCODES - 18-415 ITEMCODES.csv
2764,Clear Round bottle (Unknown),Bottle,Glass,Clear,Unknown,Round,White,Cap,None,,diva-,A Clear Round Glass bottle with a capacity of Unknown. It features a White Cap and no specific applicator. SKU: 2764.,18-415 ITEMCODES - 18-415 ITEMCODES.csv
2765,Clear Round bottle (Unknown),Bottle,Glass,Clear,Unknown,Round,White,Cap,None,,diva-,A Clear Round Glass bottle with a capacity of Unknown. It features a White Cap and no specific applicator. SKU: 2765.,18-415 ITEMCODES - 18-415 ITEMCODES.csv
2766,Clear Round bottle (Unknown),Bottle,Glass,Clear,Unknown,Round,White,Cap,None,,diva-,A Clear Round Glass bottle with a capacity of Unknown. It features a White Cap and no specific applicator. SKU: 2766.,18-415 ITEMCODES - 18-415 ITEMCODES.csv
2767,Clear Round bottle (Unknown),Bottle,Glass,Clear,Unknown,Round,White,Cap,None,,diva-,A Clear Round Glass bottle with a capacity of Unknown. It features a White Cap and no specific applicator. SKU: 2767.,18-415 ITEMCODES - 18-415 ITEMCODES.csv
2768,Clear Round bottle (Unknown),Bottle,Glass,Clear,Unknown,Round,White,Cap,None,,diva-,A Clear Round Glass bottle with a capacity of Unknown. It features a White Cap and no specific applicator. SKU: 2768.,18-415 ITEMCODES - 18-415 ITEMCODES.csv
2769,Clear Round bottle (Unknown),Bottle,Glass,Clear,Unknown,Round,White,Cap,None,,diva-,A Clear Round Glass bottle with a capacity of Unknown. It features a White Cap and no specific applicator. SKU: 2769.,18-415 ITEMCODES - 18-415 ITEMCODES.csv
2770,Clear Round bottle (Unknown),Bottle,Glass,Clear,Unknown,Round,White,Cap,None,,diva-,A Clear Round Glass bottle with a capacity of Unknown. It features a White Cap and no specific applicator. SKU: 2770.,18-415 ITEMCODES - 18-415 ITEMCODES.csv
2771,Clear Round bottle (Unknown),Bottle,Glass,Clear,Unknown,Round,White,Cap,None,,diva-,A Clear Round Glass bottle with a capacity of Unknown. It features a White Cap and no specific applicator. SKU: 2771.,18-415 ITEMCODES - 18-415 ITEMCODES.csv
2772,Clear Round bottle (Unknown),Bottle,Glass,Clear,Unknown,Round,White,Cap,None,,diva-,A Clear Round Glass bottle with a capacity of Unknown. It features a White Cap and no specific applicator. SKU: 2772.,18-415 ITEMCODES - 18-415 ITEMCODES.csv
2773,Clear Round bottle (Unknown),Bottle,Glass,Clear,Unknown,Round,White,Cap,None,,diva-,A Clear Round Glass bottle with a capacity of Unknown. It features a White Cap and no specific applicator. SKU: 2773.,18-415 ITEMCODES - 18-415 ITEMCODES.csv
2774,Clear Round bottle (Unknown),Bottle,Glass,Clear,Unknown,Round,White,Cap,None,,diva-,A Clear Round Glass bottle with a capacity of Unknown. It features a White Cap and no specific applicator. SKU: 2774.,18-415 ITEMCODES - 18-415 ITEMCODES.csv
2775,Clear Round bottle (Unknown),Bottle,Glass,Clear,Unknown,Round,White,Cap,None,,diva-,A Clear Round Glass bottle with a capacity of Unknown. It features a White Cap and no specific applicator. SKU: 2775.,18-415 ITEMCODES - 18-415 ITEMCODES.csv
2776,Clear Round bottle (Unknown),Bottle,Glass,Clear,Unknown,Round,White,Cap,None,,diva-,A Clear Round Glass bottle with a capacity of Unknown. It features a White Cap and no specific applicator. SKU: 2776.,18-415 ITEMCODES - 18-415 ITEMCODES.csv
2777,Clear Round bottle (Unknown),Bottle,Glass,Clear,Unknown,Round,White,Cap,None,,diva-,A Clear Round Glass bottle with a capacity of Unknown. It features a White Cap and no specific applicator. SKU: 2777.,18-415 ITEMCODES - 18-415 ITEMCODES.csv
2778,Clear Round bottle (Unknown),Bottle,Glass,Clear,Unknown,Round,White,Cap,None,,diva-,A Clear Round Glass bottle with a capacity of Unknown. It features a White Cap and no specific applicator. SKU: 2778.,18-415 ITEMCODES - 18-415 ITEMCODES.csv
2779,Clear Round bottle (Unknown),Bottle,Glass,Clear,Unknown,Round,White,Cap,None,,diva-,A Clear Round Glass bottle with a capacity of Unknown. It features a White Cap and no specific applicator. SKU: 2779.,18-415 ITEMCODES - 18-415 ITEMCODES.csv
2780,Clear Round bottle (Unknown),Bottle,Glass,Clear,Unknown,Round,White,Cap,None,,diva-,A Clear Round Glass bottle with a capacity of Unknown. It features a White Cap and no specific applicator. SKU: 2780.,18-415 ITEMCODES - 18-415 ITEMCODES.csv
2781,Clear Round bottle (Unknown),Bottle,Glass,Clear,Unknown,Round,White,Cap,None,,diva-,A Clear Round Glass bottle with a capacity of Unknown. It features a White Cap and no specific applicator. SKU: 2781.,18-415 ITEMCODES - 18-415 ITEMCODES.csv
2782,Clear Round bottle (Unknown),Bottle,Glass,Clear,Unknown,Round,White,Cap,None,,diva-,A Clear Round Glass bottle with a capacity of Unknown. It features a White Cap and no specific applicator. SKU: 2782.,18-415 ITEMCODES - 18-415 ITEMCODES.csv
2783,Clear Round bottle (Unknown),Bottle,Glass,Clear,Unknown,Round,White,Cap,None,,diva-,A Clear Round Glass bottle with a capacity of Unknown. It features a White Cap and no specific applicator. SKU: 2783.,18-415 ITEMCODES - 18-415 ITEMCODES.csv
2784,Clear Round bottle (Unknown),Bottle,Glass,Clear,Unknown,Round,White,Cap,None,,diva-,A Clear Round Glass bottle with a capacity of Unknown. It features a White Cap and no specific applicator. SKU: 2784.,18-415 ITEMCODES - 18-415 ITEMCODES.csv
2785,Clear Round bottle (Unknown),Bottle,Glass,Clear,Unknown,Round,White,Cap,None,,diva-,A Clear Round Glass bottle with a capacity of Unknown. It features a White Cap and no specific applicator. SKU: 2785.,18-415 ITEMCODES - 18-415 ITEMCODES.csv
2786,Clear Round bottle (Unknown),Bottle,Glass,Clear,Unknown,Round,White,Cap,None,,diva-,A Clear Round Glass bottle with a capacity of Unknown. It features a White Cap and no specific applicator. SKU: 2786.,18-415 ITEMCODES - 18-415 ITEMCODES.csv
2787,Clear Round bottle (Unknown),Bottle,Glass,Clear,Unknown,Round,White,Cap,None,,diva-,A Clear Round Glass bottle with a capacity of Unknown. It features a White Cap and no specific applicator. SKU: 2787.,18-415 ITEMCODES - 18-415 ITEMCODES.csv
2788,Clear Round bottle (Unknown),Bottle,Glass,Clear,Unknown,Round,White,Cap,None,,diva-,A Clear Round Glass bottle with a capacity of Unknown. It features a White Cap and no specific applicator. SKU: 2788.,18-415 ITEMCODES - 18-415 ITEMCODES.csv
2789,Clear Round bottle (Unknown),Bottle,Glass,Clear,Unknown,Round,White,Cap,None,,diva-,A Clear Round Glass bottle with a capacity of Unknown. It features a White Cap and no specific applicator. SKU: 2789.,18-415 ITEMCODES - 18-415 ITEMCODES.csv
2790,Clear Round bottle (Unknown),Bottle,Glass,Clear,Unknown,Round,White,Cap,None,,diva-,A Clear Round Glass bottle with a capacity of Unknown. It features a White Cap and no specific applicator. SKU: 2790.,18-415 ITEMCODES - 18-415 ITEMCODES.csv
2791,Clear Round bottle (Unknown),Bottle,Glass,Clear,Unknown,Round,White,Cap,None,,diva-,A Clear Round Glass bottle with a capacity of Unknown. It features a White Cap and no specific applicator. SKU: 2791.,18-415 ITEMCODES - 18-415 ITEMCODES.csv
2793,Clear Round bottle (Unknown),Bottle,Glass,Clear,Unknown,Round,White,Cap,None,,diva-,A Clear Round Glass bottle with a capacity of Unknown. It features a White Cap and no specific applicator. SKU: 2793.,18-415 ITEMCODES - 18-415 ITEMCODES.csv
2792,Clear Round bottle (Unknown),Bottle,Glass,Clear,Unknown,Round,White,Cap,None,,diva-,A Clear Round Glass bottle with a capacity of Unknown. It features a White Cap and no specific applicator. SKU: 2792.,18-415 ITEMCODES - 18-415 ITEMCODES.csv
2794,Clear Round bottle (Unknown),Bottle,Glass,Clear,Unknown,Round,White,Cap,None,,diva-,A Clear Round Glass bottle with a capacity of Unknown. It features a White Cap and no specific applicator. SKU: 2794.,18-415 ITEMCODES - 18-415 ITEMCODES.csv
2795,Clear Round bottle (Unknown),Bottle,Glass,Clear,Unknown,Round,White,Cap,None,,diva-,A Clear Round Glass bottle with a capacity of Unknown. It features a White Cap and no specific applicator. SKU: 2795.,18-415 ITEMCODES - 18-415 ITEMCODES.csv
2796,Clear Round bottle (Unknown),Bottle,Glass,Clear,Unknown,Round,White,Cap,None,,diva-,A Clear Round Glass bottle with a capacity of Unknown. It features a White Cap and no specific applicator. SKU: 2796.,18-415 ITEMCODES - 18-415 ITEMCODES.csv
2797,Clear Round bottle (Unknown),Bottle,Glass,Clear,Unknown,Round,White,Cap,None,,diva-,A Clear Round Glass bottle with a capacity of Unknown. It features a White Cap and no specific applicator. SKU: 2797.,18-415 ITEMCODES - 18-415 ITEMCODES.csv
2798,Clear Round bottle (Unknown),Bottle,Glass,Clear,Unknown,Round,White,Cap,None,,diva-,A Clear Round Glass bottle with a capacity of Unknown. It features a White Cap and no specific applicator. SKU: 2798.,18-415 ITEMCODES - 18-415 ITEMCODES.csv
166,Clear Round bottle (Unknown),Bottle,Glass,Clear,Unknown,Round,White,Cap,None,,diva-,A Clear Round Glass bottle with a capacity of Unknown. It features a White Cap and no specific applicator. SKU: 166.,18-415 ITEMCODES - 18-415 ITEMCODES.csv
2799,Clear Round bottle (Unknown),Bottle,Glass,Clear,Unknown,Round,White,Cap,None,,diva-,A Clear Round Glass bottle with a capacity of Unknown. It features a White Cap and no specific applicator. SKU: 2799.,18-415 ITEMCODES - 18-415 ITEMCODES.csv
1006,Clear Round bottle (Unknown),Bottle,Glass,Clear,Unknown,Round,White,Cap,None,,diva-,A Clear Round Glass bottle with a capacity of Unknown. It features a White Cap and no specific applicator. SKU: 1006.,18-415 ITEMCODES - 18-415 ITEMCODES.csv
190,Clear Round bottle (Unknown),Bottle,Glass,Clear,Unknown,Round,White,Cap,None,,diva-,A Clear Round Glass bottle with a capacity of Unknown. It features a White Cap and no specific applicator. SKU: 190.,18-415 ITEMCODES - 18-415 ITEMCODES.csv
189,Clear Round bottle (Unknown),Bottle,Glass,Clear,Unknown,Round,White,Cap,None,,diva-,A Clear Round Glass bottle with a capacity of Unknown. It features a White Cap and no specific applicator. SKU: 189.,18-415 ITEMCODES - 18-415 ITEMCODES.csv
188,Clear Round bottle (Unknown),Bottle,Glass,Clear,Unknown,Round,White,Cap,None,,diva-,A Clear Round Glass bottle with a capacity of Unknown. It features a White Cap and no specific applicator. SKU: 188.,18-415 ITEMCODES - 18-415 ITEMCODES.csv
2800,Clear Round bottle (Unknown),Bottle,Glass,Clear,Unknown,Round,White,Cap,None,,diva-,A Clear Round Glass bottle with a capacity of Unknown. It features a White Cap and no specific applicator. SKU: 2800.,18-415 ITEMCODES - 18-415 ITEMCODES.csv
970,Clear Round bottle (Unknown),Bottle,Glass,Clear,Unknown,Round,White,Cap,None,,diva-,A Clear Round Glass bottle with a capacity of Unknown. It features a White Cap and no specific applicator. SKU: 970.,18-415 ITEMCODES - 18-415 ITEMCODES.csv
230,Clear Round bottle (Unknown),Bottle,Glass,Clear,Unknown,Round,White,Cap,None,,diva-,A Clear Round Glass bottle with a capacity of Unknown. It features a White Cap and no specific applicator. SKU: 230.,18-415 ITEMCODES - 18-415 ITEMCODES.csv
228,Clear Round bottle (Unknown),Bottle,Glass,Clear,Unknown,Round,White,Cap,None,,diva-,A Clear Round Glass bottle with a capacity of Unknown. It features a White Cap and no specific applicator. SKU: 228.,18-415 ITEMCODES - 18-415 ITEMCODES.csv
1007,Clear Round bottle (Unknown),Bottle,Glass,Clear,Unknown,Round,White,Cap,None,,diva-,A Clear Round Glass bottle with a capacity of Unknown. It features a White Cap and no specific applicator. SKU: 1007.,18-415 ITEMCODES - 18-415 ITEMCODES.csv
2801,Clear Round bottle (Unknown),Bottle,Glass,Clear,Unknown,Round,White,Cap,None,,diva-,A Clear Round Glass bottle with a capacity of Unknown. It features a White Cap and no specific applicator. SKU: 2801.,18-415 ITEMCODES - 18-415 ITEMCODES.csv
229,Clear Round bottle (Unknown),Bottle,Glass,Clear,Unknown,Round,White,Cap,None,,diva-,A Clear Round Glass bottle with a capacity of Unknown. It features a White Cap and no specific applicator. SKU: 229.,18-415 ITEMCODES - 18-415 ITEMCODES.csv
1008,Clear Round bottle (Unknown),Bottle,Glass,Clear,Unknown,Round,White,Cap,None,,diva-,A Clear Round Glass bottle with a capacity of Unknown. It features a White Cap and no specific applicator. SKU: 1008.,18-415 ITEMCODES - 18-415 ITEMCODES.csv
227,Clear Round bottle (Unknown),Bottle,Glass,Clear,Unknown,Round,White,Cap,None,,diva-,A Clear Round Glass bottle with a capacity of Unknown. It features a White Cap and no specific applicator. SKU: 227.,18-415 ITEMCODES - 18-415 ITEMCODES.csv
3276,Clear Round bottle (Unknown),Bottle,Glass,Clear,Unknown,Round,White,Cap,None,,diva-,A Clear Round Glass bottle with a capacity of Unknown. It features a White Cap and no specific applicator. SKU: 3276.,18-415 ITEMCODES - 18-415 ITEMCODES.csv
231,Clear Round bottle (Unknown),Bottle,Glass,Clear,Unknown,Round,White,Cap,None,,diva-,A Clear Round Glass bottle with a capacity of Unknown. It features a White Cap and no specific applicator. SKU: 231.,18-415 ITEMCODES - 18-415 ITEMCODES.csv
2802,Clear Round bottle (Unknown),Bottle,Glass,Clear,Unknown,Round,White,Cap,None,,diva-,A Clear Round Glass bottle with a capacity of Unknown. It features a White Cap and no specific applicator. SKU: 2802.,18-415 ITEMCODES - 18-415 ITEMCODES.csv
2803,Clear Round bottle (Unknown),Bottle,Glass,Clear,Unknown,Round,White,Cap,None,,diva-,A Clear Round Glass bottle with a capacity of Unknown. It features a White Cap and no specific applicator. SKU: 2803.,18-415 ITEMCODES - 18-415 ITEMCODES.csv
2804,Clear Round bottle (Unknown),Bottle,Glass,Clear,Unknown,Round,White,Cap,None,,diva-,A Clear Round Glass bottle with a capacity of Unknown. It features a White Cap and no specific applicator. SKU: 2804.,18-415 ITEMCODES - 18-415 ITEMCODES.csv
2805,Clear Round bottle (Unknown),Bottle,Glass,Clear,Unknown,Round,White,Cap,None,,diva-,A Clear Round Glass bottle with a capacity of Unknown. It features a White Cap and no specific applicator. SKU: 2805.,18-415 ITEMCODES - 18-415 ITEMCODES.csv
2806,Clear Round bottle (Unknown),Bottle,Glass,Clear,Unknown,Round,White,Cap,None,,diva-,A Clear Round Glass bottle with a capacity of Unknown. It features a White Cap and no specific applicator. SKU: 2806.,18-415 ITEMCODES - 18-415 ITEMCODES.csv
2807,Clear Round bottle (Unknown),Bottle,Glass,Clear,Unknown,Round,White,Cap,None,,diva-,A Clear Round Glass bottle with a capacity of Unknown. It features a White Cap and no specific applicator. SKU: 2807.,18-415 ITEMCODES - 18-415 ITEMCODES.csv
2808,Clear Round bottle (Unknown),Bottle,Glass,Clear,Unknown,Round,White,Cap,None,,diva-,A Clear Round Glass bottle with a capacity of Unknown. It features a White Cap and no specific applicator. SKU: 2808.,18-415 ITEMCODES - 18-415 ITEMCODES.csv
2809,Clear Round bottle (Unknown),Bottle,Glass,Clear,Unknown,Round,White,Cap,None,,diva-,A Clear Round Glass bottle with a capacity of Unknown. It features a White Cap and no specific applicator. SKU: 2809.,18-415 ITEMCODES - 18-415 ITEMCODES.csv
2810,Clear Round bottle (Unknown),Bottle,Glass,Clear,Unknown,Round,White,Cap,None,,diva-,A Clear Round Glass bottle with a capacity of Unknown. It features a White Cap and no specific applicator. SKU: 2810.,18-415 ITEMCODES - 18-415 ITEMCODES.csv
2811,Clear Round bottle (Unknown),Bottle,Glass,Clear,Unknown,Round,White,Cap,None,,diva-,A Clear Round Glass bottle with a capacity of Unknown. It features a White Cap and no specific applicator. SKU: 2811.,18-415 ITEMCODES - 18-415 ITEMCODES.csv
2812,Clear Round bottle (Unknown),Bottle,Glass,Clear,Unknown,Round,White,Cap,None,,diva-,A Clear Round Glass bottle with a capacity of Unknown. It features a White Cap and no specific applicator. SKU: 2812.,18-415 ITEMCODES - 18-415 ITEMCODES.csv
2813,Clear Round bottle (Unknown),Bottle,Glass,Clear,Unknown,Round,White,Cap,None,,diva-,A Clear Round Glass bottle with a capacity of Unknown. It features a White Cap and no specific applicator. SKU: 2813.,18-415 ITEMCODES - 18-415 ITEMCODES.csv
2814,Clear Round bottle (Unknown),Bottle,Glass,Clear,Unknown,Round,White,Cap,None,,diva-,A Clear Round Glass bottle with a capacity of Unknown. It features a White Cap and no specific applicator. SKU: 2814.,18-415 ITEMCODES - 18-415 ITEMCODES.csv
2815,Clear Round bottle (Unknown),Bottle,Glass,Clear,Unknown,Round,White,Cap,None,,diva-,A Clear Round Glass bottle with a capacity of Unknown. It features a White Cap and no specific applicator. SKU: 2815.,18-415 ITEMCODES - 18-415 ITEMCODES.csv
2816,Clear Round bottle (Unknown),Bottle,Glass,Clear,Unknown,Round,White,Cap,None,,diva-,A Clear Round Glass bottle with a capacity of Unknown. It features a White Cap and no specific applicator. SKU: 2816.,18-415 ITEMCODES - 18-415 ITEMCODES.csv
2817,Clear Round bottle (Unknown),Bottle,Glass,Clear,Unknown,Round,White,Cap,None,,diva-,A Clear Round Glass bottle with a capacity of Unknown. It features a White Cap and no specific applicator. SKU: 2817.,18-415 ITEMCODES - 18-415 ITEMCODES.csv
2818,Clear Round bottle (Unknown),Bottle,Glass,Clear,Unknown,Round,White,Cap,None,,diva-,A Clear Round Glass bottle with a capacity of Unknown. It features a White Cap and no specific applicator. SKU: 2818.,18-415 ITEMCODES - 18-415 ITEMCODES.csv
2819,Clear Round bottle (Unknown),Bottle,Glass,Clear,Unknown,Round,White,Cap,None,,diva-,A Clear Round Glass bottle with a capacity of Unknown. It features a White Cap and no specific applicator. SKU: 2819.,18-415 ITEMCODES - 18-415 ITEMCODES.csv
2820,Clear Round bottle (Unknown),Bottle,Glass,Clear,Unknown,Round,White,Cap,None,,diva-,A Clear Round Glass bottle with a capacity of Unknown. It features a White Cap and no specific applicator. SKU: 2820.,18-415 ITEMCODES - 18-415 ITEMCODES.csv
2821,Clear Round bottle (Unknown),Bottle,Glass,Clear,Unknown,Round,White,Cap,None,,diva-,A Clear Round Glass bottle with a capacity of Unknown. It features a White Cap and no specific applicator. SKU: 2821.,18-415 ITEMCODES - 18-415 ITEMCODES.csv
3535,Clear Round bottle (Unknown),Bottle,Glass,Clear,Unknown,Round,White,Cap,None,,diva-,A Clear Round Glass bottle with a capacity of Unknown. It features a White Cap and no specific applicator. SKU: 3535.,18-415 ITEMCODES - 18-415 ITEMCODES.csv
2822,Clear Round bottle (Unknown),Bottle,Glass,Clear,Unknown,Round,White,Cap,None,,diva-,A Clear Round Glass bottle with a capacity of Unknown. It features a White Cap and no specific applicator. SKU: 2822.,18-415 ITEMCODES - 18-415 ITEMCODES.csv
3536,Clear Round bottle (Unknown),Bottle,Glass,Clear,Unknown,Round,White,Cap,None,,diva-,A Clear Round Glass bottle with a capacity of Unknown. It features a White Cap and no specific applicator. SKU: 3536.,18-415 ITEMCODES - 18-415 ITEMCODES.csv
2823,Clear Round bottle (Unknown),Bottle,Glass,Clear,Unknown,Round,White,Cap,None,,diva-,A Clear Round Glass bottle with a capacity of Unknown. It features a White Cap and no specific applicator. SKU: 2823.,18-415 ITEMCODES - 18-415 ITEMCODES.csv
2824,Clear Round bottle (Unknown),Bottle,Glass,Clear,Unknown,Round,White,Cap,None,,diva-,A Clear Round Glass bottle with a capacity of Unknown. It features a White Cap and no specific applicator. SKU: 2824.,18-415 ITEMCODES - 18-415 ITEMCODES.csv
3537,Clear Round bottle (Unknown),Bottle,Glass,Clear,Unknown,Round,White,Cap,None,,diva-,A Clear Round Glass bottle with a capacity of Unknown. It features a White Cap and no specific applicator. SKU: 3537.,18-415 ITEMCODES - 18-415 ITEMCODES.csv
2825,Clear Round bottle (Unknown),Bottle,Glass,Clear,Unknown,Round,White,Cap,None,,diva-,A Clear Round Glass bottle with a capacity of Unknown. It features a White Cap and no specific applicator. SKU: 2825.,18-415 ITEMCODES - 18-415 ITEMCODES.csv
3538,Clear Round bottle (Unknown),Bottle,Glass,Clear,Unknown,Round,White,Cap,None,,diva-,A Clear Round Glass bottle with a capacity of Unknown. It features a White Cap and no specific applicator. SKU: 3538.,18-415 ITEMCODES - 18-415 ITEMCODES.csv
2826,Clear Round bottle (Unknown),Bottle,Glass,Clear,Unknown,Round,White,Cap,None,,diva-,A Clear Round Glass bottle with a capacity of Unknown. It features a White Cap and no specific applicator. SKU: 2826.,18-415 ITEMCODES - 18-415 ITEMCODES.csv
2827,Clear Round bottle (Unknown),Bottle,Glass,Clear,Unknown,Round,White,Cap,None,,diva-,A Clear Round Glass bottle with a capacity of Unknown. It features a White Cap and no specific applicator. SKU: 2827.,18-415 ITEMCODES - 18-415 ITEMCODES.csv
2828,Clear Round bottle (Unknown),Bottle,Glass,Clear,Unknown,Round,White,Cap,None,,diva-,A Clear Round Glass bottle with a capacity of Unknown. It features a White Cap and no specific applicator. SKU: 2828.,18-415 ITEMCODES - 18-415 ITEMCODES.csv
2829,Clear Round bottle (Unknown),Bottle,Glass,Clear,Unknown,Round,White,Cap,None,,diva-,A Clear Round Glass bottle with a capacity of Unknown. It features a White Cap and no specific applicator. SKU: 2829.,18-415 ITEMCODES - 18-415 ITEMCODES.csv
2830,Clear Round bottle (Unknown),Bottle,Glass,Clear,Unknown,Round,White,Cap,None,,diva-,A Clear Round Glass bottle with a capacity of Unknown. It features a White Cap and no specific applicator. SKU: 2830.,18-415 ITEMCODES - 18-415 ITEMCODES.csv
2831,Clear Round bottle (Unknown),Bottle,Glass,Clear,Unknown,Round,White,Cap,None,,diva-,A Clear Round Glass bottle with a capacity of Unknown. It features a White Cap and no specific applicator. SKU: 2831.,18-415 ITEMCODES - 18-415 ITEMCODES.csv
2832,Clear Round bottle (Unknown),Bottle,Glass,Clear,Unknown,Round,White,Cap,None,,diva-,A Clear Round Glass bottle with a capacity of Unknown. It features a White Cap and no specific applicator. SKU: 2832.,18-415 ITEMCODES - 18-415 ITEMCODES.csv
2833,Clear Round bottle (Unknown),Bottle,Glass,Clear,Unknown,Round,White,Cap,None,,diva-,A Clear Round Glass bottle with a capacity of Unknown. It features a White Cap and no specific applicator. SKU: 2833.,18-415 ITEMCODES - 18-415 ITEMCODES.csv
2834,Clear Round bottle (Unknown),Bottle,Glass,Clear,Unknown,Round,White,Cap,None,,diva-,A Clear Round Glass bottle with a capacity of Unknown. It features a White Cap and no specific applicator. SKU: 2834.,18-415 ITEMCODES - 18-415 ITEMCODES.csv
2835,Clear Round bottle (Unknown),Bottle,Glass,Clear,Unknown,Round,White,Cap,None,,diva-,A Clear Round Glass bottle with a capacity of Unknown. It features a White Cap and no specific applicator. SKU: 2835.,18-415 ITEMCODES - 18-415 ITEMCODES.csv
2836,Clear Round bottle (Unknown),Bottle,Glass,Clear,Unknown,Round,White,Cap,None,,diva-,A Clear Round Glass bottle with a capacity of Unknown. It features a White Cap and no specific applicator. SKU: 2836.,18-415 ITEMCODES - 18-415 ITEMCODES.csv
2837,Clear Round bottle (Unknown),Bottle,Glass,Clear,Unknown,Round,White,Cap,None,,diva-,A Clear Round Glass bottle with a capacity of Unknown. It features a White Cap and no specific applicator. SKU: 2837.,18-415 ITEMCODES - 18-415 ITEMCODES.csv
2838,Clear Round bottle (Unknown),Bottle,Glass,Clear,Unknown,Round,White,Cap,None,,diva-,A Clear Round Glass bottle with a capacity of Unknown. It features a White Cap and no specific applicator. SKU: 2838.,18-415 ITEMCODES - 18-415 ITEMCODES.csv
2839,Clear Round bottle (Unknown),Bottle,Glass,Clear,Unknown,Round,White,Cap,None,,diva-,A Clear Round Glass bottle with a capacity of Unknown. It features a White Cap and no specific applicator. SKU: 2839.,18-415 ITEMCODES - 18-415 ITEMCODES.csv
3286,Clear Round bottle (Unknown),Bottle,Glass,Clear,Unknown,Round,White,Cap,None,,diva-,A Clear Round Glass bottle with a capacity of Unknown. It features a White Cap and no specific applicator. SKU: 3286.,18-415 ITEMCODES - 18-415 ITEMCODES.csv
2840,Clear Round bottle (Unknown),Bottle,Glass,Clear,Unknown,Round,White,Cap,None,,diva-,A Clear Round Glass bottle with a capacity of Unknown. It features a White Cap and no specific applicator. SKU: 2840.,18-415 ITEMCODES - 18-415 ITEMCODES.csv
2841,Clear Round bottle (Unknown),Bottle,Glass,Clear,Unknown,Round,White,Cap,None,,diva-,A Clear Round Glass bottle with a capacity of Unknown. It features a White Cap and no specific applicator. SKU: 2841.,18-415 ITEMCODES - 18-415 ITEMCODES.csv
2842,Clear Round bottle (Unknown),Bottle,Glass,Clear,Unknown,Round,White,Cap,None,,diva-,A Clear Round Glass bottle with a capacity of Unknown. It features a White Cap and no specific applicator. SKU: 2842.,18-415 ITEMCODES - 18-415 ITEMCODES.csv
2802,Clear Round bottle (Unknown),Bottle,Glass,Clear,Unknown,Round,White,Cap,None,,diva-,A Clear Round Glass bottle with a capacity of Unknown. It features a White Cap and no specific applicator. SKU: 2802.,18-415 ITEMCODES - 18-415 ITEMCODES.csv
2803,Clear Round bottle (Unknown),Bottle,Glass,Clear,Unknown,Round,White,Cap,None,,diva-,A Clear Round Glass bottle with a capacity of Unknown. It features a White Cap and no specific applicator. SKU: 2803.,18-415 ITEMCODES - 18-415 ITEMCODES.csv
2804,Clear Round bottle (Unknown),Bottle,Glass,Clear,Unknown,Round,White,Cap,None,,diva-,A Clear Round Glass bottle with a capacity of Unknown. It features a White Cap and no specific applicator. SKU: 2804.,18-415 ITEMCODES - 18-415 ITEMCODES.csv
2846,Clear Round bottle (Unknown),Bottle,Glass,Clear,Unknown,Round,White,Cap,None,,diva-,A Clear Round Glass bottle with a capacity of Unknown. It features a White Cap and no specific applicator. SKU: 2846.,18-415 ITEMCODES - 18-415 ITEMCODES.csv
2847,Clear Round bottle (Unknown),Bottle,Glass,Clear,Unknown,Round,White,Cap,None,,diva-,A Clear Round Glass bottle with a capacity of Unknown. It features a White Cap and no specific applicator. SKU: 2847.,18-415 ITEMCODES - 18-415 ITEMCODES.csv
2848,Clear Round bottle (Unknown),Bottle,Glass,Clear,Unknown,Round,White,Cap,None,,diva-,A Clear Round Glass bottle with a capacity of Unknown. It features a White Cap and no specific applicator. SKU: 2848.,18-415 ITEMCODES - 18-415 ITEMCODES.csv
2849,Clear Round bottle (Unknown),Bottle,Glass,Clear,Unknown,Round,White,Cap,None,,diva-,A Clear Round Glass bottle with a capacity of Unknown. It features a White Cap and no specific applicator. SKU: 2849.,18-415 ITEMCODES - 18-415 ITEMCODES.csv
2850,Clear Round bottle (Unknown),Bottle,Glass,Clear,Unknown,Round,White,Cap,None,,diva-,A Clear Round Glass bottle with a capacity of Unknown. It features a White Cap and no specific applicator. SKU: 2850.,18-415 ITEMCODES - 18-415 ITEMCODES.csv
2851,Clear Round bottle (Unknown),Bottle,Glass,Clear,Unknown,Round,White,Cap,None,,diva-,A Clear Round Glass bottle with a capacity of Unknown. It features a White Cap and no specific applicator. SKU: 2851.,18-415 ITEMCODES - 18-415 ITEMCODES.csv
2852,Clear Round bottle (Unknown),Bottle,Glass,Clear,Unknown,Round,White,Cap,None,,diva-,A Clear Round Glass bottle with a capacity of Unknown. It features a White Cap and no specific applicator. SKU: 2852.,18-415 ITEMCODES - 18-415 ITEMCODES.csv
2853,Clear Round bottle (Unknown),Bottle,Glass,Clear,Unknown,Round,White,Cap,None,,diva-,A Clear Round Glass bottle with a capacity of Unknown. It features a White Cap and no specific applicator. SKU: 2853.,18-415 ITEMCODES - 18-415 ITEMCODES.csv
2854,Clear Round bottle (Unknown),Bottle,Glass,Clear,Unknown,Round,White,Cap,None,,diva-,A Clear Round Glass bottle with a capacity of Unknown. It features a White Cap and no specific applicator. SKU: 2854.,18-415 ITEMCODES - 18-415 ITEMCODES.csv
2855,Clear Round bottle (Unknown),Bottle,Glass,Clear,Unknown,Round,White,Cap,None,,diva-,A Clear Round Glass bottle with a capacity of Unknown. It features a White Cap and no specific applicator. SKU: 2855.,18-415 ITEMCODES - 18-415 ITEMCODES.csv
2856,Clear Round bottle (Unknown),Bottle,Glass,Clear,Unknown,Round,White,Cap,None,,diva-,A Clear Round Glass bottle with a capacity of Unknown. It features a White Cap and no specific applicator. SKU: 2856.,18-415 ITEMCODES - 18-415 ITEMCODES.csv
2857,Clear Round bottle (Unknown),Bottle,Glass,Clear,Unknown,Round,White,Cap,None,,diva-,A Clear Round Glass bottle with a capacity of Unknown. It features a White Cap and no specific applicator. SKU: 2857.,18-415 ITEMCODES - 18-415 ITEMCODES.csv
2858,Clear Round bottle (Unknown),Bottle,Glass,Clear,Unknown,Round,White,Cap,None,,diva-,A Clear Round Glass bottle with a capacity of Unknown. It features a White Cap and no specific applicator. SKU: 2858.,18-415 ITEMCODES - 18-415 ITEMCODES.csv
2859,Clear Round bottle (Unknown),Bottle,Glass,Clear,Unknown,Round,White,Cap,None,,diva-,A Clear Round Glass bottle with a capacity of Unknown. It features a White Cap and no specific applicator. SKU: 2859.,18-415 ITEMCODES - 18-415 ITEMCODES.csv
2860,Clear Round bottle (Unknown),Bottle,Glass,Clear,Unknown,Round,White,Cap,None,,diva-,A Clear Round Glass bottle with a capacity of Unknown. It features a White Cap and no specific applicator. SKU: 2860.,18-415 ITEMCODES - 18-415 ITEMCODES.csv
2861,Clear Round bottle (Unknown),Bottle,Glass,Clear,Unknown,Round,White,Cap,None,,diva-,A Clear Round Glass bottle with a capacity of Unknown. It features a White Cap and no specific applicator. SKU: 2861.,18-415 ITEMCODES - 18-415 ITEMCODES.csv
2862,Clear Round bottle (Unknown),Bottle,Glass,Clear,Unknown,Round,White,Cap,None,,diva-,A Clear Round Glass bottle with a capacity of Unknown. It features a White Cap and no specific applicator. SKU: 2862.,18-415 ITEMCODES - 18-415 ITEMCODES.csv
2863,Clear Round bottle (Unknown),Bottle,Glass,Clear,Unknown,Round,White,Cap,None,,diva-,A Clear Round Glass bottle with a capacity of Unknown. It features a White Cap and no specific applicator. SKU: 2863.,18-415 ITEMCODES - 18-415 ITEMCODES.csv
2864,Clear Round bottle (Unknown),Bottle,Glass,Clear,Unknown,Round,White,Cap,None,,diva-,A Clear Round Glass bottle with a capacity of Unknown. It features a White Cap and no specific applicator. SKU: 2864.,18-415 ITEMCODES - 18-415 ITEMCODES.csv
2865,Clear Round bottle (Unknown),Bottle,Glass,Clear,Unknown,Round,White,Cap,None,,diva-,A Clear Round Glass bottle with a capacity of Unknown. It features a White Cap and no specific applicator. SKU: 2865.,18-415 ITEMCODES - 18-415 ITEMCODES.csv
2866,Clear Round bottle (Unknown),Bottle,Glass,Clear,Unknown,Round,White,Cap,None,,diva-,A Clear Round Glass bottle with a capacity of Unknown. It features a White Cap and no specific applicator. SKU: 2866.,18-415 ITEMCODES - 18-415 ITEMCODES.csv
2867,Clear Round bottle (Unknown),Bottle,Glass,Clear,Unknown,Round,White,Cap,None,,diva-,A Clear Round Glass bottle with a capacity of Unknown. It features a White Cap and no specific applicator. SKU: 2867.,18-415 ITEMCODES - 18-415 ITEMCODES.csv
2868,Clear Round bottle (Unknown),Bottle,Glass,Clear,Unknown,Round,White,Cap,None,,diva-,A Clear Round Glass bottle with a capacity of Unknown. It features a White Cap and no specific applicator. SKU: 2868.,18-415 ITEMCODES - 18-415 ITEMCODES.csv
2869,Clear Round bottle (Unknown),Bottle,Glass,Clear,Unknown,Round,White,Cap,None,,diva-,A Clear Round Glass bottle with a capacity of Unknown. It features a White Cap and no specific applicator. SKU: 2869.,18-415 ITEMCODES - 18-415 ITEMCODES.csv
2870,Clear Round bottle (Unknown),Bottle,Glass,Clear,Unknown,Round,White,Cap,None,,diva-,A Clear Round Glass bottle with a capacity of Unknown. It features a White Cap and no specific applicator. SKU: 2870.,18-415 ITEMCODES - 18-415 ITEMCODES.csv
3252,Clear Round bottle (Unknown),Bottle,Glass,Clear,Unknown,Round,White,Cap,None,,diva-,A Clear Round Glass bottle with a capacity of Unknown. It features a White Cap and no specific applicator. SKU: 3252.,18-415 ITEMCODES - 18-415 ITEMCODES.csv
3253,Clear Round bottle (Unknown),Bottle,Glass,Clear,Unknown,Round,White,Cap,None,,diva-,A Clear Round Glass bottle with a capacity of Unknown. It features a White Cap and no specific applicator. SKU: 3253.,18-415 ITEMCODES - 18-415 ITEMCODES.csv
2871,Clear Round bottle (Unknown),Bottle,Glass,Clear,Unknown,Round,White,Cap,None,,diva-,A Clear Round Glass bottle with a capacity of Unknown. It features a White Cap and no specific applicator. SKU: 2871.,18-415 ITEMCODES - 18-415 ITEMCODES.csv
3251,Clear Round bottle (Unknown),Bottle,Glass,Clear,Unknown,Round,White,Cap,None,,diva-,A Clear Round Glass bottle with a capacity of Unknown. It features a White Cap and no specific applicator. SKU: 3251.,18-415 ITEMCODES - 18-415 ITEMCODES.csv
2872,Clear Round bottle (Unknown),Bottle,Glass,Clear,Unknown,Round,White,Cap,None,,diva-,A Clear Round Glass bottle with a capacity of Unknown. It features a White Cap and no specific applicator. SKU: 2872.,18-415 ITEMCODES - 18-415 ITEMCODES.csv
2873,Clear Round bottle (Unknown),Bottle,Glass,Clear,Unknown,Round,White,Cap,None,,diva-,A Clear Round Glass bottle with a capacity of Unknown. It features a White Cap and no specific applicator. SKU: 2873.,18-415 ITEMCODES - 18-415 ITEMCODES.csv
3250,Clear Round bottle (Unknown),Bottle,Glass,Clear,Unknown,Round,White,Cap,None,,diva-,A Clear Round Glass bottle with a capacity of Unknown. It features a White Cap and no specific applicator. SKU: 3250.,18-415 ITEMCODES - 18-415 ITEMCODES.csv
2874,Clear Round bottle (Unknown),Bottle,Glass,Clear,Unknown,Round,White,Cap,None,,diva-,A Clear Round Glass bottle with a capacity of Unknown. It features a White Cap and no specific applicator. SKU: 2874.,18-415 ITEMCODES - 18-415 ITEMCODES.csv
3254,Clear Round bottle (Unknown),Bottle,Glass,Clear,Unknown,Round,White,Cap,None,,diva-,A Clear Round Glass bottle with a capacity of Unknown. It features a White Cap and no specific applicator. SKU: 3254.,18-415 ITEMCODES - 18-415 ITEMCODES.csv
3259,Clear Round bottle (Unknown),Bottle,Glass,Clear,Unknown,Round,White,Cap,None,,diva-,A Clear Round Glass bottle with a capacity of Unknown. It features a White Cap and no specific applicator. SKU: 3259.,18-415 ITEMCODES - 18-415 ITEMCODES.csv
3257,Clear Round bottle (Unknown),Bottle,Glass,Clear,Unknown,Round,White,Cap,None,,diva-,A Clear Round Glass bottle with a capacity of Unknown. It features a White Cap and no specific applicator. SKU: 3257.,18-415 ITEMCODES - 18-415 ITEMCODES.csv
3258,Clear Round bottle (Unknown),Bottle,Glass,Clear,Unknown,Round,White,Cap,None,,diva-,A Clear Round Glass bottle with a capacity of Unknown. It features a White Cap and no specific applicator. SKU: 3258.,18-415 ITEMCODES - 18-415 ITEMCODES.csv
2875,Clear Round bottle (Unknown),Bottle,Glass,Clear,Unknown,Round,White,Cap,None,,diva-,A Clear Round Glass bottle with a capacity of Unknown. It features a White Cap and no specific applicator. SKU: 2875.,18-415 ITEMCODES - 18-415 ITEMCODES.csv
3260,Clear Round bottle (Unknown),Bottle,Glass,Clear,Unknown,Round,White,Cap,None,,diva-,A Clear Round Glass bottle with a capacity of Unknown. It features a White Cap and no specific applicator. SKU: 3260.,18-415 ITEMCODES - 18-415 ITEMCODES.csv
2876,Clear Round bottle (Unknown),Bottle,Glass,Clear,Unknown,Round,White,Cap,None,,diva-,A Clear Round Glass bottle with a capacity of Unknown. It features a White Cap and no specific applicator. SKU: 2876.,18-415 ITEMCODES - 18-415 ITEMCODES.csv
3255,Clear Round bottle (Unknown),Bottle,Glass,Clear,Unknown,Round,White,Cap,None,,diva-,A Clear Round Glass bottle with a capacity of Unknown. It features a White Cap and no specific applicator. SKU: 3255.,18-415 ITEMCODES - 18-415 ITEMCODES.csv
2877,Clear Round bottle (Unknown),Bottle,Glass,Clear,Unknown,Round,White,Cap,None,,diva-,A Clear Round Glass bottle with a capacity of Unknown. It features a White Cap and no specific applicator. SKU: 2877.,18-415 ITEMCODES - 18-415 ITEMCODES.csv
3256,Clear Round bottle (Unknown),Bottle,Glass,Clear,Unknown,Round,White,Cap,None,,diva-,A Clear Round Glass bottle with a capacity of Unknown. It features a White Cap and no specific applicator. SKU: 3256.,18-415 ITEMCODES - 18-415 ITEMCODES.csv
2878,Clear Round bottle (Unknown),Bottle,Glass,Clear,Unknown,Round,White,Cap,None,,diva-,A Clear Round Glass bottle with a capacity of Unknown. It features a White Cap and no specific applicator. SKU: 2878.,18-415 ITEMCODES - 18-415 ITEMCODES.csv
2879,Clear Round bottle (Unknown),Bottle,Glass,Clear,Unknown,Round,White,Cap,None,,diva-,A Clear Round Glass bottle with a capacity of Unknown. It features a White Cap and no specific applicator. SKU: 2879.,18-415 ITEMCODES - 18-415 ITEMCODES.csv
2880,Clear Round bottle (Unknown),Bottle,Glass,Clear,Unknown,Round,White,Cap,None,,diva-,A Clear Round Glass bottle with a capacity of Unknown. It features a White Cap and no specific applicator. SKU: 2880.,18-415 ITEMCODES - 18-415 ITEMCODES.csv
2881,Clear Round bottle (Unknown),Bottle,Glass,Clear,Unknown,Round,White,Cap,None,,diva-,A Clear Round Glass bottle with a capacity of Unknown. It features a White Cap and no specific applicator. SKU: 2881.,18-415 ITEMCODES - 18-415 ITEMCODES.csv
2882,Clear Round bottle (Unknown),Bottle,Glass,Clear,Unknown,Round,White,Cap,None,,diamond-,A Clear Round Glass bottle with a capacity of Unknown. It features a White Cap and no specific applicator. SKU: 2882.,18-415 ITEMCODES - 18-415 ITEMCODES.csv
2883,Clear Round bottle (Unknown),Bottle,Glass,Clear,Unknown,Round,White,Cap,None,,diamond-,A Clear Round Glass bottle with a capacity of Unknown. It features a White Cap and no specific applicator. SKU: 2883.,18-415 ITEMCODES - 18-415 ITEMCODES.csv
3139,Clear Round bottle (Unknown),Bottle,Glass,Clear,Unknown,Round,White,Cap,None,,diamond-,A Clear Round Glass bottle with a capacity of Unknown. It features a White Cap and no specific applicator. SKU: 3139.,18-415 ITEMCODES - 18-415 ITEMCODES.csv
1196,Clear Round bottle (Unknown),Bottle,Glass,Clear,Unknown,Round,White,Cap,None,,diamond-,A Clear Round Glass bottle with a capacity of Unknown. It features a White Cap and no specific applicator. SKU: 1196.,18-415 ITEMCODES - 18-415 ITEMCODES.csv
2884,Clear Round bottle (Unknown),Bottle,Glass,Clear,Unknown,Round,White,Cap,None,,diamond-,A Clear Round Glass bottle with a capacity of Unknown. It features a White Cap and no specific applicator. SKU: 2884.,18-415 ITEMCODES - 18-415 ITEMCODES.csv
2885,Clear Round bottle (Unknown),Bottle,Glass,Clear,Unknown,Round,White,Cap,None,,diamond-,A Clear Round Glass bottle with a capacity of Unknown. It features a White Cap and no specific applicator. SKU: 2885.,18-415 ITEMCODES - 18-415 ITEMCODES.csv
2886,Clear Round bottle (Unknown),Bottle,Glass,Clear,Unknown,Round,White,Cap,None,,diamond-,A Clear Round Glass bottle with a capacity of Unknown. It features a White Cap and no specific applicator. SKU: 2886.,18-415 ITEMCODES - 18-415 ITEMCODES.csv
2887,Clear Round bottle (Unknown),Bottle,Glass,Clear,Unknown,Round,White,Cap,None,,diamond-,A Clear Round Glass bottle with a capacity of Unknown. It features a White Cap and no specific applicator. SKU: 2887.,18-415 ITEMCODES - 18-415 ITEMCODES.csv
2888,Clear Round bottle (Unknown),Bottle,Glass,Clear,Unknown,Round,White,Cap,None,,diamond-,A Clear Round Glass bottle with a capacity of Unknown. It features a White Cap and no specific applicator. SKU: 2888.,18-415 ITEMCODES - 18-415 ITEMCODES.csv
875,Clear Round bottle (Unknown),Bottle,Glass,Clear,Unknown,Round,White,Cap,None,,diamond-,A Clear Round Glass bottle with a capacity of Unknown. It features a White Cap and no specific applicator. SKU: 875.,18-415 ITEMCODES - 18-415 ITEMCODES.csv
2889,Clear Round bottle (Unknown),Bottle,Glass,Clear,Unknown,Round,White,Cap,None,,diamond-,A Clear Round Glass bottle with a capacity of Unknown. It features a White Cap and no specific applicator. SKU: 2889.,18-415 ITEMCODES - 18-415 ITEMCODES.csv
2890,Clear Round bottle (Unknown),Bottle,Glass,Clear,Unknown,Round,White,Cap,None,,diamond-,A Clear Round Glass bottle with a capacity of Unknown. It features a White Cap and no specific applicator. SKU: 2890.,18-415 ITEMCODES - 18-415 ITEMCODES.csv
873,Clear Round bottle (Unknown),Bottle,Glass,Clear,Unknown,Round,White,Cap,None,,diamond-,A Clear Round Glass bottle with a capacity of Unknown. It features a White Cap and no specific applicator. SKU: 873.,18-415 ITEMCODES - 18-415 ITEMCODES.csv
2891,Clear Round bottle (Unknown),Bottle,Glass,Clear,Unknown,Round,White,Cap,None,,diamond-,A Clear Round Glass bottle with a capacity of Unknown. It features a White Cap and no specific applicator. SKU: 2891.,18-415 ITEMCODES - 18-415 ITEMCODES.csv
2892,Clear Round bottle (Unknown),Bottle,Glass,Clear,Unknown,Round,White,Cap,None,,diamond-,A Clear Round Glass bottle with a capacity of Unknown. It features a White Cap and no specific applicator. SKU: 2892.,18-415 ITEMCODES - 18-415 ITEMCODES.csv
2893,Clear Round bottle (Unknown),Bottle,Glass,Clear,Unknown,Round,White,Cap,None,,diamond-,A Clear Round Glass bottle with a capacity of Unknown. It features a White Cap and no specific applicator. SKU: 2893.,18-415 ITEMCODES - 18-415 ITEMCODES.csv
874,Clear Round bottle (Unknown),Bottle,Glass,Clear,Unknown,Round,White,Cap,None,,diamond-,A Clear Round Glass bottle with a capacity of Unknown. It features a White Cap and no specific applicator. SKU: 874.,18-415 ITEMCODES - 18-415 ITEMCODES.csv
2894,Clear Round bottle (Unknown),Bottle,Glass,Clear,Unknown,Round,White,Cap,None,,diamond-,A Clear Round Glass bottle with a capacity of Unknown. It features a White Cap and no specific applicator. SKU: 2894.,18-415 ITEMCODES - 18-415 ITEMCODES.csv
2895,Clear Round bottle (Unknown),Bottle,Glass,Clear,Unknown,Round,White,Cap,None,,diamond-,A Clear Round Glass bottle with a capacity of Unknown. It features a White Cap and no specific applicator. SKU: 2895.,18-415 ITEMCODES - 18-415 ITEMCODES.csv
2896,Clear Round bottle (Unknown),Bottle,Glass,Clear,Unknown,Round,White,Cap,None,,diamond-,A Clear Round Glass bottle with a capacity of Unknown. It features a White Cap and no specific applicator. SKU: 2896.,18-415 ITEMCODES - 18-415 ITEMCODES.csv
2897,Clear Round bottle (Unknown),Bottle,Glass,Clear,Unknown,Round,White,Cap,None,,diamond-,A Clear Round Glass bottle with a capacity of Unknown. It features a White Cap and no specific applicator. SKU: 2897.,18-415 ITEMCODES - 18-415 ITEMCODES.csv
271,Clear Round bottle (Unknown),Bottle,Glass,Clear,Unknown,Round,White,Cap,None,,diamond-,A Clear Round Glass bottle with a capacity of Unknown. It features a White Cap and no specific applicator. SKU: 271.,18-415 ITEMCODES - 18-415 ITEMCODES.csv
269,Clear Round bottle (Unknown),Bottle,Glass,Clear,Unknown,Round,White,Cap,None,,diamond-,A Clear Round Glass bottle with a capacity of Unknown. It features a White Cap and no specific applicator. SKU: 269.,18-415 ITEMCODES - 18-415 ITEMCODES.csv
2898,Clear Round bottle (Unknown),Bottle,Glass,Clear,Unknown,Round,White,Cap,None,,diamond-,A Clear Round Glass bottle with a capacity of Unknown. It features a White Cap and no specific applicator. SKU: 2898.,18-415 ITEMCODES - 18-415 ITEMCODES.csv
1013,Clear Round bottle (Unknown),Bottle,Glass,Clear,Unknown,Round,White,Cap,None,,diamond-,A Clear Round Glass bottle with a capacity of Unknown. It features a White Cap and no specific applicator. SKU: 1013.,18-415 ITEMCODES - 18-415 ITEMCODES.csv
272,Clear Round bottle (Unknown),Bottle,Glass,Clear,Unknown,Round,White,Cap,None,,diamond-,A Clear Round Glass bottle with a capacity of Unknown. It features a White Cap and no specific applicator. SKU: 272.,18-415 ITEMCODES - 18-415 ITEMCODES.csv
270,Clear Round bottle (Unknown),Bottle,Glass,Clear,Unknown,Round,White,Cap,None,,diamond-,A Clear Round Glass bottle with a capacity of Unknown. It features a White Cap and no specific applicator. SKU: 270.,18-415 ITEMCODES - 18-415 ITEMCODES.csv
268,Clear Round bottle (Unknown),Bottle,Glass,Clear,Unknown,Round,White,Cap,None,,diamond-,A Clear Round Glass bottle with a capacity of Unknown. It features a White Cap and no specific applicator. SKU: 268.,18-415 ITEMCODES - 18-415 ITEMCODES.csv
2899,Clear Round bottle (Unknown),Bottle,Glass,Clear,Unknown,Round,White,Cap,None,,diamond-,A Clear Round Glass bottle with a capacity of Unknown. It features a White Cap and no specific applicator. SKU: 2899.,18-415 ITEMCODES - 18-415 ITEMCODES.csv
971,Clear Round bottle (Unknown),Bottle,Glass,Clear,Unknown,Round,White,Cap,None,,diamond-,A Clear Round Glass bottle with a capacity of Unknown. It features a White Cap and no specific applicator. SKU: 971.,18-415 ITEMCODES - 18-415 ITEMCODES.csv
1018,Clear Round bottle (Unknown),Bottle,Glass,Clear,Unknown,Round,White,Cap,None,,diamond-,A Clear Round Glass bottle with a capacity of Unknown. It features a White Cap and no specific applicator. SKU: 1018.,18-415 ITEMCODES - 18-415 ITEMCODES.csv
1016,Clear Round bottle (Unknown),Bottle,Glass,Clear,Unknown,Round,White,Cap,None,,diamond-,A Clear Round Glass bottle with a capacity of Unknown. It features a White Cap and no specific applicator. SKU: 1016.,18-415 ITEMCODES - 18-415 ITEMCODES.csv
1017,Clear Round bottle (Unknown),Bottle,Glass,Clear,Unknown,Round,White,Cap,None,,diamond-,A Clear Round Glass bottle with a capacity of Unknown. It features a White Cap and no specific applicator. SKU: 1017.,18-415 ITEMCODES - 18-415 ITEMCODES.csv
2900,Clear Round bottle (Unknown),Bottle,Glass,Clear,Unknown,Round,White,Cap,None,,diamond-,A Clear Round Glass bottle with a capacity of Unknown. It features a White Cap and no specific applicator. SKU: 2900.,18-415 ITEMCODES - 18-415 ITEMCODES.csv
1019,Clear Round bottle (Unknown),Bottle,Glass,Clear,Unknown,Round,White,Cap,None,,diamond-,A Clear Round Glass bottle with a capacity of Unknown. It features a White Cap and no specific applicator. SKU: 1019.,18-415 ITEMCODES - 18-415 ITEMCODES.csv
1020,Clear Round bottle (Unknown),Bottle,Glass,Clear,Unknown,Round,White,Cap,None,,diamond-,A Clear Round Glass bottle with a capacity of Unknown. It features a White Cap and no specific applicator. SKU: 1020.,18-415 ITEMCODES - 18-415 ITEMCODES.csv
1014,Clear Round bottle (Unknown),Bottle,Glass,Clear,Unknown,Round,White,Cap,None,,diamond-,A Clear Round Glass bottle with a capacity of Unknown. It features a White Cap and no specific applicator. SKU: 1014.,18-415 ITEMCODES - 18-415 ITEMCODES.csv
2901,Clear Round bottle (Unknown),Bottle,Glass,Clear,Unknown,Round,White,Cap,None,,diamond-,A Clear Round Glass bottle with a capacity of Unknown. It features a White Cap and no specific applicator. SKU: 2901.,18-415 ITEMCODES - 18-415 ITEMCODES.csv
1015,Clear Round bottle (Unknown),Bottle,Glass,Clear,Unknown,Round,White,Cap,None,,diamond-,A Clear Round Glass bottle with a capacity of Unknown. It features a White Cap and no specific applicator. SKU: 1015.,18-415 ITEMCODES - 18-415 ITEMCODES.csv
1198,Clear Round bottle (Unknown),Bottle,Glass,Clear,Unknown,Round,White,Cap,None,,diamond-,A Clear Round Glass bottle with a capacity of Unknown. It features a White Cap and no specific applicator. SKU: 1198.,18-415 ITEMCODES - 18-415 ITEMCODES.csv
1197,Clear Round bottle (Unknown),Bottle,Glass,Clear,Unknown,Round,White,Cap,None,,diamond-,A Clear Round Glass bottle with a capacity of Unknown. It features a White Cap and no specific applicator. SKU: 1197.,18-415 ITEMCODES - 18-415 ITEMCODES.csv
2902,Clear Round bottle (Unknown),Bottle,Glass,Clear,Unknown,Round,White,Cap,None,,diamond-,A Clear Round Glass bottle with a capacity of Unknown. It features a White Cap and no specific applicator. SKU: 2902.,18-415 ITEMCODES - 18-415 ITEMCODES.csv
2903,Clear Round bottle (Unknown),Bottle,Glass,Clear,Unknown,Round,White,Cap,None,,diamond-,A Clear Round Glass bottle with a capacity of Unknown. It features a White Cap and no specific applicator. SKU: 2903.,18-415 ITEMCODES - 18-415 ITEMCODES.csv
2904,Clear Round bottle (Unknown),Bottle,Glass,Clear,Unknown,Round,White,Cap,None,,grace-,A Clear Round Glass bottle with a capacity of Unknown. It features a White Cap and no specific applicator. SKU: 2904.,18-415 ITEMCODES - 18-415 ITEMCODES.csv
2905,Clear Round bottle (Unknown),Bottle,Glass,Clear,Unknown,Round,White,Cap,None,,grace-,A Clear Round Glass bottle with a capacity of Unknown. It features a White Cap and no specific applicator. SKU: 2905.,18-415 ITEMCODES - 18-415 ITEMCODES.csv
2906,Clear Round bottle (Unknown),Bottle,Glass,Clear,Unknown,Round,White,Cap,None,,grace-,A Clear Round Glass bottle with a capacity of Unknown. It features a White Cap and no specific applicator. SKU: 2906.,18-415 ITEMCODES - 18-415 ITEMCODES.csv
2907,Clear Round bottle (Unknown),Bottle,Glass,Clear,Unknown,Round,White,Cap,None,,grace-,A Clear Round Glass bottle with a capacity of Unknown. It features a White Cap and no specific applicator. SKU: 2907.,18-415 ITEMCODES - 18-415 ITEMCODES.csv
2908,Clear Round bottle (Unknown),Bottle,Glass,Clear,Unknown,Round,White,Cap,None,,grace-,A Clear Round Glass bottle with a capacity of Unknown. It features a White Cap and no specific applicator. SKU: 2908.,18-415 ITEMCODES - 18-415 ITEMCODES.csv
2909,Clear Round bottle (Unknown),Bottle,Glass,Clear,Unknown,Round,White,Cap,None,,grace-,A Clear Round Glass bottle with a capacity of Unknown. It features a White Cap and no specific applicator. SKU: 2909.,18-415 ITEMCODES - 18-415 ITEMCODES.csv
2910,Clear Round bottle (Unknown),Bottle,Glass,Clear,Unknown,Round,White,Cap,None,,grace-,A Clear Round Glass bottle with a capacity of Unknown. It features a White Cap and no specific applicator. SKU: 2910.,18-415 ITEMCODES - 18-415 ITEMCODES.csv
2911,Clear Round bottle (Unknown),Bottle,Glass,Clear,Unknown,Round,White,Cap,None,,grace-,A Clear Round Glass bottle with a capacity of Unknown. It features a White Cap and no specific applicator. SKU: 2911.,18-415 ITEMCODES - 18-415 ITEMCODES.csv
2912,Clear Round bottle (Unknown),Bottle,Glass,Clear,Unknown,Round,White,Cap,None,,grace-,A Clear Round Glass bottle with a capacity of Unknown. It features a White Cap and no specific applicator. SKU: 2912.,18-415 ITEMCODES - 18-415 ITEMCODES.csv
2913,Clear Round bottle (Unknown),Bottle,Glass,Clear,Unknown,Round,White,Cap,None,,grace-,A Clear Round Glass bottle with a capacity of Unknown. It features a White Cap and no specific applicator. SKU: 2913.,18-415 ITEMCODES - 18-415 ITEMCODES.csv
2914,Clear Round bottle (Unknown),Bottle,Glass,Clear,Unknown,Round,White,Cap,None,,grace-,A Clear Round Glass bottle with a capacity of Unknown. It features a White Cap and no specific applicator. SKU: 2914.,18-415 ITEMCODES - 18-415 ITEMCODES.csv
2915,Clear Round bottle (Unknown),Bottle,Glass,Clear,Unknown,Round,White,Cap,None,,grace-,A Clear Round Glass bottle with a capacity of Unknown. It features a White Cap and no specific applicator. SKU: 2915.,18-415 ITEMCODES - 18-415 ITEMCODES.csv
2916,Clear Round bottle (Unknown),Bottle,Glass,Clear,Unknown,Round,White,Cap,None,,grace-,A Clear Round Glass bottle with a capacity of Unknown. It features a White Cap and no specific applicator. SKU: 2916.,18-415 ITEMCODES - 18-415 ITEMCODES.csv
3539,Clear Round bottle (Unknown),Bottle,Glass,Clear,Unknown,Round,White,Cap,None,,grace-,A Clear Round Glass bottle with a capacity of Unknown. It features a White Cap and no specific applicator. SKU: 3539.,18-415 ITEMCODES - 18-415 ITEMCODES.csv
2917,Clear Round bottle (Unknown),Bottle,Glass,Clear,Unknown,Round,White,Cap,None,,grace-,A Clear Round Glass bottle with a capacity of Unknown. It features a White Cap and no specific applicator. SKU: 2917.,18-415 ITEMCODES - 18-415 ITEMCODES.csv
3540,Clear Round bottle (Unknown),Bottle,Glass,Clear,Unknown,Round,White,Cap,None,,grace-,A Clear Round Glass bottle with a capacity of Unknown. It features a White Cap and no specific applicator. SKU: 3540.,18-415 ITEMCODES - 18-415 ITEMCODES.csv
2918,Clear Round bottle (Unknown),Bottle,Glass,Clear,Unknown,Round,White,Cap,None,,grace-,A Clear Round Glass bottle with a capacity of Unknown. It features a White Cap and no specific applicator. SKU: 2918.,18-415 ITEMCODES - 18-415 ITEMCODES.csv
2919,Clear Round bottle (Unknown),Bottle,Glass,Clear,Unknown,Round,White,Cap,None,,grace-,A Clear Round Glass bottle with a capacity of Unknown. It features a White Cap and no specific applicator. SKU: 2919.,18-415 ITEMCODES - 18-415 ITEMCODES.csv
3541,Clear Round bottle (Unknown),Bottle,Glass,Clear,Unknown,Round,White,Cap,None,,grace-,A Clear Round Glass bottle with a capacity of Unknown. It features a White Cap and no specific applicator. SKU: 3541.,18-415 ITEMCODES - 18-415 ITEMCODES.csv
2920,Clear Round bottle (Unknown),Bottle,Glass,Clear,Unknown,Round,White,Cap,None,,grace-,A Clear Round Glass bottle with a capacity of Unknown. It features a White Cap and no specific applicator. SKU: 2920.,18-415 ITEMCODES - 18-415 ITEMCODES.csv
3542,Clear Round bottle (Unknown),Bottle,Glass,Clear,Unknown,Round,White,Cap,None,,grace-,A Clear Round Glass bottle with a capacity of Unknown. It features a White Cap and no specific applicator. SKU: 3542.,18-415 ITEMCODES - 18-415 ITEMCODES.csv
173,Clear Round bottle (Unknown),Bottle,Glass,Clear,Unknown,Round,White,Cap,None,,grace-,A Clear Round Glass bottle with a capacity of Unknown. It features a White Cap and no specific applicator. SKU: 173.,18-415 ITEMCODES - 18-415 ITEMCODES.csv
194,Clear Round bottle (Unknown),Bottle,Glass,Clear,Unknown,Round,White,Cap,None,,grace-,A Clear Round Glass bottle with a capacity of Unknown. It features a White Cap and no specific applicator. SKU: 194.,18-415 ITEMCODES - 18-415 ITEMCODES.csv
2921,Clear Round bottle (Unknown),Bottle,Glass,Clear,Unknown,Round,White,Cap,None,,grace-,A Clear Round Glass bottle with a capacity of Unknown. It features a White Cap and no specific applicator. SKU: 2921.,18-415 ITEMCODES - 18-415 ITEMCODES.csv
3140,Clear Round bottle (Unknown),Bottle,Glass,Clear,Unknown,Round,White,Cap,None,,grace-,A Clear Round Glass bottle with a capacity of Unknown. It features a White Cap and no specific applicator. SKU: 3140.,18-415 ITEMCODES - 18-415 ITEMCODES.csv
172,Clear Round bottle (Unknown),Bottle,Glass,Clear,Unknown,Round,White,Cap,None,,grace-,A Clear Round Glass bottle with a capacity of Unknown. It features a White Cap and no specific applicator. SKU: 172.,18-415 ITEMCODES - 18-415 ITEMCODES.csv
174,Clear Round bottle (Unknown),Bottle,Glass,Clear,Unknown,Round,White,Cap,None,,grace-,A Clear Round Glass bottle with a capacity of Unknown. It features a White Cap and no specific applicator. SKU: 174.,18-415 ITEMCODES - 18-415 ITEMCODES.csv
171,Clear Round bottle (Unknown),Bottle,Glass,Clear,Unknown,Round,White,Cap,None,,grace-,A Clear Round Glass bottle with a capacity of Unknown. It features a White Cap and no specific applicator. SKU: 171.,18-415 ITEMCODES - 18-415 ITEMCODES.csv
2922,Clear Round bottle (Unknown),Bottle,Glass,Clear,Unknown,Round,White,Cap,None,,grace-,A Clear Round Glass bottle with a capacity of Unknown. It features a White Cap and no specific applicator. SKU: 2922.,18-415 ITEMCODES - 18-415 ITEMCODES.csv
3141,Clear Round bottle (Unknown),Bottle,Glass,Clear,Unknown,Round,White,Cap,None,,grace-,A Clear Round Glass bottle with a capacity of Unknown. It features a White Cap and no specific applicator. SKU: 3141.,18-415 ITEMCODES - 18-415 ITEMCODES.csv
2923,Clear Round bottle (Unknown),Bottle,Glass,Clear,Unknown,Round,White,Cap,None,,grace-,A Clear Round Glass bottle with a capacity of Unknown. It features a White Cap and no specific applicator. SKU: 2923.,18-415 ITEMCODES - 18-415 ITEMCODES.csv
2924,Clear Round bottle (Unknown),Bottle,Glass,Clear,Unknown,Round,White,Cap,None,,grace-,A Clear Round Glass bottle with a capacity of Unknown. It features a White Cap and no specific applicator. SKU: 2924.,18-415 ITEMCODES - 18-415 ITEMCODES.csv
1215,Clear Round bottle (Unknown),Bottle,Glass,Clear,Unknown,Round,White,Cap,None,,grace-,A Clear Round Glass bottle with a capacity of Unknown. It features a White Cap and no specific applicator. SKU: 1215.,18-415 ITEMCODES - 18-415 ITEMCODES.csv
2925,Clear Round bottle (Unknown),Bottle,Glass,Clear,Unknown,Round,White,Cap,None,,grace-,A Clear Round Glass bottle with a capacity of Unknown. It features a White Cap and no specific applicator. SKU: 2925.,18-415 ITEMCODES - 18-415 ITEMCODES.csv
219,Clear Round bottle (Unknown),Bottle,Glass,Clear,Unknown,Round,White,Cap,None,,grace-,A Clear Round Glass bottle with a capacity of Unknown. It features a White Cap and no specific applicator. SKU: 219.,18-415 ITEMCODES - 18-415 ITEMCODES.csv
1216,Clear Round bottle (Unknown),Bottle,Glass,Clear,Unknown,Round,White,Cap,None,,grace-,A Clear Round Glass bottle with a capacity of Unknown. It features a White Cap and no specific applicator. SKU: 1216.,18-415 ITEMCODES - 18-415 ITEMCODES.csv
218,Clear Round bottle (Unknown),Bottle,Glass,Clear,Unknown,Round,White,Cap,None,,grace-,A Clear Round Glass bottle with a capacity of Unknown. It features a White Cap and no specific applicator. SKU: 218.,18-415 ITEMCODES - 18-415 ITEMCODES.csv
2926,Clear Round bottle (Unknown),Bottle,Glass,Clear,Unknown,Round,White,Cap,None,,grace-,A Clear Round Glass bottle with a capacity of Unknown. It features a White Cap and no specific applicator. SKU: 2926.,18-415 ITEMCODES - 18-415 ITEMCODES.csv
220,Clear Round bottle (Unknown),Bottle,Glass,Clear,Unknown,Round,White,Cap,None,,grace-,A Clear Round Glass bottle with a capacity of Unknown. It features a White Cap and no specific applicator. SKU: 220.,18-415 ITEMCODES - 18-415 ITEMCODES.csv
2927,Clear Round bottle (Unknown),Bottle,Glass,Clear,Unknown,Round,White,Cap,None,,grace-,A Clear Round Glass bottle with a capacity of Unknown. It features a White Cap and no specific applicator. SKU: 2927.,18-415 ITEMCODES - 18-415 ITEMCODES.csv
2928,Clear Round bottle (Unknown),Bottle,Glass,Clear,Unknown,Round,White,Cap,None,,grace-,A Clear Round Glass bottle with a capacity of Unknown. It features a White Cap and no specific applicator. SKU: 2928.,18-415 ITEMCODES - 18-415 ITEMCODES.csv
2929,Clear Round bottle (Unknown),Bottle,Glass,Clear,Unknown,Round,White,Cap,None,,grace-,A Clear Round Glass bottle with a capacity of Unknown. It features a White Cap and no specific applicator. SKU: 2929.,18-415 ITEMCODES - 18-415 ITEMCODES.csv
2930,Clear Round bottle (Unknown),Bottle,Glass,Clear,Unknown,Round,White,Cap,None,,grace-,A Clear Round Glass bottle with a capacity of Unknown. It features a White Cap and no specific applicator. SKU: 2930.,18-415 ITEMCODES - 18-415 ITEMCODES.csv
3476,Amber Vial bottle (2),Bottle,Glass,Amber,2,Vial,White,Cap,short black cap,"Wholesale Distributor of glass bottles and containers For use with perfume or fragrance oil, essential oil, and aromatherapy.Amber glass vial with short black cap capacity: 2 ml , 0.07 oz",Vial-design-2-ml-amber-glass-short-black-cap,A Amber Vial Glass bottle with a capacity of 2. It features a White Cap and short black cap. SKU: 3476.,8-425 ITEMCODES - 8-425.csv
3477,Amber Vial bottle (2),Bottle,Glass,Amber,2,Vial,White,Cap,short white cap,"Wholesale Distributor of glass bottles and containers For use with perfume or fragrance oil, essential oil, and aromatherapy.Amber glass vial with short white cap capacity: 2 ml , 0.07 oz",Vial-design-2-ml-amber-glass-short-white-cap,A Amber Vial Glass bottle with a capacity of 2. It features a White Cap and short white cap. SKU: 3477.,8-425 ITEMCODES - 8-425.csv
3552,Clear Vial bottle (2ml),Bottle,Glass,Clear,2ml,Vial,White,Cap,short black cap,"Wholesale Distributor of glass bottles and containers For use with perfume or fragrance oil, essential oil, and aromatherapy.Clear glass vial with short black cap capacity: 2 ml , 0.07 oz",Vial-design-2-ml-clear-glass-vial-short-black-cap,A Clear Vial Glass bottle with a capacity of 2ml. It features a White Cap and short black cap. SKU: 3552.,8-425 ITEMCODES - 8-425.csv
3553,Clear Vial bottle (2ml),Bottle,Glass,Clear,2ml,Vial,White,Cap,short white cap,"Wholesale Distributor of glass bottles and containers For use with perfume or fragrance oil, essential oil, and aromatherapy.Clear glass vial with short white cap capacity: 2 ml , 0.07 oz",Vial-design-2-ml-clear-glass-vial-short-white-cap,A Clear Vial Glass bottle with a capacity of 2ml. It features a White Cap and short white cap. SKU: 3553.,8-425 ITEMCODES - 8-425.csv
265,White Round bottle (125 ml),Bottle,Glass,White,125 ml,Round,Silver,Cap,LotionPump,"Wholesale distributor of glass bottles, containers or jars. Cylinder shaped, Brushed aluminum 125 ml bottle with lotion white. Price Each",,A White Round Glass bottle with a capacity of 125 ml. It features a Silver Cap and LotionPump. SKU: 265.,Aluminum 100ml  ITEMCODES - Aluminum 100ml   ITEMCODES.csv
3556,Black Round bottle (125 ml),Bottle,Glass,Black,125 ml,Round,Silver,Cap,LotionPump,"Wholesale distributor of glass bottles, containers or jars. Cylinder shaped, brushed aluminum 125 ml bottle with lotion black. Price Each",,A Black Round Glass bottle with a capacity of 125 ml. It features a Silver Cap and LotionPump. SKU: 3556.,Aluminum 100ml  ITEMCODES - Aluminum 100ml   ITEMCODES.csv
3557,Black Round bottle (100 ml),Bottle,Glass,Black,100 ml,Round,Silver,Cap,Spray,"Wholesale distributor of glass bottles, containers or jars. Cylinder shaped, Matte aluminum 100 ml bottle with black sprayer. Price Each",,A Black Round Glass bottle with a capacity of 100 ml. It features a Silver Cap and Spray. SKU: 3557.,Aluminum 100ml  ITEMCODES - Aluminum 100ml   ITEMCODES.csv
264,White Round bottle (65 ml),Bottle,Glass,White,65 ml,Round,Silver,Cap,LotionPump,"Wholesale distributor of glass bottles, containers or jars. Cylinder shaped, brushed aluminum 65 ml bottle with lotion white. Price Each",,A White Round Glass bottle with a capacity of 65 ml. It features a Silver Cap and LotionPump. SKU: 264.,Aluminum 100ml  ITEMCODES - Aluminum 100ml   ITEMCODES.csv
3558,Black Round bottle (65 ml),Bottle,Glass,Black,65 ml,Round,Silver,Cap,LotionPump,"Wholesale distributor of glass bottles, containers or jars. Cylinder shaped, brushed aluminum 65 ml bottle with lotion black. Price Each",,A Black Round Glass bottle with a capacity of 65 ml. It features a Silver Cap and LotionPump. SKU: 3558.,Aluminum 100ml  ITEMCODES - Aluminum 100ml   ITEMCODES.csv