sku,description,image_url,included_component,item_type,capacity,height_total,height_bottle_only,width,depth,neck_finish,price_1pc,price_12pc,price_144pc,price_bulk,url
,,,,,,,,,,,,,,,https://www.bestbottles.com/product/
Alu500,"Cylinder shaped, aluminum 500 ml bottle with white plug and tear off cap. For use with perfume oil, aromatic oils, fragrance oils and attars.",https://www.bestbottles.com/images/store/enlarged_pics/Alu500.gif,white plug and tear off cap,Aluminum Bottles and Cans,500 ml (16.91 oz),186 ±2 mm,178 ±2 mm,,,20-410,3.65,3.47,3.29,480pc: $2.85,https://www.bestbottles.com/product/Aluminum-Bottle-Can-white-cap-500ml
Alu100mlSprayBlack,"Cylinder shaped, matte aluminum 100 ml bottle with black sprayer. For use with cologne, perfume, air freshner, face and body spray, or room spray.",https://www.bestbottles.com/images/store/enlarged_pics/Alu100mlSprayBlack.gif,black spray,Alluminum Bottles With Fine Mist Sprayers,100 ml (3.38 oz),150 ±2 mm,,,,20-410,1.25,1.19,1.13,2000pc: $0.98,https://www.bestbottles.com/product/Cylinder-shaped-matte-aluminum-100ml-bottle-black-sprayer
Alu250mlSprayBlack,"Cylinder shaped, matte aluminum 250 ml bottle with black sprayer. For use with cologne, perfume, air freshner, face and body spray, or room spray.",https://www.bestbottles.com/images/store/caps/24-410Sp250Blk.png,black spray,Alluminum Bottles With Fine Mist Sprayers,250 ml (8.45 oz),178 ±2 mm,155 ±2 mm,,,20-410,1.50,1.43,1.35,2000pc: $1.17,https://www.bestbottles.com/product/Cylinder-shaped-matte-aluminum-250ml-bottle-black-sprayer
PB10SpryNat,Plastic Bottle with Clear Spray Top and Clear Cap. Capacity: 10ml (1/3oz),https://www.bestbottles.com/images/store/enlarged_pics/PB10SpryNat.gif,Clear Spray Top and Clear Cap,Plastic Bottles With Fine Mist Sprayers,10 ml (0.34 oz),,,,,,0.60,0.57,0.54,3000pc: $0.47,https://www.bestbottles.com/product/Plastic-Bottle-Clear-Natural-sprayer-10ml
PB1ozSpryNat,Plastic Bottle with Clear Spray Top and Clear Cap. Capacity: 1oz (28ml).,https://www.bestbottles.com/images/store/enlarged_pics/PB1ozSpryNat.gif,Clear Spray Top and Clear Cap,Plastic Bottles With Fine Mist Sprayers,30 ml (1.01 oz),82 ±1 mm Neck Thread Size: 13-415,,,,13-415,0.65,0.62,0.59,2100pc: $0.51,https://www.bestbottles.com/product/Plastic-Bottle-container-Clear-Natural-sprayer-1oz
PB1ozClearcap,Clear Plastic Bottle With Clear Screw on Cap.Capacity: 1oz (30ml),https://www.bestbottles.com/images/store/enlarged_pics/PB1ozClearcap.gif,Clear Screw on Cap,Plastic Bottles With Fine Mist Sprayers,30 ml (1.01 oz),85 ±1 mm,68 ±1 mm,28 ±0.5 mm Neck Thread Size: 13-415,,13-415,0.55,0.52,0.50,3400pc: $0.43,https://www.bestbottles.com/product/Plastic-bottle-container-clear-Clear-cap-1oz
PB1ozSprySl,Plastic Bottle with Silver Spray Top and Clear Cap. Capacity: 1oz (30ml).,https://www.bestbottles.com/images/store/enlarged_pics/PB1ozSprySl.gif,Silver Spray Top and Clear Cap,Plastic Bottles With Fine Mist Sprayers,30 ml (1.01 oz) Neck Thread Size: 13-415,,,,,13-415,0.65,0.62,0.59,2800pc: $0.51,https://www.bestbottles.com/product/Plastic-bottle-container-clear-Silver-sprayer-1oz
GBSpry3mlClBlk,3.3ml Clear Glass Bottle with Black Spray Pump and Clear Cap. Good for use as a sample.,https://www.bestbottles.com/images/store/caps/CP-Spry3mlBlk.png,Black Spray Pump and Clear Cap,Refillable Glass Bottles with Fine Mist Sprayers,3 ml (0.1 oz),54 ±1 mm,37 ±0.5 mm,,,12mm,0.37,,,5000pc: $0.29,https://www.bestbottles.com/product/Sample-Promotional-Decant-Spray-clear-glass-vial-Black-Sprayer-3ml
GBSpry3mlClBlk,3.3ml Clear Glass Bottle with Black Spray Pump and Clear Cap. Good for use as a sample.,https://www.bestbottles.com/images/store/caps/CP-Spry3mlBlk.png,Black Spray Pump and Clear Cap,Refillable Glass Bottles with Fine Mist Sprayers,3 ml (0.1 oz),54 ±1 mm,37 ±0.5 mm,,,12mm,0.37,,,5000pc: $0.29,https://www.bestbottles.com/product/Sample-Promotional-Decant-Spray-clear-glass-vial-Black-Sprayer-3ml?video=true
GBSpry4mlClBlk,Clear Glass Bottle with Black Spray Pump and Clear Cap. Capacity: 4ml,https://www.bestbottles.com/images/store/caps/CP-Spry4mlWht.png,Black Spray Pump and Clear Cap,Refillable Glass Bottles with Fine Mist Sprayers,4 ml (0.14 oz),67 ±1 mm,49 ±0.5 mm,,,12mm,0.39,,,5000pc: $0.30,https://www.bestbottles.com/product/Sample-Promotional-Decant-Spray-clear-glass-vial-Black-Sprayer-4ml
GBSpry4mlClBlk,Clear Glass Bottle with Black Spray Pump and Clear Cap. Capacity: 4ml,https://www.bestbottles.com/images/store/caps/CP-Spry4mlWht.png,Black Spray Pump and Clear Cap,Refillable Glass Bottles with Fine Mist Sprayers,4 ml (0.14 oz),67 ±1 mm,49 ±0.5 mm,,,12mm,0.39,,,5000pc: $0.30,https://www.bestbottles.com/product/Sample-Promotional-Decant-Spray-clear-glass-vial-Black-Sprayer-4ml?video=true
GBSpry1ozGl,Clear Glass Spray Bottle with Gold Top and Base. Capacity: 1oz (30ml),https://www.bestbottles.com/images/store/enlarged_pics/GBSpry1ozGl.gif,,Classic Perfume Spray Glass Bottles,30 ml (1.01 oz) Neck Thread Size: 18-415,,,,,18-415,2.10,2.00,1.89,1500pc: $1.64,https://www.bestbottles.com/product/Tube-Glass-Bottle-Sprayer-atomizer-Gold-1oz
GBSpry1ozSl,Clear Glass Spray Bottle with Silver Top and Base. Capacity: 1oz (30ml),https://www.bestbottles.com/images/store/enlarged_pics/GBSpry1ozSl.gif,,Classic Perfume Spray Glass Bottles,30 ml (1.01 oz) Neck Thread Size: 18-415,,,,,18-415,2.10,2.00,1.89,1500pc: $1.64,https://www.bestbottles.com/product/Tube-Glass-Bottle-Sprayer-atomizer-Matte-Silver-1oz
GBBell10SpryBlkSh,"Bell design 10ml Clear glass bottle with shiny black spray. Fine mist sprayer for use with perfumes and colognes. Refillable, classic style bottle good for promotions and decants.",https://www.bestbottles.com/images/store/caps/13-415SpShnGl.png,shiny black spray,Refillable Glass Bottles with Fine Mist Sprayers,10 ml (0.34 oz),74 ±1 mm,55 ±1 mm,,,13-415,0.90,0.86,0.81,3450pc: $0.70,https://www.bestbottles.com/product/bell-design-10-ml-glass-bottle-shiny-black-spray
GBBell10SpryBlkSh,"Bell design 10ml Clear glass bottle with shiny black spray. Fine mist sprayer for use with perfumes and colognes. Refillable, classic style bottle good for promotions and decants.",https://www.bestbottles.com/images/store/caps/13-415SpShnGl.png,shiny black spray,Refillable Glass Bottles with Fine Mist Sprayers,10 ml (0.34 oz),74 ±1 mm,55 ±1 mm,,,13-415,0.90,0.86,0.81,3450pc: $0.70,https://www.bestbottles.com/product/bell-design-10-ml-glass-bottle-shiny-black-spray?video=true
GBAtom10Blk,"Black atomizer design 10 ml bottle. For use with perfumes, Colognes, eau de Parfum. Refillable, travel size atomizer. Can be laser engraved and customized. Great for gifts and promotion.",https://www.bestbottles.com/images/store/enlarged_pics/GBAtom10Blk.gif,,Refillable Metal shell perfume atomizers and travel size purse atomizers,10 ml (0.34 oz),89 ±1 mm,82 ±1 mm,,,17mm,3.15,2.99,2.84,1500pc: $2.46,https://www.bestbottles.com/product/black-atomizer-design-10-ml-bottle
GBAtom10BlkDot,"Black atomizer design 10 ml bottle with dots. For use with perfumes, Colognes, eau de Parfum. Refillable, travel size atomizer. Can be laser engraved and customized. Great for gifts and promotion.",https://www.bestbottles.com/images/store/enlarged_pics/GBAtom10BlkDot.gif,,Refillable Metal shell perfume atomizers and travel size purse atomizers,10 ml (0.34 oz),89 ±1 mm,82 ±1 mm,,,17mm,3.40,3.23,3.06,1500pc: $2.65,https://www.bestbottles.com/product/black-atomizer-design-10-ml-bottle-dots
GBAtom5Blk,"Matte Black atomizer design 5 ml bottle. For use with perfumes, Colognes, eau de Parfum. Refillable, travel size atomizer. Can be laser engraved and customized. Great for gifts and promotion.",https://www.bestbottles.com/images/store/enlarged_pics/GBAtom5Blk.gif,,Refillable Metal shell perfume atomizers and travel size purse atomizers,5 ml (0.17 oz),81 ±1 mm,76 ±1 mm,,,13mm,2.80,2.66,2.52,3000pc: $2.18,https://www.bestbottles.com/product/black-atomizer-design-5-ml-bottle
GBAtom5BlkDot,"Black atomizer design 5 ml bottle with dots. For use with perfumes, Colognes, eau de Parfum. Refillable, travel size atomizer. Can be laser engraved and customized. Great for gifts and promotion.",https://www.bestbottles.com/images/store/enlarged_pics/GBAtom5BlkDot.gif,,Refillable Metal shell perfume atomizers and travel size purse atomizers,5 ml (0.17 oz),81 ±1 mm,76 ±1 mm,,,13mm,3.05,2.90,2.75,3000pc: $2.38,https://www.bestbottles.com/product/black-atomizer-design-5-ml-bottle-dots
GBAtom5SlimBlk,"Black slim atomizer design 5 ml bottle. For use with perfumes, Colognes, eau de Parfum. Refillable, travel size atomizer. Can be laser engraved and customized. Great for gifts and promotion.",https://www.bestbottles.com/images/store/enlarged_pics/GBAtom5SlimBlk.gif,,Refillable Metal shell perfume atomizers and travel size purse atomizers,5 ml (0.17 oz),104 ±2 mm,92 ±1 mm,,,10mm,2.25,2.14,2.03,3000pc: $1.76,https://www.bestbottles.com/product/black-slim-atomizer-design-5-ml-bottle
GBAtom10Blu,"Blue atomizer design 10 ml bottle. For use with perfumes, Colognes, eau de Parfum. Refillable, travel size atomizer. Can be laser engraved and customized. Great for gifts and promotion.",https://www.bestbottles.com/images/store/enlarged_pics/GBAtom10Blu.gif,,Refillable Metal shell perfume atomizers and travel size purse atomizers,10 ml (0.34 oz),89 ±1 mm,82 ±1 mm,,,17mm,3.15,2.99,2.84,1500pc: $2.46,https://www.bestbottles.com/product/blue-atomizer-design-10-ml-bottle
GBAtom5Blu,"Blue atomizer design 5 ml bottle. For use with perfumes, Colognes, eau de Parfum. Refillable, travel size atomizer. Can be laser engraved and customized. Great for gifts and promotion.",https://www.bestbottles.com/images/store/enlarged_pics/GBAtom5Blu.gif,,Refillable Metal shell perfume atomizers and travel size purse atomizers,5 ml (0.17 oz),81 ±1 mm,76 ±1 mm,,,13mm,2.80,2.66,2.52,3000pc: $2.18,https://www.bestbottles.com/product/blue-atomizer-design-5-ml-bottle
GBCrclFrst100AnSpBlk,"Circle design 100 ml, 3 1/2oz frosted glass bottle with black vintage style bulb sprayer with shiny silver collar cap. For use with cologne, Eau de Parfum, air freshner, face and body spray, or room spray.  Antique or vintage bulb sprayers enhance the bea",https://www.bestbottles.com/images/store/caps/18-415SpAnSpBulbBlk.png,black vintage style bulb sprayer with shiny silver collar cap,Antique Style Bulb Spray Bottles,100 ml (3.38 oz),136 ±2 mm,105 ±2 mm,89 ±1 mm,29 ±0.5 mm,18-415,6.40,6.08,5.76,1050pc: $4.99,https://www.bestbottles.com/product/circle-design-100-ml-frosted-glass-bottle-black-vintage-style-bulb-sprayer-shiny-silver-collar-cap
GBCrclFrst100AnSpBlk,"Circle design 100 ml, 3 1/2oz frosted glass bottle with black vintage style bulb sprayer with shiny silver collar cap. For use with cologne, Eau de Parfum, air freshner, face and body spray, or room spray.  Antique or vintage bulb sprayers enhance the bea",https://www.bestbottles.com/images/store/caps/18-415SpAnSpBulbBlk.png,black vintage style bulb sprayer with shiny silver collar cap,Antique Style Bulb Spray Bottles,100 ml (3.38 oz),136 ±2 mm,105 ±2 mm,89 ±1 mm,29 ±0.5 mm,18-415,6.40,6.08,5.76,1050pc: $4.99,https://www.bestbottles.com/product/circle-design-100-ml-frosted-glass-bottle-black-vintage-style-bulb-sprayer-shiny-silver-collar-cap?video=true
GBCrclFrst100AnSpTslBlk,"Circle design 100 ml, 3 1/2oz frosted glass bottle with Black vintage style bulb sprayer with tasseland shiny silver collar cap. For use with cologne, Eau de Parfum, air freshner, face and body spray, or room spray.  Antique or vintage bulb sprayers enhan",https://www.bestbottles.com/images/store/caps/18-415SpAnSpTslIvyGl.png,Black vintage style bulb sprayer with tasseland shiny silver collar cap,Antique Style Bulb Spray Bottles,100 ml (3.38 oz),127 ±2 mm,105 ±2 mm,89 ±1 mm,29 ±0.5 mm,18-415,7.15,6.79,6.44,1050pc: $5.58,https://www.bestbottles.com/product/circle-design-100-ml-frosted-glass-bottle-black-vintage-style-sprayer-with-tassel-shiny-silver-collar
GBCrclFrst100AnSpTslBlk,"Circle design 100 ml, 3 1/2oz frosted glass bottle with Black vintage style bulb sprayer with tasseland shiny silver collar cap. For use with cologne, Eau de Parfum, air freshner, face and body spray, or room spray.  Antique or vintage bulb sprayers enhan",https://www.bestbottles.com/images/store/caps/18-415SpAnSpTslIvyGl.png,Black vintage style bulb sprayer with tasseland shiny silver collar cap,Antique Style Bulb Spray Bottles,100 ml (3.38 oz),127 ±2 mm,105 ±2 mm,89 ±1 mm,29 ±0.5 mm,18-415,7.15,6.79,6.44,1050pc: $5.58,https://www.bestbottles.com/product/circle-design-100-ml-frosted-glass-bottle-black-vintage-style-sprayer-with-tassel-shiny-silver-collar?video=true
GBCrclFrst100SpryCu,"Circle design 100 ml, 3 1/2oz frosted glass bottle with matte copper spray pump. For use with cologne, Eau de Parfum, air freshner, face and body spray, or room spray. Circle design is a famiily of bottles available in 15ml, 30ml, 50ml and 100ml size. Pri",https://www.bestbottles.com/images/store/caps/18-415SpMattGl.png,matte copper spray pump,Classic Perfume Spray Glass Bottles,100 ml (3.38 oz),130 ±2 mm,105 ±2 mm,89 ±1 mm,29 ±0.5 mm,18-415,3.55,3.37,3.20,1050pc: $2.77,https://www.bestbottles.com/product/circle-design-100-ml-frosted-glass-bottle-matte-copper-spray-and-cap
GBCrclFrst100SpryCu,"Circle design 100 ml, 3 1/2oz frosted glass bottle with matte copper spray pump. For use with cologne, Eau de Parfum, air freshner, face and body spray, or room spray. Circle design is a famiily of bottles available in 15ml, 30ml, 50ml and 100ml size. Pri",https://www.bestbottles.com/images/store/caps/18-415SpMattGl.png,matte copper spray pump,Classic Perfume Spray Glass Bottles,100 ml (3.38 oz),130 ±2 mm,105 ±2 mm,89 ±1 mm,29 ±0.5 mm,18-415,3.55,3.37,3.20,1050pc: $2.77,https://www.bestbottles.com/product/circle-design-100-ml-frosted-glass-bottle-matte-copper-spray-and-cap?video=true
GBCrcl100AnSpBlk,"Circle design 100 ml, 3 1/2oz  clear glass bottle  with black vintage style bulb sprayer with shiny silver collar cap. For use with cologne, Eau de Parfum, air freshner, face and body spray, or room spray.  Antique or vintage bulb sprayers enhance the bea",https://www.bestbottles.com/images/store/caps/18-415SpAnSpBulbBlk.png,black vintage style bulb sprayer with shiny silver collar cap,Antique Style Bulb Spray Bottles,100 ml (3.38 oz),136 ±2 mm,105 ±2 mm,89 ±1 mm,29 ±0.5 mm,18-415,5.90,5.61,5.31,1050pc: $4.60,https://www.bestbottles.com/product/circle-design-100-ml-glass-bottle-black-vintage-style-bulb-sprayer-shiny-silver-collar-cap
GBCrcl100AnSpBlk,"Circle design 100 ml, 3 1/2oz  clear glass bottle  with black vintage style bulb sprayer with shiny silver collar cap. For use with cologne, Eau de Parfum, air freshner, face and body spray, or room spray.  Antique or vintage bulb sprayers enhance the bea",https://www.bestbottles.com/images/store/caps/18-415SpAnSpBulbBlk.png,black vintage style bulb sprayer with shiny silver collar cap,Antique Style Bulb Spray Bottles,100 ml (3.38 oz),136 ±2 mm,105 ±2 mm,89 ±1 mm,29 ±0.5 mm,18-415,5.90,5.61,5.31,1050pc: $4.60,https://www.bestbottles.com/product/circle-design-100-ml-glass-bottle-black-vintage-style-bulb-sprayer-shiny-silver-collar-cap?video=true
GBCrcl100AnSpTslBlk,"Circle design 100 ml, 3 1/2oz  clear glass bottle  with Black vintage style bulb sprayer with tasseland shiny silver collar cap. For use with cologne, Eau de Parfum, air freshner, face and body spray, or room spray.  Antique or vintage bulb sprayers enhan",https://www.bestbottles.com/images/store/caps/18-415SpAnSpTslBlk.png,Black vintage style bulb sprayer with tasseland shiny silver collar cap,Antique Style Bulb Spray Bottles,100 ml (3.38 oz),127 ±2 mm,105 ±2 mm,89 ±1 mm,29 ±0.5 mm,18-415,6.65,6.32,5.99,1050pc: $5.19,https://www.bestbottles.com/product/circle-design-100-ml-glass-bottle-black-vintage-style-sprayer-with-tassel-shiny-silver-collar
GBCrcl100AnSpTslBlk,"Circle design 100 ml, 3 1/2oz  clear glass bottle  with Black vintage style bulb sprayer with tasseland shiny silver collar cap. For use with cologne, Eau de Parfum, air freshner, face and body spray, or room spray.  Antique or vintage bulb sprayers enhan",https://www.bestbottles.com/images/store/caps/18-415SpAnSpTslBlk.png,Black vintage style bulb sprayer with tasseland shiny silver collar cap,Antique Style Bulb Spray Bottles,100 ml (3.38 oz),127 ±2 mm,105 ±2 mm,89 ±1 mm,29 ±0.5 mm,18-415,6.65,6.32,5.99,1050pc: $5.19,https://www.bestbottles.com/product/circle-design-100-ml-glass-bottle-black-vintage-style-sprayer-with-tassel-shiny-silver-collar?video=true
GBCrcl100SpryCu,"Circle design 100 ml, 3 1/2oz  clear glass bottle  with matte copper spray pump. For use with cologne, Eau de Parfum, air freshner, face and body spray, or room spray. Circle design is a family of bottles available in 15ml, 30ml, 50ml and 100ml size. Matt",https://www.bestbottles.com/images/store/caps/18-415SpMattGl.png,matte copper spray pump,Classic Perfume Spray Glass Bottles,100 ml (3.38 oz),130 ±2 mm,105 ±2 mm,89 ±1 mm,29 ±0.5 mm,18-415,3.05,2.90,2.75,1050pc: $2.38,https://www.bestbottles.com/product/circle-design-100-ml-glass-bottle-matte-copper-spray-and-cap
GBCrcl100SpryCu,"Circle design 100 ml, 3 1/2oz  clear glass bottle  with matte copper spray pump. For use with cologne, Eau de Parfum, air freshner, face and body spray, or room spray. Circle design is a family of bottles available in 15ml, 30ml, 50ml and 100ml size. Matt",https://www.bestbottles.com/images/store/caps/18-415SpMattGl.png,matte copper spray pump,Classic Perfume Spray Glass Bottles,100 ml (3.38 oz),130 ±2 mm,105 ±2 mm,89 ±1 mm,29 ±0.5 mm,18-415,3.05,2.90,2.75,1050pc: $2.38,https://www.bestbottles.com/product/circle-design-100-ml-glass-bottle-matte-copper-spray-and-cap?video=true
GBCrcl15SpryBlkMatt,"Circle design 15ml, 1/2oz Clear glass bottle with matte black spray. Fine mist sprayer for use with perfumes and colognes. Refillable, classic style bottle good for promotions and decants.",https://www.bestbottles.com/images/store/caps/13-415SpMattBlk.png,matte black spray,Refillable Glass Bottles with Fine Mist Sprayers,15 ml (0.51 oz),80 ±1 mm,60 ±1 mm,,17 ±0.5 mm,13-415,0.97,0.92,0.87,1575pc: $0.76,https://www.bestbottles.com/product/circle-design-15-ml-bottle-matte-black-spray
GBCrcl15SpryBlkMatt,"Circle design 15ml, 1/2oz Clear glass bottle with matte black spray. Fine mist sprayer for use with perfumes and colognes. Refillable, classic style bottle good for promotions and decants.",https://www.bestbottles.com/images/store/caps/13-415SpMattBlk.png,matte black spray,Refillable Glass Bottles with Fine Mist Sprayers,15 ml (0.51 oz),80 ±1 mm,60 ±1 mm,,17 ±0.5 mm,13-415,0.97,0.92,0.87,1575pc: $0.76,https://www.bestbottles.com/product/circle-design-15-ml-bottle-matte-black-spray?video=true
GBCrcl30SpryBlk,"Circle design 30 ml, clear glass bottle with sprayer and black cap. For use with cologne, perfume, air freshner, face and body spray, or room spray. Classic, Circle design is a family of bottles availabel in many sizes.",https://www.bestbottles.com/images/store/caps/15-415SpShnSl.png,sprayer and black cap,Classic Perfume Spray Glass Bottles,30 ml (1.01 oz),100 ±1 mm,74 ±1 mm,60 ±1 mm,20 ±0.5 mm,15-415,2.25,2.14,2.03,1260pc: $1.76,https://www.bestbottles.com/product/circle-design-30-ml-clear-glass-bottle-sprayer-black-cap
GBCrcl30SpryBlk,"Circle design 30 ml, clear glass bottle with sprayer and black cap. For use with cologne, perfume, air freshner, face and body spray, or room spray. Classic, Circle design is a family of bottles availabel in many sizes.",https://www.bestbottles.com/images/store/caps/15-415SpShnSl.png,sprayer and black cap,Classic Perfume Spray Glass Bottles,30 ml (1.01 oz),100 ±1 mm,74 ±1 mm,60 ±1 mm,20 ±0.5 mm,15-415,2.25,2.14,2.03,1260pc: $1.76,https://www.bestbottles.com/product/circle-design-30-ml-clear-glass-bottle-sprayer-black-cap?video=true
GBCrclFrst50AnSpBlk,"Circle design 50 ml, 1.7oz  frosted glass bottle  with black vintage style bulb sprayer with shiny silver collar cap. For use with cologne, Eau de Parfum, air freshner, face and body spray, or room spray.  Antique or vintage bulb sprayers enhance the beau",https://www.bestbottles.com/images/store/caps/18-415SpAnSpBulbLvn.png,black vintage style bulb sprayer with shiny silver collar cap,Antique Style Bulb Spray Bottles,50 ml (1.69 oz),115 ±2 mm,87 ±1 mm,72 ±1 mm,23 ±0.5 mm,18-415,5.95,5.65,5.36,1080pc: $4.64,https://www.bestbottles.com/product/circle-design-50-ml-frosted-glass-bottle-black-vintage-style-bulb-sprayer-shiny-silver-collar-cap
GBCrclFrst50AnSpBlk,"Circle design 50 ml, 1.7oz  frosted glass bottle  with black vintage style bulb sprayer with shiny silver collar cap. For use with cologne, Eau de Parfum, air freshner, face and body spray, or room spray.  Antique or vintage bulb sprayers enhance the beau",https://www.bestbottles.com/images/store/caps/18-415SpAnSpBulbLvn.png,black vintage style bulb sprayer with shiny silver collar cap,Antique Style Bulb Spray Bottles,50 ml (1.69 oz),115 ±2 mm,87 ±1 mm,72 ±1 mm,23 ±0.5 mm,18-415,5.95,5.65,5.36,1080pc: $4.64,https://www.bestbottles.com/product/circle-design-50-ml-frosted-glass-bottle-black-vintage-style-bulb-sprayer-shiny-silver-collar-cap?video=true
GBCrclFrst50AnSpTslBlk,"Circle design 50 ml, 1.7oz  frosted glass bottle  with Black vintage style bulb sprayer with tasseland shiny silver collar cap. For use with cologne, Eau de Parfum, air freshner, face and body spray, or room spray.  Antique or vintage bulb sprayers enhanc",https://www.bestbottles.com/images/store/caps/CP18-415AnSpTslLvn.png,Black vintage style bulb sprayer with tasseland shiny silver collar cap,Antique Style Bulb Spray Bottles,50 ml (1.69 oz),109 ±2 mm,87 ±1 mm,72 ±1 mm,23 ±0.5 mm,18-415,6.70,6.37,6.03,1080pc: $5.23,https://www.bestbottles.com/product/circle-design-50-ml-frosted-glass-bottle-black-vintage-style-sprayer-with-tassel-shiny-silver-collar
GBCrclFrst50AnSpTslBlk,"Circle design 50 ml, 1.7oz  frosted glass bottle  with Black vintage style bulb sprayer with tasseland shiny silver collar cap. For use with cologne, Eau de Parfum, air freshner, face and body spray, or room spray.  Antique or vintage bulb sprayers enhanc",https://www.bestbottles.com/images/store/caps/CP18-415AnSpTslLvn.png,Black vintage style bulb sprayer with tasseland shiny silver collar cap,Antique Style Bulb Spray Bottles,50 ml (1.69 oz),109 ±2 mm,87 ±1 mm,72 ±1 mm,23 ±0.5 mm,18-415,6.70,6.37,6.03,1080pc: $5.23,https://www.bestbottles.com/product/circle-design-50-ml-frosted-glass-bottle-black-vintage-style-sprayer-with-tassel-shiny-silver-collar?video=true
GBCrclFrst50SpryCu,"Circle design 50 ml, 1.7oz  frosted glass bottle  with matte copper spray pump. For use with cologne, Eau de Parfum, air freshner, face and body spray, or room spray. Circle design is a famiily of bottles available in 15ml, 30ml, 50ml and 100ml size. Pric",https://www.bestbottles.com/images/store/caps/CP18-415SpryMtGl.png,matte copper spray pump,Classic Perfume Spray Glass Bottles,50 ml (1.69 oz),112 ±2 mm,87 ±1 mm,72 ±1 mm,23 ±0.5 mm,18-415,3.10,2.95,2.79,1080pc: $2.42,https://www.bestbottles.com/product/circle-design-50-ml-frosted-glass-bottle-matte-copper-spray-and-cap
GBCrclFrst50SpryCu,"Circle design 50 ml, 1.7oz  frosted glass bottle  with matte copper spray pump. For use with cologne, Eau de Parfum, air freshner, face and body spray, or room spray. Circle design is a famiily of bottles available in 15ml, 30ml, 50ml and 100ml size. Pric",https://www.bestbottles.com/images/store/caps/CP18-415SpryMtGl.png,matte copper spray pump,Classic Perfume Spray Glass Bottles,50 ml (1.69 oz),112 ±2 mm,87 ±1 mm,72 ±1 mm,23 ±0.5 mm,18-415,3.10,2.95,2.79,1080pc: $2.42,https://www.bestbottles.com/product/circle-design-50-ml-frosted-glass-bottle-matte-copper-spray-and-cap?video=true
GBCrcl50AnSpBlk,"Circle design 50 ml, 1.7oz  clear glass bottle  with black vintage style bulb sprayer with shiny silver collar cap. For use with cologne, Eau de Parfum, air freshner, face and body spray, or room spray.  Antique or vintage bulb sprayers enhance the beauty",https://www.bestbottles.com/images/store/caps/18-415SpAnSpBulbLvn.png,black vintage style bulb sprayer with shiny silver collar cap,Antique Style Bulb Spray Bottles,50 ml (1.69 oz),115 ±2 mm,87 ±1 mm,72 ±1 mm,23 ±0.5 mm,18-415,5.45,5.18,4.91,1080pc: $4.25,https://www.bestbottles.com/product/circle-design-50-ml-glass-bottle-black-vintage-style-bulb-sprayer-shiny-silver-collar-cap
GBCrcl50AnSpBlk,"Circle design 50 ml, 1.7oz  clear glass bottle  with black vintage style bulb sprayer with shiny silver collar cap. For use with cologne, Eau de Parfum, air freshner, face and body spray, or room spray.  Antique or vintage bulb sprayers enhance the beauty",https://www.bestbottles.com/images/store/caps/18-415SpAnSpBulbLvn.png,black vintage style bulb sprayer with shiny silver collar cap,Antique Style Bulb Spray Bottles,50 ml (1.69 oz),115 ±2 mm,87 ±1 mm,72 ±1 mm,23 ±0.5 mm,18-415,5.45,5.18,4.91,1080pc: $4.25,https://www.bestbottles.com/product/circle-design-50-ml-glass-bottle-black-vintage-style-bulb-sprayer-shiny-silver-collar-cap?video=true
GBCrcl50AnSpTslBlk,"Circle design 50 ml, 1.7oz  clear glass bottle  with Black vintage style bulb sprayer with tasseland shiny silver collar cap. For use with cologne, Eau de Parfum, air freshner, face and body spray, or room spray.  Antique or vintage bulb sprayers enhance",https://www.bestbottles.com/images/store/caps/18-415SpAnSpTslLvn.png,Black vintage style bulb sprayer with tasseland shiny silver collar cap,Antique Style Bulb Spray Bottles,50 ml (1.69 oz),109 ±2 mm,87 ±1 mm,72 ±1 mm,23 ±0.5 mm,18-415,6.20,5.89,5.58,1080pc: $4.84,https://www.bestbottles.com/product/circle-design-50-ml-glass-bottle-black-vintage-style-sprayer-with-tassel-shiny-silver-collar
GBCrcl50AnSpTslBlk,"Circle design 50 ml, 1.7oz  clear glass bottle  with Black vintage style bulb sprayer with tasseland shiny silver collar cap. For use with cologne, Eau de Parfum, air freshner, face and body spray, or room spray.  Antique or vintage bulb sprayers enhance",https://www.bestbottles.com/images/store/caps/18-415SpAnSpTslLvn.png,Black vintage style bulb sprayer with tasseland shiny silver collar cap,Antique Style Bulb Spray Bottles,50 ml (1.69 oz),109 ±2 mm,87 ±1 mm,72 ±1 mm,23 ±0.5 mm,18-415,6.20,5.89,5.58,1080pc: $4.84,https://www.bestbottles.com/product/circle-design-50-ml-glass-bottle-black-vintage-style-sprayer-with-tassel-shiny-silver-collar?video=true
GBCrcl50SpryCu,"Circle design 50 ml, 1.7oz  clear glass bottle  with matte copper spray pump. For use with cologne, Eau de Parfum, air freshner, face and body spray, or room spray. Circle design is a famiily of bottles available in 15ml, 30ml, 50ml and 100ml size. Price",https://www.bestbottles.com/images/store/caps/18-415SpMattSl.png,matte copper spray pump,Classic Perfume Spray Glass Bottles,50 ml (1.69 oz),112 ±2 mm,87 ±1 mm,72 ±1 mm,23 ±0.5 mm,18-415,2.60,2.47,2.34,1080pc: $2.03,https://www.bestbottles.com/product/circle-design-50-ml-glass-bottle-matte-copper-spray-and-cap
GBCrcl50SpryCu,"Circle design 50 ml, 1.7oz  clear glass bottle  with matte copper spray pump. For use with cologne, Eau de Parfum, air freshner, face and body spray, or room spray. Circle design is a famiily of bottles available in 15ml, 30ml, 50ml and 100ml size. Price",https://www.bestbottles.com/images/store/caps/18-415SpMattSl.png,matte copper spray pump,Classic Perfume Spray Glass Bottles,50 ml (1.69 oz),112 ±2 mm,87 ±1 mm,72 ±1 mm,23 ±0.5 mm,18-415,2.60,2.47,2.34,1080pc: $2.03,https://www.bestbottles.com/product/circle-design-50-ml-glass-bottle-matte-copper-spray-and-cap?video=true
GBCyl100AnSpBlk,"Cylinder design 100 ml, 3 1/2oz  clear glass bottle  with black vintage style bulb sprayer with shiny silver collar cap. For use with cologne, Eau de Parfum, air freshner, face and body spray, or room spray.  Antique or vintage bulb sprayers enhance the b",https://www.bestbottles.com/images/store/caps/18-415SpAnSpBulbLvn.png,black vintage style bulb sprayer with shiny silver collar cap,Antique Style Bulb Spray Bottles,100 ml (3.38 oz),199 ±2 mm,154 ±2 mm,,,18-415,5.90,5.61,5.31,1400pc: $4.60,https://www.bestbottles.com/product/cylinder-design-100-ml-glass-bottle-black-vintage-style-bulb-sprayer-shiny-silver-collar-cap
GBCyl100AnSpBlk,"Cylinder design 100 ml, 3 1/2oz  clear glass bottle  with black vintage style bulb sprayer with shiny silver collar cap. For use with cologne, Eau de Parfum, air freshner, face and body spray, or room spray.  Antique or vintage bulb sprayers enhance the b",https://www.bestbottles.com/images/store/caps/18-415SpAnSpBulbLvn.png,black vintage style bulb sprayer with shiny silver collar cap,Antique Style Bulb Spray Bottles,100 ml (3.38 oz),199 ±2 mm,154 ±2 mm,,,18-415,5.90,5.61,5.31,1400pc: $4.60,https://www.bestbottles.com/product/cylinder-design-100-ml-glass-bottle-black-vintage-style-bulb-sprayer-shiny-silver-collar-cap?video=true
GBCyl100AnSpTslBlk,"Cylinder design 100 ml, 3 1/2oz  clear glass bottle  with Black vintage style bulb sprayer with tasseland shiny silver collar cap. For use with cologne, Eau de Parfum, air freshner, face and body spray, or room spray.  Antique or vintage bulb sprayers enh",https://www.bestbottles.com/images/store/caps/18-415SpAnSpTslLvn.png,Black vintage style bulb sprayer with tasseland shiny silver collar cap,Antique Style Bulb Spray Bottles,100 ml (3.38 oz),191 ±2 mm,154 ±2 mm,,,18-415,6.65,6.32,5.99,1400pc: $5.19,https://www.bestbottles.com/product/cylinder-design-100-ml-glass-bottle-black-vintage-style-sprayer-with-tassel-shiny-silver-collar
GBCyl100AnSpTslBlk,"Cylinder design 100 ml, 3 1/2oz  clear glass bottle  with Black vintage style bulb sprayer with tasseland shiny silver collar cap. For use with cologne, Eau de Parfum, air freshner, face and body spray, or room spray.  Antique or vintage bulb sprayers enh",https://www.bestbottles.com/images/store/caps/18-415SpAnSpTslLvn.png,Black vintage style bulb sprayer with tasseland shiny silver collar cap,Antique Style Bulb Spray Bottles,100 ml (3.38 oz),191 ±2 mm,154 ±2 mm,,,18-415,6.65,6.32,5.99,1400pc: $5.19,https://www.bestbottles.com/product/cylinder-design-100-ml-glass-bottle-black-vintage-style-sprayer-with-tassel-shiny-silver-collar?video=true
GBCyl100SpryCu,"Cylinder design 100 ml, 3 1/2oz  clear glass bottle  with matte copper spray pump. For use with cologne, Eau de Parfum, air freshner, face and body spray, or room spray.  Cylinder design is a family of bottles available in 30ml, 50ml and 100ml sizes. Pric",https://www.bestbottles.com/images/store/caps/18-415SpMattGl.png,matte copper spray pump,Classic Perfume Spray Glass Bottles,100 ml (3.38 oz),195 ±2 mm,154 ±2 mm,,,18-415,3.05,2.90,2.75,1400pc: $2.38,https://www.bestbottles.com/product/cylinder-design-100-ml-glass-bottle-matte-copper-spray-and-cap
GBCyl100SpryCu,"Cylinder design 100 ml, 3 1/2oz  clear glass bottle  with matte copper spray pump. For use with cologne, Eau de Parfum, air freshner, face and body spray, or room spray.  Cylinder design is a family of bottles available in 30ml, 50ml and 100ml sizes. Pric",https://www.bestbottles.com/images/store/caps/18-415SpMattGl.png,matte copper spray pump,Classic Perfume Spray Glass Bottles,100 ml (3.38 oz),195 ±2 mm,154 ±2 mm,,,18-415,3.05,2.90,2.75,1400pc: $2.38,https://www.bestbottles.com/product/cylinder-design-100-ml-glass-bottle-matte-copper-spray-and-cap?video=true
GBCyl25AnSpBlk,"Cylinder design 25ml  clear glass bottle  with black vintage style bulb sprayer with shiny silver collar cap. For use with cologne, Eau de Parfum, air freshner, face and body spray, or room spray.",https://www.bestbottles.com/images/store/caps/18-415SpAnSpBulbLvn.png,black vintage style bulb sprayer with shiny silver collar cap,Antique Style Bulb Spray Bottles,25 ml (0.85 oz),109 ±2 mm,83 ±1 mm,,,18-415,5.35,5.08,4.82,960pc: $4.17,https://www.bestbottles.com/product/cylinder-design-25-ml-glass-bottle-black-vintage-style-bulb-sprayer-shiny-silver-collar-cap
GBCyl25AnSpBlk,"Cylinder design 25ml  clear glass bottle  with black vintage style bulb sprayer with shiny silver collar cap. For use with cologne, Eau de Parfum, air freshner, face and body spray, or room spray.",https://www.bestbottles.com/images/store/caps/18-415SpAnSpBulbLvn.png,black vintage style bulb sprayer with shiny silver collar cap,Antique Style Bulb Spray Bottles,25 ml (0.85 oz),109 ±2 mm,83 ±1 mm,,,18-415,5.35,5.08,4.82,960pc: $4.17,https://www.bestbottles.com/product/cylinder-design-25-ml-glass-bottle-black-vintage-style-bulb-sprayer-shiny-silver-collar-cap?video=true
GBcyl25AnSpTslBlk,"Cylinder design 25ml  clear glass bottle  with black vintage style bulb sprayer tassel with shiny silver collar cap. For use with cologne, Eau de Parfum, air freshner, face and body spray, or room spray.",https://www.bestbottles.com/images/store/caps/18-415SpAnSpTslBlk.png,black vintage style bulb sprayer tassel with shiny silver collar cap,Antique Style Bulb Spray Bottles,25 ml (0.85 oz),105 ±2 mm,83 ±1 mm,,,18-415,6.10,5.80,5.49,960pc: $4.76,https://www.bestbottles.com/product/cylinder-design-25-ml-glass-bottle-black-vintage-style-bulb-sprayer-tassel-shiny-silver-collar-cap
GBcyl25AnSpTslBlk,"Cylinder design 25ml  clear glass bottle  with black vintage style bulb sprayer tassel with shiny silver collar cap. For use with cologne, Eau de Parfum, air freshner, face and body spray, or room spray.",https://www.bestbottles.com/images/store/caps/18-415SpAnSpTslBlk.png,black vintage style bulb sprayer tassel with shiny silver collar cap,Antique Style Bulb Spray Bottles,25 ml (0.85 oz),105 ±2 mm,83 ±1 mm,,,18-415,6.10,5.80,5.49,960pc: $4.76,https://www.bestbottles.com/product/cylinder-design-25-ml-glass-bottle-black-vintage-style-bulb-sprayer-tassel-shiny-silver-collar-cap?video=true
GBcyl25SpryCu,"Cylinder design 25ml  clear glass bottle  with matte copper spray pump. For use with cologne, Eau de Parfum, air freshner, face and body spray, or room spray.  Cylinder design is a family of bottles available in 25ml, 50ml and 100ml sizes.",https://www.bestbottles.com/images/store/caps/18-415SpMattGl.png,matte copper spray pump,Classic Perfume Spray Glass Bottles,25 ml (0.85 oz),108 ±2 mm,83 ±1 mm,,,18-415,2.50,2.38,2.25,960pc: $1.95,https://www.bestbottles.com/product/cylinder-design-25-ml-glass-bottle-matte-copper-spray-and-cap
GBcyl25SpryCu,"Cylinder design 25ml  clear glass bottle  with matte copper spray pump. For use with cologne, Eau de Parfum, air freshner, face and body spray, or room spray.  Cylinder design is a family of bottles available in 25ml, 50ml and 100ml sizes.",https://www.bestbottles.com/images/store/caps/18-415SpMattGl.png,matte copper spray pump,Classic Perfume Spray Glass Bottles,25 ml (0.85 oz),108 ±2 mm,83 ±1 mm,,,18-415,2.50,2.38,2.25,960pc: $1.95,https://www.bestbottles.com/product/cylinder-design-25-ml-glass-bottle-matte-copper-spray-and-cap?video=true
GBCylBlu5SpryBlkSh,"Cylinder design 5ml, 1/6oz Blue glass bottle with shiny black spray. Fine mist sprayer for use with perfumes and colognes. Refillable, Small sized bottle for decants, promotion, samples and travel accessory.",https://www.bestbottles.com/images/store/caps/13-415SpShnSl.png,shiny black spray,Refillable Glass Bottles with Fine Mist Sprayers,5 ml (0.17 oz),72 ±1 mm,53 ±1 mm,,,13-415,0.87,0.83,0.78,4320pc: $0.68,https://www.bestbottles.com/product/cylinder-design-5-ml-blue-glass-bottle-shiny-black-spray
GBCylBlu5SpryBlkSh,"Cylinder design 5ml, 1/6oz Blue glass bottle with shiny black spray. Fine mist sprayer for use with perfumes and colognes. Refillable, Small sized bottle for decants, promotion, samples and travel accessory.",https://www.bestbottles.com/images/store/caps/13-415SpShnSl.png,shiny black spray,Refillable Glass Bottles with Fine Mist Sprayers,5 ml (0.17 oz),72 ±1 mm,53 ±1 mm,,,13-415,0.87,0.83,0.78,4320pc: $0.68,https://www.bestbottles.com/product/cylinder-design-5-ml-blue-glass-bottle-shiny-black-spray?video=true
GBCyl5SpryBlkMatt,"Cylinder design 5.5ml, 1/6oz Clear glass bottle with matte black spray. Fine mist sprayer for use with perfumes and colognes. Refillable, Small sized bottle for decants, promotion, samples and travel accessory.",https://www.bestbottles.com/images/store/caps/13-415SpMattSl.png,matte black spray,Refillable Glass Bottles with Fine Mist Sprayers,5 ml (0.17 oz),72 ±1 mm,53 ±1 mm,,,13-415,0.76,0.72,0.68,4320pc: $0.59,https://www.bestbottles.com/product/cylinder-design-5-ml-glass-bottle-matte-black-spray
GBCyl5SpryBlkMatt,"Cylinder design 5.5ml, 1/6oz Clear glass bottle with matte black spray. Fine mist sprayer for use with perfumes and colognes. Refillable, Small sized bottle for decants, promotion, samples and travel accessory.",https://www.bestbottles.com/images/store/caps/13-415SpMattSl.png,matte black spray,Refillable Glass Bottles with Fine Mist Sprayers,5 ml (0.17 oz),72 ±1 mm,53 ±1 mm,,,13-415,0.76,0.72,0.68,4320pc: $0.59,https://www.bestbottles.com/product/cylinder-design-5-ml-glass-bottle-matte-black-spray?video=true
GBCyl50AnSpBlk,"Cylinder design 50 ml, 1.7oz  clear glass bottle  with black vintage style bulb sprayer with shiny silver collar cap. For use with cologne, Eau de Parfum, air freshner, face and body spray, or room spray.  Antique or vintage bulb sprayers enhance the beau",https://www.bestbottles.com/images/store/caps/18-415SpAnSpBulbLvn.png,black vintage style bulb sprayer with shiny silver collar cap,Antique Style Bulb Spray Bottles,50 ml (1.69 oz),142 ±2 mm,117 ±2 mm,,,18-415,5.55,5.27,5.00,880pc: $4.33,https://www.bestbottles.com/product/cylinder-design-50-ml-glass-bottle-black-vintage-style-bulb-sprayer-shiny-silver-collar-cap
GBCyl50AnSpBlk,"Cylinder design 50 ml, 1.7oz  clear glass bottle  with black vintage style bulb sprayer with shiny silver collar cap. For use with cologne, Eau de Parfum, air freshner, face and body spray, or room spray.  Antique or vintage bulb sprayers enhance the beau",https://www.bestbottles.com/images/store/caps/18-415SpAnSpBulbLvn.png,black vintage style bulb sprayer with shiny silver collar cap,Antique Style Bulb Spray Bottles,50 ml (1.69 oz),142 ±2 mm,117 ±2 mm,,,18-415,5.55,5.27,5.00,880pc: $4.33,https://www.bestbottles.com/product/cylinder-design-50-ml-glass-bottle-black-vintage-style-bulb-sprayer-shiny-silver-collar-cap?video=true
GBCyl50AnSpTslBlk,"Cylinder design 50 ml, 1.7oz  clear glass bottle  with Black vintage style bulb sprayer with tasseland shiny silver collar cap. For use with cologne, Eau de Parfum, air freshner, face and body spray, or room spray.  Antique or vintage bulb sprayers enhanc",https://www.bestbottles.com/images/store/caps/18-415SpAnSpTslLvn.png,Black vintage style bulb sprayer with tasseland shiny silver collar cap,Antique Style Bulb Spray Bottles,50 ml (1.69 oz),138 ±2 mm,117 ±2 mm,,,18-415,6.30,5.99,5.67,880pc: $4.91,https://www.bestbottles.com/product/cylinder-design-50-ml-glass-bottle-black-vintage-style-sprayer-with-tassel-shiny-silver-collar
GBCyl50AnSpTslBlk,"Cylinder design 50 ml, 1.7oz  clear glass bottle  with Black vintage style bulb sprayer with tasseland shiny silver collar cap. For use with cologne, Eau de Parfum, air freshner, face and body spray, or room spray.  Antique or vintage bulb sprayers enhanc",https://www.bestbottles.com/images/store/caps/18-415SpAnSpTslLvn.png,Black vintage style bulb sprayer with tasseland shiny silver collar cap,Antique Style Bulb Spray Bottles,50 ml (1.69 oz),138 ±2 mm,117 ±2 mm,,,18-415,6.30,5.99,5.67,880pc: $4.91,https://www.bestbottles.com/product/cylinder-design-50-ml-glass-bottle-black-vintage-style-sprayer-with-tassel-shiny-silver-collar?video=true
GBCyl50SpryCu,"Cylinder design 50 ml, 1.7oz  clear glass bottle  with matte copper spray pump. For use with cologne, Eau de Parfum, air freshner, face and body spray, or room spray.  Cylinder design is a family of bottles available in 30ml, 50ml and 100ml sizes. Price e",https://www.bestbottles.com/images/store/caps/18-415SpMattGl.png,matte copper spray pump,Classic Perfume Spray Glass Bottles,50 ml (1.69 oz),142 ±2 mm,117 ±2 mm,,,18-415,2.70,2.57,2.43,880pc: $2.11,https://www.bestbottles.com/product/cylinder-design-50-ml-glass-bottle-matte-copper-spray-and-cap
GBCyl50SpryCu,"Cylinder design 50 ml, 1.7oz  clear glass bottle  with matte copper spray pump. For use with cologne, Eau de Parfum, air freshner, face and body spray, or room spray.  Cylinder design is a family of bottles available in 30ml, 50ml and 100ml sizes. Price e",https://www.bestbottles.com/images/store/caps/18-415SpMattGl.png,matte copper spray pump,Classic Perfume Spray Glass Bottles,50 ml (1.69 oz),142 ±2 mm,117 ±2 mm,,,18-415,2.70,2.57,2.43,880pc: $2.11,https://www.bestbottles.com/product/cylinder-design-50-ml-glass-bottle-matte-copper-spray-and-cap?video=true
GBCylAmb9SpryBlk,"Cylinder design 9ml,1/3 oz amber glass bottle with fine mist sprayer with black trim and plastic overcap. For use with perfume or fragrance oil, essential oils, aromatic oils and aromatherapy.",https://www.bestbottles.com/images/store/caps/17-415SpBlk.png,fine mist sprayer with black trim and plastic overcap,Refillable Glass Bottles with Fine Mist Sprayers,9 ml (0.3 oz),96 ±1 mm,70 ±1 mm,,,17-415,0.90,0.86,0.81,3000pc: $0.70,https://www.bestbottles.com/product/cylinder-design-9-ml-amber-glass-bottle-sprayer-black-trim-and-cap
GBCylAmb9SpryBlk,"Cylinder design 9ml,1/3 oz amber glass bottle with fine mist sprayer with black trim and plastic overcap. For use with perfume or fragrance oil, essential oils, aromatic oils and aromatherapy.",https://www.bestbottles.com/images/store/caps/17-415SpBlk.png,fine mist sprayer with black trim and plastic overcap,Refillable Glass Bottles with Fine Mist Sprayers,9 ml (0.3 oz),96 ±1 mm,70 ±1 mm,,,17-415,0.90,0.86,0.81,3000pc: $0.70,https://www.bestbottles.com/product/cylinder-design-9-ml-amber-glass-bottle-sprayer-black-trim-and-cap?video=true
GBCyl9SpryBlk,"Cylinder design 9ml,1/3 oz clear glass bottle with fine mist sprayer with black trim and plastic overcap. For use with perfume or fragrance oil, essential oils, aromatic oils and aromatherapy.",https://www.bestbottles.com/images/store/caps/17-415SpMattSl.png,fine mist sprayer with black trim and plastic overcap,Refillable Glass Bottles with Fine Mist Sprayers,9 ml (0.3 oz),98 ±1 mm,70 ±1 mm,,,17-415,0.88,0.84,0.79,2880pc: $0.69,https://www.bestbottles.com/product/cylinder-design-9-ml-clear-glass-bottle-sprayer-black-trim-and-cap
GBCyl9SpryBlk,"Cylinder design 9ml,1/3 oz clear glass bottle with fine mist sprayer with black trim and plastic overcap. For use with perfume or fragrance oil, essential oils, aromatic oils and aromatherapy.",https://www.bestbottles.com/images/store/caps/17-415SpMattSl.png,fine mist sprayer with black trim and plastic overcap,Refillable Glass Bottles with Fine Mist Sprayers,9 ml (0.3 oz),98 ±1 mm,70 ±1 mm,,,17-415,0.88,0.84,0.79,2880pc: $0.69,https://www.bestbottles.com/product/cylinder-design-9-ml-clear-glass-bottle-sprayer-black-trim-and-cap?video=true
GBCylBlu9SpryBlk,"cylinder design 9ml, blue glass bottle with sprayer and shiny black trim. Fine mist sprayer for use with perfumes and colognes. Refillable, classic style bottle good for promotions and decants.",https://www.bestbottles.com/images/store/caps/17-415SpTur.png,,Refillable Glass Bottles with Fine Mist Sprayers,9 ml (0.3 oz),96 ±1 mm,70 ±1 mm,,,17-415,0.93,0.88,0.84,2880pc: $0.73,https://www.bestbottles.com/product/cylinder-design-9-ml-cobalt-blue-glass-bottle-sprayer-black-trim-and-cap
GBCylBlu9SpryBlk,"cylinder design 9ml, blue glass bottle with sprayer and shiny black trim. Fine mist sprayer for use with perfumes and colognes. Refillable, classic style bottle good for promotions and decants.",https://www.bestbottles.com/images/store/caps/17-415SpTur.png,,Refillable Glass Bottles with Fine Mist Sprayers,9 ml (0.3 oz),96 ±1 mm,70 ±1 mm,,,17-415,0.93,0.88,0.84,2880pc: $0.73,https://www.bestbottles.com/product/cylinder-design-9-ml-cobalt-blue-glass-bottle-sprayer-black-trim-and-cap?video=true
GBCylFrst9SpryBlk,"Cylinder design 9ml,1/3 oz frosted glass bottle with fine mist sprayer with black trim and plastic overcap. For use with perfume or fragrance oil, essential oils, aromatic oils and aromatherapy.",https://www.bestbottles.com/images/store/caps/17-415SpGl.png,fine mist sprayer with black trim and plastic overcap,Refillable Glass Bottles with Fine Mist Sprayers,9 ml (0.3 oz),94 ±1 mm,74 ±1 mm,,,17-415,0.98,0.93,0.88,2880pc: $0.76,https://www.bestbottles.com/product/cylinder-design-9-ml-frosted-glass-bottle-sprayer-black-trim-and-cap
GBCylFrst9SpryBlk,"Cylinder design 9ml,1/3 oz frosted glass bottle with fine mist sprayer with black trim and plastic overcap. For use with perfume or fragrance oil, essential oils, aromatic oils and aromatherapy.",https://www.bestbottles.com/images/store/caps/17-415SpGl.png,fine mist sprayer with black trim and plastic overcap,Refillable Glass Bottles with Fine Mist Sprayers,9 ml (0.3 oz),94 ±1 mm,74 ±1 mm,,,17-415,0.98,0.93,0.88,2880pc: $0.76,https://www.bestbottles.com/product/cylinder-design-9-ml-frosted-glass-bottle-sprayer-black-trim-and-cap?video=true
GBCylSwrl9SpryBlk,"Cylinder swirl design 9ml,1/3 oz glass bottle with fine mist sprayer with black trim and plastic overcap. For use with perfume or fragrance oil, essential oils, aromatic oils and aromatherapy.",https://www.bestbottles.com/images/store/caps/17-415SpGl.png,fine mist sprayer with black trim and plastic overcap,Refillable Glass Bottles with Fine Mist Sprayers,9 ml (0.3 oz),98 ±1 mm,74 ±1 mm,,,17-415,1.00,0.95,0.90,2880pc: $0.78,https://www.bestbottles.com/product/cylinder-design-9-ml-swirl-glass-bottle-sprayer-black-trim-and-cap
GBCylSwrl9SpryBlk,"Cylinder swirl design 9ml,1/3 oz glass bottle with fine mist sprayer with black trim and plastic overcap. For use with perfume or fragrance oil, essential oils, aromatic oils and aromatherapy.",https://www.bestbottles.com/images/store/caps/17-415SpGl.png,fine mist sprayer with black trim and plastic overcap,Refillable Glass Bottles with Fine Mist Sprayers,9 ml (0.3 oz),98 ±1 mm,74 ±1 mm,,,17-415,1.00,0.95,0.90,2880pc: $0.78,https://www.bestbottles.com/product/cylinder-design-9-ml-swirl-glass-bottle-sprayer-black-trim-and-cap?video=true
GBDmnd2ozAnSpBlk,"Diamond design 60ml, 2 ounce  clear glass bottle  with black vintage style bulb sprayer with shiny silver collar cap. For use with cologne, Eau de Parfum, air freshner, face and body spray, or room spray.  Antique or vintage bulb sprayers enhance the beau",https://www.bestbottles.com/images/store/caps/18-415SpAnSpBulbBlk.png,black vintage style bulb sprayer with shiny silver collar cap,Antique Style Bulb Spray Bottles,60 ml (2.03 oz),115 ±2 mm,88 ±1 mm,41 ±0.5 mm Neck Thread Size: 18-415,,18-415,5.75,5.46,5.18,960pc: $4.49,https://www.bestbottles.com/product/diamond-design-2-oz-glass-bottle-black-vintage-style-bulb-sprayer-shiny-silver-collar-cap
GBDmnd2ozAnSpBlk,"Diamond design 60ml, 2 ounce  clear glass bottle  with black vintage style bulb sprayer with shiny silver collar cap. For use with cologne, Eau de Parfum, air freshner, face and body spray, or room spray.  Antique or vintage bulb sprayers enhance the beau",https://www.bestbottles.com/images/store/caps/18-415SpAnSpBulbBlk.png,black vintage style bulb sprayer with shiny silver collar cap,Antique Style Bulb Spray Bottles,60 ml (2.03 oz),115 ±2 mm,88 ±1 mm,41 ±0.5 mm Neck Thread Size: 18-415,,18-415,5.75,5.46,5.18,960pc: $4.49,https://www.bestbottles.com/product/diamond-design-2-oz-glass-bottle-black-vintage-style-bulb-sprayer-shiny-silver-collar-cap?video=true
GBDmnd2ozAnSpTslBlk,"Diamond design 60ml, 2 ounce  clear glass bottle  with Black vintage style bulb sprayer with tassel with shiny silver collar cap. For use with cologne, Eau de Parfum, air freshner, face and body spray, or room spray.  Antique or vintage bulb sprayers enha",https://www.bestbottles.com/images/store/caps/18-415SpAnSpTslBlk.png,Black vintage style bulb sprayer with tassel with shiny silver collar cap,Antique Style Bulb Spray Bottles,60 ml (2.03 oz),110 ±2 mm,88 ±1 mm,41 ±0.5 mm Neck Thread Size: 18-415,,18-415,6.50,6.18,5.85,960pc: $5.07,https://www.bestbottles.com/product/diamond-design-2-oz-glass-bottle-black-vintage-style-sprayer-with-tassel-shiny-silver-collar
GBDmnd2ozAnSpTslBlk,"Diamond design 60ml, 2 ounce  clear glass bottle  with Black vintage style bulb sprayer with tassel with shiny silver collar cap. For use with cologne, Eau de Parfum, air freshner, face and body spray, or room spray.  Antique or vintage bulb sprayers enha",https://www.bestbottles.com/images/store/caps/18-415SpAnSpTslBlk.png,Black vintage style bulb sprayer with tassel with shiny silver collar cap,Antique Style Bulb Spray Bottles,60 ml (2.03 oz),110 ±2 mm,88 ±1 mm,41 ±0.5 mm Neck Thread Size: 18-415,,18-415,6.50,6.18,5.85,960pc: $5.07,https://www.bestbottles.com/product/diamond-design-2-oz-glass-bottle-black-vintage-style-sprayer-with-tassel-shiny-silver-collar?video=true
GBDmnd2ozSpryCu,"Diamond design 60ml, 2 ounce  clear glass bottle  with matte copper spray pump. For use with cologne, Eau de Parfum, air freshner, face and body spray, or room spray. A classic, multi-faceted bottle.",https://www.bestbottles.com/images/store/caps/18-415SpShnGl.png,matte copper spray pump,Classic Perfume Spray Glass Bottles,60 ml (2.03 oz),114 ±2 mm,88 ±1 mm,41 ±0.5 mm Neck Thread Size: 18-415,,18-415,2.90,2.76,2.61,960pc: $2.26,https://www.bestbottles.com/product/diamond-design-2-oz-glass-bottle-matte-copper-spray-and-cap
GBDmnd2ozSpryCu,"Diamond design 60ml, 2 ounce  clear glass bottle  with matte copper spray pump. For use with cologne, Eau de Parfum, air freshner, face and body spray, or room spray. A classic, multi-faceted bottle.",https://www.bestbottles.com/images/store/caps/18-415SpShnGl.png,matte copper spray pump,Classic Perfume Spray Glass Bottles,60 ml (2.03 oz),114 ±2 mm,88 ±1 mm,41 ±0.5 mm Neck Thread Size: 18-415,,18-415,2.90,2.76,2.61,960pc: $2.26,https://www.bestbottles.com/product/diamond-design-2-oz-glass-bottle-matte-copper-spray-and-cap?video=true
GBDiva100AnSpBlk,"Diva design 100 ml, 3 1/2oz  clear glass bottle  with black vintage style bulb sprayer with shiny silver collar cap. For use with cologne, Eau de Parfum, air freshner, face and body spray, or room spray.  Antique or vintage bulb sprayers enhance the beaut",https://www.bestbottles.com/images/store/caps/18-415SpAnSpBulbMtSl.png,black vintage style bulb sprayer with shiny silver collar cap,Antique Style Bulb Spray Bottles,100 ml (3.38 oz),140 ±2 mm,113 ±2 mm,,,18-415,6.30,5.99,5.67,1050pc: $4.91,https://www.bestbottles.com/product/diva-design-100-ml-glass-bottle-black-vintage-style-bulb-sprayer-shiny-silver-collar-cap
GBDiva100AnSpBlk,"Diva design 100 ml, 3 1/2oz  clear glass bottle  with black vintage style bulb sprayer with shiny silver collar cap. For use with cologne, Eau de Parfum, air freshner, face and body spray, or room spray.  Antique or vintage bulb sprayers enhance the beaut",https://www.bestbottles.com/images/store/caps/18-415SpAnSpBulbMtSl.png,black vintage style bulb sprayer with shiny silver collar cap,Antique Style Bulb Spray Bottles,100 ml (3.38 oz),140 ±2 mm,113 ±2 mm,,,18-415,6.30,5.99,5.67,1050pc: $4.91,https://www.bestbottles.com/product/diva-design-100-ml-glass-bottle-black-vintage-style-bulb-sprayer-shiny-silver-collar-cap?video=true
GBDiva100AnSpTslBlk,"Diva design 100 ml, 3 1/2oz  clear glass bottle  with Black vintage style bulb sprayer with tassel with shiny silver collar cap. For use with cologne, Eau de Parfum, air freshner, face and body spray, or room spray.  Antique or vintage bulb sprayers enhan",https://www.bestbottles.com/images/store/caps/18-415SpAnSpTslWhite.png,Black vintage style bulb sprayer with tassel with shiny silver collar cap,Antique Style Bulb Spray Bottles,100 ml (3.38 oz),135 ±2 mm,113 ±2 mm,,,18-415,7.05,6.70,6.35,1050pc: $5.50,https://www.bestbottles.com/product/diva-design-100-ml-glass-bottle-black-vintage-style-sprayer-with-tassel-shiny-silver-collar
GBDiva100AnSpTslBlk,"Diva design 100 ml, 3 1/2oz  clear glass bottle  with Black vintage style bulb sprayer with tassel with shiny silver collar cap. For use with cologne, Eau de Parfum, air freshner, face and body spray, or room spray.  Antique or vintage bulb sprayers enhan",https://www.bestbottles.com/images/store/caps/18-415SpAnSpTslWhite.png,Black vintage style bulb sprayer with tassel with shiny silver collar cap,Antique Style Bulb Spray Bottles,100 ml (3.38 oz),135 ±2 mm,113 ±2 mm,,,18-415,7.05,6.70,6.35,1050pc: $5.50,https://www.bestbottles.com/product/diva-design-100-ml-glass-bottle-black-vintage-style-sprayer-with-tassel-shiny-silver-collar?video=true
GBDiva100SpryCu,"Diva design 100 ml, 3 1/2oz  clear glass bottle  with matte copper spray pump. For use with cologne, Eau de Parfum, air freshner, face and body spray, or room spray. Our Classic Diva bottle family is available in 30ml, 46ml and 100ml.",https://www.bestbottles.com/images/store/caps/18-415SpMattGl.png,matte copper spray pump,Classic Perfume Spray Glass Bottles,100 ml (3.38 oz),138 ±2 mm,113 ±2 mm,,,18-415,3.45,3.28,3.11,1050pc: $2.69,https://www.bestbottles.com/product/diva-design-100-ml-glass-bottle-matte-copper-spray-and-cap
GBDiva100SpryCu,"Diva design 100 ml, 3 1/2oz  clear glass bottle  with matte copper spray pump. For use with cologne, Eau de Parfum, air freshner, face and body spray, or room spray. Our Classic Diva bottle family is available in 30ml, 46ml and 100ml.",https://www.bestbottles.com/images/store/caps/18-415SpMattGl.png,matte copper spray pump,Classic Perfume Spray Glass Bottles,100 ml (3.38 oz),138 ±2 mm,113 ±2 mm,,,18-415,3.45,3.28,3.11,1050pc: $2.69,https://www.bestbottles.com/product/diva-design-100-ml-glass-bottle-matte-copper-spray-and-cap?video=true
GBDiva30AnSpBlk,"Diva design 30 ml, 1oz  clear glass bottle  with black vintage style bulb sprayer with shiny silver collar cap. For use with cologne, Eau de Parfum, air freshner, face and body spray, or room spray.  Antique or vintage bulb sprayers enhance the beauty of",https://www.bestbottles.com/images/store/caps/18-415SpAnSpBulbMtSl.png,black vintage style bulb sprayer with shiny silver collar cap,Antique Style Bulb Spray Bottles,30 ml (1.01 oz),109 ±2 mm,81 ±1 mm,,,18-415,5.90,5.61,5.31,1760pc: $4.60,https://www.bestbottles.com/product/diva-design-30-ml-glass-bottle-black-vintage-style-bulb-sprayer-shiny-silver-collar-cap
GBDiva30AnSpBlk,"Diva design 30 ml, 1oz  clear glass bottle  with black vintage style bulb sprayer with shiny silver collar cap. For use with cologne, Eau de Parfum, air freshner, face and body spray, or room spray.  Antique or vintage bulb sprayers enhance the beauty of",https://www.bestbottles.com/images/store/caps/18-415SpAnSpBulbMtSl.png,black vintage style bulb sprayer with shiny silver collar cap,Antique Style Bulb Spray Bottles,30 ml (1.01 oz),109 ±2 mm,81 ±1 mm,,,18-415,5.90,5.61,5.31,1760pc: $4.60,https://www.bestbottles.com/product/diva-design-30-ml-glass-bottle-black-vintage-style-bulb-sprayer-shiny-silver-collar-cap?video=true
GBDiva30SpryCu,"Diva design 30 ml, 1oz  clear glass bottle  with matte copper spray pump. For use with cologne, Eau de Parfum, air freshner, face and body spray, or room spray. Our Classic Diva bottle family is available in 30ml, 46ml and 100ml.",https://www.bestbottles.com/images/store/caps/18-415SpMattGl.png,matte copper spray pump,Classic Perfume Spray Glass Bottles,30 ml (1.01 oz),104 ±2 mm,81 ±1 mm,,,18-415,3.05,2.90,2.75,1760pc: $2.38,https://www.bestbottles.com/product/diva-design-30-ml-glass-bottle-matte-copper-spray-and-cap
GBDiva30SpryCu,"Diva design 30 ml, 1oz  clear glass bottle  with matte copper spray pump. For use with cologne, Eau de Parfum, air freshner, face and body spray, or room spray. Our Classic Diva bottle family is available in 30ml, 46ml and 100ml.",https://www.bestbottles.com/images/store/caps/18-415SpMattGl.png,matte copper spray pump,Classic Perfume Spray Glass Bottles,30 ml (1.01 oz),104 ±2 mm,81 ±1 mm,,,18-415,3.05,2.90,2.75,1760pc: $2.38,https://www.bestbottles.com/product/diva-design-30-ml-glass-bottle-matte-copper-spray-and-cap?video=true
GBDivaFrst46AnSpBlk,"Diva design 46 ml, 1.64oz frosted glass bottle with black vintage style bulb sprayer with shiny silver collar cap. For use with cologne, Eau de Parfum, air freshner, face and body spray, or room spray.  Antique or vintage bulb sprayers enhance the beauty",https://www.bestbottles.com/images/store/caps/18-415SpAnSpBulbLvn.png,black vintage style bulb sprayer with shiny silver collar cap,Antique Style Bulb Spray Bottles,46 ml (1.56 oz),115 ±2 mm,89 ±1 mm,,,18-415,6.60,6.27,5.94,1500pc: $5.15,https://www.bestbottles.com/product/diva-design-46-ml-frosted-glass-bottle-black-vintage-style-bulb-sprayer-shiny-silver-collar-cap
GBDivaFrst46AnSpBlk,"Diva design 46 ml, 1.64oz frosted glass bottle with black vintage style bulb sprayer with shiny silver collar cap. For use with cologne, Eau de Parfum, air freshner, face and body spray, or room spray.  Antique or vintage bulb sprayers enhance the beauty",https://www.bestbottles.com/images/store/caps/18-415SpAnSpBulbLvn.png,black vintage style bulb sprayer with shiny silver collar cap,Antique Style Bulb Spray Bottles,46 ml (1.56 oz),115 ±2 mm,89 ±1 mm,,,18-415,6.60,6.27,5.94,1500pc: $5.15,https://www.bestbottles.com/product/diva-design-46-ml-frosted-glass-bottle-black-vintage-style-bulb-sprayer-shiny-silver-collar-cap?video=true
GBDivaFrst46AnSpTslBlk,"Diva design 46 ml, 1.64oz frosted glass bottle with Black vintage style bulb sprayer with tassel with shiny silver collar cap. For use with cologne, Eau de Parfum, air freshner, face and body spray, or room spray.  Antique or vintage bulb sprayers enhance",https://www.bestbottles.com/images/store/caps/18-415SpAnSpTslLvn.png,Black vintage style bulb sprayer with tassel with shiny silver collar cap,Antique Style Bulb Spray Bottles,46 ml (1.56 oz),111 ±2 mm,89 ±1 mm,,,18-415,7.35,6.98,6.62,1500pc: $5.73,https://www.bestbottles.com/product/diva-design-46-ml-frosted-glass-bottle-black-vintage-style-sprayer-with-tassel-shiny-silver-collar-ring
GBDivaFrst46AnSpTslBlk,"Diva design 46 ml, 1.64oz frosted glass bottle with Black vintage style bulb sprayer with tassel with shiny silver collar cap. For use with cologne, Eau de Parfum, air freshner, face and body spray, or room spray.  Antique or vintage bulb sprayers enhance",https://www.bestbottles.com/images/store/caps/18-415SpAnSpTslLvn.png,Black vintage style bulb sprayer with tassel with shiny silver collar cap,Antique Style Bulb Spray Bottles,46 ml (1.56 oz),111 ±2 mm,89 ±1 mm,,,18-415,7.35,6.98,6.62,1500pc: $5.73,https://www.bestbottles.com/product/diva-design-46-ml-frosted-glass-bottle-black-vintage-style-sprayer-with-tassel-shiny-silver-collar-ring?video=true
GBDivaFrst46SpryCu,"Diva design 46 ml, 1.64oz frosted glass bottle with matte copper spray pump. For use with cologne, Eau de Parfum, air freshner, face and body spray, or room spray. Our Classic Diva bottle family is available in 30ml, 46ml and 100ml.",https://www.bestbottles.com/images/store/caps/18-415SpMattGl.png,matte copper spray pump,Classic Perfume Spray Glass Bottles,46 ml (1.56 oz),114 ±2 mm,89 ±1 mm,,,18-415,3.75,3.56,3.38,1500pc: $2.93,https://www.bestbottles.com/product/diva-design-46-ml-frosted-glass-bottle-matte-copper-spray-and-cap
GBDivaFrst46SpryCu,"Diva design 46 ml, 1.64oz frosted glass bottle with matte copper spray pump. For use with cologne, Eau de Parfum, air freshner, face and body spray, or room spray. Our Classic Diva bottle family is available in 30ml, 46ml and 100ml.",https://www.bestbottles.com/images/store/caps/18-415SpMattGl.png,matte copper spray pump,Classic Perfume Spray Glass Bottles,46 ml (1.56 oz),114 ±2 mm,89 ±1 mm,,,18-415,3.75,3.56,3.38,1500pc: $2.93,https://www.bestbottles.com/product/diva-design-46-ml-frosted-glass-bottle-matte-copper-spray-and-cap?video=true
GBDiva46AnSpBlk,"Diva design 46 ml, 1.64oz  clear glass bottle  with black vintage style bulb sprayer with shiny silver collar cap. For use with cologne, Eau de Parfum, air freshner, face and body spray, or room spray.  Antique or vintage bulb sprayers enhance the beauty",https://www.bestbottles.com/images/store/caps/18-415SpAnSpBulbLvn.png,black vintage style bulb sprayer with shiny silver collar cap,Antique Style Bulb Spray Bottles,46 ml (1.56 oz),115 ±2 mm,89 ±1 mm,,,18-415,6.10,5.80,5.49,1500pc: $4.76,https://www.bestbottles.com/product/diva-design-46-ml-glass-bottle-black-vintage-style-bulb-sprayer-shiny-silver-collar-cap
GBDiva46AnSpBlk,"Diva design 46 ml, 1.64oz  clear glass bottle  with black vintage style bulb sprayer with shiny silver collar cap. For use with cologne, Eau de Parfum, air freshner, face and body spray, or room spray.  Antique or vintage bulb sprayers enhance the beauty",https://www.bestbottles.com/images/store/caps/18-415SpAnSpBulbLvn.png,black vintage style bulb sprayer with shiny silver collar cap,Antique Style Bulb Spray Bottles,46 ml (1.56 oz),115 ±2 mm,89 ±1 mm,,,18-415,6.10,5.80,5.49,1500pc: $4.76,https://www.bestbottles.com/product/diva-design-46-ml-glass-bottle-black-vintage-style-bulb-sprayer-shiny-silver-collar-cap?video=true
GBDiva46AnSpBlkRng,"Diva design 46 ml, 1.64oz clear glass bottle with black vintage style bulb sprayer with shiny silver collar cap and jeweled silver ring. For use with cologne, Eau de Parfum, air freshner, face and body spray, or room spray. Antique or vintage bulb sprayer",https://www.bestbottles.com/images/store/caps/18-415SpAnSpBulbBlk.png,black vintage style bulb sprayer with shiny silver collar cap,Antique Style Bulb Spray Bottles,46 ml (1.56 oz),115 ±2 mm,89 ±1 mm,,,18-415,7.10,6.75,6.39,1500pc: $5.54,https://www.bestbottles.com/product/diva-design-46-ml-glass-bottle-black-vintage-style-sprayer-with-shiny-silver-collar-ring
GBDiva46AnSpBlkRng,"Diva design 46 ml, 1.64oz clear glass bottle with black vintage style bulb sprayer with shiny silver collar cap and jeweled silver ring. For use with cologne, Eau de Parfum, air freshner, face and body spray, or room spray. Antique or vintage bulb sprayer",https://www.bestbottles.com/images/store/caps/18-415SpAnSpBulbBlk.png,black vintage style bulb sprayer with shiny silver collar cap,Antique Style Bulb Spray Bottles,46 ml (1.56 oz),115 ±2 mm,89 ±1 mm,,,18-415,7.10,6.75,6.39,1500pc: $5.54,https://www.bestbottles.com/product/diva-design-46-ml-glass-bottle-black-vintage-style-sprayer-with-shiny-silver-collar-ring?video=true
GBDiva46AnSpTslBlk,"Diva design 46 ml, 1.64oz  clear glass bottle  with black vintage style bulb sprayer with tassel with shiny silver collar cap. For use with cologne, Eau de Parfum, air freshner, face and body spray, or room spray.  Antique or vintage bulb sprayers enhance",https://www.bestbottles.com/images/store/caps/18-415SpAnSpTslBlk.png,black vintage style bulb sprayer with tassel with shiny silver collar cap,Antique Style Bulb Spray Bottles,46 ml (1.56 oz),111 ±2 mm,89 ±1 mm,,,18-415,6.85,6.51,6.17,1500pc: $5.34,https://www.bestbottles.com/product/diva-design-46-ml-glass-bottle-black-vintage-style-sprayer-with-tassel-shiny-silver-collar
GBDiva46AnSpTslBlkRng,"Diva design 46 ml, 1.64oz  clear glass bottle  with black vintage style bulb sprayer with tassel with shiny silver collar cap and jeweled silver ring. For use with cologne, Eau de Parfum, air freshner, face and body spray, or room spray.  Antique or vinta",https://www.bestbottles.com/images/store/caps/18-415SpAnSpTslBlk.png,black vintage style bulb sprayer with tassel with shiny silver collar cap,Antique Style Bulb Spray Bottles,46 ml (1.56 oz),111 ±2 mm,89 ±1 mm,,,18-415,7.85,7.46,7.07,1500pc: $6.12,https://www.bestbottles.com/product/diva-design-46-ml-glass-bottle-black-vintage-style-sprayer-with-tassel-shiny-silver-collar-ring
GBDiva46AnSpTslBlkRng,"Diva design 46 ml, 1.64oz  clear glass bottle  with black vintage style bulb sprayer with tassel with shiny silver collar cap and jeweled silver ring. For use with cologne, Eau de Parfum, air freshner, face and body spray, or room spray.  Antique or vinta",https://www.bestbottles.com/images/store/caps/18-415SpAnSpTslBlk.png,black vintage style bulb sprayer with tassel with shiny silver collar cap,Antique Style Bulb Spray Bottles,46 ml (1.56 oz),111 ±2 mm,89 ±1 mm,,,18-415,7.85,7.46,7.07,1500pc: $6.12,https://www.bestbottles.com/product/diva-design-46-ml-glass-bottle-black-vintage-style-sprayer-with-tassel-shiny-silver-collar-ring?video=true
GBDiva46AnSpTslBlk,"Diva design 46 ml, 1.64oz  clear glass bottle  with black vintage style bulb sprayer with tassel with shiny silver collar cap. For use with cologne, Eau de Parfum, air freshner, face and body spray, or room spray.  Antique or vintage bulb sprayers enhance",https://www.bestbottles.com/images/store/caps/18-415SpAnSpTslBlk.png,black vintage style bulb sprayer with tassel with shiny silver collar cap,Antique Style Bulb Spray Bottles,46 ml (1.56 oz),111 ±2 mm,89 ±1 mm,,,18-415,6.85,6.51,6.17,1500pc: $5.34,https://www.bestbottles.com/product/diva-design-46-ml-glass-bottle-black-vintage-style-sprayer-with-tassel-shiny-silver-collar?video=true
GBDiva46SpryCu,"Diva design 46 ml, 1.64oz  clear glass bottle  with matte copper spray pump. For use with cologne, Eau de Parfum, air freshner, face and body spray, or room spray. Our Classic Diva bottle family is available in 30ml, 46ml and 100ml.",https://www.bestbottles.com/images/store/caps/18-415SpMattGl.png,matte copper spray pump,Classic Perfume Spray Glass Bottles,46 ml (1.56 oz),114 ±2 mm,89 ±1 mm,,,18-415,3.25,3.09,2.93,1500pc: $2.54,https://www.bestbottles.com/product/diva-design-46-ml-glass-bottle-matte-copper-spray-and-cap
GBDiva46SpryCu,"Diva design 46 ml, 1.64oz  clear glass bottle  with matte copper spray pump. For use with cologne, Eau de Parfum, air freshner, face and body spray, or room spray. Our Classic Diva bottle family is available in 30ml, 46ml and 100ml.",https://www.bestbottles.com/images/store/caps/18-415SpMattGl.png,matte copper spray pump,Classic Perfume Spray Glass Bottles,46 ml (1.56 oz),114 ±2 mm,89 ±1 mm,,,18-415,3.25,3.09,2.93,1500pc: $2.54,https://www.bestbottles.com/product/diva-design-46-ml-glass-bottle-matte-copper-spray-and-cap?video=true
GBElgFrst100AnSpBlk,"Elegant design 100 ml, 3 1/2oz frosted glass bottle with black vintage style bulb sprayer with shiny silver collar cap. For use with cologne, Eau de Parfum, air freshner, face and body spray, or room spray.  Antique or vintage bulb sprayers enhance the be",https://www.bestbottles.com/images/store/caps/18-415SpAnSpBulbBlk.png,black vintage style bulb sprayer with shiny silver collar cap,Antique Style Bulb Spray Bottles,100 ml (3.38 oz),137 ±2 mm,109 ±2 mm,61 ±1 mm,30 ±0.5 mm,18-415,6.65,6.32,5.99,1120pc: $5.19,https://www.bestbottles.com/product/elegant-design-105-ml-frosted-glass-bottle-black-vintage-style-bulb-sprayer-shiny-silver-collar-cap
GBElgFrst100AnSpBlk,"Elegant design 100 ml, 3 1/2oz frosted glass bottle with black vintage style bulb sprayer with shiny silver collar cap. For use with cologne, Eau de Parfum, air freshner, face and body spray, or room spray.  Antique or vintage bulb sprayers enhance the be",https://www.bestbottles.com/images/store/caps/18-415SpAnSpBulbBlk.png,black vintage style bulb sprayer with shiny silver collar cap,Antique Style Bulb Spray Bottles,100 ml (3.38 oz),137 ±2 mm,109 ±2 mm,61 ±1 mm,30 ±0.5 mm,18-415,6.65,6.32,5.99,1120pc: $5.19,https://www.bestbottles.com/product/elegant-design-105-ml-frosted-glass-bottle-black-vintage-style-bulb-sprayer-shiny-silver-collar-cap?video=true
GBElgFrst100AnSpTslBlk,"Elegant design 100 ml, 3 1/2oz frosted glass bottle with Black vintage style bulb sprayer with tassel with shiny silver collar cap. For use with cologne, Eau de Parfum, air freshner, face and body spray, or room spray.  Antique or vintage bulb sprayers en",https://www.bestbottles.com/images/store/caps/18-415SpAnSpTslBlk.png,Black vintage style bulb sprayer with tassel with shiny silver collar cap,Antique Style Bulb Spray Bottles,100 ml (3.38 oz),131 ±2 mm,109 ±2 mm,61 ±1 mm,30 ±0.5 mm,18-415,7.40,7.03,6.66,1120pc: $5.77,https://www.bestbottles.com/product/elegant-design-105-ml-frosted-glass-bottle-black-vintage-style-sprayer-with-tassel-shiny-silver-collar
GBElgFrst100AnSpTslBlk,"Elegant design 100 ml, 3 1/2oz frosted glass bottle with Black vintage style bulb sprayer with tassel with shiny silver collar cap. For use with cologne, Eau de Parfum, air freshner, face and body spray, or room spray.  Antique or vintage bulb sprayers en",https://www.bestbottles.com/images/store/caps/18-415SpAnSpTslBlk.png,Black vintage style bulb sprayer with tassel with shiny silver collar cap,Antique Style Bulb Spray Bottles,100 ml (3.38 oz),131 ±2 mm,109 ±2 mm,61 ±1 mm,30 ±0.5 mm,18-415,7.40,7.03,6.66,1120pc: $5.77,https://www.bestbottles.com/product/elegant-design-105-ml-frosted-glass-bottle-black-vintage-style-sprayer-with-tassel-shiny-silver-collar?video=true
GBElgFrst100SpryCu,"Elegant design 100 ml, 3 1/2oz frosted glass bottle with matte copper spray pump. For use with cologne, Eau de Parfum, air freshner, face and body spray, or room spray.  Elegant bottle is a family of bottles available in 5ml, 15ml, 30ml, 60ml and 100ml. P",https://www.bestbottles.com/images/store/caps/18-415SpBlk.png,matte copper spray pump,Classic Perfume Spray Glass Bottles,100 ml (3.38 oz),135 ±2 mm,109 ±2 mm,61 ±1 mm,30 ±0.5 mm,18-415,3.80,3.61,3.42,1120pc: $2.96,https://www.bestbottles.com/product/elegant-design-105-ml-frosted-glass-bottle-matte-copper-spray-and-cap
GBElgFrst100SpryCu,"Elegant design 100 ml, 3 1/2oz frosted glass bottle with matte copper spray pump. For use with cologne, Eau de Parfum, air freshner, face and body spray, or room spray.  Elegant bottle is a family of bottles available in 5ml, 15ml, 30ml, 60ml and 100ml. P",https://www.bestbottles.com/images/store/caps/18-415SpBlk.png,matte copper spray pump,Classic Perfume Spray Glass Bottles,100 ml (3.38 oz),135 ±2 mm,109 ±2 mm,61 ±1 mm,30 ±0.5 mm,18-415,3.80,3.61,3.42,1120pc: $2.96,https://www.bestbottles.com/product/elegant-design-105-ml-frosted-glass-bottle-matte-copper-spray-and-cap?video=true
GBElg100AnSpBlk,"Elegant design 100 ml, 3 1/2oz  clear glass bottle  with black vintage style bulb sprayer with shiny silver collar cap. For use with cologne, Eau de Parfum, air freshner, face and body spray, or room spray.  Antique or vintage bulb sprayers enhance the be",https://www.bestbottles.com/images/store/caps/18-415SpAnSpBulbLvn.png,black vintage style bulb sprayer with shiny silver collar cap,Antique Style Bulb Spray Bottles,100 ml (3.38 oz),137 ±2 mm,109 ±2 mm,61 ±1 mm,30 ±0.5 mm,18-415,6.15,5.84,5.54,1120pc: $4.80,https://www.bestbottles.com/product/elegant-design-105-ml-glass-bottle-black-vintage-style-bulb-sprayer-shiny-silver-collar-cap
GBElg100AnSpBlk,"Elegant design 100 ml, 3 1/2oz  clear glass bottle  with black vintage style bulb sprayer with shiny silver collar cap. For use with cologne, Eau de Parfum, air freshner, face and body spray, or room spray.  Antique or vintage bulb sprayers enhance the be",https://www.bestbottles.com/images/store/caps/18-415SpAnSpBulbLvn.png,black vintage style bulb sprayer with shiny silver collar cap,Antique Style Bulb Spray Bottles,100 ml (3.38 oz),137 ±2 mm,109 ±2 mm,61 ±1 mm,30 ±0.5 mm,18-415,6.15,5.84,5.54,1120pc: $4.80,https://www.bestbottles.com/product/elegant-design-105-ml-glass-bottle-black-vintage-style-bulb-sprayer-shiny-silver-collar-cap?video=true
GBElg100AnSpTslBlk,"Elegant design 100 ml, 3 1/2oz  clear glass bottle  with Black vintage style bulb sprayer with tassel with shiny silver collar cap. For use with cologne, Eau de Parfum, air freshner, face and body spray, or room spray.  Antique or vintage bulb sprayers en",https://www.bestbottles.com/images/store/caps/18-415SpAnSpTslLvn.png,Black vintage style bulb sprayer with tassel with shiny silver collar cap,Antique Style Bulb Spray Bottles,100 ml (3.38 oz),131 ±2 mm,109 ±2 mm,61 ±1 mm,30 ±0.5 mm,18-415,6.90,6.56,6.21,1120pc: $5.38,https://www.bestbottles.com/product/elegant-design-105-ml-glass-bottle-black-vintage-style-sprayer-with-tassel-shiny-silver-collar
GBElg100AnSpTslBlk,"Elegant design 100 ml, 3 1/2oz  clear glass bottle  with Black vintage style bulb sprayer with tassel with shiny silver collar cap. For use with cologne, Eau de Parfum, air freshner, face and body spray, or room spray.  Antique or vintage bulb sprayers en",https://www.bestbottles.com/images/store/caps/18-415SpAnSpTslLvn.png,Black vintage style bulb sprayer with tassel with shiny silver collar cap,Antique Style Bulb Spray Bottles,100 ml (3.38 oz),131 ±2 mm,109 ±2 mm,61 ±1 mm,30 ±0.5 mm,18-415,6.90,6.56,6.21,1120pc: $5.38,https://www.bestbottles.com/product/elegant-design-105-ml-glass-bottle-black-vintage-style-sprayer-with-tassel-shiny-silver-collar?video=true
GBElg100SpryCu,"Elegant design 100 ml, 3 1/2oz  clear glass bottle  with matte copper spray pump. For use with cologne, Eau de Parfum, air freshner, face and body spray, or room spray.  Elegant bottle is a family of bottles available in 5ml, 15ml, 30ml, 60ml and 100ml. P",https://www.bestbottles.com/images/store/caps/18-415SpBlk.png,matte copper spray pump,Classic Perfume Spray Glass Bottles,100 ml (3.38 oz),135 ±2 mm,109 ±2 mm,61 ±1 mm,30 ±0.5 mm,18-415,3.30,3.14,2.97,1120pc: $2.57,https://www.bestbottles.com/product/elegant-design-105-ml-glass-bottle-matte-copper-spray-and-cap
GBElg100SpryCu,"Elegant design 100 ml, 3 1/2oz  clear glass bottle  with matte copper spray pump. For use with cologne, Eau de Parfum, air freshner, face and body spray, or room spray.  Elegant bottle is a family of bottles available in 5ml, 15ml, 30ml, 60ml and 100ml. P",https://www.bestbottles.com/images/store/caps/18-415SpBlk.png,matte copper spray pump,Classic Perfume Spray Glass Bottles,100 ml (3.38 oz),135 ±2 mm,109 ±2 mm,61 ±1 mm,30 ±0.5 mm,18-415,3.30,3.14,2.97,1120pc: $2.57,https://www.bestbottles.com/product/elegant-design-105-ml-glass-bottle-matte-copper-spray-and-cap?video=true
GBElgFrst15SpryBlkMatt,"Elegant design 15ml, 1/2oz frosted glass bottle with matte black spray. Fine mist sprayer for use with perfumes and colognes. Refillable, classic style bottle good for promotions and decants.",https://www.bestbottles.com/images/store/caps/13-415SpMattBlk.png,matte black spray,Refillable Glass Bottles with Fine Mist Sprayers,15 ml (0.51 oz),80 ±1 mm,61 ±1 mm,36 ±0.5 mm,18 ±0.5 mm,13-415,1.17,1.11,1.05,1440pc: $0.91,https://www.bestbottles.com/product/elegant-design-15-ml-frosted-glass-bottle-matte-black-spray
GBElgFrst15SpryBlkMatt,"Elegant design 15ml, 1/2oz frosted glass bottle with matte black spray. Fine mist sprayer for use with perfumes and colognes. Refillable, classic style bottle good for promotions and decants.",https://www.bestbottles.com/images/store/caps/13-415SpMattBlk.png,matte black spray,Refillable Glass Bottles with Fine Mist Sprayers,15 ml (0.51 oz),80 ±1 mm,61 ±1 mm,36 ±0.5 mm,18 ±0.5 mm,13-415,1.17,1.11,1.05,1440pc: $0.91,https://www.bestbottles.com/product/elegant-design-15-ml-frosted-glass-bottle-matte-black-spray?video=true
GBElg15SpryBlkMatt,"Elegant design 15ml, 1/2oz Clear glass bottle with matte black spray. Fine mist sprayer for use with perfumes and colognes. Refillable, classic style bottle good for promotions and decants.",https://www.bestbottles.com/images/store/caps/13-415SpShnBlk.png,matte black spray,Refillable Glass Bottles with Fine Mist Sprayers,15 ml (0.51 oz),80 ±1 mm,61 ±1 mm,36 ±0.5 mm,18 ±0.5 mm,13-415,1.09,1.04,0.98,1440pc: $0.85,https://www.bestbottles.com/product/elegant-design-15-ml-glass-bottle-matte-black-spray
GBElg15SpryBlkMatt,"Elegant design 15ml, 1/2oz Clear glass bottle with matte black spray. Fine mist sprayer for use with perfumes and colognes. Refillable, classic style bottle good for promotions and decants.",https://www.bestbottles.com/images/store/caps/13-415SpShnBlk.png,matte black spray,Refillable Glass Bottles with Fine Mist Sprayers,15 ml (0.51 oz),80 ±1 mm,61 ±1 mm,36 ±0.5 mm,18 ±0.5 mm,13-415,1.09,1.04,0.98,1440pc: $0.85,https://www.bestbottles.com/product/elegant-design-15-ml-glass-bottle-matte-black-spray?video=true
GBElg30SpryBlk,"Elegant design 30 ml, clear glass bottle with sprayer and black cap. For use with cologne, perfume, air freshner, face and body spray, or room spray. Classic, Elegant design is a family of bottles availabel in many sizes.",https://www.bestbottles.com/images/store/caps/15-415SpShnGl.png,sprayer and black cap,Classic Perfume Spray Glass Bottles,30 ml (1.01 oz),100 ±1 mm,,44 ±0.5 mm,22 ±0.5 mm,15-415,2.25,2.14,2.03,1800pc: $1.76,https://www.bestbottles.com/product/elegant-design-30-ml-clear-glass-bottle-sprayer-black-cap
GBElg30SpryBlk,"Elegant design 30 ml, clear glass bottle with sprayer and black cap. For use with cologne, perfume, air freshner, face and body spray, or room spray. Classic, Elegant design is a family of bottles availabel in many sizes.",https://www.bestbottles.com/images/store/caps/15-415SpShnGl.png,sprayer and black cap,Classic Perfume Spray Glass Bottles,30 ml (1.01 oz),100 ±1 mm,,44 ±0.5 mm,22 ±0.5 mm,15-415,2.25,2.14,2.03,1800pc: $1.76,https://www.bestbottles.com/product/elegant-design-30-ml-clear-glass-bottle-sprayer-black-cap?video=true
GBElgFrst30SpryBlk,"Elegant design 30 ml, Frosted glass bottle with sprayer and black cap. For use with cologne, perfume, air freshner, face and body spray, or room spray. Classic, Elegant design is a family of bottles availabel in many sizes.",https://www.bestbottles.com/images/store/caps/15-415SpShnGl.png,sprayer and black cap,Classic Perfume Spray Glass Bottles,30 ml (1.01 oz),100 ±1 mm,,44 ±0.5 mm,22 ±0.5 mm,15-415,2.75,2.61,2.48,1800pc: $2.15,https://www.bestbottles.com/product/elegant-design-30-ml-frosted-glass-bottle-sprayer-black-cap
GBElgFrst30SpryBlk,"Elegant design 30 ml, Frosted glass bottle with sprayer and black cap. For use with cologne, perfume, air freshner, face and body spray, or room spray. Classic, Elegant design is a family of bottles availabel in many sizes.",https://www.bestbottles.com/images/store/caps/15-415SpShnGl.png,sprayer and black cap,Classic Perfume Spray Glass Bottles,30 ml (1.01 oz),100 ±1 mm,,44 ±0.5 mm,22 ±0.5 mm,15-415,2.75,2.61,2.48,1800pc: $2.15,https://www.bestbottles.com/product/elegant-design-30-ml-frosted-glass-bottle-sprayer-black-cap?video=true
GBElgFrst60AnSpBlk,"Elegant design 60 ml, 2oz frosted glass bottle with black vintage style bulb sprayer with shiny silver collar cap. For use with cologne, Eau de Parfum, air freshner, face and body spray, or room spray.  Antique or vintage bulb sprayers enhance the beauty",https://www.bestbottles.com/images/store/caps/18-415SpAnSpBulbBlk.png,black vintage style bulb sprayer with shiny silver collar cap,Antique Style Bulb Spray Bottles,60 ml (2.03 oz),112 ±2 mm,86 ±1 mm,54 ±1 mm,27 ±0.5 mm,18-415,6.10,5.80,5.49,1120pc: $4.76,https://www.bestbottles.com/product/elegant-design-60-ml-frosted-glass-bottle-black-vintage-style-bulb-sprayer-shiny-silver-collar-cap
GBElgFrst60AnSpBlk,"Elegant design 60 ml, 2oz frosted glass bottle with black vintage style bulb sprayer with shiny silver collar cap. For use with cologne, Eau de Parfum, air freshner, face and body spray, or room spray.  Antique or vintage bulb sprayers enhance the beauty",https://www.bestbottles.com/images/store/caps/18-415SpAnSpBulbBlk.png,black vintage style bulb sprayer with shiny silver collar cap,Antique Style Bulb Spray Bottles,60 ml (2.03 oz),112 ±2 mm,86 ±1 mm,54 ±1 mm,27 ±0.5 mm,18-415,6.10,5.80,5.49,1120pc: $4.76,https://www.bestbottles.com/product/elegant-design-60-ml-frosted-glass-bottle-black-vintage-style-bulb-sprayer-shiny-silver-collar-cap?video=true
GBElgFrst60AnSpTslBlk,"Elegant design 60 ml, 2oz frosted glass bottle with Black vintage style bulb sprayer with tassel with shiny silver collar cap. For use with cologne, Eau de Parfum, air freshner, face and body spray, or room spray.  Antique or vintage bulb sprayers enhance",https://www.bestbottles.com/images/store/caps/18-415SpAnSpTslBlk.png,Black vintage style bulb sprayer with tassel with shiny silver collar cap,Antique Style Bulb Spray Bottles,60 ml (2.03 oz),108 ±2 mm,86 ±1 mm,54 ±1 mm,27 ±0.5 mm,18-415,6.85,6.51,6.17,1120pc: $5.34,https://www.bestbottles.com/product/elegant-design-60-ml-frosted-glass-bottle-black-vintage-style-sprayer-with-tassel-shiny-silver-collar
GBElgFrst60AnSpTslBlk,"Elegant design 60 ml, 2oz frosted glass bottle with Black vintage style bulb sprayer with tassel with shiny silver collar cap. For use with cologne, Eau de Parfum, air freshner, face and body spray, or room spray.  Antique or vintage bulb sprayers enhance",https://www.bestbottles.com/images/store/caps/18-415SpAnSpTslBlk.png,Black vintage style bulb sprayer with tassel with shiny silver collar cap,Antique Style Bulb Spray Bottles,60 ml (2.03 oz),108 ±2 mm,86 ±1 mm,54 ±1 mm,27 ±0.5 mm,18-415,6.85,6.51,6.17,1120pc: $5.34,https://www.bestbottles.com/product/elegant-design-60-ml-frosted-glass-bottle-black-vintage-style-sprayer-with-tassel-shiny-silver-collar?video=true
GBElgFrst60SpryCu,"Elegant design 60 ml, 2oz frosted glass bottle with matte copper spray pump. For use with cologne, Eau de Parfum, air freshner, face and body spray, or room spray.  Elegant bottle is a family of bottles available in 5ml, 15ml, 30ml, 60ml and 100ml. Price",https://www.bestbottles.com/images/store/caps/18-415SpBlk.png,matte copper spray pump,Classic Perfume Spray Glass Bottles,60 ml (2.03 oz),135 ±2 mm,86 ±1 mm,54 ±1 mm,27 ±0.5 mm,18-415,3.25,3.09,2.93,1120pc: $2.54,https://www.bestbottles.com/product/elegant-design-60-ml-frosted-glass-bottle-matte-copper-spray-and-cap
GBElgFrst60SpryCu,"Elegant design 60 ml, 2oz frosted glass bottle with matte copper spray pump. For use with cologne, Eau de Parfum, air freshner, face and body spray, or room spray.  Elegant bottle is a family of bottles available in 5ml, 15ml, 30ml, 60ml and 100ml. Price",https://www.bestbottles.com/images/store/caps/18-415SpBlk.png,matte copper spray pump,Classic Perfume Spray Glass Bottles,60 ml (2.03 oz),135 ±2 mm,86 ±1 mm,54 ±1 mm,27 ±0.5 mm,18-415,3.25,3.09,2.93,1120pc: $2.54,https://www.bestbottles.com/product/elegant-design-60-ml-frosted-glass-bottle-matte-copper-spray-and-cap?video=true
GBElg60AnSpBlk,"Elegant design 60 ml, 2oz  clear glass bottle  with black vintage style bulb sprayer with shiny silver collar cap. For use with cologne, Eau de Parfum, air freshner, face and body spray, or room spray.  Antique or vintage bulb sprayers enhance the beauty",https://www.bestbottles.com/images/store/caps/18-415SpAnSpBulbLvn.png,black vintage style bulb sprayer with shiny silver collar cap,Antique Style Bulb Spray Bottles,60 ml (2.03 oz),112 ±2 mm,86 ±1 mm,54 ±1 mm,27 ±0.5 mm,18-415,5.60,5.32,5.04,1120pc: $4.37,https://www.bestbottles.com/product/elegant-design-60-ml-glass-bottle-black-vintage-style-bulb-sprayer-shiny-silver-collar-cap
GBElg60AnSpBlk,"Elegant design 60 ml, 2oz  clear glass bottle  with black vintage style bulb sprayer with shiny silver collar cap. For use with cologne, Eau de Parfum, air freshner, face and body spray, or room spray.  Antique or vintage bulb sprayers enhance the beauty",https://www.bestbottles.com/images/store/caps/18-415SpAnSpBulbLvn.png,black vintage style bulb sprayer with shiny silver collar cap,Antique Style Bulb Spray Bottles,60 ml (2.03 oz),112 ±2 mm,86 ±1 mm,54 ±1 mm,27 ±0.5 mm,18-415,5.60,5.32,5.04,1120pc: $4.37,https://www.bestbottles.com/product/elegant-design-60-ml-glass-bottle-black-vintage-style-bulb-sprayer-shiny-silver-collar-cap?video=true
GBElg60AnSpTslBlk,"Elegant design 60 ml, 2oz  clear glass bottle  with Black vintage style bulb sprayer with tassel with shiny silver collar cap. For use with cologne, Eau de Parfum, air freshner, face and body spray, or room spray.  Antique or vintage bulb sprayers enhance",https://www.bestbottles.com/images/store/caps/18-415SpAnSpTslLvn.png,Black vintage style bulb sprayer with tassel with shiny silver collar cap,Antique Style Bulb Spray Bottles,60 ml (2.03 oz),108 ±2 mm,86 ±1 mm,54 ±1 mm,27 ±0.5 mm,18-415,6.35,6.03,5.72,1120pc: $4.95,https://www.bestbottles.com/product/elegant-design-60-ml-glass-bottle-black-vintage-style-sprayer-with-tassel-shiny-silver-collar
GBElg60AnSpTslBlk,"Elegant design 60 ml, 2oz  clear glass bottle  with Black vintage style bulb sprayer with tassel with shiny silver collar cap. For use with cologne, Eau de Parfum, air freshner, face and body spray, or room spray.  Antique or vintage bulb sprayers enhance",https://www.bestbottles.com/images/store/caps/18-415SpAnSpTslLvn.png,Black vintage style bulb sprayer with tassel with shiny silver collar cap,Antique Style Bulb Spray Bottles,60 ml (2.03 oz),108 ±2 mm,86 ±1 mm,54 ±1 mm,27 ±0.5 mm,18-415,6.35,6.03,5.72,1120pc: $4.95,https://www.bestbottles.com/product/elegant-design-60-ml-glass-bottle-black-vintage-style-sprayer-with-tassel-shiny-silver-collar?video=true
GBElg60SpryCu,"Elegant design 60 ml, 2oz  clear glass bottle  with matte copper spray pump. For use with cologne, Eau de Parfum, air freshner, face and body spray, or room spray.  Elegant bottle is a family of bottles available in 5ml, 15ml, 30ml, 60ml and 100ml. Price",https://www.bestbottles.com/images/store/caps/18-415SpShnGl.png,matte copper spray pump,Classic Perfume Spray Glass Bottles,60 ml (2.03 oz),111 ±2 mm,86 ±1 mm,54 ±1 mm,27 ±0.5 mm,18-415,2.75,2.61,2.48,1120pc: $2.15,https://www.bestbottles.com/product/elegant-design-60-ml-glass-bottle-matte-copper-spray-and-cap
GBElg60SpryCu,"Elegant design 60 ml, 2oz  clear glass bottle  with matte copper spray pump. For use with cologne, Eau de Parfum, air freshner, face and body spray, or room spray.  Elegant bottle is a family of bottles available in 5ml, 15ml, 30ml, 60ml and 100ml. Price",https://www.bestbottles.com/images/store/caps/18-415SpShnGl.png,matte copper spray pump,Classic Perfume Spray Glass Bottles,60 ml (2.03 oz),111 ±2 mm,86 ±1 mm,54 ±1 mm,27 ±0.5 mm,18-415,2.75,2.61,2.48,1120pc: $2.15,https://www.bestbottles.com/product/elegant-design-60-ml-glass-bottle-matte-copper-spray-and-cap?video=true
GBEmp100AnSpBlk,"Empire design 100 ml, 3 1/2oz  clear glass bottle  with black vintage style bulb sprayer with shiny silver collar cap. For use with cologne, Eau de Parfum, air freshner, face and body spray, or room spray.  Antique or vintage bulb sprayers enhance the bea",https://www.bestbottles.com/images/store/caps/18-415SpAnSpBulbLvn.png,black vintage style bulb sprayer with shiny silver collar cap,Antique Style Bulb Spray Bottles,100 ml (3.38 oz),134 ±2 mm,107 ±2 mm,46 ±0.5 mm Neck Thread Size: 18-415,,18-415,6.35,6.03,5.72,1200pc: $4.95,https://www.bestbottles.com/product/empire-design-100-ml-glass-bottle-black-vintage-style-bulb-sprayer-shiny-silver-collar-cap
GBEmp100AnSpBlk,"Empire design 100 ml, 3 1/2oz  clear glass bottle  with black vintage style bulb sprayer with shiny silver collar cap. For use with cologne, Eau de Parfum, air freshner, face and body spray, or room spray.  Antique or vintage bulb sprayers enhance the bea",https://www.bestbottles.com/images/store/caps/18-415SpAnSpBulbLvn.png,black vintage style bulb sprayer with shiny silver collar cap,Antique Style Bulb Spray Bottles,100 ml (3.38 oz),134 ±2 mm,107 ±2 mm,46 ±0.5 mm Neck Thread Size: 18-415,,18-415,6.35,6.03,5.72,1200pc: $4.95,https://www.bestbottles.com/product/empire-design-100-ml-glass-bottle-black-vintage-style-bulb-sprayer-shiny-silver-collar-cap?video=true
GBEmp100AnSpTslBlk,"Empire design 100 ml, 3 1/2oz  clear glass bottle  with Black vintage style bulb sprayer with tassel with shiny silver collar cap. For use with cologne, Eau de Parfum, air freshner, face and body spray, or room spray.  Antique or vintage bulb sprayers enh",https://www.bestbottles.com/images/store/caps/18-415SpAnSpTslIvySl.png,Black vintage style bulb sprayer with tassel with shiny silver collar cap,Antique Style Bulb Spray Bottles,100 ml (3.38 oz),128 ±2 mm,107 ±2 mm,46 ±0.5 mm Neck Thread Size: 18-415,,18-415,7.10,6.75,6.39,1200pc: $5.54,https://www.bestbottles.com/product/empire-design-100-ml-glass-bottle-black-vintage-style-sprayer-with-tassel-shiny-silver-collar
GBEmp100AnSpTslBlk,"Empire design 100 ml, 3 1/2oz  clear glass bottle  with Black vintage style bulb sprayer with tassel with shiny silver collar cap. For use with cologne, Eau de Parfum, air freshner, face and body spray, or room spray.  Antique or vintage bulb sprayers enh",https://www.bestbottles.com/images/store/caps/18-415SpAnSpTslIvySl.png,Black vintage style bulb sprayer with tassel with shiny silver collar cap,Antique Style Bulb Spray Bottles,100 ml (3.38 oz),128 ±2 mm,107 ±2 mm,46 ±0.5 mm Neck Thread Size: 18-415,,18-415,7.10,6.75,6.39,1200pc: $5.54,https://www.bestbottles.com/product/empire-design-100-ml-glass-bottle-black-vintage-style-sprayer-with-tassel-shiny-silver-collar?video=true
GBEmp100SpryCu,"Empire design 100 ml, 3 1/2oz  clear glass bottle  with matte copper spray pump. For use with cologne, Eau de Parfum, air freshner, face and body spray, or room spray.  Empire design bottle is available in 2 sizes, 50ml and 100ml.",https://www.bestbottles.com/images/store/caps/18-415SpMattGl.png,matte copper spray pump,Classic Perfume Spray Glass Bottles,100 ml (3.38 oz),132 ±2 mm,107 ±2 mm,46 ±0.5 mm Neck Thread Size: 18-415,,18-415,3.50,3.33,3.15,1200pc: $2.73,https://www.bestbottles.com/product/empire-design-100-ml-glass-bottle-matte-copper-spray-and-cap
GBEmp100SpryCu,"Empire design 100 ml, 3 1/2oz  clear glass bottle  with matte copper spray pump. For use with cologne, Eau de Parfum, air freshner, face and body spray, or room spray.  Empire design bottle is available in 2 sizes, 50ml and 100ml.",https://www.bestbottles.com/images/store/caps/18-415SpMattGl.png,matte copper spray pump,Classic Perfume Spray Glass Bottles,100 ml (3.38 oz),132 ±2 mm,107 ±2 mm,46 ±0.5 mm Neck Thread Size: 18-415,,18-415,3.50,3.33,3.15,1200pc: $2.73,https://www.bestbottles.com/product/empire-design-100-ml-glass-bottle-matte-copper-spray-and-cap?video=true
GBEmp50AnSpBlk,"Empire design 50 ml, 1.7oz  clear glass bottle  with black vintage style bulb sprayer with shiny silver collar cap. For use with cologne, Eau de Parfum, air freshner, face and body spray, or room spray.  Antique or vintage bulb sprayers enhance the beauty",https://www.bestbottles.com/images/store/caps/18-415SpAnSpBulbBlk.png,black vintage style bulb sprayer with shiny silver collar cap,Antique Style Bulb Spray Bottles,50 ml (1.69 oz),116 ±2 mm,88 ±1 mm,37 ±0.5 mm Neck Thread Size: 18-415,,18-415,6.15,5.84,5.54,1080pc: $4.80,https://www.bestbottles.com/product/empire-design-50-ml-glass-bottle-black-vintage-style-bulb-sprayer-shiny-silver-collar-cap
GBEmp50AnSpBlk,"Empire design 50 ml, 1.7oz  clear glass bottle  with black vintage style bulb sprayer with shiny silver collar cap. For use with cologne, Eau de Parfum, air freshner, face and body spray, or room spray.  Antique or vintage bulb sprayers enhance the beauty",https://www.bestbottles.com/images/store/caps/18-415SpAnSpBulbBlk.png,black vintage style bulb sprayer with shiny silver collar cap,Antique Style Bulb Spray Bottles,50 ml (1.69 oz),116 ±2 mm,88 ±1 mm,37 ±0.5 mm Neck Thread Size: 18-415,,18-415,6.15,5.84,5.54,1080pc: $4.80,https://www.bestbottles.com/product/empire-design-50-ml-glass-bottle-black-vintage-style-bulb-sprayer-shiny-silver-collar-cap?video=true
GBEmp50AnSpTslBlk,"Empire design 50 ml, 1.7oz  clear glass bottle  with Black vintage style bulb sprayer with tassel with shiny silver collar cap. For use with cologne, Eau de Parfum, air freshner, face and body spray, or room spray.  Antique or vintage bulb sprayers enhanc",https://www.bestbottles.com/images/store/caps/18-415SpAnSpTslBlk.png,Black vintage style bulb sprayer with tassel with shiny silver collar cap,Antique Style Bulb Spray Bottles,50 ml (1.69 oz),110 ±2 mm,88 ±1 mm,37 ±0.5 mm Neck Thread Size: 18-415,,18-415,6.90,6.56,6.21,1080pc: $5.38,https://www.bestbottles.com/product/empire-design-50-ml-glass-bottle-black-vintage-style-sprayer-with-tassel-shiny-silver-collar
GBEmp50AnSpTslBlk,"Empire design 50 ml, 1.7oz  clear glass bottle  with Black vintage style bulb sprayer with tassel with shiny silver collar cap. For use with cologne, Eau de Parfum, air freshner, face and body spray, or room spray.  Antique or vintage bulb sprayers enhanc",https://www.bestbottles.com/images/store/caps/18-415SpAnSpTslBlk.png,Black vintage style bulb sprayer with tassel with shiny silver collar cap,Antique Style Bulb Spray Bottles,50 ml (1.69 oz),110 ±2 mm,88 ±1 mm,37 ±0.5 mm Neck Thread Size: 18-415,,18-415,6.90,6.56,6.21,1080pc: $5.38,https://www.bestbottles.com/product/empire-design-50-ml-glass-bottle-black-vintage-style-sprayer-with-tassel-shiny-silver-collar?video=true
GBEmp50SpryCu,"Empire design 50 ml, 1.7oz  clear glass bottle  with matte copper spray pump & cap. For use with cologne, Eau de Parfum, air freshner, face and body spray, or room spray.  Empire design bottle is available in 2 sizes, 50ml and 100ml.",https://www.bestbottles.com/images/store/caps/18-415SpMattSl.png,matte copper spray pump,Classic Perfume Spray Glass Bottles,50 ml (1.69 oz),114 ±2 mm,88 ±1 mm,37 ±0.5 mm Neck Thread Size: 18-415,,18-415,3.30,3.14,2.97,1080pc: $2.57,https://www.bestbottles.com/product/empire-design-50-ml-glass-bottle-matte-copper-spray-and-cap
GBEmp50SpryCu,"Empire design 50 ml, 1.7oz  clear glass bottle  with matte copper spray pump & cap. For use with cologne, Eau de Parfum, air freshner, face and body spray, or room spray.  Empire design bottle is available in 2 sizes, 50ml and 100ml.",https://www.bestbottles.com/images/store/caps/18-415SpMattSl.png,matte copper spray pump,Classic Perfume Spray Glass Bottles,50 ml (1.69 oz),114 ±2 mm,88 ±1 mm,37 ±0.5 mm Neck Thread Size: 18-415,,18-415,3.30,3.14,2.97,1080pc: $2.57,https://www.bestbottles.com/product/empire-design-50-ml-glass-bottle-matte-copper-spray-and-cap?video=true
GBFlair15SpryBlkMatt,"Flair design 15ml, 1/2oz Clear glass bottle with matte black spray. Fine mist sprayer for use with perfumes and colognes. Refillable, classic style bottle good for promotions and decants.",https://www.bestbottles.com/images/store/caps/13-415SpShnBlk.png,matte black spray,Refillable Glass Bottles with Fine Mist Sprayers,15 ml (0.51 oz),77 ±1 mm,56 ±1 mm,41 ±0.5 mm,20 ±0.5 mm,13-415,0.97,0.92,0.87,1500pc: $0.76,https://www.bestbottles.com/product/flair-design-15-ml-glass-bottle-matte-black-spray
GBFlair15SpryBlkMatt,"Flair design 15ml, 1/2oz Clear glass bottle with matte black spray. Fine mist sprayer for use with perfumes and colognes. Refillable, classic style bottle good for promotions and decants.",https://www.bestbottles.com/images/store/caps/13-415SpShnBlk.png,matte black spray,Refillable Glass Bottles with Fine Mist Sprayers,15 ml (0.51 oz),77 ±1 mm,56 ±1 mm,41 ±0.5 mm,20 ±0.5 mm,13-415,0.97,0.92,0.87,1500pc: $0.76,https://www.bestbottles.com/product/flair-design-15-ml-glass-bottle-matte-black-spray?video=true
GBRect10SpryBlkMatt,"Footed rectangular design 10ml, 1/3oz Clear glass bottle with matte black spray. Fine mist sprayer for use with perfumes and colognes. Refillable, classic style bottle good for promotions and decants.",https://www.bestbottles.com/images/store/caps/13-415SpMattBlk.png,matte black spray,Refillable Glass Bottles with Fine Mist Sprayers,10 ml (0.34 oz),71 ±1 mm,50 ±0.5 mm,29 ±0.5 mm,19 ±0.5 mm,13-415,0.97,0.92,0.87,2535pc: $0.76,https://www.bestbottles.com/product/footed-rectangular-design-10-ml-bottle-matte-black-spray
GBRect10SpryBlkMatt,"Footed rectangular design 10ml, 1/3oz Clear glass bottle with matte black spray. Fine mist sprayer for use with perfumes and colognes. Refillable, classic style bottle good for promotions and decants.",https://www.bestbottles.com/images/store/caps/13-415SpMattBlk.png,matte black spray,Refillable Glass Bottles with Fine Mist Sprayers,10 ml (0.34 oz),71 ±1 mm,50 ±0.5 mm,29 ±0.5 mm,19 ±0.5 mm,13-415,0.97,0.92,0.87,2535pc: $0.76,https://www.bestbottles.com/product/footed-rectangular-design-10-ml-bottle-matte-black-spray?video=true
GBAtom10Gl,"Gold atomizer design 10 ml bottle. For use with perfumes, Colognes, eau de Parfum. Refillable, travel size atomizer. Can be laser engraved and customized. Great for gifts and promotion.",https://www.bestbottles.com/images/store/enlarged_pics/GBAtom10Gl.gif,,Refillable Metal shell perfume atomizers and travel size purse atomizers,10 ml (0.34 oz),89 ±1 mm,82 ±1 mm,,,17mm,3.15,2.99,2.84,1500pc: $2.46,https://www.bestbottles.com/product/gold-atomizer-design-10-ml-bottle
GBAtom5Gl,"Gold atomizer design 5 ml bottle. For use with perfumes, Colognes, eau de Parfum. Refillable, travel size atomizer. Can be laser engraved and customized. Great for gifts and promotion.",https://www.bestbottles.com/images/store/enlarged_pics/GBAtom5Gl.gif,,Refillable Metal shell perfume atomizers and travel size purse atomizers,5 ml (0.17 oz),81 ±1 mm,76 ±1 mm,,,13mm,2.80,2.66,2.52,3000pc: $2.18,https://www.bestbottles.com/product/gold-atomizer-design-5-ml-bottle
GBAtom5SlimGl,"Gold slim atomizer design 5 ml bottle. For use with perfumes, Colognes, eau de Parfum. Refillable, travel size atomizer. Can be laser engraved and customized. Great for gifts and promotion.",https://www.bestbottles.com/images/store/enlarged_pics/GBAtom5SlimGl.gif,,Refillable Metal shell perfume atomizers and travel size purse atomizers,5 ml (0.17 oz),104 ±2 mm,92 ±1 mm,,,10mm,2.25,2.14,2.03,3000pc: $1.76,https://www.bestbottles.com/product/gold-slim-atomizer-design-5-ml-bottle
GBGrce55AnSpBlk,"Grace design 55 ml, 1.85oz  clear glass bottle  with black vintage style bulb sprayer with shiny silver collar cap. For use with cologne, Eau de Parfum, air freshner, face and body spray, or room spray.  Antique or vintage bulb sprayers enhance the beauty",https://www.bestbottles.com/images/store/caps/18-415SpAnSpBulbBlk.png,black vintage style bulb sprayer with shiny silver collar cap,Antique Style Bulb Spray Bottles,55 ml (1.86 oz),141 ±2 mm,113 ±2 mm,52 ±1 mm,30 ±0.5 mm,18-415,5.55,5.27,5.00,1100pc: $4.33,https://www.bestbottles.com/product/grace-design-55-ml-glass-bottle-black-vintage-style-bulb-sprayer-shiny-silver-collar-cap
GBGrce55AnSpBlk,"Grace design 55 ml, 1.85oz  clear glass bottle  with black vintage style bulb sprayer with shiny silver collar cap. For use with cologne, Eau de Parfum, air freshner, face and body spray, or room spray.  Antique or vintage bulb sprayers enhance the beauty",https://www.bestbottles.com/images/store/caps/18-415SpAnSpBulbBlk.png,black vintage style bulb sprayer with shiny silver collar cap,Antique Style Bulb Spray Bottles,55 ml (1.86 oz),141 ±2 mm,113 ±2 mm,52 ±1 mm,30 ±0.5 mm,18-415,5.55,5.27,5.00,1100pc: $4.33,https://www.bestbottles.com/product/grace-design-55-ml-glass-bottle-black-vintage-style-bulb-sprayer-shiny-silver-collar-cap?video=true
GBGrce55AnSpTslBlk,"Grace design 55 ml, 1.85oz  clear glass bottle  with Black vintage style bulb sprayer with tassel with shiny silver collar cap. For use with cologne, Eau de Parfum, air freshner, face and body spray, or room spray.  Antique or vintage bulb sprayers enhanc",https://www.bestbottles.com/images/store/caps/18-415SpAnSpTslBlk.png,Black vintage style bulb sprayer with tassel with shiny silver collar cap,Antique Style Bulb Spray Bottles,55 ml (1.86 oz),135 ±2 mm,113 ±2 mm,52 ±1 mm,30 ±0.5 mm,18-415,6.30,5.99,5.67,1100pc: $4.91,https://www.bestbottles.com/product/grace-design-55-ml-glass-bottle-black-vintage-style-sprayer-with-tassel-shiny-silver-collar
GBGrce55AnSpTslBlk,"Grace design 55 ml, 1.85oz  clear glass bottle  with Black vintage style bulb sprayer with tassel with shiny silver collar cap. For use with cologne, Eau de Parfum, air freshner, face and body spray, or room spray.  Antique or vintage bulb sprayers enhanc",https://www.bestbottles.com/images/store/caps/18-415SpAnSpTslBlk.png,Black vintage style bulb sprayer with tassel with shiny silver collar cap,Antique Style Bulb Spray Bottles,55 ml (1.86 oz),135 ±2 mm,113 ±2 mm,52 ±1 mm,30 ±0.5 mm,18-415,6.30,5.99,5.67,1100pc: $4.91,https://www.bestbottles.com/product/grace-design-55-ml-glass-bottle-black-vintage-style-sprayer-with-tassel-shiny-silver-collar?video=true
GBGrce55SpryCu,"Grace design 55 ml, 1.85oz  clear glass bottle  with matte copper spray pump. For use with cologne, Eau de Parfum, air freshner, face and body spray, or room spray. A unique design to enhance your product.",https://www.bestbottles.com/images/store/caps/18-415SpMattGl.png,matte copper spray pump,Classic Perfume Spray Glass Bottles,55 ml (1.86 oz),139 ±2 mm,113 ±2 mm,52 ±1 mm,30 ±0.5 mm,18-415,2.70,2.57,2.43,1100pc: $2.11,https://www.bestbottles.com/product/grace-design-55-ml-glass-bottle-matte-copper-spray-and-cap
GBGrce55SpryCu,"Grace design 55 ml, 1.85oz  clear glass bottle  with matte copper spray pump. For use with cologne, Eau de Parfum, air freshner, face and body spray, or room spray. A unique design to enhance your product.",https://www.bestbottles.com/images/store/caps/18-415SpMattGl.png,matte copper spray pump,Classic Perfume Spray Glass Bottles,55 ml (1.86 oz),139 ±2 mm,113 ±2 mm,52 ±1 mm,30 ±0.5 mm,18-415,2.70,2.57,2.43,1100pc: $2.11,https://www.bestbottles.com/product/grace-design-55-ml-glass-bottle-matte-copper-spray-and-cap?video=true
GBAtom10Gr,"Green atomizer design 10 ml bottle . For use with perfumes, Colognes, eau de Parfum. Refillable, travel size atomizer. Can be laser engraved and customized. Great for gifts and promotion.",https://www.bestbottles.com/images/store/enlarged_pics/GBAtom10Gr.gif,,Refillable Metal shell perfume atomizers and travel size purse atomizers,10 ml (0.34 oz),89 ±1 mm,82 ±1 mm,,,17mm,3.15,2.99,2.84,1500pc: $2.46,https://www.bestbottles.com/product/green-atomizer-design-10-ml-bottle
GBPillar9SpryBlkMatt,"Pillar shaped 9ml, Clear glass bottle with matte black spray. Fine mist sprayer for use with perfumes and colognes. Refillable, Small sized bottle for decants, promotion, samples and travel accessory.",https://www.bestbottles.com/images/store/caps/13-415SpMattBlk.png,matte black spray,Refillable Glass Bottles with Fine Mist Sprayers,9 ml (0.3 oz),78 ±1 mm,,,,13-415,0.97,0.92,0.87,2630pc: $0.76,https://www.bestbottles.com/product/pillar-design-5-ml-glass-bottle-matte-black-spray
GBPillar9SpryBlkMatt,"Pillar shaped 9ml, Clear glass bottle with matte black spray. Fine mist sprayer for use with perfumes and colognes. Refillable, Small sized bottle for decants, promotion, samples and travel accessory.",https://www.bestbottles.com/images/store/caps/13-415SpMattBlk.png,matte black spray,Refillable Glass Bottles with Fine Mist Sprayers,9 ml (0.3 oz),78 ±1 mm,,,,13-415,0.97,0.92,0.87,2630pc: $0.76,https://www.bestbottles.com/product/pillar-design-5-ml-glass-bottle-matte-black-spray?video=true
GBAtom10Pnk,"Pink atomizer design 10 ml bottle. For use with perfumes, Colognes, eau de Parfum. Refillable, travel size atomizer. Can be laser engraved and customized. Great for gifts and promotion.",https://www.bestbottles.com/images/store/enlarged_pics/GBAtom10Pnk.gif,,Refillable Metal shell perfume atomizers and travel size purse atomizers,10 ml (0.34 oz),89 ±1 mm,82 ±1 mm,,,17mm,3.15,2.99,2.84,1500pc: $2.46,https://www.bestbottles.com/product/pink-atomizer-design-10-ml-bottle
GBAtom5PnkDot,"Pink atomizer design 5 ml bottle with dots. For use with perfumes, Colognes, eau de Parfum. Refillable, travel size atomizer. Can be laser engraved and customized. Great for gifts and promotion.",https://www.bestbottles.com/images/store/enlarged_pics/GBAtom5PnkDot.gif,,Refillable Metal shell perfume atomizers and travel size purse atomizers,5 ml (0.17 oz),81 ±1 mm,76 ±1 mm,,,13mm,3.05,2.90,2.75,3000pc: $2.38,https://www.bestbottles.com/product/pink-atomizer-design-5-ml-bottle-dots
GBAtom10Red,"Red atomizer design 10 ml bottle. For use with perfumes, Colognes, eau de Parfum. Refillable, travel size atomizer. Can be laser engraved and customized. Great for gifts and promotion.",https://www.bestbottles.com/images/store/enlarged_pics/GBAtom10Red.gif,,Refillable Metal shell perfume atomizers and travel size purse atomizers,10 ml (0.34 oz),89 ±1 mm,82 ±1 mm,,,17mm,3.15,2.99,2.84,1500pc: $2.46,https://www.bestbottles.com/product/red-atomizer-design-10-ml-bottle
GBAtom5Red,"Red atomizer design 5 ml bottle. For use with perfumes, Colognes, eau de Parfum. Refillable, travel size atomizer. Can be laser engraved and customized. Great for gifts and promotion.",https://www.bestbottles.com/images/store/enlarged_pics/GBAtom5Red.gif,,Refillable Metal shell perfume atomizers and travel size purse atomizers,5 ml (0.17 oz),81 ±1 mm,76 ±1 mm,,,13mm,2.80,2.66,2.52,3000pc: $2.18,https://www.bestbottles.com/product/red-atomizer-design-5-ml-bottle
GBRndFrst128AnSpBlk,"Round design 128 ml, 4.33oz frosted glass bottle with black vintage style bulb sprayer with shiny silver collar cap. For use with cologne, Eau de Parfum, air freshner, face and body spray, or room spray.  Antique or vintage bulb sprayers enhance the beaut",https://www.bestbottles.com/images/store/caps/18-415SpAnSpBulbBlk.png,black vintage style bulb sprayer with shiny silver collar cap,Antique Style Bulb Spray Bottles,128 ml (4.33 oz),111 ±2 mm,83 ±1 mm,,,18-415,6.40,6.08,5.76,1200pc: $4.99,https://www.bestbottles.com/product/round-design-128-ml-frosted-glass-bottle-black-vintage-style-bulb-sprayer-shiny-silver-collar-cap
GBRndFrst128AnSpBlk,"Round design 128 ml, 4.33oz frosted glass bottle with black vintage style bulb sprayer with shiny silver collar cap. For use with cologne, Eau de Parfum, air freshner, face and body spray, or room spray.  Antique or vintage bulb sprayers enhance the beaut",https://www.bestbottles.com/images/store/caps/18-415SpAnSpBulbBlk.png,black vintage style bulb sprayer with shiny silver collar cap,Antique Style Bulb Spray Bottles,128 ml (4.33 oz),111 ±2 mm,83 ±1 mm,,,18-415,6.40,6.08,5.76,1200pc: $4.99,https://www.bestbottles.com/product/round-design-128-ml-frosted-glass-bottle-black-vintage-style-bulb-sprayer-shiny-silver-collar-cap?video=true
GBRndFrst128AnSpTslBlk,"Round design 128 ml, 4.33oz frosted glass bottle with Black vintage style bulb sprayer with tasseland shiny silver collar cap. For use with cologne, Eau de Parfum, air freshner, face and body spray, or room spray.  Antique or vintage bulb sprayers enhance",https://www.bestbottles.com/images/store/caps/18-415SpAnSpTslRed.png,Black vintage style bulb sprayer with tasseland shiny silver collar cap,Antique Style Bulb Spray Bottles,128 ml (4.33 oz),106 ±2 mm,83 ±1 mm,,,18-415,7.15,6.79,6.44,1200pc: $5.58,https://www.bestbottles.com/product/round-design-128-ml-frosted-glass-bottle-black-vintage-style-sprayer-with-tassel-shiny-silver-collar
GBRndFrst128SpryCu,"Round design 128 ml, 4.33oz frosted glass bottle with matte copper spray pump. For use with cologne, Eau de Parfum, air freshner, face and body spray, or room spray. Round design bottle is available in 2 sizes - 78ml and 128 ml.",https://www.bestbottles.com/images/store/caps/18-415SpMattGl.png,matte copper spray pump,Classic Perfume Spray Glass Bottles,128 ml (4.33 oz),108 ±2 mm,83 ±1 mm,,,18-415,3.55,3.37,3.20,1200pc: $2.77,https://www.bestbottles.com/product/round-design-128-ml-frosted-glass-bottle-matte-copper-spray-and-cap
GBRnd128AnSpBlk,"Round design 128 ml, 4.33oz  clear glass bottle  with black vintage style bulb sprayer with shiny silver collar cap. For use with cologne, Eau de Parfum, air freshner, face and body spray, or room spray.  Antique or vintage bulb sprayers enhance the beaut",https://www.bestbottles.com/images/store/caps/18-415SpAnSpBulbBlk.png,black vintage style bulb sprayer with shiny silver collar cap,Antique Style Bulb Spray Bottles,128 ml (4.33 oz),111 ±2 mm,83 ±1 mm,,,18-415,5.90,5.61,5.31,1200pc: $4.60,https://www.bestbottles.com/product/round-design-128-ml-glass-bottle-black-vintage-style-bulb-sprayer-shiny-silver-collar-cap
GBRnd128AnSpBlk,"Round design 128 ml, 4.33oz  clear glass bottle  with black vintage style bulb sprayer with shiny silver collar cap. For use with cologne, Eau de Parfum, air freshner, face and body spray, or room spray.  Antique or vintage bulb sprayers enhance the beaut",https://www.bestbottles.com/images/store/caps/18-415SpAnSpBulbBlk.png,black vintage style bulb sprayer with shiny silver collar cap,Antique Style Bulb Spray Bottles,128 ml (4.33 oz),111 ±2 mm,83 ±1 mm,,,18-415,5.90,5.61,5.31,1200pc: $4.60,https://www.bestbottles.com/product/round-design-128-ml-glass-bottle-black-vintage-style-bulb-sprayer-shiny-silver-collar-cap?video=true
GBRnd128AnSpTslBlk,"Round design 128 ml, 4.33oz  clear glass bottle  with Black vintage style bulb sprayer with tasseland shiny silver collar cap. For use with cologne, Eau de Parfum, air freshner, face and body spray, or room spray.  Antique or vintage bulb sprayers enhance",https://www.bestbottles.com/images/store/caps/18-415SpAnSpTslBlk.png,Black vintage style bulb sprayer with tasseland shiny silver collar cap,Antique Style Bulb Spray Bottles,128 ml (4.33 oz),106 ±2 mm,83 ±1 mm,,,18-415,6.65,6.32,5.99,1200pc: $5.19,https://www.bestbottles.com/product/round-design-128-ml-glass-bottle-black-vintage-style-sprayer-with-tassel-shiny-silver-collar
GBRnd128AnSpTslBlk,"Round design 128 ml, 4.33oz  clear glass bottle  with Black vintage style bulb sprayer with tasseland shiny silver collar cap. For use with cologne, Eau de Parfum, air freshner, face and body spray, or room spray.  Antique or vintage bulb sprayers enhance",https://www.bestbottles.com/images/store/caps/18-415SpAnSpTslBlk.png,Black vintage style bulb sprayer with tasseland shiny silver collar cap,Antique Style Bulb Spray Bottles,128 ml (4.33 oz),106 ±2 mm,83 ±1 mm,,,18-415,6.65,6.32,5.99,1200pc: $5.19,https://www.bestbottles.com/product/round-design-128-ml-glass-bottle-black-vintage-style-sprayer-with-tassel-shiny-silver-collar?video=true
GBRnd128SpryCu,"Round design 128 ml, 4.33oz  clear glass bottle  with matte copper spray pump. For use with cologne, Eau de Parfum, air freshner, face and body spray, or room spray. Round design bottle is available in 2 sizes - 78ml and 128 ml.",https://www.bestbottles.com/images/store/caps/18-415SpMattGl.png,matte copper spray pump,Classic Perfume Spray Glass Bottles,128 ml (4.33 oz),108 ±2 mm,83 ±1 mm,,,18-415,3.05,2.90,2.75,1200pc: $2.38,https://www.bestbottles.com/product/round-design-128-ml-glass-bottle-matte-copper-spray-and-cap
GBRnd128SpryCu,"Round design 128 ml, 4.33oz  clear glass bottle  with matte copper spray pump. For use with cologne, Eau de Parfum, air freshner, face and body spray, or room spray. Round design bottle is available in 2 sizes - 78ml and 128 ml.",https://www.bestbottles.com/images/store/caps/18-415SpMattGl.png,matte copper spray pump,Classic Perfume Spray Glass Bottles,128 ml (4.33 oz),108 ±2 mm,83 ±1 mm,,,18-415,3.05,2.90,2.75,1200pc: $2.38,https://www.bestbottles.com/product/round-design-128-ml-glass-bottle-matte-copper-spray-and-cap?video=true
GBRndFrst78AnSpBlk,"Round design 78 ml, 2.65oz frosted glass bottle with black vintage style bulb sprayer with shiny silver collar cap. For use with cologne, Eau de Parfum, air freshner, face and body spray, or room spray.  Antique or vintage bulb sprayers enhance the beauty",https://www.bestbottles.com/images/store/caps/18-415SpAnSpBulbBlk.png,black vintage style bulb sprayer with shiny silver collar cap,Antique Style Bulb Spray Bottles,78 ml (2.64 oz),87 ±1 mm,73 ±1 mm,,,18-415,6.40,6.08,5.76,1440pc: $4.99,https://www.bestbottles.com/product/round-design-78-ml-frosted-glass-bottle-black-vintage-style-bulb-sprayer-shiny-silver-collar-cap
GBRndFrst78AnSpBlk,"Round design 78 ml, 2.65oz frosted glass bottle with black vintage style bulb sprayer with shiny silver collar cap. For use with cologne, Eau de Parfum, air freshner, face and body spray, or room spray.  Antique or vintage bulb sprayers enhance the beauty",https://www.bestbottles.com/images/store/caps/18-415SpAnSpBulbBlk.png,black vintage style bulb sprayer with shiny silver collar cap,Antique Style Bulb Spray Bottles,78 ml (2.64 oz),87 ±1 mm,73 ±1 mm,,,18-415,6.40,6.08,5.76,1440pc: $4.99,https://www.bestbottles.com/product/round-design-78-ml-frosted-glass-bottle-black-vintage-style-bulb-sprayer-shiny-silver-collar-cap?video=true
GBRndFrst78AnSpTslBlk,"Round design 78 ml, 2.65oz frosted glass bottle with Black vintage style bulb sprayer with tasseland shiny silver collar cap. For use with cologne, Eau de Parfum, air freshner, face and body spray, or room spray.  Antique or vintage bulb sprayers enhance",https://www.bestbottles.com/images/store/caps/18-415SpAnSpTslBlk.png,Black vintage style bulb sprayer with tasseland shiny silver collar cap,Antique Style Bulb Spray Bottles,78 ml (2.64 oz),100 ±1 mm,73 ±1 mm,,,18-415,7.15,6.79,6.44,1440pc: $5.58,https://www.bestbottles.com/product/round-design-78-ml-frosted-glass-bottle-black-vintage-style-sprayer-with-tassel-shiny-silver-collar
GBRndFrst78AnSpTslBlk,"Round design 78 ml, 2.65oz frosted glass bottle with Black vintage style bulb sprayer with tasseland shiny silver collar cap. For use with cologne, Eau de Parfum, air freshner, face and body spray, or room spray.  Antique or vintage bulb sprayers enhance",https://www.bestbottles.com/images/store/caps/18-415SpAnSpTslBlk.png,Black vintage style bulb sprayer with tasseland shiny silver collar cap,Antique Style Bulb Spray Bottles,78 ml (2.64 oz),100 ±1 mm,73 ±1 mm,,,18-415,7.15,6.79,6.44,1440pc: $5.58,https://www.bestbottles.com/product/round-design-78-ml-frosted-glass-bottle-black-vintage-style-sprayer-with-tassel-shiny-silver-collar?video=true
GBRndFrst78SpryCu,"Round design 78 ml, 2.65oz frosted glass bottle with matte copper spray pump. For use with cologne, Eau de Parfum, air freshner, face and body spray, or room spray. Round design bottle is available in 2 sizes - 78ml and 128 ml.",https://www.bestbottles.com/images/store/caps/18-415SpShnGl.png,matte copper spray pump,Classic Perfume Spray Glass Bottles,78 ml (2.64 oz),97 ±1 mm,73 ±1 mm,,,18-415,3.55,3.37,3.20,1440pc: $2.77,https://www.bestbottles.com/product/round-design-78-ml-frosted-glass-bottle-matte-copper-spray-and-cap
GBRndFrst78SpryCu,"Round design 78 ml, 2.65oz frosted glass bottle with matte copper spray pump. For use with cologne, Eau de Parfum, air freshner, face and body spray, or room spray. Round design bottle is available in 2 sizes - 78ml and 128 ml.",https://www.bestbottles.com/images/store/caps/18-415SpShnGl.png,matte copper spray pump,Classic Perfume Spray Glass Bottles,78 ml (2.64 oz),97 ±1 mm,73 ±1 mm,,,18-415,3.55,3.37,3.20,1440pc: $2.77,https://www.bestbottles.com/product/round-design-78-ml-frosted-glass-bottle-matte-copper-spray-and-cap?video=true
GBRnd78AnSpBlk,"Round design 78 ml, 2.65oz  clear glass bottle  with black vintage style bulb sprayer with shiny silver collar cap. For use with cologne, Eau de Parfum, air freshner, face and body spray, or room spray.  Antique or vintage bulb sprayers enhance the beauty",https://www.bestbottles.com/images/store/caps/18-415SpAnSpBulbBlk.png,black vintage style bulb sprayer with shiny silver collar cap,Antique Style Bulb Spray Bottles,78 ml (2.64 oz),100 ±1 mm,73 ±1 mm,,,18-415,5.90,5.61,5.31,1440pc: $4.60,https://www.bestbottles.com/product/round-design-78-ml-glass-bottle-black-vintage-style-bulb-sprayer-shiny-silver-collar-cap
GBRnd78AnSpBlk,"Round design 78 ml, 2.65oz  clear glass bottle  with black vintage style bulb sprayer with shiny silver collar cap. For use with cologne, Eau de Parfum, air freshner, face and body spray, or room spray.  Antique or vintage bulb sprayers enhance the beauty",https://www.bestbottles.com/images/store/caps/18-415SpAnSpBulbBlk.png,black vintage style bulb sprayer with shiny silver collar cap,Antique Style Bulb Spray Bottles,78 ml (2.64 oz),100 ±1 mm,73 ±1 mm,,,18-415,5.90,5.61,5.31,1440pc: $4.60,https://www.bestbottles.com/product/round-design-78-ml-glass-bottle-black-vintage-style-bulb-sprayer-shiny-silver-collar-cap?video=true
GBRnd78AnSpTslBlk,"Round design 78 ml, 2.65oz  clear glass bottle  with Black vintage style bulb sprayer with tasseland shiny silver collar cap. For use with cologne, Eau de Parfum, air freshner, face and body spray, or room spray.  Antique or vintage bulb sprayers enhance",https://www.bestbottles.com/images/store/caps/18-415SpAnSpTslGl.png,Black vintage style bulb sprayer with tasseland shiny silver collar cap,Antique Style Bulb Spray Bottles,78 ml (2.64 oz),95 ±1 mm,73 ±1 mm,,,18-415,6.65,6.32,5.99,1440pc: $5.19,https://www.bestbottles.com/product/round-design-78-ml-glass-bottle-black-vintage-style-sprayer-with-tassel-shiny-silver-collar
GBRnd78AnSpTslBlk,"Round design 78 ml, 2.65oz  clear glass bottle  with Black vintage style bulb sprayer with tasseland shiny silver collar cap. For use with cologne, Eau de Parfum, air freshner, face and body spray, or room spray.  Antique or vintage bulb sprayers enhance",https://www.bestbottles.com/images/store/caps/18-415SpAnSpTslGl.png,Black vintage style bulb sprayer with tasseland shiny silver collar cap,Antique Style Bulb Spray Bottles,78 ml (2.64 oz),95 ±1 mm,73 ±1 mm,,,18-415,6.65,6.32,5.99,1440pc: $5.19,https://www.bestbottles.com/product/round-design-78-ml-glass-bottle-black-vintage-style-sprayer-with-tassel-shiny-silver-collar?video=true
GBRnd78SpryCu,"Round design 78 ml, 2.65oz  clear glass bottle  with matte copper spray pump. For use with cologne, Eau de Parfum, air freshner, face and body spray, or room spray. Round design bottle is available in 2 sizes - 78ml and 128 ml.",https://www.bestbottles.com/images/store/caps/18-415SpMattGl.png,matte copper spray pump,Classic Perfume Spray Glass Bottles,78 ml (2.64 oz),97 ±1 mm,73 ±1 mm,,,18-415,3.05,2.90,2.75,1440pc: $2.38,https://www.bestbottles.com/product/round-design-78-ml-glass-bottle-matte-copper-spray-and-cap
GBRnd78SpryCu,"Round design 78 ml, 2.65oz  clear glass bottle  with matte copper spray pump. For use with cologne, Eau de Parfum, air freshner, face and body spray, or room spray. Round design bottle is available in 2 sizes - 78ml and 128 ml.",https://www.bestbottles.com/images/store/caps/18-415SpMattGl.png,matte copper spray pump,Classic Perfume Spray Glass Bottles,78 ml (2.64 oz),97 ±1 mm,73 ±1 mm,,,18-415,3.05,2.90,2.75,1440pc: $2.38,https://www.bestbottles.com/product/round-design-78-ml-glass-bottle-matte-copper-spray-and-cap?video=true
GBRoyal13SpryBlkSh,"Royal design 13ml, 1/2oz Clear glass bottle with shiny black spray. Fine mist sprayer for use with perfumes and colognes. Refillable, classic style bottle good for promotions and decants.",https://www.bestbottles.com/images/store/caps/13-415SpShnBlk.png,shiny black spray,Refillable Glass Bottles with Fine Mist Sprayers,13 ml (0.44 oz),76 ±1 mm,56 ±1 mm,40 ±0.5 mm,21 ±0.5 mm,13-415,0.97,0.92,0.87,1560pc: $0.76,https://www.bestbottles.com/product/royal-design-13-ml-glass-bottle-shiny-black-spray
GBRoyal13SpryBlkSh,"Royal design 13ml, 1/2oz Clear glass bottle with shiny black spray. Fine mist sprayer for use with perfumes and colognes. Refillable, classic style bottle good for promotions and decants.",https://www.bestbottles.com/images/store/caps/13-415SpShnBlk.png,shiny black spray,Refillable Glass Bottles with Fine Mist Sprayers,13 ml (0.44 oz),76 ±1 mm,56 ±1 mm,40 ±0.5 mm,21 ±0.5 mm,13-415,0.97,0.92,0.87,1560pc: $0.76,https://www.bestbottles.com/product/royal-design-13-ml-glass-bottle-shiny-black-spray?video=true
GBAtom10Sl,"Silver atomizer design 10 ml bottle. For use with perfumes, Colognes, eau de Parfum. Refillable, travel size atomizer. Can be laser engraved and customized. Great for gifts and promotion.",https://www.bestbottles.com/images/store/enlarged_pics/GBAtom10Sl.gif,,Refillable Metal shell perfume atomizers and travel size purse atomizers,10 ml (0.34 oz),89 ±1 mm,82 ±1 mm,,,17mm,3.15,2.99,2.84,1500pc: $2.46,https://www.bestbottles.com/product/silver-atomizer-design-10-ml-bottle
GBAtom10SlDot,"Silver atomizer design 10 ml bottle with dots. For use with perfumes, Colognes, eau de Parfum. Refillable, travel size atomizer. Can be laser engraved and customized. Great for gifts and promotion.",https://www.bestbottles.com/images/store/enlarged_pics/GBAtom10SlDot.gif,,Refillable Metal shell perfume atomizers and travel size purse atomizers,10 ml (0.34 oz),89 ±1 mm,82 ±1 mm,,,17mm,3.40,3.23,3.06,1500pc: $2.65,https://www.bestbottles.com/product/silver-atomizer-design-10-ml-bottle-dots
GBAtom10SlStars,"Silver atomizer design 10 ml bottle with star patterns. For use with perfumes, Colognes, eau de Parfum. Refillable, travel size atomizer. Can be laser engraved and customized. Great for gifts and promotion.",https://www.bestbottles.com/images/store/enlarged_pics/GBAtom10SlStars.gif,,Refillable Metal shell perfume atomizers and travel size purse atomizers,10 ml (0.34 oz),89 ±1 mm,82 ±1 mm,,,17mm,3.40,3.23,3.06,1500pc: $2.65,https://www.bestbottles.com/product/silver-atomizer-design-10-ml-bottle-star-patterns
GBAtom5Sl,"Silver atomizer design 5 ml bottle. For use with perfumes, Colognes, eau de Parfum. Refillable, travel size atomizer. Can be laser engraved and customized. Great for gifts and promotion.",https://www.bestbottles.com/images/store/enlarged_pics/GBAtom5Sl.gif,,Refillable Metal shell perfume atomizers and travel size purse atomizers,5 ml (0.17 oz),81 ±1 mm,76 ±1 mm,,,13mm,2.80,2.66,2.52,3000pc: $2.18,https://www.bestbottles.com/product/silver-atomizer-design-5-ml-bottle
GBAtom5SlDot,"Silver atomizer and sprayer with dots, design 5 ml bottle with dots. For use with perfumes, Colognes, eau de Parfum. Refillable, travel size atomizer. Can be laser engraved and customized. Great for gifts and promotion.",https://www.bestbottles.com/images/store/enlarged_pics/GBAtom5SlDot.gif,,Refillable Metal shell perfume atomizers and travel size purse atomizers,5 ml (0.17 oz),104 ±2 mm,76 ±1 mm,,,13mm,3.05,2.90,2.75,3000pc: $2.38,https://www.bestbottles.com/product/silver-atomizer-design-5-ml-bottle-dots
GBAtom5SlStars,"Silver atomizer design 5 ml bottle with star patterns. For use with perfumes, Colognes, eau de Parfum. Refillable, travel size atomizer. Can be laser engraved and customized. Great for gifts and promotion.",https://www.bestbottles.com/images/store/enlarged_pics/GBAtom5SlStars.gif,,Refillable Metal shell perfume atomizers and travel size purse atomizers,5 ml (0.17 oz),81 ±1 mm,76 ±1 mm,,,13mm,3.05,2.90,2.75,3000pc: $2.38,https://www.bestbottles.com/product/silver-atomizer-design-5-ml-bottle-star-patterns
GBAtom5SlimSl,"Silver slim atomizer design 5 ml bottle. For use with perfumes, Colognes, eau de Parfum. Refillable, travel size atomizer. Can be laser engraved and customized. Great for gifts and promotion.",https://www.bestbottles.com/images/store/enlarged_pics/GBAtom5SlimSl.gif,,Refillable Metal shell perfume atomizers and travel size purse atomizers,5 ml (0.17 oz),104 ±2 mm,92 ±1 mm,,,10mm,2.25,2.14,2.03,3000pc: $1.76,https://www.bestbottles.com/product/silver-slim-atomizer-design-5-ml-bottle
GBSlk100AnSpBlk,"Sleek design 100 ml, 3 1/2oz  clear glass bottle  with black vintage style bulb sprayer with shiny silver collar cap. For use with cologne, Eau de Parfum, air freshner, face and body spray, or room spray.  Antique or vintage bulb sprayers enhance the beau",https://www.bestbottles.com/images/store/caps/18-415SpAnSpBulbLvn.png,black vintage style bulb sprayer with shiny silver collar cap,Antique Style Bulb Spray Bottles,100 ml (3.38 oz),199 ±2 mm,149 ±2 mm,36 ±0.5 mm Neck Thread Size: 18-415,,18-415,5.90,5.61,5.31,1260pc: $4.60,https://www.bestbottles.com/product/sleek-design-100-ml-glass-bottle-black-vintage-style-bulb-sprayer-shiny-silver-collar-cap
GBSlk100AnSpBlk,"Sleek design 100 ml, 3 1/2oz  clear glass bottle  with black vintage style bulb sprayer with shiny silver collar cap. For use with cologne, Eau de Parfum, air freshner, face and body spray, or room spray.  Antique or vintage bulb sprayers enhance the beau",https://www.bestbottles.com/images/store/caps/18-415SpAnSpBulbLvn.png,black vintage style bulb sprayer with shiny silver collar cap,Antique Style Bulb Spray Bottles,100 ml (3.38 oz),199 ±2 mm,149 ±2 mm,36 ±0.5 mm Neck Thread Size: 18-415,,18-415,5.90,5.61,5.31,1260pc: $4.60,https://www.bestbottles.com/product/sleek-design-100-ml-glass-bottle-black-vintage-style-bulb-sprayer-shiny-silver-collar-cap?video=true
GBSlk100AnSpTslBlk,"Sleek design 100 ml, 3 1/2oz  clear glass bottle  with Black vintage style bulb sprayer with tasseland shiny silver collar cap. For use with cologne, Eau de Parfum, air freshner, face and body spray, or room spray.  Antique or vintage bulb sprayers enhanc",https://www.bestbottles.com/images/store/caps/18-415SpAnSpTslLvn.png,Black vintage style bulb sprayer with tasseland shiny silver collar cap,Antique Style Bulb Spray Bottles,100 ml (3.38 oz),191 ±2 mm,149 ±2 mm,36 ±0.5 mm Neck Thread Size: 18-415,,18-415,6.65,6.32,5.99,1260pc: $5.19,https://www.bestbottles.com/product/sleek-design-100-ml-glass-bottle-black-vintage-style-sprayer-with-tassel-shiny-silver-collar
GBSlk100AnSpTslBlk,"Sleek design 100 ml, 3 1/2oz  clear glass bottle  with Black vintage style bulb sprayer with tasseland shiny silver collar cap. For use with cologne, Eau de Parfum, air freshner, face and body spray, or room spray.  Antique or vintage bulb sprayers enhanc",https://www.bestbottles.com/images/store/caps/18-415SpAnSpTslLvn.png,Black vintage style bulb sprayer with tasseland shiny silver collar cap,Antique Style Bulb Spray Bottles,100 ml (3.38 oz),191 ±2 mm,149 ±2 mm,36 ±0.5 mm Neck Thread Size: 18-415,,18-415,6.65,6.32,5.99,1260pc: $5.19,https://www.bestbottles.com/product/sleek-design-100-ml-glass-bottle-black-vintage-style-sprayer-with-tassel-shiny-silver-collar?video=true
GBSlk100SpryCu,"Sleek design 100 ml, 3 1/2oz  clear glass bottle  with matte copper spray pump. For use with cologne, Eau de Parfum, air freshner, face and body spray, or room spray. Sleek design bottle is a family of bottles available in 5ml, 8ml, 30m, 50ml and 100ml. P",https://www.bestbottles.com/images/store/caps/18-415SpBlk.png,matte copper spray pump,Classic Perfume Spray Glass Bottles,100 ml (3.38 oz),190 ±2 mm,149 ±2 mm,36 ±0.5 mm Neck Thread Size: 18-415,,18-415,3.05,2.90,2.75,1260pc: $2.38,https://www.bestbottles.com/product/sleek-design-100-ml-glass-bottle-matte-copper-spray-and-cap
GBSlk100SpryCu,"Sleek design 100 ml, 3 1/2oz  clear glass bottle  with matte copper spray pump. For use with cologne, Eau de Parfum, air freshner, face and body spray, or room spray. Sleek design bottle is a family of bottles available in 5ml, 8ml, 30m, 50ml and 100ml. P",https://www.bestbottles.com/images/store/caps/18-415SpBlk.png,matte copper spray pump,Classic Perfume Spray Glass Bottles,100 ml (3.38 oz),190 ±2 mm,149 ±2 mm,36 ±0.5 mm Neck Thread Size: 18-415,,18-415,3.05,2.90,2.75,1260pc: $2.38,https://www.bestbottles.com/product/sleek-design-100-ml-glass-bottle-matte-copper-spray-and-cap?video=true
GBSlk30AnSpBlk,"Sleek design 30 ml, 1oz  clear glass bottle  with black vintage style bulb sprayer with shiny silver collar cap. For use with cologne, Eau de Parfum, air freshner, face and body spray, or room spray.  Antique or vintage bulb sprayers enhance the beauty of",https://www.bestbottles.com/images/store/caps/18-415SpAnSpBulbLvn.png,black vintage style bulb sprayer with shiny silver collar cap,Antique Style Bulb Spray Bottles,30 ml (1.01 oz),126 ±2 mm,98 ±1 mm,28 ±0.5 mm Neck Thread Size: 18-415,,18-415,5.40,5.13,4.86,1350pc: $4.21,https://www.bestbottles.com/product/sleek-design-30-ml-glass-bottle-black-vintage-style-bulb-sprayer-shiny-silver-collar-cap
GBSlk30AnSpBlk,"Sleek design 30 ml, 1oz  clear glass bottle  with black vintage style bulb sprayer with shiny silver collar cap. For use with cologne, Eau de Parfum, air freshner, face and body spray, or room spray.  Antique or vintage bulb sprayers enhance the beauty of",https://www.bestbottles.com/images/store/caps/18-415SpAnSpBulbLvn.png,black vintage style bulb sprayer with shiny silver collar cap,Antique Style Bulb Spray Bottles,30 ml (1.01 oz),126 ±2 mm,98 ±1 mm,28 ±0.5 mm Neck Thread Size: 18-415,,18-415,5.40,5.13,4.86,1350pc: $4.21,https://www.bestbottles.com/product/sleek-design-30-ml-glass-bottle-black-vintage-style-bulb-sprayer-shiny-silver-collar-cap?video=true
GBSlk30SpryCu,"Sleek design 30 ml, 1oz  clear glass bottle  with matte copper spray pump. For use with cologne, Eau de Parfum, air freshner, face and body spray, or room spray. Sleek design bottle is a family of bottles available in 5ml, 8ml, 30m, 50ml and 100ml. Price",https://www.bestbottles.com/images/store/caps/18-415SpMattGl.png,matte copper spray pump,Classic Perfume Spray Glass Bottles,30 ml (1.01 oz),123 ±2 mm,98 ±1 mm,28 ±0.5 mm Neck Thread Size: 18-415,,18-415,2.55,2.42,2.30,1350pc: $1.99,https://www.bestbottles.com/product/sleek-design-30-ml-glass-bottle-matte-copper-spray-and-cap
GBSlk30SpryCu,"Sleek design 30 ml, 1oz  clear glass bottle  with matte copper spray pump. For use with cologne, Eau de Parfum, air freshner, face and body spray, or room spray. Sleek design bottle is a family of bottles available in 5ml, 8ml, 30m, 50ml and 100ml. Price",https://www.bestbottles.com/images/store/caps/18-415SpMattGl.png,matte copper spray pump,Classic Perfume Spray Glass Bottles,30 ml (1.01 oz),123 ±2 mm,98 ±1 mm,28 ±0.5 mm Neck Thread Size: 18-415,,18-415,2.55,2.42,2.30,1350pc: $1.99,https://www.bestbottles.com/product/sleek-design-30-ml-glass-bottle-matte-copper-spray-and-cap?video=true
GBSleek5SpryBlkMatt,"Sleek design 5ml, 1/6oz Clear glass bottle with matte black spray. Fine mist sprayer for use with perfumes and colognes. Refillable, Small sized bottle for decants, promotion, samples and travel accessory.",https://www.bestbottles.com/images/store/caps/13-415SpShnGl.png,matte black spray,Refillable Glass Bottles with Fine Mist Sprayers,5 ml (0.17 oz),64 ±1 mm,45 ±0.5 mm,17 ±0.5 mm,17 ±0.5 mm,13-415,0.95,0.90,0.86,3520pc: $0.74,https://www.bestbottles.com/product/sleek-design-5-ml-glass-bottle-matte-black-spray
GBSleek5SpryBlkMatt,"Sleek design 5ml, 1/6oz Clear glass bottle with matte black spray. Fine mist sprayer for use with perfumes and colognes. Refillable, Small sized bottle for decants, promotion, samples and travel accessory.",https://www.bestbottles.com/images/store/caps/13-415SpShnGl.png,matte black spray,Refillable Glass Bottles with Fine Mist Sprayers,5 ml (0.17 oz),64 ±1 mm,45 ±0.5 mm,17 ±0.5 mm,17 ±0.5 mm,13-415,0.95,0.90,0.86,3520pc: $0.74,https://www.bestbottles.com/product/sleek-design-5-ml-glass-bottle-matte-black-spray?video=true
GBSlk50AnSpBlk,"Sleek design 50 ml, 1.7oz  clear glass bottle  with black vintage style bulb sprayer with shiny silver collar cap. For use with cologne, Eau de Parfum, air freshner, face and body spray, or room spray.  Antique or vintage bulb sprayers enhance the beauty",https://www.bestbottles.com/images/store/caps/18-415SpAnSpBulbLvn.png,black vintage style bulb sprayer with shiny silver collar cap,Antique Style Bulb Spray Bottles,50 ml (1.69 oz),167 ±2 mm,139 ±2 mm,28 ±0.5 mm Neck Thread Size: 18-415,,18-415,5.55,5.27,5.00,1350pc: $4.33,https://www.bestbottles.com/product/sleek-design-50-ml-glass-bottle-black-vintage-style-bulb-sprayer-shiny-silver-collar-cap
GBSlk50AnSpBlk,"Sleek design 50 ml, 1.7oz  clear glass bottle  with black vintage style bulb sprayer with shiny silver collar cap. For use with cologne, Eau de Parfum, air freshner, face and body spray, or room spray.  Antique or vintage bulb sprayers enhance the beauty",https://www.bestbottles.com/images/store/caps/18-415SpAnSpBulbLvn.png,black vintage style bulb sprayer with shiny silver collar cap,Antique Style Bulb Spray Bottles,50 ml (1.69 oz),167 ±2 mm,139 ±2 mm,28 ±0.5 mm Neck Thread Size: 18-415,,18-415,5.55,5.27,5.00,1350pc: $4.33,https://www.bestbottles.com/product/sleek-design-50-ml-glass-bottle-black-vintage-style-bulb-sprayer-shiny-silver-collar-cap?video=true
GBSlk50AnSpTslBlk,"Sleek design 50 ml, 1.7oz  clear glass bottle  with Black vintage style bulb sprayer with tasseland shiny silver collar cap. For use with cologne, Eau de Parfum, air freshner, face and body spray, or room spray.  Antique or vintage bulb sprayers enhance t",https://www.bestbottles.com/images/store/caps/18-415SpAnSpTslLvn.png,Black vintage style bulb sprayer with tasseland shiny silver collar cap,Antique Style Bulb Spray Bottles,50 ml (1.69 oz),167 ±2 mm,139 ±2 mm,28 ±0.5 mm Neck Thread Size: 18-415,,18-415,6.30,5.99,5.67,1350pc: $4.91,https://www.bestbottles.com/product/sleek-design-50-ml-glass-bottle-black-vintage-style-sprayer-with-tassel-shiny-silver-collar
GBSlk50AnSpTslBlk,"Sleek design 50 ml, 1.7oz  clear glass bottle  with Black vintage style bulb sprayer with tasseland shiny silver collar cap. For use with cologne, Eau de Parfum, air freshner, face and body spray, or room spray.  Antique or vintage bulb sprayers enhance t",https://www.bestbottles.com/images/store/caps/18-415SpAnSpTslLvn.png,Black vintage style bulb sprayer with tasseland shiny silver collar cap,Antique Style Bulb Spray Bottles,50 ml (1.69 oz),167 ±2 mm,139 ±2 mm,28 ±0.5 mm Neck Thread Size: 18-415,,18-415,6.30,5.99,5.67,1350pc: $4.91,https://www.bestbottles.com/product/sleek-design-50-ml-glass-bottle-black-vintage-style-sprayer-with-tassel-shiny-silver-collar?video=true
GBSlk50SpryCu,"Sleek design 50 ml, 1.7oz  clear glass bottle  with matte copper spray pump. For use with cologne, Eau de Parfum, air freshner, face and body spray, or room spray. Sleek design bottle is a family of bottles available in 5ml, 8ml, 30m, 50ml and 100ml. Pric",https://www.bestbottles.com/images/store/caps/18-415SpBlk.png,matte copper spray pump,Classic Perfume Spray Glass Bottles,50 ml (1.69 oz),164 ±2 mm,139 ±2 mm,28 ±0.5 mm Neck Thread Size: 18-415,,18-415,2.70,2.57,2.43,1350pc: $2.11,https://www.bestbottles.com/product/sleek-design-50-ml-glass-bottle-matte-copper-spray-and-cap
GBSlk50SpryCu,"Sleek design 50 ml, 1.7oz  clear glass bottle  with matte copper spray pump. For use with cologne, Eau de Parfum, air freshner, face and body spray, or room spray. Sleek design bottle is a family of bottles available in 5ml, 8ml, 30m, 50ml and 100ml. Pric",https://www.bestbottles.com/images/store/caps/18-415SpBlk.png,matte copper spray pump,Classic Perfume Spray Glass Bottles,50 ml (1.69 oz),164 ±2 mm,139 ±2 mm,28 ±0.5 mm Neck Thread Size: 18-415,,18-415,2.70,2.57,2.43,1350pc: $2.11,https://www.bestbottles.com/product/sleek-design-50-ml-glass-bottle-matte-copper-spray-and-cap?video=true
GBSleek8SpryBlkMatt,"Sleek design 8ml, 1/3oz Clear glass bottle with matte black spray. Fine mist sprayer for use with perfumes and colognes. Refillable, Small sized bottle for decants, promotion, samples and travel accessory.",https://www.bestbottles.com/images/store/caps/13-415SpShnBlk.png,matte black spray,Refillable Glass Bottles with Fine Mist Sprayers,8 ml (0.27 oz),86 ±1 mm,66 ±1 mm,17 ±0.5 mm,17 ±0.5 mm,13-415,0.97,0.92,0.87,3000pc: $0.76,https://www.bestbottles.com/product/sleek-design-8-ml-glass-bottle-matte-black-spray
GBSleek8SpryBlkMatt,"Sleek design 8ml, 1/3oz Clear glass bottle with matte black spray. Fine mist sprayer for use with perfumes and colognes. Refillable, Small sized bottle for decants, promotion, samples and travel accessory.",https://www.bestbottles.com/images/store/caps/13-415SpShnBlk.png,matte black spray,Refillable Glass Bottles with Fine Mist Sprayers,8 ml (0.27 oz),86 ±1 mm,66 ±1 mm,17 ±0.5 mm,17 ±0.5 mm,13-415,0.97,0.92,0.87,3000pc: $0.76,https://www.bestbottles.com/product/sleek-design-8-ml-glass-bottle-matte-black-spray?video=true
GBSlm100AnSpBlk,"Slim design 100 ml, 3 1/2oz  clear glass bottle  with black vintage style bulb sprayer with shiny silver collar cap. For use with cologne, Eau de Parfum, air freshner, face and body spray, or room spray.  Antique or vintage bulb sprayers enhance the beaut",https://www.bestbottles.com/images/store/caps/18-415SpAnSpBulbPnk.png,black vintage style bulb sprayer with shiny silver collar cap,Antique Style Bulb Spray Bottles,100 ml (3.38 oz),197 ±2 mm,154 ±2 mm,37 ±0.5 mm,,18-415,5.90,5.61,5.31,1200pc: $4.60,https://www.bestbottles.com/product/slim-design-100-ml-glass-bottle-black-vintage-style-bulb-sprayer-shiny-silver-collar-cap
GBSlm100AnSpBlk,"Slim design 100 ml, 3 1/2oz  clear glass bottle  with black vintage style bulb sprayer with shiny silver collar cap. For use with cologne, Eau de Parfum, air freshner, face and body spray, or room spray.  Antique or vintage bulb sprayers enhance the beaut",https://www.bestbottles.com/images/store/caps/18-415SpAnSpBulbPnk.png,black vintage style bulb sprayer with shiny silver collar cap,Antique Style Bulb Spray Bottles,100 ml (3.38 oz),197 ±2 mm,154 ±2 mm,37 ±0.5 mm,,18-415,5.90,5.61,5.31,1200pc: $4.60,https://www.bestbottles.com/product/slim-design-100-ml-glass-bottle-black-vintage-style-bulb-sprayer-shiny-silver-collar-cap?video=true
GBSlm100AnSpTslBlk,"Slim design 100 ml, 3 1/2oz  clear glass bottle  with Black vintage style bulb sprayer with tassel with shiny silver collar cap. For use with cologne, Eau de Parfum, air freshner, face and body spray, or room spray.  Antique or vintage bulb sprayers enhan",https://www.bestbottles.com/images/store/caps/18-415SpAnSpTslPnk.png,Black vintage style bulb sprayer with tassel with shiny silver collar cap,Antique Style Bulb Spray Bottles,100 ml (3.38 oz),175 ±2 mm,154 ±2 mm,37 ±0.5 mm,,18-415,6.65,6.32,5.99,1200pc: $5.19,https://www.bestbottles.com/product/slim-design-100-ml-glass-bottle-black-vintage-style-sprayer-with-tassel-shiny-silver-collar
GBSlm100AnSpTslBlk,"Slim design 100 ml, 3 1/2oz  clear glass bottle  with Black vintage style bulb sprayer with tassel with shiny silver collar cap. For use with cologne, Eau de Parfum, air freshner, face and body spray, or room spray.  Antique or vintage bulb sprayers enhan",https://www.bestbottles.com/images/store/caps/18-415SpAnSpTslPnk.png,Black vintage style bulb sprayer with tassel with shiny silver collar cap,Antique Style Bulb Spray Bottles,100 ml (3.38 oz),175 ±2 mm,154 ±2 mm,37 ±0.5 mm,,18-415,6.65,6.32,5.99,1200pc: $5.19,https://www.bestbottles.com/product/slim-design-100-ml-glass-bottle-black-vintage-style-sprayer-with-tassel-shiny-silver-collar?video=true
GBSlm100SpryCu,"Slim design 100 ml, 3 1/2oz  clear glass bottle  with matte copper spray pump. For use with cologne, Eau de Parfum, air freshner, face and body spray, or room spray. Slim design bottle is a family of bottles available 30ml, 50ml and 100ml.",https://www.bestbottles.com/images/store/caps/18-415SpShnSl.png,matte copper spray pump,Classic Perfume Spray Glass Bottles,100 ml (3.38 oz),180 ±2 mm,154 ±2 mm,37 ±0.5 mm,,18-415,3.05,2.90,2.75,1200pc: $2.38,https://www.bestbottles.com/product/slim-design-100-ml-glass-bottle-matte-copper-spray-and-cap
GBSlm100SpryCu,"Slim design 100 ml, 3 1/2oz  clear glass bottle  with matte copper spray pump. For use with cologne, Eau de Parfum, air freshner, face and body spray, or room spray. Slim design bottle is a family of bottles available 30ml, 50ml and 100ml.",https://www.bestbottles.com/images/store/caps/18-415SpShnSl.png,matte copper spray pump,Classic Perfume Spray Glass Bottles,100 ml (3.38 oz),180 ±2 mm,154 ±2 mm,37 ±0.5 mm,,18-415,3.05,2.90,2.75,1200pc: $2.38,https://www.bestbottles.com/product/slim-design-100-ml-glass-bottle-matte-copper-spray-and-cap?video=true
GBSlm30AnSpBlk,"Slim design 30 ml, 1oz  clear glass bottle  with black vintage style bulb sprayer with shiny silver collar cap. For use with cologne, Eau de Parfum, air freshner, face and body spray, or room spray.  Antique or vintage bulb sprayers enhance the beauty of",https://www.bestbottles.com/images/store/caps/18-415SpAnSpBulbLvn.png,black vintage style bulb sprayer with shiny silver collar cap,Antique Style Bulb Spray Bottles,30 ml (1.01 oz),115 ±2 mm,87 ±1 mm,30 ±0.5 mm,,18-415,5.35,5.08,4.82,1440pc: $4.17,https://www.bestbottles.com/product/slim-design-30-ml-glass-bottle-black-vintage-style-bulb-sprayer-shiny-silver-collar-cap
GBSlm30AnSpBlk,"Slim design 30 ml, 1oz  clear glass bottle  with black vintage style bulb sprayer with shiny silver collar cap. For use with cologne, Eau de Parfum, air freshner, face and body spray, or room spray.  Antique or vintage bulb sprayers enhance the beauty of",https://www.bestbottles.com/images/store/caps/18-415SpAnSpBulbLvn.png,black vintage style bulb sprayer with shiny silver collar cap,Antique Style Bulb Spray Bottles,30 ml (1.01 oz),115 ±2 mm,87 ±1 mm,30 ±0.5 mm,,18-415,5.35,5.08,4.82,1440pc: $4.17,https://www.bestbottles.com/product/slim-design-30-ml-glass-bottle-black-vintage-style-bulb-sprayer-shiny-silver-collar-cap?video=true
GBSlm30SpryCu,"Slim design 30 ml, 1oz  clear glass bottle  with matte copper spray pump. For use with cologne, Eau de Parfum, air freshner, face and body spray, or room spray. Slim design bottle is a family of bottles available 30ml, 50ml and 100ml.",https://www.bestbottles.com/images/store/caps/18-415SpBlk.png,matte copper spray pump,Classic Perfume Spray Glass Bottles,30 ml (1.01 oz),112 ±2 mm,87 ±1 mm,30 ±0.5 mm,,18-415,2.50,2.38,2.25,1440pc: $1.95,https://www.bestbottles.com/product/slim-design-30-ml-glass-bottle-matte-copper-spray-and-cap
GBSlm30SpryCu,"Slim design 30 ml, 1oz  clear glass bottle  with matte copper spray pump. For use with cologne, Eau de Parfum, air freshner, face and body spray, or room spray. Slim design bottle is a family of bottles available 30ml, 50ml and 100ml.",https://www.bestbottles.com/images/store/caps/18-415SpBlk.png,matte copper spray pump,Classic Perfume Spray Glass Bottles,30 ml (1.01 oz),112 ±2 mm,87 ±1 mm,30 ±0.5 mm,,18-415,2.50,2.38,2.25,1440pc: $1.95,https://www.bestbottles.com/product/slim-design-30-ml-glass-bottle-matte-copper-spray-and-cap?video=true
GBSlm50AnSpBlk,"Slim design 50 ml, 1.7oz  clear glass bottle  with black vintage style bulb sprayer with shiny silver collar cap. For use with cologne, Eau de Parfum, air freshner, face and body spray, or room spray.  Antique or vintage bulb sprayers enhance the beauty o",https://www.bestbottles.com/images/store/caps/18-415SpAnSpBulbPnk.png,black vintage style bulb sprayer with shiny silver collar cap,Antique Style Bulb Spray Bottles,50 ml (1.69 oz),147 ±2 mm,121 ±2 mm,31 ±0.5 mm,,18-415,5.55,5.27,5.00,1440pc: $4.33,https://www.bestbottles.com/product/slim-design-50-ml-glass-bottle-black-vintage-style-bulb-sprayer-shiny-silver-collar-cap
GBSlm50AnSpBlk,"Slim design 50 ml, 1.7oz  clear glass bottle  with black vintage style bulb sprayer with shiny silver collar cap. For use with cologne, Eau de Parfum, air freshner, face and body spray, or room spray.  Antique or vintage bulb sprayers enhance the beauty o",https://www.bestbottles.com/images/store/caps/18-415SpAnSpBulbPnk.png,black vintage style bulb sprayer with shiny silver collar cap,Antique Style Bulb Spray Bottles,50 ml (1.69 oz),147 ±2 mm,121 ±2 mm,31 ±0.5 mm,,18-415,5.55,5.27,5.00,1440pc: $4.33,https://www.bestbottles.com/product/slim-design-50-ml-glass-bottle-black-vintage-style-bulb-sprayer-shiny-silver-collar-cap?video=true
GBSlm50AnSpTslBlk,"Slim design 50 ml, 1.7oz  clear glass bottle  with Black vintage style bulb sprayer with tasseland shiny silver collar cap. For use with cologne, Eau de Parfum, air freshner, face and body spray, or room spray.  Antique or vintage bulb sprayers enhance th",https://www.bestbottles.com/images/store/caps/18-415SpAnSpTslBlk.png,Black vintage style bulb sprayer with tasseland shiny silver collar cap,Antique Style Bulb Spray Bottles,50 ml (1.69 oz),143 ±2 mm,121 ±2 mm,31 ±0.5 mm,,18-415,6.30,5.99,5.67,1440pc: $4.91,https://www.bestbottles.com/product/slim-design-50-ml-glass-bottle-black-vintage-style-sprayer-with-tassel-shiny-silver-collar
GBSlm50AnSpTslBlk,"Slim design 50 ml, 1.7oz  clear glass bottle  with Black vintage style bulb sprayer with tasseland shiny silver collar cap. For use with cologne, Eau de Parfum, air freshner, face and body spray, or room spray.  Antique or vintage bulb sprayers enhance th",https://www.bestbottles.com/images/store/caps/18-415SpAnSpTslBlk.png,Black vintage style bulb sprayer with tasseland shiny silver collar cap,Antique Style Bulb Spray Bottles,50 ml (1.69 oz),143 ±2 mm,121 ±2 mm,31 ±0.5 mm,,18-415,6.30,5.99,5.67,1440pc: $4.91,https://www.bestbottles.com/product/slim-design-50-ml-glass-bottle-black-vintage-style-sprayer-with-tassel-shiny-silver-collar?video=true
GBSlm50SpryCu,"Slim design 50 ml, 1.7oz  clear glass bottle  with matte copper spray pump. For use with cologne, Eau de Parfum, air freshner, face and body spray, or room spray. Slim design bottle is a family of bottles available 30ml, 50ml and 100ml.",https://www.bestbottles.com/images/store/caps/18-415SpShnGl.png,matte copper spray pump,Classic Perfume Spray Glass Bottles,50 ml (1.69 oz),146 ±2 mm,121 ±2 mm,31 ±0.5 mm,,18-415,2.70,2.57,2.43,1440pc: $2.11,https://www.bestbottles.com/product/slim-design-50-ml-glass-bottle-matte-copper-spray-and-cap
GBSlm50SpryCu,"Slim design 50 ml, 1.7oz  clear glass bottle  with matte copper spray pump. For use with cologne, Eau de Parfum, air freshner, face and body spray, or room spray. Slim design bottle is a family of bottles available 30ml, 50ml and 100ml.",https://www.bestbottles.com/images/store/caps/18-415SpShnGl.png,matte copper spray pump,Classic Perfume Spray Glass Bottles,50 ml (1.69 oz),146 ±2 mm,121 ±2 mm,31 ±0.5 mm,,18-415,2.70,2.57,2.43,1440pc: $2.11,https://www.bestbottles.com/product/slim-design-50-ml-glass-bottle-matte-copper-spray-and-cap?video=true
GBSqr15SpryBlkSh,"Square design 15ml, 1/2oz Clear glass bottle with shiny black spray. Fine mist sprayer for use with perfumes and colognes. Refillable, classic style bottle good for promotions and decants.",https://www.bestbottles.com/images/store/caps/13-415SpShnBlk.png,shiny black spray,Refillable Glass Bottles with Fine Mist Sprayers,15 ml (0.51 oz),73 ±1 mm,52 ±1 mm,26 ±0.5 mm,26 ±0.5 mm,13-415,0.97,0.92,0.87,2100pc: $0.76,https://www.bestbottles.com/product/square-design-15-ml-glass-bottle-shiny-black-spray
GBTallCylFrst9SpryBlkMatt,"Tall cylinder design 9ml, 1/3oz frosted glass bottle with matte black spray. Fine mist sprayer for use with perfumes and colognes. Refillable, slender bottle with attractive heavy base.",https://www.bestbottles.com/images/store/caps/13-415SpMattBlk.png,matte black spray,Refillable Glass Bottles with Fine Mist Sprayers,9 ml (0.3 oz),126 ±2 mm,106 ±2 mm,,,13-415,1.40,1.33,1.26,1440pc: $1.09,https://www.bestbottles.com/product/tall-cylinder-design-9-ml-frosted-glass-bottle-matte-black-spray
GBTallCylFrst9SpryBlkMatt,"Tall cylinder design 9ml, 1/3oz frosted glass bottle with matte black spray. Fine mist sprayer for use with perfumes and colognes. Refillable, slender bottle with attractive heavy base.",https://www.bestbottles.com/images/store/caps/13-415SpMattBlk.png,matte black spray,Refillable Glass Bottles with Fine Mist Sprayers,9 ml (0.3 oz),126 ±2 mm,106 ±2 mm,,,13-415,1.40,1.33,1.26,1440pc: $1.09,https://www.bestbottles.com/product/tall-cylinder-design-9-ml-frosted-glass-bottle-matte-black-spray?video=true
GBTallCyl9SpryBlkMatt,"Tall cylinder design 9ml, 1/3oz Clear glass bottle with matte black spray. Fine mist sprayer for use with perfumes and colognes. Refillable, slender bottle with attractive heavy base.",https://www.bestbottles.com/images/store/caps/13-415SpMattBlk.png,matte black spray,Refillable Glass Bottles with Fine Mist Sprayers,9 ml (0.3 oz),111 ±2 mm,106 ±2 mm,,,13-415,1.20,1.14,1.08,1440pc: $0.94,https://www.bestbottles.com/product/tall-cylinder-design-9-ml-glass-bottle-matte-black-spray
GBTallCyl9SpryBlkMatt,"Tall cylinder design 9ml, 1/3oz Clear glass bottle with matte black spray. Fine mist sprayer for use with perfumes and colognes. Refillable, slender bottle with attractive heavy base.",https://www.bestbottles.com/images/store/caps/13-415SpMattBlk.png,matte black spray,Refillable Glass Bottles with Fine Mist Sprayers,9 ml (0.3 oz),111 ±2 mm,106 ±2 mm,,,13-415,1.20,1.14,1.08,1440pc: $0.94,https://www.bestbottles.com/product/tall-cylinder-design-9-ml-glass-bottle-matte-black-spray?video=true
GBTallRect10SpryBlkMatt,"Tall rectangular design 10ml, 1/3oz Clear glass bottle with matte black spray. Fine mist sprayer for use with perfumes and colognes. Refillable, slender bottle with attractive heavy base.",https://www.bestbottles.com/images/store/caps/13-415SpMattBlk.png,matte black spray,Refillable Glass Bottles with Fine Mist Sprayers,10 ml (0.34 oz),121 ±2 mm,101 ±2 mm,17 ±0.5 mm,17 ±0.5 mm,13-415,1.20,1.14,1.08,1440pc: $0.94,https://www.bestbottles.com/product/tall-rectangular-design-10-ml-glass-bottle-matte-black-spray
GBTallRect10SpryBlkMatt,"Tall rectangular design 10ml, 1/3oz Clear glass bottle with matte black spray. Fine mist sprayer for use with perfumes and colognes. Refillable, slender bottle with attractive heavy base.",https://www.bestbottles.com/images/store/caps/13-415SpMattBlk.png,matte black spray,Refillable Glass Bottles with Fine Mist Sprayers,10 ml (0.34 oz),121 ±2 mm,101 ±2 mm,17 ±0.5 mm,17 ±0.5 mm,13-415,1.20,1.14,1.08,1440pc: $0.94,https://www.bestbottles.com/product/tall-rectangular-design-10-ml-glass-bottle-matte-black-spray?video=true
GBTulipAmb5SpryBlkMatt,"Tulip design 5ml, 1/6 oz Amber glass bottle with matte black spray. Fine mist sprayer for use with perfumes and colognes. Refillable, Small sized bottle for decants, promotion, samples and travel accessory.",https://www.bestbottles.com/images/store/caps/13-415SpMattBlk.png,matte black spray,Refillable Glass Bottles with Fine Mist Sprayers,5 ml (0.17 oz),65 ±1 mm,45 ±0.5 mm,,,13-415,0.97,0.92,0.87,4200pc: $0.76,https://www.bestbottles.com/product/tulip-design-5-ml-amber-glass-bottle-matte-black-spray
GBTulipAmb5SpryBlkMatt,"Tulip design 5ml, 1/6 oz Amber glass bottle with matte black spray. Fine mist sprayer for use with perfumes and colognes. Refillable, Small sized bottle for decants, promotion, samples and travel accessory.",https://www.bestbottles.com/images/store/caps/13-415SpMattBlk.png,matte black spray,Refillable Glass Bottles with Fine Mist Sprayers,5 ml (0.17 oz),65 ±1 mm,45 ±0.5 mm,,,13-415,0.97,0.92,0.87,4200pc: $0.76,https://www.bestbottles.com/product/tulip-design-5-ml-amber-glass-bottle-matte-black-spray?video=true
GBTulip6SpryBlkSh,"Tulip design 6ml, 1/5oz Clear glass bottle with shiny black spray. Fine mist sprayer for use with perfumes and colognes. Refillable, Small sized bottle for decants, promotion, samples and travel accessory.",https://www.bestbottles.com/images/store/caps/13-415SpMattBlk.png,shiny black spray,Refillable Glass Bottles with Fine Mist Sprayers,6 ml (0.2 oz),65 ±1 mm,45 ±0.5 mm,,,13-415,0.90,0.86,0.81,4225pc: $0.70,https://www.bestbottles.com/product/tulip-design-6ml-bottle-shiny-black-spray
GBTulip6SpryBlkSh,"Tulip design 6ml, 1/5oz Clear glass bottle with shiny black spray. Fine mist sprayer for use with perfumes and colognes. Refillable, Small sized bottle for decants, promotion, samples and travel accessory.",https://www.bestbottles.com/images/store/caps/13-415SpMattBlk.png,shiny black spray,Refillable Glass Bottles with Fine Mist Sprayers,6 ml (0.2 oz),65 ±1 mm,45 ±0.5 mm,,,13-415,0.90,0.86,0.81,4225pc: $0.70,https://www.bestbottles.com/product/tulip-design-6ml-bottle-shiny-black-spray?video=true
,,,,,,,,,,,,,,,https://www.bestbottles.com/product/
Alu500,"Cylinder shaped, aluminum 500 ml bottle with white plug and tear off cap. For use with perfume oil, aromatic oils, fragrance oils and attars.",https://www.bestbottles.com/images/store/enlarged_pics/Alu500.gif,white plug and tear off cap,Aluminum Bottles and Cans,500 ml (16.91 oz),186 ±2 mm,178 ±2 mm,,,20-410,3.47,,3.29,480pc: $2.85,https://www.bestbottles.com/product/Aluminum-Bottle-Can-white-cap-500ml
Alu100mlSprayBlack,"Cylinder shaped, matte aluminum 100 ml bottle with black sprayer. For use with cologne, perfume, air freshner, face and body spray, or room spray.",https://www.bestbottles.com/images/store/enlarged_pics/Alu100mlSprayBlack.gif,black spray,Alluminum Bottles With Fine Mist Sprayers,100 ml (3.38 oz),150 ±2 mm,,,,20-410,1.19,,1.13,2000pc: $0.98,https://www.bestbottles.com/product/Cylinder-shaped-matte-aluminum-100ml-bottle-black-sprayer
Alu250mlSprayBlack,"Cylinder shaped, matte aluminum 250 ml bottle with black sprayer. For use with cologne, perfume, air freshner, face and body spray, or room spray.",https://www.bestbottles.com/images/store/enlarged_pics/Alu250mlSprayblack.gif,black spray,Alluminum Bottles With Fine Mist Sprayers,250 ml (8.45 oz),178 ±2 mm,155 ±2 mm,,,20-410,1.43,,1.35,2000pc: $1.17,https://www.bestbottles.com/product/Cylinder-shaped-matte-aluminum-250ml-bottle-black-sprayer
PB10SpryNat,Plastic Bottle with Clear Spray Top and Clear Cap. Capacity: 10ml (1/3oz),https://www.bestbottles.com/images/store/enlarged_pics/PB10SpryNat.gif,Clear Spray Top and Clear Cap. Cap,Plastic Bottles With Fine Mist Sprayers,10 ml (0.34 oz),,,,,,0.57,,0.54,3000pc: $0.47,https://www.bestbottles.com/product/Plastic-Bottle-Clear-Natural-sprayer-10ml
PB1ozSpryNat,Plastic Bottle with Clear Spray Top and Clear Cap. Capacity: 1oz (28ml).,https://www.bestbottles.com/images/store/enlarged_pics/PB1ozSpryNat.gif,Clear Spray Top and Clear Cap. Cap,Plastic Bottles With Fine Mist Sprayers,30 ml (1.01 oz),82 ±1 mm Neck Thread Size: 13-415,,,,13-415,0.62,,0.59,2100pc: $0.51,https://www.bestbottles.com/product/Plastic-Bottle-container-Clear-Natural-sprayer-1oz
PB1ozClearcap,Clear Plastic Bottle With Clear Screw on Cap.Capacity: 1oz (30ml),https://www.bestbottles.com/images/store/enlarged_pics/PB1ozClearcap.gif,Clear Screw on Cap.Cap,Plastic Bottles With Fine Mist Sprayers,30 ml (1.01 oz),85 ±1 mm,68 ±1 mm,28 ±0.5 mm Neck Thread Size: 13-415,,13-415,0.52,,0.50,3400pc: $0.43,https://www.bestbottles.com/product/Plastic-bottle-container-clear-Clear-cap-1oz
PB1ozSprySl,Plastic Bottle with Silver Spray Top and Clear Cap. Capacity: 1oz (30ml).,https://www.bestbottles.com/images/store/enlarged_pics/PB1ozSprySl.gif,Silver Spray Top and Clear Cap. Cap,Plastic Bottles With Fine Mist Sprayers,30 ml (1.01 oz) Neck Thread Size: 13-415,,,,,13-415,0.62,,0.59,2800pc: $0.51,https://www.bestbottles.com/product/Plastic-bottle-container-clear-Silver-sprayer-1oz
GBSpry3mlClBlk,3.3ml Clear Glass Bottle with Black Spray Pump and Clear Cap. Good for use as a sample.,https://www.bestbottles.com/images/store/enlarged_pics/GBSpry3mlClBlk.gif,Black Spray Pump and Clear Cap,Refillable Glass Bottles with Fine Mist Sprayers,3 ml (0.1 oz),54 ±1 mm,37 ±0.5 mm,,,12mm,0.35,,,5000pc: $0.29,https://www.bestbottles.com/product/Sample-Promotional-Decant-Spray-clear-glass-vial-Black-Sprayer-3ml
GBSpry3mlClBlk,3.3ml Clear Glass Bottle with Black Spray Pump and Clear Cap. Good for use as a sample.,https://www.bestbottles.com/images/store/enlarged_pics/GBSpry3mlClBlk.gif,Black Spray Pump and Clear Cap,Refillable Glass Bottles with Fine Mist Sprayers,3 ml (0.1 oz),54 ±1 mm,37 ±0.5 mm,,,12mm,0.35,,,5000pc: $0.29,https://www.bestbottles.com/product/Sample-Promotional-Decant-Spray-clear-glass-vial-Black-Sprayer-3ml?video=true
GBSpry4mlClBlk,Clear Glass Bottle with Black Spray Pump and Clear Cap. Capacity: 4ml,https://www.bestbottles.com/images/store/enlarged_pics/GBSpry4mlClBlk.gif,Black Spray Pump and Clear Cap. Cap,Refillable Glass Bottles with Fine Mist Sprayers,4 ml (0.14 oz),67 ±1 mm,49 ±0.5 mm,,,12mm,0.37,,,5000pc: $0.30,https://www.bestbottles.com/product/Sample-Promotional-Decant-Spray-clear-glass-vial-Black-Sprayer-4ml
GBSpry4mlClBlk,Clear Glass Bottle with Black Spray Pump and Clear Cap. Capacity: 4ml,https://www.bestbottles.com/images/store/enlarged_pics/GBSpry4mlClBlk.gif,Black Spray Pump and Clear Cap. Cap,Refillable Glass Bottles with Fine Mist Sprayers,4 ml (0.14 oz),67 ±1 mm,49 ±0.5 mm,,,12mm,0.37,,,5000pc: $0.30,https://www.bestbottles.com/product/Sample-Promotional-Decant-Spray-clear-glass-vial-Black-Sprayer-4ml?video=true
GBSpry1ozGl,Clear Glass Spray Bottle with Gold Top and Base. Capacity: 1oz (30ml),https://www.bestbottles.com/images/store/enlarged_pics/GBSpry1ozGl.gif,Gold Top and Base. Cap,Classic Perfume Spray Glass Bottles,30 ml (1.01 oz) Neck Thread Size: 18-415,,,,,18-415,2.00,,1.89,1500pc: $1.64,https://www.bestbottles.com/product/Tube-Glass-Bottle-Sprayer-atomizer-Gold-1oz
GBSpry1ozSl,Clear Glass Spray Bottle with Silver Top and Base. Capacity: 1oz (30ml),https://www.bestbottles.com/images/store/enlarged_pics/GBSpry1ozSl.gif,Silver Top and Base. Cap,Classic Perfume Spray Glass Bottles,30 ml (1.01 oz) Neck Thread Size: 18-415,,,,,18-415,2.00,,1.89,1500pc: $1.64,https://www.bestbottles.com/product/Tube-Glass-Bottle-Sprayer-atomizer-Matte-Silver-1oz
GBBell10SpryBlkSh,"Bell design 10ml Clear glass bottle with shiny black spray. Fine mist sprayer for use with perfumes and colognes. Refillable, classic style bottle good for promotions and decants.",https://www.bestbottles.com/images/store/enlarged_pics/GBBell10SpryBlkSh.gif,shiny black spray. Fine mist spray,Refillable Glass Bottles with Fine Mist Sprayers,10 ml (0.34 oz),74 ±1 mm,55 ±1 mm,,,13-415,0.86,,0.81,3450pc: $0.70,https://www.bestbottles.com/product/bell-design-10-ml-glass-bottle-shiny-black-spray
GBBell10SpryBlkSh,"Bell design 10ml Clear glass bottle with shiny black spray. Fine mist sprayer for use with perfumes and colognes. Refillable, classic style bottle good for promotions and decants.",https://www.bestbottles.com/images/store/enlarged_pics/GBBell10SpryBlkSh.gif,shiny black spray. Fine mist spray,Refillable Glass Bottles with Fine Mist Sprayers,10 ml (0.34 oz),74 ±1 mm,55 ±1 mm,,,13-415,0.86,,0.81,3450pc: $0.70,https://www.bestbottles.com/product/bell-design-10-ml-glass-bottle-shiny-black-spray?video=true
GBAtom10Blk,"Black atomizer design 10 ml bottle. For use with perfumes, Colognes, eau de Parfum. Refillable, travel size atomizer. Can be laser engraved and customized. Great for gifts and promotion.",https://www.bestbottles.com/images/store/enlarged_pics/GBAtom10Blk.gif,,Refillable Metal shell perfume atomizers and travel size purse atomizers,10 ml (0.34 oz),89 ±1 mm,82 ±1 mm,,,17mm,2.99,,2.84,1500pc: $2.46,https://www.bestbottles.com/product/black-atomizer-design-10-ml-bottle
GBAtom10BlkDot,"Black atomizer design 10 ml bottle with dots. For use with perfumes, Colognes, eau de Parfum. Refillable, travel size atomizer. Can be laser engraved and customized. Great for gifts and promotion.",https://www.bestbottles.com/images/store/enlarged_pics/GBAtom10BlkDot.gif,,Refillable Metal shell perfume atomizers and travel size purse atomizers,10 ml (0.34 oz),89 ±1 mm,82 ±1 mm,,,17mm,3.23,,3.06,1500pc: $2.65,https://www.bestbottles.com/product/black-atomizer-design-10-ml-bottle-dots
GBAtom5Blk,"Matte Black atomizer design 5 ml bottle. For use with perfumes, Colognes, eau de Parfum. Refillable, travel size atomizer. Can be laser engraved and customized. Great for gifts and promotion.",https://www.bestbottles.com/images/store/enlarged_pics/GBAtom5Blk.gif,,Refillable Metal shell perfume atomizers and travel size purse atomizers,5 ml (0.17 oz),81 ±1 mm,76 ±1 mm,,,13mm,2.66,,2.52,3000pc: $2.18,https://www.bestbottles.com/product/black-atomizer-design-5-ml-bottle
GBAtom5BlkDot,"Black atomizer design 5 ml bottle with dots. For use with perfumes, Colognes, eau de Parfum. Refillable, travel size atomizer. Can be laser engraved and customized. Great for gifts and promotion.",https://www.bestbottles.com/images/store/enlarged_pics/GBAtom5BlkDot.gif,,Refillable Metal shell perfume atomizers and travel size purse atomizers,5 ml (0.17 oz),81 ±1 mm,76 ±1 mm,,,13mm,2.90,,2.75,3000pc: $2.38,https://www.bestbottles.com/product/black-atomizer-design-5-ml-bottle-dots
GBAtom5SlimBlk,"Black slim atomizer design 5 ml bottle. For use with perfumes, Colognes, eau de Parfum. Refillable, travel size atomizer. Can be laser engraved and customized. Great for gifts and promotion.",https://www.bestbottles.com/images/store/enlarged_pics/GBAtom5SlimBlk.gif,,Refillable Metal shell perfume atomizers and travel size purse atomizers,5 ml (0.17 oz),104 ±2 mm,92 ±1 mm,,,10mm,2.14,,2.03,3000pc: $1.76,https://www.bestbottles.com/product/black-slim-atomizer-design-5-ml-bottle
GBAtom10Blu,"Blue atomizer design 10 ml bottle. For use with perfumes, Colognes, eau de Parfum. Refillable, travel size atomizer. Can be laser engraved and customized. Great for gifts and promotion.",https://www.bestbottles.com/images/store/enlarged_pics/GBAtom10Blu.gif,,Refillable Metal shell perfume atomizers and travel size purse atomizers,10 ml (0.34 oz),89 ±1 mm,82 ±1 mm,,,17mm,2.99,,2.84,1500pc: $2.46,https://www.bestbottles.com/product/blue-atomizer-design-10-ml-bottle
GBAtom5Blu,"Blue atomizer design 5 ml bottle. For use with perfumes, Colognes, eau de Parfum. Refillable, travel size atomizer. Can be laser engraved and customized. Great for gifts and promotion.",https://www.bestbottles.com/images/store/enlarged_pics/GBAtom5Blu.gif,,Refillable Metal shell perfume atomizers and travel size purse atomizers,5 ml (0.17 oz),81 ±1 mm,76 ±1 mm,,,13mm,2.66,,2.52,3000pc: $2.18,https://www.bestbottles.com/product/blue-atomizer-design-5-ml-bottle
GBCrclFrst100AnSpBlk,"Circle design 100 ml, 3 1/2oz frosted glass bottle with black vintage style bulb sprayer with shiny silver collar cap. For use with cologne, Eau de Parfum, air freshner, face and body spray, or room spray.  Antique or vintage bulb sprayers enhance the bea",https://www.bestbottles.com/images/store/enlarged_pics/GBCrclFrst100AnSpBlk.gif,black vintage style bulb sprayer with shiny silver collar cap,Antique Style Bulb Spray Bottles,100 ml (3.38 oz),136 ±2 mm,105 ±2 mm,89 ±1 mm,29 ±0.5 mm,18-415,6.08,,5.76,1050pc: $4.99,https://www.bestbottles.com/product/circle-design-100-ml-frosted-glass-bottle-black-vintage-style-bulb-sprayer-shiny-silver-collar-cap
GBCrclFrst100AnSpBlk,"Circle design 100 ml, 3 1/2oz frosted glass bottle with black vintage style bulb sprayer with shiny silver collar cap. For use with cologne, Eau de Parfum, air freshner, face and body spray, or room spray.  Antique or vintage bulb sprayers enhance the bea",https://www.bestbottles.com/images/store/enlarged_pics/GBCrclFrst100AnSpBlk.gif,black vintage style bulb sprayer with shiny silver collar cap,Antique Style Bulb Spray Bottles,100 ml (3.38 oz),136 ±2 mm,105 ±2 mm,89 ±1 mm,29 ±0.5 mm,18-415,6.08,,5.76,1050pc: $4.99,https://www.bestbottles.com/product/circle-design-100-ml-frosted-glass-bottle-black-vintage-style-bulb-sprayer-shiny-silver-collar-cap?video=true
GBCrclFrst100AnSpTslBlk,"Circle design 100 ml, 3 1/2oz frosted glass bottle with Black vintage style bulb sprayer with tasseland shiny silver collar cap. For use with cologne, Eau de Parfum, air freshner, face and body spray, or room spray.  Antique or vintage bulb sprayers enhan",https://www.bestbottles.com/images/store/enlarged_pics/GBCrclFrst100AnSpTslBlk.gif,Black vintage style bulb sprayer with tasseland shiny silver collar cap,Antique Style Bulb Spray Bottles,100 ml (3.38 oz),127 ±2 mm,105 ±2 mm,89 ±1 mm,29 ±0.5 mm,18-415,6.79,,6.44,1050pc: $5.58,https://www.bestbottles.com/product/circle-design-100-ml-frosted-glass-bottle-black-vintage-style-sprayer-with-tassel-shiny-silver-collar
GBCrclFrst100AnSpTslBlk,"Circle design 100 ml, 3 1/2oz frosted glass bottle with Black vintage style bulb sprayer with tasseland shiny silver collar cap. For use with cologne, Eau de Parfum, air freshner, face and body spray, or room spray.  Antique or vintage bulb sprayers enhan",https://www.bestbottles.com/images/store/enlarged_pics/GBCrclFrst100AnSpTslBlk.gif,Black vintage style bulb sprayer with tasseland shiny silver collar cap,Antique Style Bulb Spray Bottles,100 ml (3.38 oz),127 ±2 mm,105 ±2 mm,89 ±1 mm,29 ±0.5 mm,18-415,6.79,,6.44,1050pc: $5.58,https://www.bestbottles.com/product/circle-design-100-ml-frosted-glass-bottle-black-vintage-style-sprayer-with-tassel-shiny-silver-collar?video=true
GBCrclFrst100SpryCu,"Circle design 100 ml, 3 1/2oz frosted glass bottle with matte copper spray pump. For use with cologne, Eau de Parfum, air freshner, face and body spray, or room spray. Circle design is a famiily of bottles available in 15ml, 30ml, 50ml and 100ml size. Pri",https://www.bestbottles.com/images/store/enlarged_pics/GBCrclFrst100SpryCu.gif,matte copper spray pump,Classic Perfume Spray Glass Bottles,100 ml (3.38 oz),130 ±2 mm,105 ±2 mm,89 ±1 mm,29 ±0.5 mm,18-415,3.37,,3.20,1050pc: $2.77,https://www.bestbottles.com/product/circle-design-100-ml-frosted-glass-bottle-matte-copper-spray-and-cap
GBCrclFrst100SpryCu,"Circle design 100 ml, 3 1/2oz frosted glass bottle with matte copper spray pump. For use with cologne, Eau de Parfum, air freshner, face and body spray, or room spray. Circle design is a famiily of bottles available in 15ml, 30ml, 50ml and 100ml size. Pri",https://www.bestbottles.com/images/store/enlarged_pics/GBCrclFrst100SpryCu.gif,matte copper spray pump,Classic Perfume Spray Glass Bottles,100 ml (3.38 oz),130 ±2 mm,105 ±2 mm,89 ±1 mm,29 ±0.5 mm,18-415,3.37,,3.20,1050pc: $2.77,https://www.bestbottles.com/product/circle-design-100-ml-frosted-glass-bottle-matte-copper-spray-and-cap?video=true
GBCrcl100AnSpBlk,"Circle design 100 ml, 3 1/2oz  clear glass bottle  with black vintage style bulb sprayer with shiny silver collar cap. For use with cologne, Eau de Parfum, air freshner, face and body spray, or room spray.  Antique or vintage bulb sprayers enhance the bea",https://www.bestbottles.com/images/store/enlarged_pics/GBCrcl100AnSpBlk.gif,black vintage style bulb sprayer with shiny silver collar cap,Antique Style Bulb Spray Bottles,100 ml (3.38 oz),136 ±2 mm,105 ±2 mm,89 ±1 mm,29 ±0.5 mm,18-415,5.61,,5.31,1050pc: $4.60,https://www.bestbottles.com/product/circle-design-100-ml-glass-bottle-black-vintage-style-bulb-sprayer-shiny-silver-collar-cap
GBCrcl100AnSpBlk,"Circle design 100 ml, 3 1/2oz  clear glass bottle  with black vintage style bulb sprayer with shiny silver collar cap. For use with cologne, Eau de Parfum, air freshner, face and body spray, or room spray.  Antique or vintage bulb sprayers enhance the bea",https://www.bestbottles.com/images/store/enlarged_pics/GBCrcl100AnSpBlk.gif,black vintage style bulb sprayer with shiny silver collar cap,Antique Style Bulb Spray Bottles,100 ml (3.38 oz),136 ±2 mm,105 ±2 mm,89 ±1 mm,29 ±0.5 mm,18-415,5.61,,5.31,1050pc: $4.60,https://www.bestbottles.com/product/circle-design-100-ml-glass-bottle-black-vintage-style-bulb-sprayer-shiny-silver-collar-cap?video=true
GBCrcl100AnSpTslBlk,"Circle design 100 ml, 3 1/2oz  clear glass bottle  with Black vintage style bulb sprayer with tasseland shiny silver collar cap. For use with cologne, Eau de Parfum, air freshner, face and body spray, or room spray.  Antique or vintage bulb sprayers enhan",https://www.bestbottles.com/images/store/enlarged_pics/GBCrcl100AnSpTslBlk.gif,Black vintage style bulb sprayer with tasseland shiny silver collar cap,Antique Style Bulb Spray Bottles,100 ml (3.38 oz),127 ±2 mm,105 ±2 mm,89 ±1 mm,29 ±0.5 mm,18-415,6.32,,5.99,1050pc: $5.19,https://www.bestbottles.com/product/circle-design-100-ml-glass-bottle-black-vintage-style-sprayer-with-tassel-shiny-silver-collar
GBCrcl100AnSpTslBlk,"Circle design 100 ml, 3 1/2oz  clear glass bottle  with Black vintage style bulb sprayer with tasseland shiny silver collar cap. For use with cologne, Eau de Parfum, air freshner, face and body spray, or room spray.  Antique or vintage bulb sprayers enhan",https://www.bestbottles.com/images/store/enlarged_pics/GBCrcl100AnSpTslBlk.gif,Black vintage style bulb sprayer with tasseland shiny silver collar cap,Antique Style Bulb Spray Bottles,100 ml (3.38 oz),127 ±2 mm,105 ±2 mm,89 ±1 mm,29 ±0.5 mm,18-415,6.32,,5.99,1050pc: $5.19,https://www.bestbottles.com/product/circle-design-100-ml-glass-bottle-black-vintage-style-sprayer-with-tassel-shiny-silver-collar?video=true
GBCrcl100SpryCu,"Circle design 100 ml, 3 1/2oz  clear glass bottle  with matte copper spray pump. For use with cologne, Eau de Parfum, air freshner, face and body spray, or room spray. Circle design is a family of bottles available in 15ml, 30ml, 50ml and 100ml size. Matt",https://www.bestbottles.com/images/store/enlarged_pics/GBCrcl100SpryCu.gif,matte copper spray pump,Classic Perfume Spray Glass Bottles,100 ml (3.38 oz),130 ±2 mm,105 ±2 mm,89 ±1 mm,29 ±0.5 mm,18-415,2.90,,2.75,1050pc: $2.38,https://www.bestbottles.com/product/circle-design-100-ml-glass-bottle-matte-copper-spray-and-cap
GBCrcl100SpryCu,"Circle design 100 ml, 3 1/2oz  clear glass bottle  with matte copper spray pump. For use with cologne, Eau de Parfum, air freshner, face and body spray, or room spray. Circle design is a family of bottles available in 15ml, 30ml, 50ml and 100ml size. Matt",https://www.bestbottles.com/images/store/enlarged_pics/GBCrcl100SpryCu.gif,matte copper spray pump,Classic Perfume Spray Glass Bottles,100 ml (3.38 oz),130 ±2 mm,105 ±2 mm,89 ±1 mm,29 ±0.5 mm,18-415,2.90,,2.75,1050pc: $2.38,https://www.bestbottles.com/product/circle-design-100-ml-glass-bottle-matte-copper-spray-and-cap?video=true
GBCrcl15SpryBlkMatt,"Circle design 15ml, 1/2oz Clear glass bottle with matte black spray. Fine mist sprayer for use with perfumes and colognes. Refillable, classic style bottle good for promotions and decants.",https://www.bestbottles.com/images/store/enlarged_pics/GBCrcl15SpryBlkMatt.gif,matte black spray. Fine mist spray,Refillable Glass Bottles with Fine Mist Sprayers,15 ml (0.51 oz),80 ±1 mm,60 ±1 mm,,17 ±0.5 mm,13-415,0.92,,0.87,1575pc: $0.76,https://www.bestbottles.com/product/circle-design-15-ml-bottle-matte-black-spray
GBCrcl15SpryBlkMatt,"Circle design 15ml, 1/2oz Clear glass bottle with matte black spray. Fine mist sprayer for use with perfumes and colognes. Refillable, classic style bottle good for promotions and decants.",https://www.bestbottles.com/images/store/enlarged_pics/GBCrcl15SpryBlkMatt.gif,matte black spray. Fine mist spray,Refillable Glass Bottles with Fine Mist Sprayers,15 ml (0.51 oz),80 ±1 mm,60 ±1 mm,,17 ±0.5 mm,13-415,0.92,,0.87,1575pc: $0.76,https://www.bestbottles.com/product/circle-design-15-ml-bottle-matte-black-spray?video=true
GBCrcl30SpryBlk,"Circle design 30 ml, clear glass bottle with sprayer and black cap. For use with cologne, perfume, air freshner, face and body spray, or room spray. Classic, Circle design is a family of bottles availabel in many sizes.",https://www.bestbottles.com/images/store/enlarged_pics/GBCrcl30SpryBlk.gif,sprayer and black cap,Classic Perfume Spray Glass Bottles,30 ml (1.01 oz),100 ±1 mm,74 ±1 mm,60 ±1 mm,20 ±0.5 mm,15-415,2.14,,2.03,1260pc: $1.76,https://www.bestbottles.com/product/circle-design-30-ml-clear-glass-bottle-sprayer-black-cap
GBCrcl30SpryBlk,"Circle design 30 ml, clear glass bottle with sprayer and black cap. For use with cologne, perfume, air freshner, face and body spray, or room spray. Classic, Circle design is a family of bottles availabel in many sizes.",https://www.bestbottles.com/images/store/enlarged_pics/GBCrcl30SpryBlk.gif,sprayer and black cap,Classic Perfume Spray Glass Bottles,30 ml (1.01 oz),100 ±1 mm,74 ±1 mm,60 ±1 mm,20 ±0.5 mm,15-415,2.14,,2.03,1260pc: $1.76,https://www.bestbottles.com/product/circle-design-30-ml-clear-glass-bottle-sprayer-black-cap?video=true
GBCrclFrst50AnSpBlk,"Circle design 50 ml, 1.7oz  frosted glass bottle  with black vintage style bulb sprayer with shiny silver collar cap. For use with cologne, Eau de Parfum, air freshner, face and body spray, or room spray.  Antique or vintage bulb sprayers enhance the beau",https://www.bestbottles.com/images/store/enlarged_pics/GBCrclFrst50AnSpBlk.gif,black vintage style bulb sprayer with shiny silver collar cap,Antique Style Bulb Spray Bottles,50 ml (1.69 oz),115 ±2 mm,87 ±1 mm,72 ±1 mm,23 ±0.5 mm,18-415,5.65,,5.36,1080pc: $4.64,https://www.bestbottles.com/product/circle-design-50-ml-frosted-glass-bottle-black-vintage-style-bulb-sprayer-shiny-silver-collar-cap
GBCrclFrst50AnSpBlk,"Circle design 50 ml, 1.7oz  frosted glass bottle  with black vintage style bulb sprayer with shiny silver collar cap. For use with cologne, Eau de Parfum, air freshner, face and body spray, or room spray.  Antique or vintage bulb sprayers enhance the beau",https://www.bestbottles.com/images/store/enlarged_pics/GBCrclFrst50AnSpBlk.gif,black vintage style bulb sprayer with shiny silver collar cap,Antique Style Bulb Spray Bottles,50 ml (1.69 oz),115 ±2 mm,87 ±1 mm,72 ±1 mm,23 ±0.5 mm,18-415,5.65,,5.36,1080pc: $4.64,https://www.bestbottles.com/product/circle-design-50-ml-frosted-glass-bottle-black-vintage-style-bulb-sprayer-shiny-silver-collar-cap?video=true
GBCrclFrst50AnSpTslBlk,"Circle design 50 ml, 1.7oz  frosted glass bottle  with Black vintage style bulb sprayer with tasseland shiny silver collar cap. For use with cologne, Eau de Parfum, air freshner, face and body spray, or room spray.  Antique or vintage bulb sprayers enhanc",https://www.bestbottles.com/images/store/enlarged_pics/GBCrclFrst50AnSpTslBlk.gif,Black vintage style bulb sprayer with tasseland shiny silver collar cap,Antique Style Bulb Spray Bottles,50 ml (1.69 oz),109 ±2 mm,87 ±1 mm,72 ±1 mm,23 ±0.5 mm,18-415,6.37,,6.03,1080pc: $5.23,https://www.bestbottles.com/product/circle-design-50-ml-frosted-glass-bottle-black-vintage-style-sprayer-with-tassel-shiny-silver-collar
GBCrclFrst50AnSpTslBlk,"Circle design 50 ml, 1.7oz  frosted glass bottle  with Black vintage style bulb sprayer with tasseland shiny silver collar cap. For use with cologne, Eau de Parfum, air freshner, face and body spray, or room spray.  Antique or vintage bulb sprayers enhanc",https://www.bestbottles.com/images/store/enlarged_pics/GBCrclFrst50AnSpTslBlk.gif,Black vintage style bulb sprayer with tasseland shiny silver collar cap,Antique Style Bulb Spray Bottles,50 ml (1.69 oz),109 ±2 mm,87 ±1 mm,72 ±1 mm,23 ±0.5 mm,18-415,6.37,,6.03,1080pc: $5.23,https://www.bestbottles.com/product/circle-design-50-ml-frosted-glass-bottle-black-vintage-style-sprayer-with-tassel-shiny-silver-collar?video=true
GBCrclFrst50SpryCu,"Circle design 50 ml, 1.7oz  frosted glass bottle  with matte copper spray pump. For use with cologne, Eau de Parfum, air freshner, face and body spray, or room spray. Circle design is a famiily of bottles available in 15ml, 30ml, 50ml and 100ml size. Pric",https://www.bestbottles.com/images/store/enlarged_pics/GBCrclFrst50SpryCu.gif,matte copper spray pump,Classic Perfume Spray Glass Bottles,50 ml (1.69 oz),112 ±2 mm,87 ±1 mm,72 ±1 mm,23 ±0.5 mm,18-415,2.95,,2.79,1080pc: $2.42,https://www.bestbottles.com/product/circle-design-50-ml-frosted-glass-bottle-matte-copper-spray-and-cap
GBCrclFrst50SpryCu,"Circle design 50 ml, 1.7oz  frosted glass bottle  with matte copper spray pump. For use with cologne, Eau de Parfum, air freshner, face and body spray, or room spray. Circle design is a famiily of bottles available in 15ml, 30ml, 50ml and 100ml size. Pric",https://www.bestbottles.com/images/store/enlarged_pics/GBCrclFrst50SpryCu.gif,matte copper spray pump,Classic Perfume Spray Glass Bottles,50 ml (1.69 oz),112 ±2 mm,87 ±1 mm,72 ±1 mm,23 ±0.5 mm,18-415,2.95,,2.79,1080pc: $2.42,https://www.bestbottles.com/product/circle-design-50-ml-frosted-glass-bottle-matte-copper-spray-and-cap?video=true
GBCrcl50AnSpBlk,"Circle design 50 ml, 1.7oz  clear glass bottle  with black vintage style bulb sprayer with shiny silver collar cap. For use with cologne, Eau de Parfum, air freshner, face and body spray, or room spray.  Antique or vintage bulb sprayers enhance the beauty",https://www.bestbottles.com/images/store/enlarged_pics/GBCrcl50AnSpBlk.gif,black vintage style bulb sprayer with shiny silver collar cap,Antique Style Bulb Spray Bottles,50 ml (1.69 oz),115 ±2 mm,87 ±1 mm,72 ±1 mm,23 ±0.5 mm,18-415,5.18,,4.91,1080pc: $4.25,https://www.bestbottles.com/product/circle-design-50-ml-glass-bottle-black-vintage-style-bulb-sprayer-shiny-silver-collar-cap
GBCrcl50AnSpBlk,"Circle design 50 ml, 1.7oz  clear glass bottle  with black vintage style bulb sprayer with shiny silver collar cap. For use with cologne, Eau de Parfum, air freshner, face and body spray, or room spray.  Antique or vintage bulb sprayers enhance the beauty",https://www.bestbottles.com/images/store/enlarged_pics/GBCrcl50AnSpBlk.gif,black vintage style bulb sprayer with shiny silver collar cap,Antique Style Bulb Spray Bottles,50 ml (1.69 oz),115 ±2 mm,87 ±1 mm,72 ±1 mm,23 ±0.5 mm,18-415,5.18,,4.91,1080pc: $4.25,https://www.bestbottles.com/product/circle-design-50-ml-glass-bottle-black-vintage-style-bulb-sprayer-shiny-silver-collar-cap?video=true
GBCrcl50AnSpTslBlk,"Circle design 50 ml, 1.7oz  clear glass bottle  with Black vintage style bulb sprayer with tasseland shiny silver collar cap. For use with cologne, Eau de Parfum, air freshner, face and body spray, or room spray.  Antique or vintage bulb sprayers enhance",https://www.bestbottles.com/images/store/enlarged_pics/GBCrcl50AnSpTslBlk.gif,Black vintage style bulb sprayer with tasseland shiny silver collar cap,Antique Style Bulb Spray Bottles,50 ml (1.69 oz),109 ±2 mm,87 ±1 mm,72 ±1 mm,23 ±0.5 mm,18-415,5.89,,5.58,1080pc: $4.84,https://www.bestbottles.com/product/circle-design-50-ml-glass-bottle-black-vintage-style-sprayer-with-tassel-shiny-silver-collar
GBCrcl50AnSpTslBlk,"Circle design 50 ml, 1.7oz  clear glass bottle  with Black vintage style bulb sprayer with tasseland shiny silver collar cap. For use with cologne, Eau de Parfum, air freshner, face and body spray, or room spray.  Antique or vintage bulb sprayers enhance",https://www.bestbottles.com/images/store/enlarged_pics/GBCrcl50AnSpTslBlk.gif,Black vintage style bulb sprayer with tasseland shiny silver collar cap,Antique Style Bulb Spray Bottles,50 ml (1.69 oz),109 ±2 mm,87 ±1 mm,72 ±1 mm,23 ±0.5 mm,18-415,5.89,,5.58,1080pc: $4.84,https://www.bestbottles.com/product/circle-design-50-ml-glass-bottle-black-vintage-style-sprayer-with-tassel-shiny-silver-collar?video=true
GBCrcl50SpryCu,"Circle design 50 ml, 1.7oz  clear glass bottle  with matte copper spray pump. For use with cologne, Eau de Parfum, air freshner, face and body spray, or room spray. Circle design is a famiily of bottles available in 15ml, 30ml, 50ml and 100ml size.",https://www.bestbottles.com/images/store/enlarged_pics/GBCrcl50SpryCu.gif,matte copper spray pump,Classic Perfume Spray Glass Bottles,50 ml (1.69 oz),112 ±2 mm,87 ±1 mm,72 ±1 mm,23 ±0.5 mm,18-415,2.47,,2.34,1080pc: $2.03,https://www.bestbottles.com/product/circle-design-50-ml-glass-bottle-matte-copper-spray-and-cap
GBCrcl50SpryCu,"Circle design 50 ml, 1.7oz  clear glass bottle  with matte copper spray pump. For use with cologne, Eau de Parfum, air freshner, face and body spray, or room spray. Circle design is a famiily of bottles available in 15ml, 30ml, 50ml and 100ml size.",https://www.bestbottles.com/images/store/enlarged_pics/GBCrcl50SpryCu.gif,matte copper spray pump,Classic Perfume Spray Glass Bottles,50 ml (1.69 oz),112 ±2 mm,87 ±1 mm,72 ±1 mm,23 ±0.5 mm,18-415,2.47,,2.34,1080pc: $2.03,https://www.bestbottles.com/product/circle-design-50-ml-glass-bottle-matte-copper-spray-and-cap?video=true
GBCyl100AnSpBlk,"Cylinder design 100 ml, 3 1/2oz  clear glass bottle  with black vintage style bulb sprayer with shiny silver collar cap. For use with cologne, Eau de Parfum, air freshner, face and body spray, or room spray.  Antique or vintage bulb sprayers enhance the b",https://www.bestbottles.com/images/store/enlarged_pics/GBCyl100AnSpBlk.gif,black vintage style bulb sprayer with shiny silver collar cap,Antique Style Bulb Spray Bottles,100 ml (3.38 oz),199 ±2 mm,154 ±2 mm,,,18-415,5.61,,5.31,1400pc: $4.60,https://www.bestbottles.com/product/cylinder-design-100-ml-glass-bottle-black-vintage-style-bulb-sprayer-shiny-silver-collar-cap
GBCyl100AnSpBlk,"Cylinder design 100 ml, 3 1/2oz  clear glass bottle  with black vintage style bulb sprayer with shiny silver collar cap. For use with cologne, Eau de Parfum, air freshner, face and body spray, or room spray.  Antique or vintage bulb sprayers enhance the b",https://www.bestbottles.com/images/store/enlarged_pics/GBCyl100AnSpBlk.gif,black vintage style bulb sprayer with shiny silver collar cap,Antique Style Bulb Spray Bottles,100 ml (3.38 oz),199 ±2 mm,154 ±2 mm,,,18-415,5.61,,5.31,1400pc: $4.60,https://www.bestbottles.com/product/cylinder-design-100-ml-glass-bottle-black-vintage-style-bulb-sprayer-shiny-silver-collar-cap?video=true
GBCyl100AnSpTslBlk,"Cylinder design 100 ml, 3 1/2oz  clear glass bottle  with Black vintage style bulb sprayer with tasseland shiny silver collar cap. For use with cologne, Eau de Parfum, air freshner, face and body spray, or room spray.  Antique or vintage bulb sprayers enh",https://www.bestbottles.com/images/store/enlarged_pics/GBCyl100AnSpTslBlk.gif,Black vintage style bulb sprayer with tasseland shiny silver collar cap,Antique Style Bulb Spray Bottles,100 ml (3.38 oz),191 ±2 mm,154 ±2 mm,,,18-415,6.32,,5.99,1400pc: $5.19,https://www.bestbottles.com/product/cylinder-design-100-ml-glass-bottle-black-vintage-style-sprayer-with-tassel-shiny-silver-collar
GBCyl100AnSpTslBlk,"Cylinder design 100 ml, 3 1/2oz  clear glass bottle  with Black vintage style bulb sprayer with tasseland shiny silver collar cap. For use with cologne, Eau de Parfum, air freshner, face and body spray, or room spray.  Antique or vintage bulb sprayers enh",https://www.bestbottles.com/images/store/enlarged_pics/GBCyl100AnSpTslBlk.gif,Black vintage style bulb sprayer with tasseland shiny silver collar cap,Antique Style Bulb Spray Bottles,100 ml (3.38 oz),191 ±2 mm,154 ±2 mm,,,18-415,6.32,,5.99,1400pc: $5.19,https://www.bestbottles.com/product/cylinder-design-100-ml-glass-bottle-black-vintage-style-sprayer-with-tassel-shiny-silver-collar?video=true
GBCyl100SpryCu,"Cylinder design 100 ml, 3 1/2oz  clear glass bottle  with matte copper spray pump. For use with cologne, Eau de Parfum, air freshner, face and body spray, or room spray.  Cylinder design is a family of bottles available in 30ml, 50ml and 100ml sizes. Pric",https://www.bestbottles.com/images/store/enlarged_pics/GBCyl100SpryCu.gif,matte copper spray pump,Classic Perfume Spray Glass Bottles,100 ml (3.38 oz),195 ±2 mm,154 ±2 mm,,,18-415,2.90,,2.75,1400pc: $2.38,https://www.bestbottles.com/product/cylinder-design-100-ml-glass-bottle-matte-copper-spray-and-cap
GBCyl100SpryCu,"Cylinder design 100 ml, 3 1/2oz  clear glass bottle  with matte copper spray pump. For use with cologne, Eau de Parfum, air freshner, face and body spray, or room spray.  Cylinder design is a family of bottles available in 30ml, 50ml and 100ml sizes. Pric",https://www.bestbottles.com/images/store/enlarged_pics/GBCyl100SpryCu.gif,matte copper spray pump,Classic Perfume Spray Glass Bottles,100 ml (3.38 oz),195 ±2 mm,154 ±2 mm,,,18-415,2.90,,2.75,1400pc: $2.38,https://www.bestbottles.com/product/cylinder-design-100-ml-glass-bottle-matte-copper-spray-and-cap?video=true
GBCyl25AnSpBlk,"Cylinder design 25ml  clear glass bottle  with black vintage style bulb sprayer with shiny silver collar cap. For use with cologne, Eau de Parfum, air freshner, face and body spray, or room spray.",https://www.bestbottles.com/images/store/enlarged_pics/GBcyl25AnSpBlk.gif,black vintage style bulb sprayer with shiny silver collar cap,Antique Style Bulb Spray Bottles,25 ml (0.85 oz),109 ±2 mm,83 ±1 mm,,,18-415,5.08,,4.82,960pc: $4.17,https://www.bestbottles.com/product/cylinder-design-25-ml-glass-bottle-black-vintage-style-bulb-sprayer-shiny-silver-collar-cap
GBCyl25AnSpBlk,"Cylinder design 25ml  clear glass bottle  with black vintage style bulb sprayer with shiny silver collar cap. For use with cologne, Eau de Parfum, air freshner, face and body spray, or room spray.",https://www.bestbottles.com/images/store/enlarged_pics/GBcyl25AnSpBlk.gif,black vintage style bulb sprayer with shiny silver collar cap,Antique Style Bulb Spray Bottles,25 ml (0.85 oz),109 ±2 mm,83 ±1 mm,,,18-415,5.08,,4.82,960pc: $4.17,https://www.bestbottles.com/product/cylinder-design-25-ml-glass-bottle-black-vintage-style-bulb-sprayer-shiny-silver-collar-cap?video=true
GBcyl25AnSpTslBlk,"Cylinder design 25ml  clear glass bottle  with black vintage style bulb sprayer tassel with shiny silver collar cap. For use with cologne, Eau de Parfum, air freshner, face and body spray, or room spray.",https://www.bestbottles.com/images/store/enlarged_pics/GBcyl25AnSpTslBlk.gif,black vintage style bulb sprayer tassel with shiny silver collar cap,Antique Style Bulb Spray Bottles,25 ml (0.85 oz),105 ±2 mm,83 ±1 mm,,,18-415,5.80,,5.49,960pc: $4.76,https://www.bestbottles.com/product/cylinder-design-25-ml-glass-bottle-black-vintage-style-bulb-sprayer-tassel-shiny-silver-collar-cap
GBcyl25AnSpTslBlk,"Cylinder design 25ml  clear glass bottle  with black vintage style bulb sprayer tassel with shiny silver collar cap. For use with cologne, Eau de Parfum, air freshner, face and body spray, or room spray.",https://www.bestbottles.com/images/store/enlarged_pics/GBcyl25AnSpTslBlk.gif,black vintage style bulb sprayer tassel with shiny silver collar cap,Antique Style Bulb Spray Bottles,25 ml (0.85 oz),105 ±2 mm,83 ±1 mm,,,18-415,5.80,,5.49,960pc: $4.76,https://www.bestbottles.com/product/cylinder-design-25-ml-glass-bottle-black-vintage-style-bulb-sprayer-tassel-shiny-silver-collar-cap?video=true
GBcyl25SpryCu,"Cylinder design 25ml  clear glass bottle  with matte copper spray pump. For use with cologne, Eau de Parfum, air freshner, face and body spray, or room spray.  Cylinder design is a family of bottles available in 25ml, 50ml and 100ml sizes.",https://www.bestbottles.com/images/store/enlarged_pics/GBcyl25SpryCu.gif,matte copper spray pump,Classic Perfume Spray Glass Bottles,25 ml (0.85 oz),108 ±2 mm,83 ±1 mm,,,18-415,2.38,,2.25,960pc: $1.95,https://www.bestbottles.com/product/cylinder-design-25-ml-glass-bottle-matte-copper-spray-and-cap
GBcyl25SpryCu,"Cylinder design 25ml  clear glass bottle  with matte copper spray pump. For use with cologne, Eau de Parfum, air freshner, face and body spray, or room spray.  Cylinder design is a family of bottles available in 25ml, 50ml and 100ml sizes.",https://www.bestbottles.com/images/store/enlarged_pics/GBcyl25SpryCu.gif,matte copper spray pump,Classic Perfume Spray Glass Bottles,25 ml (0.85 oz),108 ±2 mm,83 ±1 mm,,,18-415,2.38,,2.25,960pc: $1.95,https://www.bestbottles.com/product/cylinder-design-25-ml-glass-bottle-matte-copper-spray-and-cap?video=true
GBCylBlu5SpryBlkSh,"Cylinder design 5ml, 1/6oz Blue glass bottle with shiny black spray. Fine mist sprayer for use with perfumes and colognes. Refillable, Small sized bottle for decants, promotion, samples and travel accessory.",https://www.bestbottles.com/images/store/enlarged_pics/GBCylBlu5SpryBlkSh.gif,shiny black spray. Fine mist spray,Refillable Glass Bottles with Fine Mist Sprayers,5 ml (0.17 oz),72 ±1 mm,53 ±1 mm,,,13-415,0.83,,0.78,4320pc: $0.68,https://www.bestbottles.com/product/cylinder-design-5-ml-blue-glass-bottle-shiny-black-spray
GBCylBlu5SpryBlkSh,"Cylinder design 5ml, 1/6oz Blue glass bottle with shiny black spray. Fine mist sprayer for use with perfumes and colognes. Refillable, Small sized bottle for decants, promotion, samples and travel accessory.",https://www.bestbottles.com/images/store/enlarged_pics/GBCylBlu5SpryBlkSh.gif,shiny black spray. Fine mist spray,Refillable Glass Bottles with Fine Mist Sprayers,5 ml (0.17 oz),72 ±1 mm,53 ±1 mm,,,13-415,0.83,,0.78,4320pc: $0.68,https://www.bestbottles.com/product/cylinder-design-5-ml-blue-glass-bottle-shiny-black-spray?video=true
GBCyl5SpryBlkMatt,"Cylinder design 5.5ml, 1/6oz Clear glass bottle with matte black spray. Fine mist sprayer for use with perfumes and colognes. Refillable, Small sized bottle for decants, promotion, samples and travel accessory.",https://www.bestbottles.com/images/store/enlarged_pics/GBCyl5SpryBlkMatt.gif,matte black spray. Fine mist spray,Refillable Glass Bottles with Fine Mist Sprayers,5 ml (0.17 oz),72 ±1 mm,53 ±1 mm,,,13-415,0.72,,0.68,4320pc: $0.59,https://www.bestbottles.com/product/cylinder-design-5-ml-glass-bottle-matte-black-spray
GBCyl5SpryBlkMatt,"Cylinder design 5.5ml, 1/6oz Clear glass bottle with matte black spray. Fine mist sprayer for use with perfumes and colognes. Refillable, Small sized bottle for decants, promotion, samples and travel accessory.",https://www.bestbottles.com/images/store/enlarged_pics/GBCyl5SpryBlkMatt.gif,matte black spray. Fine mist spray,Refillable Glass Bottles with Fine Mist Sprayers,5 ml (0.17 oz),72 ±1 mm,53 ±1 mm,,,13-415,0.72,,0.68,4320pc: $0.59,https://www.bestbottles.com/product/cylinder-design-5-ml-glass-bottle-matte-black-spray?video=true
GBCyl50AnSpBlk,"Cylinder design 50 ml, 1.7oz  clear glass bottle  with black vintage style bulb sprayer with shiny silver collar cap. For use with cologne, Eau de Parfum, air freshner, face and body spray, or room spray.  Antique or vintage bulb sprayers enhance the beau",https://www.bestbottles.com/images/store/enlarged_pics/GBCyl50AnSpBlk.gif,black vintage style bulb sprayer with shiny silver collar cap,Antique Style Bulb Spray Bottles,50 ml (1.69 oz),142 ±2 mm,117 ±2 mm,,,18-415,5.27,,5.00,880pc: $4.33,https://www.bestbottles.com/product/cylinder-design-50-ml-glass-bottle-black-vintage-style-bulb-sprayer-shiny-silver-collar-cap
GBCyl50AnSpBlk,"Cylinder design 50 ml, 1.7oz  clear glass bottle  with black vintage style bulb sprayer with shiny silver collar cap. For use with cologne, Eau de Parfum, air freshner, face and body spray, or room spray.  Antique or vintage bulb sprayers enhance the beau",https://www.bestbottles.com/images/store/enlarged_pics/GBCyl50AnSpBlk.gif,black vintage style bulb sprayer with shiny silver collar cap,Antique Style Bulb Spray Bottles,50 ml (1.69 oz),142 ±2 mm,117 ±2 mm,,,18-415,5.27,,5.00,880pc: $4.33,https://www.bestbottles.com/product/cylinder-design-50-ml-glass-bottle-black-vintage-style-bulb-sprayer-shiny-silver-collar-cap?video=true
GBCyl50AnSpTslBlk,"Cylinder design 50 ml, 1.7oz  clear glass bottle  with Black vintage style bulb sprayer with tasseland shiny silver collar cap. For use with cologne, Eau de Parfum, air freshner, face and body spray, or room spray.  Antique or vintage bulb sprayers enhanc",https://www.bestbottles.com/images/store/enlarged_pics/GBCyl50AnSpTslBlk.gif,Black vintage style bulb sprayer with tasseland shiny silver collar cap,Antique Style Bulb Spray Bottles,50 ml (1.69 oz),138 ±2 mm,117 ±2 mm,,,18-415,5.99,,5.67,880pc: $4.91,https://www.bestbottles.com/product/cylinder-design-50-ml-glass-bottle-black-vintage-style-sprayer-with-tassel-shiny-silver-collar
GBCyl50AnSpTslBlk,"Cylinder design 50 ml, 1.7oz  clear glass bottle  with Black vintage style bulb sprayer with tasseland shiny silver collar cap. For use with cologne, Eau de Parfum, air freshner, face and body spray, or room spray.  Antique or vintage bulb sprayers enhanc",https://www.bestbottles.com/images/store/enlarged_pics/GBCyl50AnSpTslBlk.gif,Black vintage style bulb sprayer with tasseland shiny silver collar cap,Antique Style Bulb Spray Bottles,50 ml (1.69 oz),138 ±2 mm,117 ±2 mm,,,18-415,5.99,,5.67,880pc: $4.91,https://www.bestbottles.com/product/cylinder-design-50-ml-glass-bottle-black-vintage-style-sprayer-with-tassel-shiny-silver-collar?video=true
GBCyl50SpryCu,"Cylinder design 50 ml, 1.7oz  clear glass bottle  with matte copper spray pump. For use with cologne, Eau de Parfum, air freshner, face and body spray, or room spray.  Cylinder design is a family of bottles available in 30ml, 50ml and 100ml sizes.",https://www.bestbottles.com/images/store/enlarged_pics/GBCyl50SpryCu.gif,matte copper spray pump,Classic Perfume Spray Glass Bottles,50 ml (1.69 oz),142 ±2 mm,117 ±2 mm,,,18-415,2.57,,2.43,880pc: $2.11,https://www.bestbottles.com/product/cylinder-design-50-ml-glass-bottle-matte-copper-spray-and-cap
GBCyl50SpryCu,"Cylinder design 50 ml, 1.7oz  clear glass bottle  with matte copper spray pump. For use with cologne, Eau de Parfum, air freshner, face and body spray, or room spray.  Cylinder design is a family of bottles available in 30ml, 50ml and 100ml sizes.",https://www.bestbottles.com/images/store/enlarged_pics/GBCyl50SpryCu.gif,matte copper spray pump,Classic Perfume Spray Glass Bottles,50 ml (1.69 oz),142 ±2 mm,117 ±2 mm,,,18-415,2.57,,2.43,880pc: $2.11,https://www.bestbottles.com/product/cylinder-design-50-ml-glass-bottle-matte-copper-spray-and-cap?video=true
GBCylAmb9SpryBlk,"Cylinder design 9ml,1/3 oz amber glass bottle with fine mist sprayer with black trim and plastic overcap. For use with perfume or fragrance oil, essential oils, aromatic oils and aromatherapy.",https://www.bestbottles.com/images/store/enlarged_pics/GBCylAmb9SpryBlk.gif,fine mist sprayer with black trim and plastic overcap,Refillable Glass Bottles with Fine Mist Sprayers,9 ml (0.3 oz),96 ±1 mm,70 ±1 mm,,,17-415,0.86,,0.81,3000pc: $0.70,https://www.bestbottles.com/product/cylinder-design-9-ml-amber-glass-bottle-sprayer-black-trim-and-cap
GBCylAmb9SpryBlk,"Cylinder design 9ml,1/3 oz amber glass bottle with fine mist sprayer with black trim and plastic overcap. For use with perfume or fragrance oil, essential oils, aromatic oils and aromatherapy.",https://www.bestbottles.com/images/store/enlarged_pics/GBCylAmb9SpryBlk.gif,fine mist sprayer with black trim and plastic overcap,Refillable Glass Bottles with Fine Mist Sprayers,9 ml (0.3 oz),96 ±1 mm,70 ±1 mm,,,17-415,0.86,,0.81,3000pc: $0.70,https://www.bestbottles.com/product/cylinder-design-9-ml-amber-glass-bottle-sprayer-black-trim-and-cap?video=true
GBCyl9SpryBlk,"Cylinder design 9ml,1/3 oz clear glass bottle with fine mist sprayer with black trim and plastic overcap. For use with perfume or fragrance oil, essential oils, aromatic oils and aromatherapy.",https://www.bestbottles.com/images/store/enlarged_pics/GBCyl9SpryBlk.gif,fine mist sprayer with black trim and plastic overcap,Refillable Glass Bottles with Fine Mist Sprayers,9 ml (0.3 oz),98 ±1 mm,70 ±1 mm,,,17-415,0.84,,0.79,2880pc: $0.69,https://www.bestbottles.com/product/cylinder-design-9-ml-clear-glass-bottle-sprayer-black-trim-and-cap
GBCyl9SpryBlk,"Cylinder design 9ml,1/3 oz clear glass bottle with fine mist sprayer with black trim and plastic overcap. For use with perfume or fragrance oil, essential oils, aromatic oils and aromatherapy.",https://www.bestbottles.com/images/store/enlarged_pics/GBCyl9SpryBlk.gif,fine mist sprayer with black trim and plastic overcap,Refillable Glass Bottles with Fine Mist Sprayers,9 ml (0.3 oz),98 ±1 mm,70 ±1 mm,,,17-415,0.84,,0.79,2880pc: $0.69,https://www.bestbottles.com/product/cylinder-design-9-ml-clear-glass-bottle-sprayer-black-trim-and-cap?video=true
GBCylBlu9SpryBlk,"cylinder design 9ml, blue glass bottle with sprayer and shiny black trim. Fine mist sprayer for use with perfumes and colognes. Refillable, classic style bottle good for promotions and decants.",https://www.bestbottles.com/images/store/enlarged_pics/GBCylBlu9SpryBlk.gif,sprayer and shiny black trim. Fine mist spray,Refillable Glass Bottles with Fine Mist Sprayers,9 ml (0.3 oz),96 ±1 mm,70 ±1 mm,,,17-415,0.88,,0.84,2880pc: $0.73,https://www.bestbottles.com/product/cylinder-design-9-ml-cobalt-blue-glass-bottle-sprayer-black-trim-and-cap
GBCylBlu9SpryBlk,"cylinder design 9ml, blue glass bottle with sprayer and shiny black trim. Fine mist sprayer for use with perfumes and colognes. Refillable, classic style bottle good for promotions and decants.",https://www.bestbottles.com/images/store/enlarged_pics/GBCylBlu9SpryBlk.gif,sprayer and shiny black trim. Fine mist spray,Refillable Glass Bottles with Fine Mist Sprayers,9 ml (0.3 oz),96 ±1 mm,70 ±1 mm,,,17-415,0.88,,0.84,2880pc: $0.73,https://www.bestbottles.com/product/cylinder-design-9-ml-cobalt-blue-glass-bottle-sprayer-black-trim-and-cap?video=true
GBCylFrst9SpryBlk,"Cylinder design 9ml,1/3 oz frosted glass bottle with fine mist sprayer with black trim and plastic overcap. For use with perfume or fragrance oil, essential oils, aromatic oils and aromatherapy.",https://www.bestbottles.com/images/store/enlarged_pics/GBCylFrst9SpryBlk.gif,fine mist sprayer with black trim and plastic overcap,Refillable Glass Bottles with Fine Mist Sprayers,9 ml (0.3 oz),94 ±1 mm,74 ±1 mm,,,17-415,0.93,,0.88,2880pc: $0.76,https://www.bestbottles.com/product/cylinder-design-9-ml-frosted-glass-bottle-sprayer-black-trim-and-cap
GBCylFrst9SpryBlk,"Cylinder design 9ml,1/3 oz frosted glass bottle with fine mist sprayer with black trim and plastic overcap. For use with perfume or fragrance oil, essential oils, aromatic oils and aromatherapy.",https://www.bestbottles.com/images/store/enlarged_pics/GBCylFrst9SpryBlk.gif,fine mist sprayer with black trim and plastic overcap,Refillable Glass Bottles with Fine Mist Sprayers,9 ml (0.3 oz),94 ±1 mm,74 ±1 mm,,,17-415,0.93,,0.88,2880pc: $0.76,https://www.bestbottles.com/product/cylinder-design-9-ml-frosted-glass-bottle-sprayer-black-trim-and-cap?video=true
GBCylSwrl9SpryBlk,"Cylinder swirl design 9ml,1/3 oz glass bottle with fine mist sprayer with black trim and plastic overcap. For use with perfume or fragrance oil, essential oils, aromatic oils and aromatherapy.",https://www.bestbottles.com/images/store/enlarged_pics/GBCylSwrl9SpryBlk.gif,fine mist sprayer with black trim and plastic overcap,Refillable Glass Bottles with Fine Mist Sprayers,9 ml (0.3 oz),98 ±1 mm,74 ±1 mm,,,17-415,0.95,,0.90,2880pc: $0.78,https://www.bestbottles.com/product/cylinder-design-9-ml-swirl-glass-bottle-sprayer-black-trim-and-cap
GBCylSwrl9SpryBlk,"Cylinder swirl design 9ml,1/3 oz glass bottle with fine mist sprayer with black trim and plastic overcap. For use with perfume or fragrance oil, essential oils, aromatic oils and aromatherapy.",https://www.bestbottles.com/images/store/enlarged_pics/GBCylSwrl9SpryBlk.gif,fine mist sprayer with black trim and plastic overcap,Refillable Glass Bottles with Fine Mist Sprayers,9 ml (0.3 oz),98 ±1 mm,74 ±1 mm,,,17-415,0.95,,0.90,2880pc: $0.78,https://www.bestbottles.com/product/cylinder-design-9-ml-swirl-glass-bottle-sprayer-black-trim-and-cap?video=true
GBDmnd2ozAnSpBlk,"Diamond design 60ml, 2 ounce  clear glass bottle  with black vintage style bulb sprayer with shiny silver collar cap. For use with cologne, Eau de Parfum, air freshner, face and body spray, or room spray.  Antique or vintage bulb sprayers enhance the beau",https://www.bestbottles.com/images/store/enlarged_pics/GBDmnd2ozAnSpBlk.gif,black vintage style bulb sprayer with shiny silver collar cap,Antique Style Bulb Spray Bottles,60 ml (2.03 oz),115 ±2 mm,88 ±1 mm,41 ±0.5 mm Neck Thread Size: 18-415,,18-415,5.46,,5.18,960pc: $4.49,https://www.bestbottles.com/product/diamond-design-2-oz-glass-bottle-black-vintage-style-bulb-sprayer-shiny-silver-collar-cap
GBDmnd2ozAnSpBlk,"Diamond design 60ml, 2 ounce  clear glass bottle  with black vintage style bulb sprayer with shiny silver collar cap. For use with cologne, Eau de Parfum, air freshner, face and body spray, or room spray.  Antique or vintage bulb sprayers enhance the beau",https://www.bestbottles.com/images/store/enlarged_pics/GBDmnd2ozAnSpBlk.gif,black vintage style bulb sprayer with shiny silver collar cap,Antique Style Bulb Spray Bottles,60 ml (2.03 oz),115 ±2 mm,88 ±1 mm,41 ±0.5 mm Neck Thread Size: 18-415,,18-415,5.46,,5.18,960pc: $4.49,https://www.bestbottles.com/product/diamond-design-2-oz-glass-bottle-black-vintage-style-bulb-sprayer-shiny-silver-collar-cap?video=true
GBDmnd2ozAnSpTslBlk,"Diamond design 60ml, 2 ounce  clear glass bottle  with Black vintage style bulb sprayer with tassel with shiny silver collar cap. For use with cologne, Eau de Parfum, air freshner, face and body spray, or room spray.  Antique or vintage bulb sprayers enha",https://www.bestbottles.com/images/store/enlarged_pics/GBDmnd2ozAnSpTslBlk.gif,Black vintage style bulb sprayer with tassel with shiny silver collar cap,Antique Style Bulb Spray Bottles,60 ml (2.03 oz),110 ±2 mm,88 ±1 mm,41 ±0.5 mm Neck Thread Size: 18-415,,18-415,6.18,,5.85,960pc: $5.07,https://www.bestbottles.com/product/diamond-design-2-oz-glass-bottle-black-vintage-style-sprayer-with-tassel-shiny-silver-collar
GBDmnd2ozAnSpTslBlk,"Diamond design 60ml, 2 ounce  clear glass bottle  with Black vintage style bulb sprayer with tassel with shiny silver collar cap. For use with cologne, Eau de Parfum, air freshner, face and body spray, or room spray.  Antique or vintage bulb sprayers enha",https://www.bestbottles.com/images/store/enlarged_pics/GBDmnd2ozAnSpTslBlk.gif,Black vintage style bulb sprayer with tassel with shiny silver collar cap,Antique Style Bulb Spray Bottles,60 ml (2.03 oz),110 ±2 mm,88 ±1 mm,41 ±0.5 mm Neck Thread Size: 18-415,,18-415,6.18,,5.85,960pc: $5.07,https://www.bestbottles.com/product/diamond-design-2-oz-glass-bottle-black-vintage-style-sprayer-with-tassel-shiny-silver-collar?video=true
GBDmnd2ozSpryCu,"Diamond design 60ml, 2 ounce  clear glass bottle  with matte copper spray pump. For use with cologne, Eau de Parfum, air freshner, face and body spray, or room spray. A classic, multi-faceted bottle.",https://www.bestbottles.com/images/store/enlarged_pics/GBDmnd2ozSpryCu.gif,matte copper spray pump,Classic Perfume Spray Glass Bottles,60 ml (2.03 oz),114 ±2 mm,88 ±1 mm,41 ±0.5 mm Neck Thread Size: 18-415,,18-415,2.76,,2.61,960pc: $2.26,https://www.bestbottles.com/product/diamond-design-2-oz-glass-bottle-matte-copper-spray-and-cap
GBDmnd2ozSpryCu,"Diamond design 60ml, 2 ounce  clear glass bottle  with matte copper spray pump. For use with cologne, Eau de Parfum, air freshner, face and body spray, or room spray. A classic, multi-faceted bottle.",https://www.bestbottles.com/images/store/enlarged_pics/GBDmnd2ozSpryCu.gif,matte copper spray pump,Classic Perfume Spray Glass Bottles,60 ml (2.03 oz),114 ±2 mm,88 ±1 mm,41 ±0.5 mm Neck Thread Size: 18-415,,18-415,2.76,,2.61,960pc: $2.26,https://www.bestbottles.com/product/diamond-design-2-oz-glass-bottle-matte-copper-spray-and-cap?video=true
GBDiva100AnSpBlk,"Diva design 100 ml, 3 1/2oz  clear glass bottle  with black vintage style bulb sprayer with shiny silver collar cap. For use with cologne, Eau de Parfum, air freshner, face and body spray, or room spray.  Antique or vintage bulb sprayers enhance the beaut",https://www.bestbottles.com/images/store/enlarged_pics/GBDiva100AnSpBlk.gif,black vintage style bulb sprayer with shiny silver collar cap,Antique Style Bulb Spray Bottles,100 ml (3.38 oz),140 ±2 mm,113 ±2 mm,,,18-415,5.99,,5.67,1050pc: $4.91,https://www.bestbottles.com/product/diva-design-100-ml-glass-bottle-black-vintage-style-bulb-sprayer-shiny-silver-collar-cap
GBDiva100AnSpBlk,"Diva design 100 ml, 3 1/2oz  clear glass bottle  with black vintage style bulb sprayer with shiny silver collar cap. For use with cologne, Eau de Parfum, air freshner, face and body spray, or room spray.  Antique or vintage bulb sprayers enhance the beaut",https://www.bestbottles.com/images/store/enlarged_pics/GBDiva100AnSpBlk.gif,black vintage style bulb sprayer with shiny silver collar cap,Antique Style Bulb Spray Bottles,100 ml (3.38 oz),140 ±2 mm,113 ±2 mm,,,18-415,5.99,,5.67,1050pc: $4.91,https://www.bestbottles.com/product/diva-design-100-ml-glass-bottle-black-vintage-style-bulb-sprayer-shiny-silver-collar-cap?video=true
GBDiva100AnSpTslBlk,"Diva design 100 ml, 3 1/2oz  clear glass bottle  with Black vintage style bulb sprayer with tassel with shiny silver collar cap. For use with cologne, Eau de Parfum, air freshner, face and body spray, or room spray.  Antique or vintage bulb sprayers enhan",https://www.bestbottles.com/images/store/enlarged_pics/GBDiva100AnSpTslBlk.gif,Black vintage style bulb sprayer with tassel with shiny silver collar cap,Antique Style Bulb Spray Bottles,100 ml (3.38 oz),135 ±2 mm,113 ±2 mm,,,18-415,6.70,,6.35,1050pc: $5.50,https://www.bestbottles.com/product/diva-design-100-ml-glass-bottle-black-vintage-style-sprayer-with-tassel-shiny-silver-collar
GBDiva100AnSpTslBlk,"Diva design 100 ml, 3 1/2oz  clear glass bottle  with Black vintage style bulb sprayer with tassel with shiny silver collar cap. For use with cologne, Eau de Parfum, air freshner, face and body spray, or room spray.  Antique or vintage bulb sprayers enhan",https://www.bestbottles.com/images/store/enlarged_pics/GBDiva100AnSpTslBlk.gif,Black vintage style bulb sprayer with tassel with shiny silver collar cap,Antique Style Bulb Spray Bottles,100 ml (3.38 oz),135 ±2 mm,113 ±2 mm,,,18-415,6.70,,6.35,1050pc: $5.50,https://www.bestbottles.com/product/diva-design-100-ml-glass-bottle-black-vintage-style-sprayer-with-tassel-shiny-silver-collar?video=true
GBDiva100SpryCu,"Diva design 100 ml, 3 1/2oz  clear glass bottle  with matte copper spray pump. For use with cologne, Eau de Parfum, air freshner, face and body spray, or room spray. Our Classic Diva bottle family is available in 30ml, 46ml and 100ml.",https://www.bestbottles.com/images/store/enlarged_pics/GBDiva100SpryCu.gif,matte copper spray pump,Classic Perfume Spray Glass Bottles,100 ml (3.38 oz),138 ±2 mm,113 ±2 mm,,,18-415,3.28,,3.11,1050pc: $2.69,https://www.bestbottles.com/product/diva-design-100-ml-glass-bottle-matte-copper-spray-and-cap
GBDiva100SpryCu,"Diva design 100 ml, 3 1/2oz  clear glass bottle  with matte copper spray pump. For use with cologne, Eau de Parfum, air freshner, face and body spray, or room spray. Our Classic Diva bottle family is available in 30ml, 46ml and 100ml.",https://www.bestbottles.com/images/store/enlarged_pics/GBDiva100SpryCu.gif,matte copper spray pump,Classic Perfume Spray Glass Bottles,100 ml (3.38 oz),138 ±2 mm,113 ±2 mm,,,18-415,3.28,,3.11,1050pc: $2.69,https://www.bestbottles.com/product/diva-design-100-ml-glass-bottle-matte-copper-spray-and-cap?video=true
GBDiva30AnSpBlk,"Diva design 30 ml, 1oz  clear glass bottle  with black vintage style bulb sprayer with shiny silver collar cap. For use with cologne, Eau de Parfum, air freshner, face and body spray, or room spray.  Antique or vintage bulb sprayers enhance the beauty of",https://www.bestbottles.com/images/store/enlarged_pics/GBDiva30AnSpBlk.gif,black vintage style bulb sprayer with shiny silver collar cap,Antique Style Bulb Spray Bottles,30 ml (1.01 oz),109 ±2 mm,81 ±1 mm,,,18-415,5.61,,5.31,1760pc: $4.60,https://www.bestbottles.com/product/diva-design-30-ml-glass-bottle-black-vintage-style-bulb-sprayer-shiny-silver-collar-cap
GBDiva30AnSpBlk,"Diva design 30 ml, 1oz  clear glass bottle  with black vintage style bulb sprayer with shiny silver collar cap. For use with cologne, Eau de Parfum, air freshner, face and body spray, or room spray.  Antique or vintage bulb sprayers enhance the beauty of",https://www.bestbottles.com/images/store/enlarged_pics/GBDiva30AnSpBlk.gif,black vintage style bulb sprayer with shiny silver collar cap,Antique Style Bulb Spray Bottles,30 ml (1.01 oz),109 ±2 mm,81 ±1 mm,,,18-415,5.61,,5.31,1760pc: $4.60,https://www.bestbottles.com/product/diva-design-30-ml-glass-bottle-black-vintage-style-bulb-sprayer-shiny-silver-collar-cap?video=true
GBDiva30SpryCu,"Diva design 30 ml, 1oz  clear glass bottle  with matte copper spray pump. For use with cologne, Eau de Parfum, air freshner, face and body spray, or room spray. Our Classic Diva bottle family is available in 30ml, 46ml and 100ml.",https://www.bestbottles.com/images/store/enlarged_pics/GBDiva30SpryCu.gif,matte copper spray pump,Classic Perfume Spray Glass Bottles,30 ml (1.01 oz),104 ±2 mm,81 ±1 mm,,,18-415,2.90,,2.75,1760pc: $2.38,https://www.bestbottles.com/product/diva-design-30-ml-glass-bottle-matte-copper-spray-and-cap
GBDiva30SpryCu,"Diva design 30 ml, 1oz  clear glass bottle  with matte copper spray pump. For use with cologne, Eau de Parfum, air freshner, face and body spray, or room spray. Our Classic Diva bottle family is available in 30ml, 46ml and 100ml.",https://www.bestbottles.com/images/store/enlarged_pics/GBDiva30SpryCu.gif,matte copper spray pump,Classic Perfume Spray Glass Bottles,30 ml (1.01 oz),104 ±2 mm,81 ±1 mm,,,18-415,2.90,,2.75,1760pc: $2.38,https://www.bestbottles.com/product/diva-design-30-ml-glass-bottle-matte-copper-spray-and-cap?video=true
GBDivaFrst46AnSpBlk,"Diva design 46 ml, 1.64oz frosted glass bottle with black vintage style bulb sprayer with shiny silver collar cap. For use with cologne, Eau de Parfum, air freshner, face and body spray, or room spray.  Antique or vintage bulb sprayers enhance the beauty",https://www.bestbottles.com/images/store/enlarged_pics/GBDivaFrst46AnSpBlk.gif,black vintage style bulb sprayer with shiny silver collar cap,Antique Style Bulb Spray Bottles,46 ml (1.56 oz),115 ±2 mm,89 ±1 mm,,,18-415,6.27,,5.94,1500pc: $5.15,https://www.bestbottles.com/product/diva-design-46-ml-frosted-glass-bottle-black-vintage-style-bulb-sprayer-shiny-silver-collar-cap
GBDivaFrst46AnSpBlk,"Diva design 46 ml, 1.64oz frosted glass bottle with black vintage style bulb sprayer with shiny silver collar cap. For use with cologne, Eau de Parfum, air freshner, face and body spray, or room spray.  Antique or vintage bulb sprayers enhance the beauty",https://www.bestbottles.com/images/store/enlarged_pics/GBDivaFrst46AnSpBlk.gif,black vintage style bulb sprayer with shiny silver collar cap,Antique Style Bulb Spray Bottles,46 ml (1.56 oz),115 ±2 mm,89 ±1 mm,,,18-415,6.27,,5.94,1500pc: $5.15,https://www.bestbottles.com/product/diva-design-46-ml-frosted-glass-bottle-black-vintage-style-bulb-sprayer-shiny-silver-collar-cap?video=true
GBDivaFrst46AnSpTslBlk,"Diva design 46 ml, 1.64oz frosted glass bottle with Black vintage style bulb sprayer with tassel with shiny silver collar cap. For use with cologne, Eau de Parfum, air freshner, face and body spray, or room spray.  Antique or vintage bulb sprayers enhance",https://www.bestbottles.com/images/store/enlarged_pics/GBDivaFrst46AnSpTslBlk.gif,Black vintage style bulb sprayer with tassel with shiny silver collar cap,Antique Style Bulb Spray Bottles,46 ml (1.56 oz),111 ±2 mm,89 ±1 mm,,,18-415,6.98,,6.62,1500pc: $5.73,https://www.bestbottles.com/product/diva-design-46-ml-frosted-glass-bottle-black-vintage-style-sprayer-with-tassel-shiny-silver-collar-ring
GBDivaFrst46AnSpTslBlk,"Diva design 46 ml, 1.64oz frosted glass bottle with Black vintage style bulb sprayer with tassel with shiny silver collar cap. For use with cologne, Eau de Parfum, air freshner, face and body spray, or room spray.  Antique or vintage bulb sprayers enhance",https://www.bestbottles.com/images/store/enlarged_pics/GBDivaFrst46AnSpTslBlk.gif,Black vintage style bulb sprayer with tassel with shiny silver collar cap,Antique Style Bulb Spray Bottles,46 ml (1.56 oz),111 ±2 mm,89 ±1 mm,,,18-415,6.98,,6.62,1500pc: $5.73,https://www.bestbottles.com/product/diva-design-46-ml-frosted-glass-bottle-black-vintage-style-sprayer-with-tassel-shiny-silver-collar-ring?video=true
GBDivaFrst46SpryCu,"Diva design 46 ml, 1.64oz frosted glass bottle with matte copper spray pump. For use with cologne, Eau de Parfum, air freshner, face and body spray, or room spray. Our Classic Diva bottle family is available in 30ml, 46ml and 100ml.",https://www.bestbottles.com/images/store/enlarged_pics/GBDivaFrst46SpryCu.gif,matte copper spray pump,Classic Perfume Spray Glass Bottles,46 ml (1.56 oz),114 ±2 mm,89 ±1 mm,,,18-415,3.56,,3.38,1500pc: $2.93,https://www.bestbottles.com/product/diva-design-46-ml-frosted-glass-bottle-matte-copper-spray-and-cap
GBDivaFrst46SpryCu,"Diva design 46 ml, 1.64oz frosted glass bottle with matte copper spray pump. For use with cologne, Eau de Parfum, air freshner, face and body spray, or room spray. Our Classic Diva bottle family is available in 30ml, 46ml and 100ml.",https://www.bestbottles.com/images/store/enlarged_pics/GBDivaFrst46SpryCu.gif,matte copper spray pump,Classic Perfume Spray Glass Bottles,46 ml (1.56 oz),114 ±2 mm,89 ±1 mm,,,18-415,3.56,,3.38,1500pc: $2.93,https://www.bestbottles.com/product/diva-design-46-ml-frosted-glass-bottle-matte-copper-spray-and-cap?video=true
GBDiva46AnSpBlk,"Diva design 46 ml, 1.64oz  clear glass bottle  with black vintage style bulb sprayer with shiny silver collar cap. For use with cologne, Eau de Parfum, air freshner, face and body spray, or room spray.  Antique or vintage bulb sprayers enhance the beauty",https://www.bestbottles.com/images/store/enlarged_pics/GBDiva46AnSpBlk.gif,black vintage style bulb sprayer with shiny silver collar cap,Antique Style Bulb Spray Bottles,46 ml (1.56 oz),115 ±2 mm,89 ±1 mm,,,18-415,5.80,,5.49,1500pc: $4.76,https://www.bestbottles.com/product/diva-design-46-ml-glass-bottle-black-vintage-style-bulb-sprayer-shiny-silver-collar-cap
GBDiva46AnSpBlk,"Diva design 46 ml, 1.64oz  clear glass bottle  with black vintage style bulb sprayer with shiny silver collar cap. For use with cologne, Eau de Parfum, air freshner, face and body spray, or room spray.  Antique or vintage bulb sprayers enhance the beauty",https://www.bestbottles.com/images/store/enlarged_pics/GBDiva46AnSpBlk.gif,black vintage style bulb sprayer with shiny silver collar cap,Antique Style Bulb Spray Bottles,46 ml (1.56 oz),115 ±2 mm,89 ±1 mm,,,18-415,5.80,,5.49,1500pc: $4.76,https://www.bestbottles.com/product/diva-design-46-ml-glass-bottle-black-vintage-style-bulb-sprayer-shiny-silver-collar-cap?video=true
GBDiva46AnSpBlkRng,"Diva design 46 ml, 1.64oz clear glass bottle with black vintage style bulb sprayer with shiny silver collar cap and jeweled silver ring. For use with cologne, Eau de Parfum, air freshner, face and body spray, or room spray. Antique or vintage bulb sprayer",https://www.bestbottles.com/images/store/enlarged_pics/GBDiva46AnSpBlkRng.gif,black vintage style bulb sprayer with shiny silver collar cap,Antique Style Bulb Spray Bottles,46 ml (1.56 oz),115 ±2 mm,89 ±1 mm,,,18-415,6.75,,6.39,1500pc: $5.54,https://www.bestbottles.com/product/diva-design-46-ml-glass-bottle-black-vintage-style-sprayer-with-shiny-silver-collar-ring
GBDiva46AnSpBlkRng,"Diva design 46 ml, 1.64oz clear glass bottle with black vintage style bulb sprayer with shiny silver collar cap and jeweled silver ring. For use with cologne, Eau de Parfum, air freshner, face and body spray, or room spray. Antique or vintage bulb sprayer",https://www.bestbottles.com/images/store/enlarged_pics/GBDiva46AnSpBlkRng.gif,black vintage style bulb sprayer with shiny silver collar cap,Antique Style Bulb Spray Bottles,46 ml (1.56 oz),115 ±2 mm,89 ±1 mm,,,18-415,6.75,,6.39,1500pc: $5.54,https://www.bestbottles.com/product/diva-design-46-ml-glass-bottle-black-vintage-style-sprayer-with-shiny-silver-collar-ring?video=true
GBDiva46AnSpTslBlk,"Diva design 46 ml, 1.64oz  clear glass bottle  with black vintage style bulb sprayer with tassel with shiny silver collar cap. For use with cologne, Eau de Parfum, air freshner, face and body spray, or room spray.  Antique or vintage bulb sprayers enhance",https://www.bestbottles.com/images/store/enlarged_pics/GBDiva46AnSpTslBlk.gif,black vintage style bulb sprayer with tassel with shiny silver collar cap,Antique Style Bulb Spray Bottles,46 ml (1.56 oz),111 ±2 mm,89 ±1 mm,,,18-415,6.51,,6.17,1500pc: $5.34,https://www.bestbottles.com/product/diva-design-46-ml-glass-bottle-black-vintage-style-sprayer-with-tassel-shiny-silver-collar
GBDiva46AnSpTslBlkRng,"Diva design 46 ml, 1.64oz  clear glass bottle  with black vintage style bulb sprayer with tassel with shiny silver collar cap and jeweled silver ring. For use with cologne, Eau de Parfum, air freshner, face and body spray, or room spray.  Antique or vinta",https://www.bestbottles.com/images/store/enlarged_pics/GBDiva46AnSpTslBlkRng.gif,black vintage style bulb sprayer with tassel with shiny silver collar cap,Antique Style Bulb Spray Bottles,46 ml (1.56 oz),111 ±2 mm,89 ±1 mm,,,18-415,7.46,,7.07,1500pc: $6.12,https://www.bestbottles.com/product/diva-design-46-ml-glass-bottle-black-vintage-style-sprayer-with-tassel-shiny-silver-collar-ring
GBDiva46AnSpTslBlkRng,"Diva design 46 ml, 1.64oz  clear glass bottle  with black vintage style bulb sprayer with tassel with shiny silver collar cap and jeweled silver ring. For use with cologne, Eau de Parfum, air freshner, face and body spray, or room spray.  Antique or vinta",https://www.bestbottles.com/images/store/enlarged_pics/GBDiva46AnSpTslBlkRng.gif,black vintage style bulb sprayer with tassel with shiny silver collar cap,Antique Style Bulb Spray Bottles,46 ml (1.56 oz),111 ±2 mm,89 ±1 mm,,,18-415,7.46,,7.07,1500pc: $6.12,https://www.bestbottles.com/product/diva-design-46-ml-glass-bottle-black-vintage-style-sprayer-with-tassel-shiny-silver-collar-ring?video=true
GBDiva46AnSpTslBlk,"Diva design 46 ml, 1.64oz  clear glass bottle  with black vintage style bulb sprayer with tassel with shiny silver collar cap. For use with cologne, Eau de Parfum, air freshner, face and body spray, or room spray.  Antique or vintage bulb sprayers enhance",https://www.bestbottles.com/images/store/enlarged_pics/GBDiva46AnSpTslBlk.gif,black vintage style bulb sprayer with tassel with shiny silver collar cap,Antique Style Bulb Spray Bottles,46 ml (1.56 oz),111 ±2 mm,89 ±1 mm,,,18-415,6.51,,6.17,1500pc: $5.34,https://www.bestbottles.com/product/diva-design-46-ml-glass-bottle-black-vintage-style-sprayer-with-tassel-shiny-silver-collar?video=true
GBDiva46SpryCu,"Diva design 46 ml, 1.64oz  clear glass bottle  with matte copper spray pump. For use with cologne, Eau de Parfum, air freshner, face and body spray, or room spray. Our Classic Diva bottle family is available in 30ml, 46ml and 100ml.",https://www.bestbottles.com/images/store/enlarged_pics/GBDiva46SpryCu.gif,matte copper spray pump,Classic Perfume Spray Glass Bottles,46 ml (1.56 oz),114 ±2 mm,89 ±1 mm,,,18-415,3.09,,2.93,1500pc: $2.54,https://www.bestbottles.com/product/diva-design-46-ml-glass-bottle-matte-copper-spray-and-cap
GBDiva46SpryCu,"Diva design 46 ml, 1.64oz  clear glass bottle  with matte copper spray pump. For use with cologne, Eau de Parfum, air freshner, face and body spray, or room spray. Our Classic Diva bottle family is available in 30ml, 46ml and 100ml.",https://www.bestbottles.com/images/store/enlarged_pics/GBDiva46SpryCu.gif,matte copper spray pump,Classic Perfume Spray Glass Bottles,46 ml (1.56 oz),114 ±2 mm,89 ±1 mm,,,18-415,3.09,,2.93,1500pc: $2.54,https://www.bestbottles.com/product/diva-design-46-ml-glass-bottle-matte-copper-spray-and-cap?video=true
GBElgFrst100AnSpBlk,"Elegant design 100 ml, 3 1/2oz frosted glass bottle with black vintage style bulb sprayer with shiny silver collar cap. For use with cologne, Eau de Parfum, air freshner, face and body spray, or room spray.  Antique or vintage bulb sprayers enhance the be",https://www.bestbottles.com/images/store/enlarged_pics/GBElgFrst100AnSpBlk.gif,black vintage style bulb sprayer with shiny silver collar cap,Antique Style Bulb Spray Bottles,100 ml (3.38 oz),137 ±2 mm,109 ±2 mm,61 ±1 mm,30 ±0.5 mm,18-415,6.32,,5.99,1120pc: $5.19,https://www.bestbottles.com/product/elegant-design-105-ml-frosted-glass-bottle-black-vintage-style-bulb-sprayer-shiny-silver-collar-cap
GBElgFrst100AnSpBlk,"Elegant design 100 ml, 3 1/2oz frosted glass bottle with black vintage style bulb sprayer with shiny silver collar cap. For use with cologne, Eau de Parfum, air freshner, face and body spray, or room spray.  Antique or vintage bulb sprayers enhance the be",https://www.bestbottles.com/images/store/enlarged_pics/GBElgFrst100AnSpBlk.gif,black vintage style bulb sprayer with shiny silver collar cap,Antique Style Bulb Spray Bottles,100 ml (3.38 oz),137 ±2 mm,109 ±2 mm,61 ±1 mm,30 ±0.5 mm,18-415,6.32,,5.99,1120pc: $5.19,https://www.bestbottles.com/product/elegant-design-105-ml-frosted-glass-bottle-black-vintage-style-bulb-sprayer-shiny-silver-collar-cap?video=true
GBElgFrst100AnSpTslBlk,"Elegant design 100 ml, 3 1/2oz frosted glass bottle with Black vintage style bulb sprayer with tassel with shiny silver collar cap. For use with cologne, Eau de Parfum, air freshner, face and body spray, or room spray.  Antique or vintage bulb sprayers en",https://www.bestbottles.com/images/store/enlarged_pics/GBElgFrst100AnSpTslBlk.gif,Black vintage style bulb sprayer with tassel with shiny silver collar cap,Antique Style Bulb Spray Bottles,100 ml (3.38 oz),131 ±2 mm,109 ±2 mm,61 ±1 mm,30 ±0.5 mm,18-415,7.03,,6.66,1120pc: $5.77,https://www.bestbottles.com/product/elegant-design-105-ml-frosted-glass-bottle-black-vintage-style-sprayer-with-tassel-shiny-silver-collar
GBElgFrst100AnSpTslBlk,"Elegant design 100 ml, 3 1/2oz frosted glass bottle with Black vintage style bulb sprayer with tassel with shiny silver collar cap. For use with cologne, Eau de Parfum, air freshner, face and body spray, or room spray.  Antique or vintage bulb sprayers en",https://www.bestbottles.com/images/store/enlarged_pics/GBElgFrst100AnSpTslBlk.gif,Black vintage style bulb sprayer with tassel with shiny silver collar cap,Antique Style Bulb Spray Bottles,100 ml (3.38 oz),131 ±2 mm,109 ±2 mm,61 ±1 mm,30 ±0.5 mm,18-415,7.03,,6.66,1120pc: $5.77,https://www.bestbottles.com/product/elegant-design-105-ml-frosted-glass-bottle-black-vintage-style-sprayer-with-tassel-shiny-silver-collar?video=true
GBElgFrst100SpryCu,"Elegant design 100 ml, 3 1/2oz frosted glass bottle with matte copper spray pump. For use with cologne, Eau de Parfum, air freshner, face and body spray, or room spray.  Elegant bottle is a family of bottles available in 5ml, 15ml, 30ml, 60ml and 100ml. P",https://www.bestbottles.com/images/store/enlarged_pics/GBElgFrst100SpryCu.gif,matte copper spray pump,Classic Perfume Spray Glass Bottles,100 ml (3.38 oz),135 ±2 mm,109 ±2 mm,61 ±1 mm,30 ±0.5 mm,18-415,3.61,,3.42,1120pc: $2.96,https://www.bestbottles.com/product/elegant-design-105-ml-frosted-glass-bottle-matte-copper-spray-and-cap
GBElgFrst100SpryCu,"Elegant design 100 ml, 3 1/2oz frosted glass bottle with matte copper spray pump. For use with cologne, Eau de Parfum, air freshner, face and body spray, or room spray.  Elegant bottle is a family of bottles available in 5ml, 15ml, 30ml, 60ml and 100ml. P",https://www.bestbottles.com/images/store/enlarged_pics/GBElgFrst100SpryCu.gif,matte copper spray pump,Classic Perfume Spray Glass Bottles,100 ml (3.38 oz),135 ±2 mm,109 ±2 mm,61 ±1 mm,30 ±0.5 mm,18-415,3.61,,3.42,1120pc: $2.96,https://www.bestbottles.com/product/elegant-design-105-ml-frosted-glass-bottle-matte-copper-spray-and-cap?video=true
GBElg100AnSpBlk,"Elegant design 100 ml, 3 1/2oz  clear glass bottle  with black vintage style bulb sprayer with shiny silver collar cap. For use with cologne, Eau de Parfum, air freshner, face and body spray, or room spray.  Antique or vintage bulb sprayers enhance the be",https://www.bestbottles.com/images/store/enlarged_pics/GBElg100AnSpBlk.gif,black vintage style bulb sprayer with shiny silver collar cap,Antique Style Bulb Spray Bottles,100 ml (3.38 oz),137 ±2 mm,109 ±2 mm,61 ±1 mm,30 ±0.5 mm,18-415,5.84,,5.54,1120pc: $4.80,https://www.bestbottles.com/product/elegant-design-105-ml-glass-bottle-black-vintage-style-bulb-sprayer-shiny-silver-collar-cap
GBElg100AnSpBlk,"Elegant design 100 ml, 3 1/2oz  clear glass bottle  with black vintage style bulb sprayer with shiny silver collar cap. For use with cologne, Eau de Parfum, air freshner, face and body spray, or room spray.  Antique or vintage bulb sprayers enhance the be",https://www.bestbottles.com/images/store/enlarged_pics/GBElg100AnSpBlk.gif,black vintage style bulb sprayer with shiny silver collar cap,Antique Style Bulb Spray Bottles,100 ml (3.38 oz),137 ±2 mm,109 ±2 mm,61 ±1 mm,30 ±0.5 mm,18-415,5.84,,5.54,1120pc: $4.80,https://www.bestbottles.com/product/elegant-design-105-ml-glass-bottle-black-vintage-style-bulb-sprayer-shiny-silver-collar-cap?video=true
GBElg100AnSpTslBlk,"Elegant design 100 ml, 3 1/2oz  clear glass bottle  with Black vintage style bulb sprayer with tassel with shiny silver collar cap. For use with cologne, Eau de Parfum, air freshner, face and body spray, or room spray.  Antique or vintage bulb sprayers en",https://www.bestbottles.com/images/store/enlarged_pics/GBElg100AnSpTslBlk.gif,Black vintage style bulb sprayer with tassel with shiny silver collar cap,Antique Style Bulb Spray Bottles,100 ml (3.38 oz),131 ±2 mm,109 ±2 mm,61 ±1 mm,30 ±0.5 mm,18-415,6.56,,6.21,1120pc: $5.38,https://www.bestbottles.com/product/elegant-design-105-ml-glass-bottle-black-vintage-style-sprayer-with-tassel-shiny-silver-collar
GBElg100AnSpTslBlk,"Elegant design 100 ml, 3 1/2oz  clear glass bottle  with Black vintage style bulb sprayer with tassel with shiny silver collar cap. For use with cologne, Eau de Parfum, air freshner, face and body spray, or room spray.  Antique or vintage bulb sprayers en",https://www.bestbottles.com/images/store/enlarged_pics/GBElg100AnSpTslBlk.gif,Black vintage style bulb sprayer with tassel with shiny silver collar cap,Antique Style Bulb Spray Bottles,100 ml (3.38 oz),131 ±2 mm,109 ±2 mm,61 ±1 mm,30 ±0.5 mm,18-415,6.56,,6.21,1120pc: $5.38,https://www.bestbottles.com/product/elegant-design-105-ml-glass-bottle-black-vintage-style-sprayer-with-tassel-shiny-silver-collar?video=true
GBElg100SpryCu,"Elegant design 100 ml, 3 1/2oz  clear glass bottle  with matte copper spray pump. For use with cologne, Eau de Parfum, air freshner, face and body spray, or room spray.  Elegant bottle is a family of bottles available in 5ml, 15ml, 30ml, 60ml and 100ml. P",https://www.bestbottles.com/images/store/enlarged_pics/GBElg100SpryCu.gif,matte copper spray pump,Classic Perfume Spray Glass Bottles,100 ml (3.38 oz),135 ±2 mm,109 ±2 mm,61 ±1 mm,30 ±0.5 mm,18-415,3.14,,2.97,1120pc: $2.57,https://www.bestbottles.com/product/elegant-design-105-ml-glass-bottle-matte-copper-spray-and-cap
GBElg100SpryCu,"Elegant design 100 ml, 3 1/2oz  clear glass bottle  with matte copper spray pump. For use with cologne, Eau de Parfum, air freshner, face and body spray, or room spray.  Elegant bottle is a family of bottles available in 5ml, 15ml, 30ml, 60ml and 100ml. P",https://www.bestbottles.com/images/store/enlarged_pics/GBElg100SpryCu.gif,matte copper spray pump,Classic Perfume Spray Glass Bottles,100 ml (3.38 oz),135 ±2 mm,109 ±2 mm,61 ±1 mm,30 ±0.5 mm,18-415,3.14,,2.97,1120pc: $2.57,https://www.bestbottles.com/product/elegant-design-105-ml-glass-bottle-matte-copper-spray-and-cap?video=true
GBElgFrst15SpryBlkMatt,"Elegant design 15ml, 1/2oz frosted glass bottle with matte black spray. Fine mist sprayer for use with perfumes and colognes. Refillable, classic style bottle good for promotions and decants.",https://www.bestbottles.com/images/store/enlarged_pics/GBElgFrst15SpryBlkMatt.gif,matte black spray. Fine mist spray,Refillable Glass Bottles with Fine Mist Sprayers,15 ml (0.51 oz),80 ±1 mm,61 ±1 mm,36 ±0.5 mm,18 ±0.5 mm,13-415,1.11,,1.05,1440pc: $0.91,https://www.bestbottles.com/product/elegant-design-15-ml-frosted-glass-bottle-matte-black-spray
GBElgFrst15SpryBlkMatt,"Elegant design 15ml, 1/2oz frosted glass bottle with matte black spray. Fine mist sprayer for use with perfumes and colognes. Refillable, classic style bottle good for promotions and decants.",https://www.bestbottles.com/images/store/enlarged_pics/GBElgFrst15SpryBlkMatt.gif,matte black spray. Fine mist spray,Refillable Glass Bottles with Fine Mist Sprayers,15 ml (0.51 oz),80 ±1 mm,61 ±1 mm,36 ±0.5 mm,18 ±0.5 mm,13-415,1.11,,1.05,1440pc: $0.91,https://www.bestbottles.com/product/elegant-design-15-ml-frosted-glass-bottle-matte-black-spray?video=true
GBElg15SpryBlkMatt,"Elegant design 15ml, 1/2oz Clear glass bottle with matte black spray. Fine mist sprayer for use with perfumes and colognes. Refillable, classic style bottle good for promotions and decants.",https://www.bestbottles.com/images/store/enlarged_pics/GBElg15SpryBlkMatt.gif,matte black spray. Fine mist spray,Refillable Glass Bottles with Fine Mist Sprayers,15 ml (0.51 oz),80 ±1 mm,61 ±1 mm,36 ±0.5 mm,18 ±0.5 mm,13-415,1.04,,0.98,1440pc: $0.85,https://www.bestbottles.com/product/elegant-design-15-ml-glass-bottle-matte-black-spray
GBElg15SpryBlkMatt,"Elegant design 15ml, 1/2oz Clear glass bottle with matte black spray. Fine mist sprayer for use with perfumes and colognes. Refillable, classic style bottle good for promotions and decants.",https://www.bestbottles.com/images/store/enlarged_pics/GBElg15SpryBlkMatt.gif,matte black spray. Fine mist spray,Refillable Glass Bottles with Fine Mist Sprayers,15 ml (0.51 oz),80 ±1 mm,61 ±1 mm,36 ±0.5 mm,18 ±0.5 mm,13-415,1.04,,0.98,1440pc: $0.85,https://www.bestbottles.com/product/elegant-design-15-ml-glass-bottle-matte-black-spray?video=true
GBElg30SpryBlk,"Elegant design 30 ml, clear glass bottle with sprayer and black cap. For use with cologne, perfume, air freshner, face and body spray, or room spray. Classic, Elegant design is a family of bottles availabel in many sizes.",https://www.bestbottles.com/images/store/enlarged_pics/GBElg30SpryBlk.gif,sprayer and black cap,Classic Perfume Spray Glass Bottles,30 ml (1.01 oz),100 ±1 mm,,44 ±0.5 mm,22 ±0.5 mm,15-415,2.14,,2.03,1800pc: $1.76,https://www.bestbottles.com/product/elegant-design-30-ml-clear-glass-bottle-sprayer-black-cap
GBElg30SpryBlk,"Elegant design 30 ml, clear glass bottle with sprayer and black cap. For use with cologne, perfume, air freshner, face and body spray, or room spray. Classic, Elegant design is a family of bottles availabel in many sizes.",https://www.bestbottles.com/images/store/enlarged_pics/GBElg30SpryBlk.gif,sprayer and black cap,Classic Perfume Spray Glass Bottles,30 ml (1.01 oz),100 ±1 mm,,44 ±0.5 mm,22 ±0.5 mm,15-415,2.14,,2.03,1800pc: $1.76,https://www.bestbottles.com/product/elegant-design-30-ml-clear-glass-bottle-sprayer-black-cap?video=true
GBElgFrst30SpryBlk,"Elegant design 30 ml, Frosted glass bottle with sprayer and black cap. For use with cologne, perfume, air freshner, face and body spray, or room spray. Classic, Elegant design is a family of bottles availabel in many sizes.",https://www.bestbottles.com/images/store/enlarged_pics/GBElgFrst30SpryBlk.gif,sprayer and black cap,Classic Perfume Spray Glass Bottles,30 ml (1.01 oz),100 ±1 mm,,44 ±0.5 mm,22 ±0.5 mm,15-415,2.61,,2.48,1800pc: $2.15,https://www.bestbottles.com/product/elegant-design-30-ml-frosted-glass-bottle-sprayer-black-cap
GBElgFrst30SpryBlk,"Elegant design 30 ml, Frosted glass bottle with sprayer and black cap. For use with cologne, perfume, air freshner, face and body spray, or room spray. Classic, Elegant design is a family of bottles availabel in many sizes.",https://www.bestbottles.com/images/store/enlarged_pics/GBElgFrst30SpryBlk.gif,sprayer and black cap,Classic Perfume Spray Glass Bottles,30 ml (1.01 oz),100 ±1 mm,,44 ±0.5 mm,22 ±0.5 mm,15-415,2.61,,2.48,1800pc: $2.15,https://www.bestbottles.com/product/elegant-design-30-ml-frosted-glass-bottle-sprayer-black-cap?video=true
GBElgFrst60AnSpBlk,"Elegant design 60 ml, 2oz frosted glass bottle with black vintage style bulb sprayer with shiny silver collar cap. For use with cologne, Eau de Parfum, air freshner, face and body spray, or room spray.  Antique or vintage bulb sprayers enhance the beauty",https://www.bestbottles.com/images/store/enlarged_pics/GBElgFrst60AnSpBlk.gif,black vintage style bulb sprayer with shiny silver collar cap,Antique Style Bulb Spray Bottles,60 ml (2.03 oz),112 ±2 mm,86 ±1 mm,54 ±1 mm,27 ±0.5 mm,18-415,5.80,,5.49,1120pc: $4.76,https://www.bestbottles.com/product/elegant-design-60-ml-frosted-glass-bottle-black-vintage-style-bulb-sprayer-shiny-silver-collar-cap
GBElgFrst60AnSpBlk,"Elegant design 60 ml, 2oz frosted glass bottle with black vintage style bulb sprayer with shiny silver collar cap. For use with cologne, Eau de Parfum, air freshner, face and body spray, or room spray.  Antique or vintage bulb sprayers enhance the beauty",https://www.bestbottles.com/images/store/enlarged_pics/GBElgFrst60AnSpBlk.gif,black vintage style bulb sprayer with shiny silver collar cap,Antique Style Bulb Spray Bottles,60 ml (2.03 oz),112 ±2 mm,86 ±1 mm,54 ±1 mm,27 ±0.5 mm,18-415,5.80,,5.49,1120pc: $4.76,https://www.bestbottles.com/product/elegant-design-60-ml-frosted-glass-bottle-black-vintage-style-bulb-sprayer-shiny-silver-collar-cap?video=true
GBElgFrst60AnSpTslBlk,"Elegant design 60 ml, 2oz frosted glass bottle with Black vintage style bulb sprayer with tassel with shiny silver collar cap. For use with cologne, Eau de Parfum, air freshner, face and body spray, or room spray.  Antique or vintage bulb sprayers enhance",https://www.bestbottles.com/images/store/enlarged_pics/GBElgFrst60AnSpTslBlk.gif,Black vintage style bulb sprayer with tassel with shiny silver collar cap,Antique Style Bulb Spray Bottles,60 ml (2.03 oz),108 ±2 mm,86 ±1 mm,54 ±1 mm,27 ±0.5 mm,18-415,6.51,,6.17,1120pc: $5.34,https://www.bestbottles.com/product/elegant-design-60-ml-frosted-glass-bottle-black-vintage-style-sprayer-with-tassel-shiny-silver-collar
GBElgFrst60AnSpTslBlk,"Elegant design 60 ml, 2oz frosted glass bottle with Black vintage style bulb sprayer with tassel with shiny silver collar cap. For use with cologne, Eau de Parfum, air freshner, face and body spray, or room spray.  Antique or vintage bulb sprayers enhance",https://www.bestbottles.com/images/store/enlarged_pics/GBElgFrst60AnSpTslBlk.gif,Black vintage style bulb sprayer with tassel with shiny silver collar cap,Antique Style Bulb Spray Bottles,60 ml (2.03 oz),108 ±2 mm,86 ±1 mm,54 ±1 mm,27 ±0.5 mm,18-415,6.51,,6.17,1120pc: $5.34,https://www.bestbottles.com/product/elegant-design-60-ml-frosted-glass-bottle-black-vintage-style-sprayer-with-tassel-shiny-silver-collar?video=true
GBElgFrst60SpryCu,"Elegant design 60 ml, 2oz frosted glass bottle with matte copper spray pump. For use with cologne, Eau de Parfum, air freshner, face and body spray, or room spray.  Elegant bottle is a family of bottles available in 5ml, 15ml, 30ml, 60ml and 100ml.",https://www.bestbottles.com/images/store/enlarged_pics/GBElgFrst60SpryCu.gif,matte copper spray pump,Classic Perfume Spray Glass Bottles,60 ml (2.03 oz),135 ±2 mm,86 ±1 mm,54 ±1 mm,27 ±0.5 mm,18-415,3.09,,2.93,1120pc: $2.54,https://www.bestbottles.com/product/elegant-design-60-ml-frosted-glass-bottle-matte-copper-spray-and-cap
GBElgFrst60SpryCu,"Elegant design 60 ml, 2oz frosted glass bottle with matte copper spray pump. For use with cologne, Eau de Parfum, air freshner, face and body spray, or room spray.  Elegant bottle is a family of bottles available in 5ml, 15ml, 30ml, 60ml and 100ml.",https://www.bestbottles.com/images/store/enlarged_pics/GBElgFrst60SpryCu.gif,matte copper spray pump,Classic Perfume Spray Glass Bottles,60 ml (2.03 oz),135 ±2 mm,86 ±1 mm,54 ±1 mm,27 ±0.5 mm,18-415,3.09,,2.93,1120pc: $2.54,https://www.bestbottles.com/product/elegant-design-60-ml-frosted-glass-bottle-matte-copper-spray-and-cap?video=true
GBElg60AnSpBlk,"Elegant design 60 ml, 2oz  clear glass bottle  with black vintage style bulb sprayer with shiny silver collar cap. For use with cologne, Eau de Parfum, air freshner, face and body spray, or room spray.  Antique or vintage bulb sprayers enhance the beauty",https://www.bestbottles.com/images/store/enlarged_pics/GBElg60AnSpBlk.gif,black vintage style bulb sprayer with shiny silver collar cap,Antique Style Bulb Spray Bottles,60 ml (2.03 oz),112 ±2 mm,86 ±1 mm,54 ±1 mm,27 ±0.5 mm,18-415,5.32,,5.04,1120pc: $4.37,https://www.bestbottles.com/product/elegant-design-60-ml-glass-bottle-black-vintage-style-bulb-sprayer-shiny-silver-collar-cap
GBElg60AnSpBlk,"Elegant design 60 ml, 2oz  clear glass bottle  with black vintage style bulb sprayer with shiny silver collar cap. For use with cologne, Eau de Parfum, air freshner, face and body spray, or room spray.  Antique or vintage bulb sprayers enhance the beauty",https://www.bestbottles.com/images/store/enlarged_pics/GBElg60AnSpBlk.gif,black vintage style bulb sprayer with shiny silver collar cap,Antique Style Bulb Spray Bottles,60 ml (2.03 oz),112 ±2 mm,86 ±1 mm,54 ±1 mm,27 ±0.5 mm,18-415,5.32,,5.04,1120pc: $4.37,https://www.bestbottles.com/product/elegant-design-60-ml-glass-bottle-black-vintage-style-bulb-sprayer-shiny-silver-collar-cap?video=true
GBElg60AnSpTslBlk,"Elegant design 60 ml, 2oz  clear glass bottle  with Black vintage style bulb sprayer with tassel with shiny silver collar cap. For use with cologne, Eau de Parfum, air freshner, face and body spray, or room spray.  Antique or vintage bulb sprayers enhance",https://www.bestbottles.com/images/store/enlarged_pics/GBElg60AnSpTslBlk.gif,Black vintage style bulb sprayer with tassel with shiny silver collar cap,Antique Style Bulb Spray Bottles,60 ml (2.03 oz),108 ±2 mm,86 ±1 mm,54 ±1 mm,27 ±0.5 mm,18-415,6.03,,5.72,1120pc: $4.95,https://www.bestbottles.com/product/elegant-design-60-ml-glass-bottle-black-vintage-style-sprayer-with-tassel-shiny-silver-collar
GBElg60AnSpTslBlk,"Elegant design 60 ml, 2oz  clear glass bottle  with Black vintage style bulb sprayer with tassel with shiny silver collar cap. For use with cologne, Eau de Parfum, air freshner, face and body spray, or room spray.  Antique or vintage bulb sprayers enhance",https://www.bestbottles.com/images/store/enlarged_pics/GBElg60AnSpTslBlk.gif,Black vintage style bulb sprayer with tassel with shiny silver collar cap,Antique Style Bulb Spray Bottles,60 ml (2.03 oz),108 ±2 mm,86 ±1 mm,54 ±1 mm,27 ±0.5 mm,18-415,6.03,,5.72,1120pc: $4.95,https://www.bestbottles.com/product/elegant-design-60-ml-glass-bottle-black-vintage-style-sprayer-with-tassel-shiny-silver-collar?video=true
GBElg60SpryCu,"Elegant design 60 ml, 2oz  clear glass bottle  with matte copper spray pump. For use with cologne, Eau de Parfum, air freshner, face and body spray, or room spray.  Elegant bottle is a family of bottles available in 5ml, 15ml, 30ml, 60ml and 100ml.",https://www.bestbottles.com/images/store/enlarged_pics/GBElg60SpryCu.gif,matte copper spray pump,Classic Perfume Spray Glass Bottles,60 ml (2.03 oz),111 ±2 mm,86 ±1 mm,54 ±1 mm,27 ±0.5 mm,18-415,2.61,,2.48,1120pc: $2.15,https://www.bestbottles.com/product/elegant-design-60-ml-glass-bottle-matte-copper-spray-and-cap
GBElg60SpryCu,"Elegant design 60 ml, 2oz  clear glass bottle  with matte copper spray pump. For use with cologne, Eau de Parfum, air freshner, face and body spray, or room spray.  Elegant bottle is a family of bottles available in 5ml, 15ml, 30ml, 60ml and 100ml.",https://www.bestbottles.com/images/store/enlarged_pics/GBElg60SpryCu.gif,matte copper spray pump,Classic Perfume Spray Glass Bottles,60 ml (2.03 oz),111 ±2 mm,86 ±1 mm,54 ±1 mm,27 ±0.5 mm,18-415,2.61,,2.48,1120pc: $2.15,https://www.bestbottles.com/product/elegant-design-60-ml-glass-bottle-matte-copper-spray-and-cap?video=true
GBEmp100AnSpBlk,"Empire design 100 ml, 3 1/2oz  clear glass bottle  with black vintage style bulb sprayer with shiny silver collar cap. For use with cologne, Eau de Parfum, air freshner, face and body spray, or room spray.  Antique or vintage bulb sprayers enhance the bea",https://www.bestbottles.com/images/store/enlarged_pics/GBEmp100AnSpBlk.gif,black vintage style bulb sprayer with shiny silver collar cap,Antique Style Bulb Spray Bottles,100 ml (3.38 oz),134 ±2 mm,107 ±2 mm,46 ±0.5 mm Neck Thread Size: 18-415,,18-415,6.03,,5.72,1200pc: $4.95,https://www.bestbottles.com/product/empire-design-100-ml-glass-bottle-black-vintage-style-bulb-sprayer-shiny-silver-collar-cap
GBEmp100AnSpBlk,"Empire design 100 ml, 3 1/2oz  clear glass bottle  with black vintage style bulb sprayer with shiny silver collar cap. For use with cologne, Eau de Parfum, air freshner, face and body spray, or room spray.  Antique or vintage bulb sprayers enhance the bea",https://www.bestbottles.com/images/store/enlarged_pics/GBEmp100AnSpBlk.gif,black vintage style bulb sprayer with shiny silver collar cap,Antique Style Bulb Spray Bottles,100 ml (3.38 oz),134 ±2 mm,107 ±2 mm,46 ±0.5 mm Neck Thread Size: 18-415,,18-415,6.03,,5.72,1200pc: $4.95,https://www.bestbottles.com/product/empire-design-100-ml-glass-bottle-black-vintage-style-bulb-sprayer-shiny-silver-collar-cap?video=true
GBEmp100AnSpTslBlk,"Empire design 100 ml, 3 1/2oz  clear glass bottle  with Black vintage style bulb sprayer with tassel with shiny silver collar cap. For use with cologne, Eau de Parfum, air freshner, face and body spray, or room spray.  Antique or vintage bulb sprayers enh",https://www.bestbottles.com/images/store/enlarged_pics/GBEmp100AnSpTslBlk.gif,Black vintage style bulb sprayer with tassel with shiny silver collar cap,Antique Style Bulb Spray Bottles,100 ml (3.38 oz),128 ±2 mm,107 ±2 mm,46 ±0.5 mm Neck Thread Size: 18-415,,18-415,6.75,,6.39,1200pc: $5.54,https://www.bestbottles.com/product/empire-design-100-ml-glass-bottle-black-vintage-style-sprayer-with-tassel-shiny-silver-collar
GBEmp100AnSpTslBlk,"Empire design 100 ml, 3 1/2oz  clear glass bottle  with Black vintage style bulb sprayer with tassel with shiny silver collar cap. For use with cologne, Eau de Parfum, air freshner, face and body spray, or room spray.  Antique or vintage bulb sprayers enh",https://www.bestbottles.com/images/store/enlarged_pics/GBEmp100AnSpTslBlk.gif,Black vintage style bulb sprayer with tassel with shiny silver collar cap,Antique Style Bulb Spray Bottles,100 ml (3.38 oz),128 ±2 mm,107 ±2 mm,46 ±0.5 mm Neck Thread Size: 18-415,,18-415,6.75,,6.39,1200pc: $5.54,https://www.bestbottles.com/product/empire-design-100-ml-glass-bottle-black-vintage-style-sprayer-with-tassel-shiny-silver-collar?video=true
GBEmp100SpryCu,"Empire design 100 ml, 3 1/2oz  clear glass bottle  with matte copper spray pump. For use with cologne, Eau de Parfum, air freshner, face and body spray, or room spray.  Empire design bottle is available in 2 sizes, 50ml and 100ml.",https://www.bestbottles.com/images/store/enlarged_pics/GBEmp100SpryCu.gif,matte copper spray pump,Classic Perfume Spray Glass Bottles,100 ml (3.38 oz),132 ±2 mm,107 ±2 mm,46 ±0.5 mm Neck Thread Size: 18-415,,18-415,3.33,,3.15,1200pc: $2.73,https://www.bestbottles.com/product/empire-design-100-ml-glass-bottle-matte-copper-spray-and-cap
GBEmp100SpryCu,"Empire design 100 ml, 3 1/2oz  clear glass bottle  with matte copper spray pump. For use with cologne, Eau de Parfum, air freshner, face and body spray, or room spray.  Empire design bottle is available in 2 sizes, 50ml and 100ml.",https://www.bestbottles.com/images/store/enlarged_pics/GBEmp100SpryCu.gif,matte copper spray pump,Classic Perfume Spray Glass Bottles,100 ml (3.38 oz),132 ±2 mm,107 ±2 mm,46 ±0.5 mm Neck Thread Size: 18-415,,18-415,3.33,,3.15,1200pc: $2.73,https://www.bestbottles.com/product/empire-design-100-ml-glass-bottle-matte-copper-spray-and-cap?video=true
GBEmp50AnSpBlk,"Empire design 50 ml, 1.7oz  clear glass bottle  with black vintage style bulb sprayer with shiny silver collar cap. For use with cologne, Eau de Parfum, air freshner, face and body spray, or room spray.  Antique or vintage bulb sprayers enhance the beauty",https://www.bestbottles.com/images/store/enlarged_pics/GBEmp50AnSpBlk.gif,black vintage style bulb sprayer with shiny silver collar cap,Antique Style Bulb Spray Bottles,50 ml (1.69 oz),116 ±2 mm,88 ±1 mm,37 ±0.5 mm Neck Thread Size: 18-415,,18-415,5.84,,5.54,1080pc: $4.80,https://www.bestbottles.com/product/empire-design-50-ml-glass-bottle-black-vintage-style-bulb-sprayer-shiny-silver-collar-cap
GBEmp50AnSpBlk,"Empire design 50 ml, 1.7oz  clear glass bottle  with black vintage style bulb sprayer with shiny silver collar cap. For use with cologne, Eau de Parfum, air freshner, face and body spray, or room spray.  Antique or vintage bulb sprayers enhance the beauty",https://www.bestbottles.com/images/store/enlarged_pics/GBEmp50AnSpBlk.gif,black vintage style bulb sprayer with shiny silver collar cap,Antique Style Bulb Spray Bottles,50 ml (1.69 oz),116 ±2 mm,88 ±1 mm,37 ±0.5 mm Neck Thread Size: 18-415,,18-415,5.84,,5.54,1080pc: $4.80,https://www.bestbottles.com/product/empire-design-50-ml-glass-bottle-black-vintage-style-bulb-sprayer-shiny-silver-collar-cap?video=true
GBEmp50AnSpTslBlk,"Empire design 50 ml, 1.7oz  clear glass bottle  with Black vintage style bulb sprayer with tassel with shiny silver collar cap. For use with cologne, Eau de Parfum, air freshner, face and body spray, or room spray.  Antique or vintage bulb sprayers enhanc",https://www.bestbottles.com/images/store/enlarged_pics/GBEmp50AnSpTslBlk.gif,Black vintage style bulb sprayer with tassel with shiny silver collar cap,Antique Style Bulb Spray Bottles,50 ml (1.69 oz),110 ±2 mm,88 ±1 mm,37 ±0.5 mm Neck Thread Size: 18-415,,18-415,6.56,,6.21,1080pc: $5.38,https://www.bestbottles.com/product/empire-design-50-ml-glass-bottle-black-vintage-style-sprayer-with-tassel-shiny-silver-collar
GBEmp50AnSpTslBlk,"Empire design 50 ml, 1.7oz  clear glass bottle  with Black vintage style bulb sprayer with tassel with shiny silver collar cap. For use with cologne, Eau de Parfum, air freshner, face and body spray, or room spray.  Antique or vintage bulb sprayers enhanc",https://www.bestbottles.com/images/store/enlarged_pics/GBEmp50AnSpTslBlk.gif,Black vintage style bulb sprayer with tassel with shiny silver collar cap,Antique Style Bulb Spray Bottles,50 ml (1.69 oz),110 ±2 mm,88 ±1 mm,37 ±0.5 mm Neck Thread Size: 18-415,,18-415,6.56,,6.21,1080pc: $5.38,https://www.bestbottles.com/product/empire-design-50-ml-glass-bottle-black-vintage-style-sprayer-with-tassel-shiny-silver-collar?video=true
GBEmp50SpryCu,"Empire design 50 ml, 1.7oz  clear glass bottle  with matte copper spray pump & cap. For use with cologne, Eau de Parfum, air freshner, face and body spray, or room spray.  Empire design bottle is available in 2 sizes, 50ml and 100ml.",https://www.bestbottles.com/images/store/enlarged_pics/GBEmp50SpryCu.gif,matte copper spray pump,Classic Perfume Spray Glass Bottles,50 ml (1.69 oz),114 ±2 mm,88 ±1 mm,37 ±0.5 mm Neck Thread Size: 18-415,,18-415,3.14,,2.97,1080pc: $2.57,https://www.bestbottles.com/product/empire-design-50-ml-glass-bottle-matte-copper-spray-and-cap
GBEmp50SpryCu,"Empire design 50 ml, 1.7oz  clear glass bottle  with matte copper spray pump & cap. For use with cologne, Eau de Parfum, air freshner, face and body spray, or room spray.  Empire design bottle is available in 2 sizes, 50ml and 100ml.",https://www.bestbottles.com/images/store/enlarged_pics/GBEmp50SpryCu.gif,matte copper spray pump,Classic Perfume Spray Glass Bottles,50 ml (1.69 oz),114 ±2 mm,88 ±1 mm,37 ±0.5 mm Neck Thread Size: 18-415,,18-415,3.14,,2.97,1080pc: $2.57,https://www.bestbottles.com/product/empire-design-50-ml-glass-bottle-matte-copper-spray-and-cap?video=true
GBFlair15SpryBlkMatt,"Flair design 15ml, 1/2oz Clear glass bottle with matte black spray. Fine mist sprayer for use with perfumes and colognes. Refillable, classic style bottle good for promotions and decants.",https://www.bestbottles.com/images/store/enlarged_pics/GBFlair15SpryBlkMatt.gif,matte black spray. Fine mist spray,Refillable Glass Bottles with Fine Mist Sprayers,15 ml (0.51 oz),77 ±1 mm,56 ±1 mm,41 ±0.5 mm,20 ±0.5 mm,13-415,0.92,,0.87,1500pc: $0.76,https://www.bestbottles.com/product/flair-design-15-ml-glass-bottle-matte-black-spray
GBFlair15SpryBlkMatt,"Flair design 15ml, 1/2oz Clear glass bottle with matte black spray. Fine mist sprayer for use with perfumes and colognes. Refillable, classic style bottle good for promotions and decants.",https://www.bestbottles.com/images/store/enlarged_pics/GBFlair15SpryBlkMatt.gif,matte black spray. Fine mist spray,Refillable Glass Bottles with Fine Mist Sprayers,15 ml (0.51 oz),77 ±1 mm,56 ±1 mm,41 ±0.5 mm,20 ±0.5 mm,13-415,0.92,,0.87,1500pc: $0.76,https://www.bestbottles.com/product/flair-design-15-ml-glass-bottle-matte-black-spray?video=true
GBRect10SpryBlkMatt,"Footed rectangular design 10ml, 1/3oz Clear glass bottle with matte black spray. Fine mist sprayer for use with perfumes and colognes. Refillable, classic style bottle good for promotions and decants.",https://www.bestbottles.com/images/store/enlarged_pics/GBRect10SpryBlkMatt.gif,matte black spray. Fine mist spray,Refillable Glass Bottles with Fine Mist Sprayers,10 ml (0.34 oz),71 ±1 mm,50 ±0.5 mm,29 ±0.5 mm,19 ±0.5 mm,13-415,0.92,,0.87,2535pc: $0.76,https://www.bestbottles.com/product/footed-rectangular-design-10-ml-bottle-matte-black-spray
GBRect10SpryBlkMatt,"Footed rectangular design 10ml, 1/3oz Clear glass bottle with matte black spray. Fine mist sprayer for use with perfumes and colognes. Refillable, classic style bottle good for promotions and decants.",https://www.bestbottles.com/images/store/enlarged_pics/GBRect10SpryBlkMatt.gif,matte black spray. Fine mist spray,Refillable Glass Bottles with Fine Mist Sprayers,10 ml (0.34 oz),71 ±1 mm,50 ±0.5 mm,29 ±0.5 mm,19 ±0.5 mm,13-415,0.92,,0.87,2535pc: $0.76,https://www.bestbottles.com/product/footed-rectangular-design-10-ml-bottle-matte-black-spray?video=true
GBAtom10Gl,"Gold atomizer design 10 ml bottle. For use with perfumes, Colognes, eau de Parfum. Refillable, travel size atomizer. Can be laser engraved and customized. Great for gifts and promotion.",https://www.bestbottles.com/images/store/enlarged_pics/GBAtom10Gl.gif,,Refillable Metal shell perfume atomizers and travel size purse atomizers,10 ml (0.34 oz),89 ±1 mm,82 ±1 mm,,,17mm,2.99,,2.84,1500pc: $2.46,https://www.bestbottles.com/product/gold-atomizer-design-10-ml-bottle
GBAtom5Gl,"Gold atomizer design 5 ml bottle. For use with perfumes, Colognes, eau de Parfum. Refillable, travel size atomizer. Can be laser engraved and customized. Great for gifts and promotion.",https://www.bestbottles.com/images/store/enlarged_pics/GBAtom5Gl.gif,,Refillable Metal shell perfume atomizers and travel size purse atomizers,5 ml (0.17 oz),81 ±1 mm,76 ±1 mm,,,13mm,2.66,,2.52,3000pc: $2.18,https://www.bestbottles.com/product/gold-atomizer-design-5-ml-bottle
GBAtom5SlimGl,"Gold slim atomizer design 5 ml bottle. For use with perfumes, Colognes, eau de Parfum. Refillable, travel size atomizer. Can be laser engraved and customized. Great for gifts and promotion.",https://www.bestbottles.com/images/store/enlarged_pics/GBAtom5SlimGl.gif,,Refillable Metal shell perfume atomizers and travel size purse atomizers,5 ml (0.17 oz),104 ±2 mm,92 ±1 mm,,,10mm,2.14,,2.03,3000pc: $1.76,https://www.bestbottles.com/product/gold-slim-atomizer-design-5-ml-bottle
GBGrce55AnSpBlk,"Grace design 55 ml, 1.85oz  clear glass bottle  with black vintage style bulb sprayer with shiny silver collar cap. For use with cologne, Eau de Parfum, air freshner, face and body spray, or room spray.  Antique or vintage bulb sprayers enhance the beauty",https://www.bestbottles.com/images/store/enlarged_pics/GBGrce55AnSpBlk.gif,black vintage style bulb sprayer with shiny silver collar cap,Antique Style Bulb Spray Bottles,55 ml (1.86 oz),141 ±2 mm,113 ±2 mm,52 ±1 mm,30 ±0.5 mm,18-415,5.27,,5.00,1100pc: $4.33,https://www.bestbottles.com/product/grace-design-55-ml-glass-bottle-black-vintage-style-bulb-sprayer-shiny-silver-collar-cap
GBGrce55AnSpBlk,"Grace design 55 ml, 1.85oz  clear glass bottle  with black vintage style bulb sprayer with shiny silver collar cap. For use with cologne, Eau de Parfum, air freshner, face and body spray, or room spray.  Antique or vintage bulb sprayers enhance the beauty",https://www.bestbottles.com/images/store/enlarged_pics/GBGrce55AnSpBlk.gif,black vintage style bulb sprayer with shiny silver collar cap,Antique Style Bulb Spray Bottles,55 ml (1.86 oz),141 ±2 mm,113 ±2 mm,52 ±1 mm,30 ±0.5 mm,18-415,5.27,,5.00,1100pc: $4.33,https://www.bestbottles.com/product/grace-design-55-ml-glass-bottle-black-vintage-style-bulb-sprayer-shiny-silver-collar-cap?video=true
GBGrce55AnSpTslBlk,"Grace design 55 ml, 1.85oz  clear glass bottle  with Black vintage style bulb sprayer with tassel with shiny silver collar cap. For use with cologne, Eau de Parfum, air freshner, face and body spray, or room spray.  Antique or vintage bulb sprayers enhanc",https://www.bestbottles.com/images/store/enlarged_pics/GBGrce55AnSpTslBlk.gif,Black vintage style bulb sprayer with tassel with shiny silver collar cap,Antique Style Bulb Spray Bottles,55 ml (1.86 oz),135 ±2 mm,113 ±2 mm,52 ±1 mm,30 ±0.5 mm,18-415,5.99,,5.67,1100pc: $4.91,https://www.bestbottles.com/product/grace-design-55-ml-glass-bottle-black-vintage-style-sprayer-with-tassel-shiny-silver-collar
GBGrce55AnSpTslBlk,"Grace design 55 ml, 1.85oz  clear glass bottle  with Black vintage style bulb sprayer with tassel with shiny silver collar cap. For use with cologne, Eau de Parfum, air freshner, face and body spray, or room spray.  Antique or vintage bulb sprayers enhanc",https://www.bestbottles.com/images/store/enlarged_pics/GBGrce55AnSpTslBlk.gif,Black vintage style bulb sprayer with tassel with shiny silver collar cap,Antique Style Bulb Spray Bottles,55 ml (1.86 oz),135 ±2 mm,113 ±2 mm,52 ±1 mm,30 ±0.5 mm,18-415,5.99,,5.67,1100pc: $4.91,https://www.bestbottles.com/product/grace-design-55-ml-glass-bottle-black-vintage-style-sprayer-with-tassel-shiny-silver-collar?video=true
GBGrce55SpryCu,"Grace design 55 ml, 1.85oz  clear glass bottle  with matte copper spray pump. For use with cologne, Eau de Parfum, air freshner, face and body spray, or room spray. A unique design to enhance your product.",https://www.bestbottles.com/images/store/enlarged_pics/GBGrce55SpryCu.gif,matte copper spray pump,Classic Perfume Spray Glass Bottles,55 ml (1.86 oz),139 ±2 mm,113 ±2 mm,52 ±1 mm,30 ±0.5 mm,18-415,2.57,,2.43,1100pc: $2.11,https://www.bestbottles.com/product/grace-design-55-ml-glass-bottle-matte-copper-spray-and-cap
GBGrce55SpryCu,"Grace design 55 ml, 1.85oz  clear glass bottle  with matte copper spray pump. For use with cologne, Eau de Parfum, air freshner, face and body spray, or room spray. A unique design to enhance your product.",https://www.bestbottles.com/images/store/enlarged_pics/GBGrce55SpryCu.gif,matte copper spray pump,Classic Perfume Spray Glass Bottles,55 ml (1.86 oz),139 ±2 mm,113 ±2 mm,52 ±1 mm,30 ±0.5 mm,18-415,2.57,,2.43,1100pc: $2.11,https://www.bestbottles.com/product/grace-design-55-ml-glass-bottle-matte-copper-spray-and-cap?video=true
GBAtom10Gr,"Green atomizer design 10 ml bottle . For use with perfumes, Colognes, eau de Parfum. Refillable, travel size atomizer. Can be laser engraved and customized. Great for gifts and promotion.",https://www.bestbottles.com/images/store/enlarged_pics/GBAtom10Gr.gif,,Refillable Metal shell perfume atomizers and travel size purse atomizers,10 ml (0.34 oz),89 ±1 mm,82 ±1 mm,,,17mm,2.99,,2.84,1500pc: $2.46,https://www.bestbottles.com/product/green-atomizer-design-10-ml-bottle
GBPillar9SpryBlkMatt,"Pillar shaped 9ml, Clear glass bottle with matte black spray. Fine mist sprayer for use with perfumes and colognes. Refillable, Small sized bottle for decants, promotion, samples and travel accessory.",https://www.bestbottles.com/images/store/enlarged_pics/GBPillar9SpryBlkMatt.gif,matte black spray. Fine mist spray,Refillable Glass Bottles with Fine Mist Sprayers,9 ml (0.3 oz),78 ±1 mm,,,,13-415,0.92,,0.87,2630pc: $0.76,https://www.bestbottles.com/product/pillar-design-5-ml-glass-bottle-matte-black-spray
GBPillar9SpryBlkMatt,"Pillar shaped 9ml, Clear glass bottle with matte black spray. Fine mist sprayer for use with perfumes and colognes. Refillable, Small sized bottle for decants, promotion, samples and travel accessory.",https://www.bestbottles.com/images/store/enlarged_pics/GBPillar9SpryBlkMatt.gif,matte black spray. Fine mist spray,Refillable Glass Bottles with Fine Mist Sprayers,9 ml (0.3 oz),78 ±1 mm,,,,13-415,0.92,,0.87,2630pc: $0.76,https://www.bestbottles.com/product/pillar-design-5-ml-glass-bottle-matte-black-spray?video=true
GBAtom10Pnk,"Pink atomizer design 10 ml bottle. For use with perfumes, Colognes, eau de Parfum. Refillable, travel size atomizer. Can be laser engraved and customized. Great for gifts and promotion.",https://www.bestbottles.com/images/store/enlarged_pics/GBAtom10Pnk.gif,,Refillable Metal shell perfume atomizers and travel size purse atomizers,10 ml (0.34 oz),89 ±1 mm,82 ±1 mm,,,17mm,2.99,,2.84,1500pc: $2.46,https://www.bestbottles.com/product/pink-atomizer-design-10-ml-bottle
GBAtom5PnkDot,"Pink atomizer design 5 ml bottle with dots. For use with perfumes, Colognes, eau de Parfum. Refillable, travel size atomizer. Can be laser engraved and customized. Great for gifts and promotion.",https://www.bestbottles.com/images/store/enlarged_pics/GBAtom5PnkDot.gif,,Refillable Metal shell perfume atomizers and travel size purse atomizers,5 ml (0.17 oz),81 ±1 mm,76 ±1 mm,,,13mm,2.90,,2.75,3000pc: $2.38,https://www.bestbottles.com/product/pink-atomizer-design-5-ml-bottle-dots
GBAtom10Red,"Red atomizer design 10 ml bottle. For use with perfumes, Colognes, eau de Parfum. Refillable, travel size atomizer. Can be laser engraved and customized. Great for gifts and promotion.",https://www.bestbottles.com/images/store/enlarged_pics/GBAtom10Red.gif,,Refillable Metal shell perfume atomizers and travel size purse atomizers,10 ml (0.34 oz),89 ±1 mm,82 ±1 mm,,,17mm,2.99,,2.84,1500pc: $2.46,https://www.bestbottles.com/product/red-atomizer-design-10-ml-bottle
GBAtom5Red,"Red atomizer design 5 ml bottle. For use with perfumes, Colognes, eau de Parfum. Refillable, travel size atomizer. Can be laser engraved and customized. Great for gifts and promotion.",https://www.bestbottles.com/images/store/enlarged_pics/GBAtom5Red.gif,,Refillable Metal shell perfume atomizers and travel size purse atomizers,5 ml (0.17 oz),81 ±1 mm,76 ±1 mm,,,13mm,2.66,,2.52,3000pc: $2.18,https://www.bestbottles.com/product/red-atomizer-design-5-ml-bottle
GBRndFrst128AnSpBlk,"Round design 128 ml, 4.33oz frosted glass bottle with black vintage style bulb sprayer with shiny silver collar cap. For use with cologne, Eau de Parfum, air freshner, face and body spray, or room spray.  Antique or vintage bulb sprayers enhance the beaut",https://www.bestbottles.com/images/store/enlarged_pics/GBRndFrst128AnSpBlk.gif,black vintage style bulb sprayer with shiny silver collar cap,Antique Style Bulb Spray Bottles,128 ml (4.33 oz),111 ±2 mm,83 ±1 mm,,,18-415,6.08,,5.76,1200pc: $4.99,https://www.bestbottles.com/product/round-design-128-ml-frosted-glass-bottle-black-vintage-style-bulb-sprayer-shiny-silver-collar-cap
GBRndFrst128AnSpBlk,"Round design 128 ml, 4.33oz frosted glass bottle with black vintage style bulb sprayer with shiny silver collar cap. For use with cologne, Eau de Parfum, air freshner, face and body spray, or room spray.  Antique or vintage bulb sprayers enhance the beaut",https://www.bestbottles.com/images/store/enlarged_pics/GBRndFrst128AnSpBlk.gif,black vintage style bulb sprayer with shiny silver collar cap,Antique Style Bulb Spray Bottles,128 ml (4.33 oz),111 ±2 mm,83 ±1 mm,,,18-415,6.08,,5.76,1200pc: $4.99,https://www.bestbottles.com/product/round-design-128-ml-frosted-glass-bottle-black-vintage-style-bulb-sprayer-shiny-silver-collar-cap?video=true
GBRndFrst128AnSpTslBlk,"Round design 128 ml, 4.33oz frosted glass bottle with Black vintage style bulb sprayer with tasseland shiny silver collar cap. For use with cologne, Eau de Parfum, air freshner, face and body spray, or room spray.  Antique or vintage bulb sprayers enhance",https://www.bestbottles.com/images/store/enlarged_pics/GBRndFrst128AnSpTslBlk.gif,Black vintage style bulb sprayer with tasseland shiny silver collar cap,Antique Style Bulb Spray Bottles,128 ml (4.33 oz),106 ±2 mm,83 ±1 mm,,,18-415,6.79,,6.44,1200pc: $5.58,https://www.bestbottles.com/product/round-design-128-ml-frosted-glass-bottle-black-vintage-style-sprayer-with-tassel-shiny-silver-collar
GBRndFrst128SpryCu,"Round design 128 ml, 4.33oz frosted glass bottle with matte copper spray pump. For use with cologne, Eau de Parfum, air freshner, face and body spray, or room spray. Round design bottle is available in 2 sizes - 78ml and 128 ml.",https://www.bestbottles.com/images/store/enlarged_pics/GBRndFrst128SpryCu.gif,matte copper spray pump,Classic Perfume Spray Glass Bottles,128 ml (4.33 oz),108 ±2 mm,83 ±1 mm,,,18-415,3.37,,3.20,1200pc: $2.77,https://www.bestbottles.com/product/round-design-128-ml-frosted-glass-bottle-matte-copper-spray-and-cap
GBRnd128AnSpBlk,"Round design 128 ml, 4.33oz  clear glass bottle  with black vintage style bulb sprayer with shiny silver collar cap. For use with cologne, Eau de Parfum, air freshner, face and body spray, or room spray.  Antique or vintage bulb sprayers enhance the beaut",https://www.bestbottles.com/images/store/enlarged_pics/GBRnd128AnSpBlk.gif,black vintage style bulb sprayer with shiny silver collar cap,Antique Style Bulb Spray Bottles,128 ml (4.33 oz),111 ±2 mm,83 ±1 mm,,,18-415,5.61,,5.31,1200pc: $4.60,https://www.bestbottles.com/product/round-design-128-ml-glass-bottle-black-vintage-style-bulb-sprayer-shiny-silver-collar-cap
GBRnd128AnSpBlk,"Round design 128 ml, 4.33oz  clear glass bottle  with black vintage style bulb sprayer with shiny silver collar cap. For use with cologne, Eau de Parfum, air freshner, face and body spray, or room spray.  Antique or vintage bulb sprayers enhance the beaut",https://www.bestbottles.com/images/store/enlarged_pics/GBRnd128AnSpBlk.gif,black vintage style bulb sprayer with shiny silver collar cap,Antique Style Bulb Spray Bottles,128 ml (4.33 oz),111 ±2 mm,83 ±1 mm,,,18-415,5.61,,5.31,1200pc: $4.60,https://www.bestbottles.com/product/round-design-128-ml-glass-bottle-black-vintage-style-bulb-sprayer-shiny-silver-collar-cap?video=true
GBRnd128AnSpTslBlk,"Round design 128 ml, 4.33oz  clear glass bottle  with Black vintage style bulb sprayer with tasseland shiny silver collar cap. For use with cologne, Eau de Parfum, air freshner, face and body spray, or room spray.  Antique or vintage bulb sprayers enhance",https://www.bestbottles.com/images/store/enlarged_pics/GBRnd128AnSpTslBlk.gif,Black vintage style bulb sprayer with tasseland shiny silver collar cap,Antique Style Bulb Spray Bottles,128 ml (4.33 oz),106 ±2 mm,83 ±1 mm,,,18-415,6.32,,5.99,1200pc: $5.19,https://www.bestbottles.com/product/round-design-128-ml-glass-bottle-black-vintage-style-sprayer-with-tassel-shiny-silver-collar
GBRnd128AnSpTslBlk,"Round design 128 ml, 4.33oz  clear glass bottle  with Black vintage style bulb sprayer with tasseland shiny silver collar cap. For use with cologne, Eau de Parfum, air freshner, face and body spray, or room spray.  Antique or vintage bulb sprayers enhance",https://www.bestbottles.com/images/store/enlarged_pics/GBRnd128AnSpTslBlk.gif,Black vintage style bulb sprayer with tasseland shiny silver collar cap,Antique Style Bulb Spray Bottles,128 ml (4.33 oz),106 ±2 mm,83 ±1 mm,,,18-415,6.32,,5.99,1200pc: $5.19,https://www.bestbottles.com/product/round-design-128-ml-glass-bottle-black-vintage-style-sprayer-with-tassel-shiny-silver-collar?video=true
GBRnd128SpryCu,"Round design 128 ml, 4.33oz  clear glass bottle  with matte copper spray pump. For use with cologne, Eau de Parfum, air freshner, face and body spray, or room spray. Round design bottle is available in 2 sizes - 78ml and 128 ml.",https://www.bestbottles.com/images/store/enlarged_pics/GBRnd128SpryCu.gif,matte copper spray pump,Classic Perfume Spray Glass Bottles,128 ml (4.33 oz),108 ±2 mm,83 ±1 mm,,,18-415,2.90,,2.75,1200pc: $2.38,https://www.bestbottles.com/product/round-design-128-ml-glass-bottle-matte-copper-spray-and-cap
GBRnd128SpryCu,"Round design 128 ml, 4.33oz  clear glass bottle  with matte copper spray pump. For use with cologne, Eau de Parfum, air freshner, face and body spray, or room spray. Round design bottle is available in 2 sizes - 78ml and 128 ml.",https://www.bestbottles.com/images/store/enlarged_pics/GBRnd128SpryCu.gif,matte copper spray pump,Classic Perfume Spray Glass Bottles,128 ml (4.33 oz),108 ±2 mm,83 ±1 mm,,,18-415,2.90,,2.75,1200pc: $2.38,https://www.bestbottles.com/product/round-design-128-ml-glass-bottle-matte-copper-spray-and-cap?video=true
GBRndFrst78AnSpBlk,"Round design 78 ml, 2.65oz frosted glass bottle with black vintage style bulb sprayer with shiny silver collar cap. For use with cologne, Eau de Parfum, air freshner, face and body spray, or room spray.  Antique or vintage bulb sprayers enhance the beauty",https://www.bestbottles.com/images/store/enlarged_pics/GBRndFrst78AnSpBlk.gif,black vintage style bulb sprayer with shiny silver collar cap,Antique Style Bulb Spray Bottles,78 ml (2.64 oz),87 ±1 mm,73 ±1 mm,,,18-415,6.08,,5.76,1440pc: $4.99,https://www.bestbottles.com/product/round-design-78-ml-frosted-glass-bottle-black-vintage-style-bulb-sprayer-shiny-silver-collar-cap
GBRndFrst78AnSpBlk,"Round design 78 ml, 2.65oz frosted glass bottle with black vintage style bulb sprayer with shiny silver collar cap. For use with cologne, Eau de Parfum, air freshner, face and body spray, or room spray.  Antique or vintage bulb sprayers enhance the beauty",https://www.bestbottles.com/images/store/enlarged_pics/GBRndFrst78AnSpBlk.gif,black vintage style bulb sprayer with shiny silver collar cap,Antique Style Bulb Spray Bottles,78 ml (2.64 oz),87 ±1 mm,73 ±1 mm,,,18-415,6.08,,5.76,1440pc: $4.99,https://www.bestbottles.com/product/round-design-78-ml-frosted-glass-bottle-black-vintage-style-bulb-sprayer-shiny-silver-collar-cap?video=true
GBRndFrst78AnSpTslBlk,"Round design 78 ml, 2.65oz frosted glass bottle with Black vintage style bulb sprayer with tasseland shiny silver collar cap. For use with cologne, Eau de Parfum, air freshner, face and body spray, or room spray.  Antique or vintage bulb sprayers enhance",https://www.bestbottles.com/images/store/enlarged_pics/GBRndFrst78AnSpTslBlk.gif,Black vintage style bulb sprayer with tasseland shiny silver collar cap,Antique Style Bulb Spray Bottles,78 ml (2.64 oz),100 ±1 mm,73 ±1 mm,,,18-415,6.79,,6.44,1440pc: $5.58,https://www.bestbottles.com/product/round-design-78-ml-frosted-glass-bottle-black-vintage-style-sprayer-with-tassel-shiny-silver-collar
GBRndFrst78AnSpTslBlk,"Round design 78 ml, 2.65oz frosted glass bottle with Black vintage style bulb sprayer with tasseland shiny silver collar cap. For use with cologne, Eau de Parfum, air freshner, face and body spray, or room spray.  Antique or vintage bulb sprayers enhance",https://www.bestbottles.com/images/store/enlarged_pics/GBRndFrst78AnSpTslBlk.gif,Black vintage style bulb sprayer with tasseland shiny silver collar cap,Antique Style Bulb Spray Bottles,78 ml (2.64 oz),100 ±1 mm,73 ±1 mm,,,18-415,6.79,,6.44,1440pc: $5.58,https://www.bestbottles.com/product/round-design-78-ml-frosted-glass-bottle-black-vintage-style-sprayer-with-tassel-shiny-silver-collar?video=true
GBRndFrst78SpryCu,"Round design 78 ml, 2.65oz frosted glass bottle with matte copper spray pump. For use with cologne, Eau de Parfum, air freshner, face and body spray, or room spray. Round design bottle is available in 2 sizes - 78ml and 128 ml.",https://www.bestbottles.com/images/store/enlarged_pics/GBRndFrst78SpryCu.gif,matte copper spray pump,Classic Perfume Spray Glass Bottles,78 ml (2.64 oz),97 ±1 mm,73 ±1 mm,,,18-415,3.37,,3.20,1440pc: $2.77,https://www.bestbottles.com/product/round-design-78-ml-frosted-glass-bottle-matte-copper-spray-and-cap
GBRndFrst78SpryCu,"Round design 78 ml, 2.65oz frosted glass bottle with matte copper spray pump. For use with cologne, Eau de Parfum, air freshner, face and body spray, or room spray. Round design bottle is available in 2 sizes - 78ml and 128 ml.",https://www.bestbottles.com/images/store/enlarged_pics/GBRndFrst78SpryCu.gif,matte copper spray pump,Classic Perfume Spray Glass Bottles,78 ml (2.64 oz),97 ±1 mm,73 ±1 mm,,,18-415,3.37,,3.20,1440pc: $2.77,https://www.bestbottles.com/product/round-design-78-ml-frosted-glass-bottle-matte-copper-spray-and-cap?video=true
GBRnd78AnSpBlk,"Round design 78 ml, 2.65oz  clear glass bottle  with black vintage style bulb sprayer with shiny silver collar cap. For use with cologne, Eau de Parfum, air freshner, face and body spray, or room spray.  Antique or vintage bulb sprayers enhance the beauty",https://www.bestbottles.com/images/store/enlarged_pics/GBRnd78AnSpBlk.gif,black vintage style bulb sprayer with shiny silver collar cap,Antique Style Bulb Spray Bottles,78 ml (2.64 oz),100 ±1 mm,73 ±1 mm,,,18-415,5.61,,5.31,1440pc: $4.60,https://www.bestbottles.com/product/round-design-78-ml-glass-bottle-black-vintage-style-bulb-sprayer-shiny-silver-collar-cap
GBRnd78AnSpBlk,"Round design 78 ml, 2.65oz  clear glass bottle  with black vintage style bulb sprayer with shiny silver collar cap. For use with cologne, Eau de Parfum, air freshner, face and body spray, or room spray.  Antique or vintage bulb sprayers enhance the beauty",https://www.bestbottles.com/images/store/enlarged_pics/GBRnd78AnSpBlk.gif,black vintage style bulb sprayer with shiny silver collar cap,Antique Style Bulb Spray Bottles,78 ml (2.64 oz),100 ±1 mm,73 ±1 mm,,,18-415,5.61,,5.31,1440pc: $4.60,https://www.bestbottles.com/product/round-design-78-ml-glass-bottle-black-vintage-style-bulb-sprayer-shiny-silver-collar-cap?video=true
GBRnd78AnSpTslBlk,"Round design 78 ml, 2.65oz  clear glass bottle  with Black vintage style bulb sprayer with tasseland shiny silver collar cap. For use with cologne, Eau de Parfum, air freshner, face and body spray, or room spray.  Antique or vintage bulb sprayers enhance",https://www.bestbottles.com/images/store/enlarged_pics/GBRnd78AnSpTslBlk.gif,Black vintage style bulb sprayer with tasseland shiny silver collar cap,Antique Style Bulb Spray Bottles,78 ml (2.64 oz),95 ±1 mm,73 ±1 mm,,,18-415,6.32,,5.99,1440pc: $5.19,https://www.bestbottles.com/product/round-design-78-ml-glass-bottle-black-vintage-style-sprayer-with-tassel-shiny-silver-collar
GBRnd78AnSpTslBlk,"Round design 78 ml, 2.65oz  clear glass bottle  with Black vintage style bulb sprayer with tasseland shiny silver collar cap. For use with cologne, Eau de Parfum, air freshner, face and body spray, or room spray.  Antique or vintage bulb sprayers enhance",https://www.bestbottles.com/images/store/enlarged_pics/GBRnd78AnSpTslBlk.gif,Black vintage style bulb sprayer with tasseland shiny silver collar cap,Antique Style Bulb Spray Bottles,78 ml (2.64 oz),95 ±1 mm,73 ±1 mm,,,18-415,6.32,,5.99,1440pc: $5.19,https://www.bestbottles.com/product/round-design-78-ml-glass-bottle-black-vintage-style-sprayer-with-tassel-shiny-silver-collar?video=true
GBRnd78SpryCu,"Round design 78 ml, 2.65oz  clear glass bottle  with matte copper spray pump. For use with cologne, Eau de Parfum, air freshner, face and body spray, or room spray. Round design bottle is available in 2 sizes - 78ml and 128 ml.",https://www.bestbottles.com/images/store/enlarged_pics/GBRnd78SpryCu.gif,matte copper spray pump,Classic Perfume Spray Glass Bottles,78 ml (2.64 oz),97 ±1 mm,73 ±1 mm,,,18-415,2.90,,2.75,1440pc: $2.38,https://www.bestbottles.com/product/round-design-78-ml-glass-bottle-matte-copper-spray-and-cap
GBRnd78SpryCu,"Round design 78 ml, 2.65oz  clear glass bottle  with matte copper spray pump. For use with cologne, Eau de Parfum, air freshner, face and body spray, or room spray. Round design bottle is available in 2 sizes - 78ml and 128 ml.",https://www.bestbottles.com/images/store/enlarged_pics/GBRnd78SpryCu.gif,matte copper spray pump,Classic Perfume Spray Glass Bottles,78 ml (2.64 oz),97 ±1 mm,73 ±1 mm,,,18-415,2.90,,2.75,1440pc: $2.38,https://www.bestbottles.com/product/round-design-78-ml-glass-bottle-matte-copper-spray-and-cap?video=true
GBRoyal13SpryBlkSh,"Royal design 13ml, 1/2oz Clear glass bottle with shiny black spray. Fine mist sprayer for use with perfumes and colognes. Refillable, classic style bottle good for promotions and decants.",https://www.bestbottles.com/images/store/enlarged_pics/GBRoyal13SpryBlkSh.gif,shiny black spray. Fine mist spray,Refillable Glass Bottles with Fine Mist Sprayers,13 ml (0.44 oz),76 ±1 mm,56 ±1 mm,40 ±0.5 mm,21 ±0.5 mm,13-415,0.92,,0.87,1560pc: $0.76,https://www.bestbottles.com/product/royal-design-13-ml-glass-bottle-shiny-black-spray
GBRoyal13SpryBlkSh,"Royal design 13ml, 1/2oz Clear glass bottle with shiny black spray. Fine mist sprayer for use with perfumes and colognes. Refillable, classic style bottle good for promotions and decants.",https://www.bestbottles.com/images/store/enlarged_pics/GBRoyal13SpryBlkSh.gif,shiny black spray. Fine mist spray,Refillable Glass Bottles with Fine Mist Sprayers,13 ml (0.44 oz),76 ±1 mm,56 ±1 mm,40 ±0.5 mm,21 ±0.5 mm,13-415,0.92,,0.87,1560pc: $0.76,https://www.bestbottles.com/product/royal-design-13-ml-glass-bottle-shiny-black-spray?video=true
GBAtom10Sl,"Silver atomizer design 10 ml bottle. For use with perfumes, Colognes, eau de Parfum. Refillable, travel size atomizer. Can be laser engraved and customized. Great for gifts and promotion.",https://www.bestbottles.com/images/store/enlarged_pics/GBAtom10Sl.gif,,Refillable Metal shell perfume atomizers and travel size purse atomizers,10 ml (0.34 oz),89 ±1 mm,82 ±1 mm,,,17mm,2.99,,2.84,1500pc: $2.46,https://www.bestbottles.com/product/silver-atomizer-design-10-ml-bottle
GBAtom10SlDot,"Silver atomizer design 10 ml bottle with dots. For use with perfumes, Colognes, eau de Parfum. Refillable, travel size atomizer. Can be laser engraved and customized. Great for gifts and promotion.",https://www.bestbottles.com/images/store/enlarged_pics/GBAtom10SlDot.gif,,Refillable Metal shell perfume atomizers and travel size purse atomizers,10 ml (0.34 oz),89 ±1 mm,82 ±1 mm,,,17mm,3.23,,3.06,1500pc: $2.65,https://www.bestbottles.com/product/silver-atomizer-design-10-ml-bottle-dots
GBAtom10SlStars,"Silver atomizer design 10 ml bottle with star patterns. For use with perfumes, Colognes, eau de Parfum. Refillable, travel size atomizer. Can be laser engraved and customized. Great for gifts and promotion.",https://www.bestbottles.com/images/store/enlarged_pics/GBAtom10SlStars.gif,,Refillable Metal shell perfume atomizers and travel size purse atomizers,10 ml (0.34 oz),89 ±1 mm,82 ±1 mm,,,17mm,3.23,,3.06,1500pc: $2.65,https://www.bestbottles.com/product/silver-atomizer-design-10-ml-bottle-star-patterns
GBAtom5Sl,"Silver atomizer design 5 ml bottle. For use with perfumes, Colognes, eau de Parfum. Refillable, travel size atomizer. Can be laser engraved and customized. Great for gifts and promotion.",https://www.bestbottles.com/images/store/enlarged_pics/GBAtom5Sl.gif,,Refillable Metal shell perfume atomizers and travel size purse atomizers,5 ml (0.17 oz),81 ±1 mm,76 ±1 mm,,,13mm,2.66,,2.52,3000pc: $2.18,https://www.bestbottles.com/product/silver-atomizer-design-5-ml-bottle
GBAtom5SlDot,"Silver atomizer and sprayer with dots, design 5 ml bottle with dots. For use with perfumes, Colognes, eau de Parfum. Refillable, travel size atomizer. Can be laser engraved and customized. Great for gifts and promotion.",https://www.bestbottles.com/images/store/enlarged_pics/GBAtom5SlDot.gif,,Refillable Metal shell perfume atomizers and travel size purse atomizers,5 ml (0.17 oz),104 ±2 mm,76 ±1 mm,,,13mm,2.90,,2.75,3000pc: $2.38,https://www.bestbottles.com/product/silver-atomizer-design-5-ml-bottle-dots
GBAtom5SlStars,"Silver atomizer design 5 ml bottle with star patterns. For use with perfumes, Colognes, eau de Parfum. Refillable, travel size atomizer. Can be laser engraved and customized. Great for gifts and promotion.",https://www.bestbottles.com/images/store/enlarged_pics/GBAtom5SlStars.gif,,Refillable Metal shell perfume atomizers and travel size purse atomizers,5 ml (0.17 oz),81 ±1 mm,76 ±1 mm,,,13mm,2.90,,2.75,3000pc: $2.38,https://www.bestbottles.com/product/silver-atomizer-design-5-ml-bottle-star-patterns
GBAtom5SlimSl,"Silver slim atomizer design 5 ml bottle. For use with perfumes, Colognes, eau de Parfum. Refillable, travel size atomizer. Can be laser engraved and customized. Great for gifts and promotion.",https://www.bestbottles.com/images/store/enlarged_pics/GBAtom5SlimSl.gif,,Refillable Metal shell perfume atomizers and travel size purse atomizers,5 ml (0.17 oz),104 ±2 mm,92 ±1 mm,,,10mm,2.14,,2.03,3000pc: $1.76,https://www.bestbottles.com/product/silver-slim-atomizer-design-5-ml-bottle
GBSlk100AnSpBlk,"Sleek design 100 ml, 3 1/2oz  clear glass bottle  with black vintage style bulb sprayer with shiny silver collar cap. For use with cologne, Eau de Parfum, air freshner, face and body spray, or room spray.  Antique or vintage bulb sprayers enhance the beau",https://www.bestbottles.com/images/store/enlarged_pics/GBSlk100AnSpBlk.gif,black vintage style bulb sprayer with shiny silver collar cap,Antique Style Bulb Spray Bottles,100 ml (3.38 oz),199 ±2 mm,149 ±2 mm,36 ±0.5 mm Neck Thread Size: 18-415,,18-415,5.61,,5.31,1260pc: $4.60,https://www.bestbottles.com/product/sleek-design-100-ml-glass-bottle-black-vintage-style-bulb-sprayer-shiny-silver-collar-cap
GBSlk100AnSpBlk,"Sleek design 100 ml, 3 1/2oz  clear glass bottle  with black vintage style bulb sprayer with shiny silver collar cap. For use with cologne, Eau de Parfum, air freshner, face and body spray, or room spray.  Antique or vintage bulb sprayers enhance the beau",https://www.bestbottles.com/images/store/enlarged_pics/GBSlk100AnSpBlk.gif,black vintage style bulb sprayer with shiny silver collar cap,Antique Style Bulb Spray Bottles,100 ml (3.38 oz),199 ±2 mm,149 ±2 mm,36 ±0.5 mm Neck Thread Size: 18-415,,18-415,5.61,,5.31,1260pc: $4.60,https://www.bestbottles.com/product/sleek-design-100-ml-glass-bottle-black-vintage-style-bulb-sprayer-shiny-silver-collar-cap?video=true
GBSlk100AnSpTslBlk,"Sleek design 100 ml, 3 1/2oz  clear glass bottle  with Black vintage style bulb sprayer with tasseland shiny silver collar cap. For use with cologne, Eau de Parfum, air freshner, face and body spray, or room spray.  Antique or vintage bulb sprayers enhanc",https://www.bestbottles.com/images/store/enlarged_pics/GBSlk100AnSpTslBlk.gif,Black vintage style bulb sprayer with tasseland shiny silver collar cap,Antique Style Bulb Spray Bottles,100 ml (3.38 oz),191 ±2 mm,149 ±2 mm,36 ±0.5 mm Neck Thread Size: 18-415,,18-415,6.32,,5.99,1260pc: $5.19,https://www.bestbottles.com/product/sleek-design-100-ml-glass-bottle-black-vintage-style-sprayer-with-tassel-shiny-silver-collar
GBSlk100AnSpTslBlk,"Sleek design 100 ml, 3 1/2oz  clear glass bottle  with Black vintage style bulb sprayer with tasseland shiny silver collar cap. For use with cologne, Eau de Parfum, air freshner, face and body spray, or room spray.  Antique or vintage bulb sprayers enhanc",https://www.bestbottles.com/images/store/enlarged_pics/GBSlk100AnSpTslBlk.gif,Black vintage style bulb sprayer with tasseland shiny silver collar cap,Antique Style Bulb Spray Bottles,100 ml (3.38 oz),191 ±2 mm,149 ±2 mm,36 ±0.5 mm Neck Thread Size: 18-415,,18-415,6.32,,5.99,1260pc: $5.19,https://www.bestbottles.com/product/sleek-design-100-ml-glass-bottle-black-vintage-style-sprayer-with-tassel-shiny-silver-collar?video=true
GBSlk100SpryCu,"Sleek design 100 ml, 3 1/2oz  clear glass bottle  with matte copper spray pump. For use with cologne, Eau de Parfum, air freshner, face and body spray, or room spray. Sleek design bottle is a family of bottles available in 5ml, 8ml, 30m, 50ml and 100ml. P",https://www.bestbottles.com/images/store/enlarged_pics/GBSlk100SpryCu.gif,matte copper spray pump,Classic Perfume Spray Glass Bottles,100 ml (3.38 oz),190 ±2 mm,149 ±2 mm,36 ±0.5 mm Neck Thread Size: 18-415,,18-415,2.90,,2.75,1260pc: $2.38,https://www.bestbottles.com/product/sleek-design-100-ml-glass-bottle-matte-copper-spray-and-cap
GBSlk100SpryCu,"Sleek design 100 ml, 3 1/2oz  clear glass bottle  with matte copper spray pump. For use with cologne, Eau de Parfum, air freshner, face and body spray, or room spray. Sleek design bottle is a family of bottles available in 5ml, 8ml, 30m, 50ml and 100ml. P",https://www.bestbottles.com/images/store/enlarged_pics/GBSlk100SpryCu.gif,matte copper spray pump,Classic Perfume Spray Glass Bottles,100 ml (3.38 oz),190 ±2 mm,149 ±2 mm,36 ±0.5 mm Neck Thread Size: 18-415,,18-415,2.90,,2.75,1260pc: $2.38,https://www.bestbottles.com/product/sleek-design-100-ml-glass-bottle-matte-copper-spray-and-cap?video=true
GBSlk30AnSpBlk,"Sleek design 30 ml, 1oz  clear glass bottle  with black vintage style bulb sprayer with shiny silver collar cap. For use with cologne, Eau de Parfum, air freshner, face and body spray, or room spray.  Antique or vintage bulb sprayers enhance the beauty of",https://www.bestbottles.com/images/store/enlarged_pics/GBSlk30AnSpBlk.gif,black vintage style bulb sprayer with shiny silver collar cap,Antique Style Bulb Spray Bottles,30 ml (1.01 oz),126 ±2 mm,98 ±1 mm,28 ±0.5 mm Neck Thread Size: 18-415,,18-415,5.13,,4.86,1350pc: $4.21,https://www.bestbottles.com/product/sleek-design-30-ml-glass-bottle-black-vintage-style-bulb-sprayer-shiny-silver-collar-cap
GBSlk30AnSpBlk,"Sleek design 30 ml, 1oz  clear glass bottle  with black vintage style bulb sprayer with shiny silver collar cap. For use with cologne, Eau de Parfum, air freshner, face and body spray, or room spray.  Antique or vintage bulb sprayers enhance the beauty of",https://www.bestbottles.com/images/store/enlarged_pics/GBSlk30AnSpBlk.gif,black vintage style bulb sprayer with shiny silver collar cap,Antique Style Bulb Spray Bottles,30 ml (1.01 oz),126 ±2 mm,98 ±1 mm,28 ±0.5 mm Neck Thread Size: 18-415,,18-415,5.13,,4.86,1350pc: $4.21,https://www.bestbottles.com/product/sleek-design-30-ml-glass-bottle-black-vintage-style-bulb-sprayer-shiny-silver-collar-cap?video=true
GBSlk30SpryCu,"Sleek design 30 ml, 1oz  clear glass bottle  with matte copper spray pump. For use with cologne, Eau de Parfum, air freshner, face and body spray, or room spray. Sleek design bottle is a family of bottles available in 5ml, 8ml, 30m, 50ml and 100ml.",https://www.bestbottles.com/images/store/enlarged_pics/GBSlk30SpryCu.gif,matte copper spray pump,Classic Perfume Spray Glass Bottles,30 ml (1.01 oz),123 ±2 mm,98 ±1 mm,28 ±0.5 mm Neck Thread Size: 18-415,,18-415,2.42,,2.30,1350pc: $1.99,https://www.bestbottles.com/product/sleek-design-30-ml-glass-bottle-matte-copper-spray-and-cap
GBSlk30SpryCu,"Sleek design 30 ml, 1oz  clear glass bottle  with matte copper spray pump. For use with cologne, Eau de Parfum, air freshner, face and body spray, or room spray. Sleek design bottle is a family of bottles available in 5ml, 8ml, 30m, 50ml and 100ml.",https://www.bestbottles.com/images/store/enlarged_pics/GBSlk30SpryCu.gif,matte copper spray pump,Classic Perfume Spray Glass Bottles,30 ml (1.01 oz),123 ±2 mm,98 ±1 mm,28 ±0.5 mm Neck Thread Size: 18-415,,18-415,2.42,,2.30,1350pc: $1.99,https://www.bestbottles.com/product/sleek-design-30-ml-glass-bottle-matte-copper-spray-and-cap?video=true
GBSleek5SpryBlkMatt,"Sleek design 5ml, 1/6oz Clear glass bottle with matte black spray. Fine mist sprayer for use with perfumes and colognes. Refillable, Small sized bottle for decants, promotion, samples and travel accessory.",https://www.bestbottles.com/images/store/enlarged_pics/GBSleek5SpryBlkMatt.gif,matte black spray. Fine mist spray,Refillable Glass Bottles with Fine Mist Sprayers,5 ml (0.17 oz),64 ±1 mm,45 ±0.5 mm,17 ±0.5 mm,17 ±0.5 mm,13-415,0.90,,0.86,3520pc: $0.74,https://www.bestbottles.com/product/sleek-design-5-ml-glass-bottle-matte-black-spray
GBSleek5SpryBlkMatt,"Sleek design 5ml, 1/6oz Clear glass bottle with matte black spray. Fine mist sprayer for use with perfumes and colognes. Refillable, Small sized bottle for decants, promotion, samples and travel accessory.",https://www.bestbottles.com/images/store/enlarged_pics/GBSleek5SpryBlkMatt.gif,matte black spray. Fine mist spray,Refillable Glass Bottles with Fine Mist Sprayers,5 ml (0.17 oz),64 ±1 mm,45 ±0.5 mm,17 ±0.5 mm,17 ±0.5 mm,13-415,0.90,,0.86,3520pc: $0.74,https://www.bestbottles.com/product/sleek-design-5-ml-glass-bottle-matte-black-spray?video=true
GBSlk50AnSpBlk,"Sleek design 50 ml, 1.7oz  clear glass bottle  with black vintage style bulb sprayer with shiny silver collar cap. For use with cologne, Eau de Parfum, air freshner, face and body spray, or room spray.  Antique or vintage bulb sprayers enhance the beauty",https://www.bestbottles.com/images/store/enlarged_pics/GBSlk50AnSpBlk.gif,black vintage style bulb sprayer with shiny silver collar cap,Antique Style Bulb Spray Bottles,50 ml (1.69 oz),167 ±2 mm,139 ±2 mm,28 ±0.5 mm Neck Thread Size: 18-415,,18-415,5.27,,5.00,1350pc: $4.33,https://www.bestbottles.com/product/sleek-design-50-ml-glass-bottle-black-vintage-style-bulb-sprayer-shiny-silver-collar-cap
GBSlk50AnSpBlk,"Sleek design 50 ml, 1.7oz  clear glass bottle  with black vintage style bulb sprayer with shiny silver collar cap. For use with cologne, Eau de Parfum, air freshner, face and body spray, or room spray.  Antique or vintage bulb sprayers enhance the beauty",https://www.bestbottles.com/images/store/enlarged_pics/GBSlk50AnSpBlk.gif,black vintage style bulb sprayer with shiny silver collar cap,Antique Style Bulb Spray Bottles,50 ml (1.69 oz),167 ±2 mm,139 ±2 mm,28 ±0.5 mm Neck Thread Size: 18-415,,18-415,5.27,,5.00,1350pc: $4.33,https://www.bestbottles.com/product/sleek-design-50-ml-glass-bottle-black-vintage-style-bulb-sprayer-shiny-silver-collar-cap?video=true
GBSlk50AnSpTslBlk,"Sleek design 50 ml, 1.7oz  clear glass bottle  with Black vintage style bulb sprayer with tasseland shiny silver collar cap. For use with cologne, Eau de Parfum, air freshner, face and body spray, or room spray.  Antique or vintage bulb sprayers enhance t",https://www.bestbottles.com/images/store/enlarged_pics/GBSlk50AnSpTslBlk.gif,Black vintage style bulb sprayer with tasseland shiny silver collar cap,Antique Style Bulb Spray Bottles,50 ml (1.69 oz),167 ±2 mm,139 ±2 mm,28 ±0.5 mm Neck Thread Size: 18-415,,18-415,5.99,,5.67,1350pc: $4.91,https://www.bestbottles.com/product/sleek-design-50-ml-glass-bottle-black-vintage-style-sprayer-with-tassel-shiny-silver-collar
GBSlk50AnSpTslBlk,"Sleek design 50 ml, 1.7oz  clear glass bottle  with Black vintage style bulb sprayer with tasseland shiny silver collar cap. For use with cologne, Eau de Parfum, air freshner, face and body spray, or room spray.  Antique or vintage bulb sprayers enhance t",https://www.bestbottles.com/images/store/enlarged_pics/GBSlk50AnSpTslBlk.gif,Black vintage style bulb sprayer with tasseland shiny silver collar cap,Antique Style Bulb Spray Bottles,50 ml (1.69 oz),167 ±2 mm,139 ±2 mm,28 ±0.5 mm Neck Thread Size: 18-415,,18-415,5.99,,5.67,1350pc: $4.91,https://www.bestbottles.com/product/sleek-design-50-ml-glass-bottle-black-vintage-style-sprayer-with-tassel-shiny-silver-collar?video=true
GBSlk50SpryCu,"Sleek design 50 ml, 1.7oz  clear glass bottle  with matte copper spray pump. For use with cologne, Eau de Parfum, air freshner, face and body spray, or room spray. Sleek design bottle is a family of bottles available in 5ml, 8ml, 30m, 50ml and 100ml. Pric",https://www.bestbottles.com/images/store/enlarged_pics/GBSlk50SpryCu.gif,matte copper spray pump,Classic Perfume Spray Glass Bottles,50 ml (1.69 oz),164 ±2 mm,139 ±2 mm,28 ±0.5 mm Neck Thread Size: 18-415,,18-415,2.57,,2.43,1350pc: $2.11,https://www.bestbottles.com/product/sleek-design-50-ml-glass-bottle-matte-copper-spray-and-cap
GBSlk50SpryCu,"Sleek design 50 ml, 1.7oz  clear glass bottle  with matte copper spray pump. For use with cologne, Eau de Parfum, air freshner, face and body spray, or room spray. Sleek design bottle is a family of bottles available in 5ml, 8ml, 30m, 50ml and 100ml. Pric",https://www.bestbottles.com/images/store/enlarged_pics/GBSlk50SpryCu.gif,matte copper spray pump,Classic Perfume Spray Glass Bottles,50 ml (1.69 oz),164 ±2 mm,139 ±2 mm,28 ±0.5 mm Neck Thread Size: 18-415,,18-415,2.57,,2.43,1350pc: $2.11,https://www.bestbottles.com/product/sleek-design-50-ml-glass-bottle-matte-copper-spray-and-cap?video=true
GBSleek8SpryBlkMatt,"Sleek design 8ml, 1/3oz Clear glass bottle with matte black spray. Fine mist sprayer for use with perfumes and colognes. Refillable, Small sized bottle for decants, promotion, samples and travel accessory.",https://www.bestbottles.com/images/store/enlarged_pics/GBSleek8SpryBlkMatt.gif,matte black spray. Fine mist spray,Refillable Glass Bottles with Fine Mist Sprayers,8 ml (0.27 oz),86 ±1 mm,66 ±1 mm,17 ±0.5 mm,17 ±0.5 mm,13-415,0.92,,0.87,3000pc: $0.76,https://www.bestbottles.com/product/sleek-design-8-ml-glass-bottle-matte-black-spray
GBSleek8SpryBlkMatt,"Sleek design 8ml, 1/3oz Clear glass bottle with matte black spray. Fine mist sprayer for use with perfumes and colognes. Refillable, Small sized bottle for decants, promotion, samples and travel accessory.",https://www.bestbottles.com/images/store/enlarged_pics/GBSleek8SpryBlkMatt.gif,matte black spray. Fine mist spray,Refillable Glass Bottles with Fine Mist Sprayers,8 ml (0.27 oz),86 ±1 mm,66 ±1 mm,17 ±0.5 mm,17 ±0.5 mm,13-415,0.92,,0.87,3000pc: $0.76,https://www.bestbottles.com/product/sleek-design-8-ml-glass-bottle-matte-black-spray?video=true
GBSlm100AnSpBlk,"Slim design 100 ml, 3 1/2oz  clear glass bottle  with black vintage style bulb sprayer with shiny silver collar cap. For use with cologne, Eau de Parfum, air freshner, face and body spray, or room spray.  Antique or vintage bulb sprayers enhance the beaut",https://www.bestbottles.com/images/store/enlarged_pics/GBSlm100AnSpBlk.gif,black vintage style bulb sprayer with shiny silver collar cap,Antique Style Bulb Spray Bottles,100 ml (3.38 oz),197 ±2 mm,154 ±2 mm,37 ±0.5 mm,,18-415,5.61,,5.31,1200pc: $4.60,https://www.bestbottles.com/product/slim-design-100-ml-glass-bottle-black-vintage-style-bulb-sprayer-shiny-silver-collar-cap
GBSlm100AnSpBlk,"Slim design 100 ml, 3 1/2oz  clear glass bottle  with black vintage style bulb sprayer with shiny silver collar cap. For use with cologne, Eau de Parfum, air freshner, face and body spray, or room spray.  Antique or vintage bulb sprayers enhance the beaut",https://www.bestbottles.com/images/store/enlarged_pics/GBSlm100AnSpBlk.gif,black vintage style bulb sprayer with shiny silver collar cap,Antique Style Bulb Spray Bottles,100 ml (3.38 oz),197 ±2 mm,154 ±2 mm,37 ±0.5 mm,,18-415,5.61,,5.31,1200pc: $4.60,https://www.bestbottles.com/product/slim-design-100-ml-glass-bottle-black-vintage-style-bulb-sprayer-shiny-silver-collar-cap?video=true
GBSlm100AnSpTslBlk,"Slim design 100 ml, 3 1/2oz  clear glass bottle  with Black vintage style bulb sprayer with tassel with shiny silver collar cap. For use with cologne, Eau de Parfum, air freshner, face and body spray, or room spray.  Antique or vintage bulb sprayers enhan",https://www.bestbottles.com/images/store/enlarged_pics/GBSlm100AnSpTslBlk.gif,Black vintage style bulb sprayer with tassel with shiny silver collar cap,Antique Style Bulb Spray Bottles,100 ml (3.38 oz),175 ±2 mm,154 ±2 mm,37 ±0.5 mm,,18-415,6.32,,5.99,1200pc: $5.19,https://www.bestbottles.com/product/slim-design-100-ml-glass-bottle-black-vintage-style-sprayer-with-tassel-shiny-silver-collar
GBSlm100AnSpTslBlk,"Slim design 100 ml, 3 1/2oz  clear glass bottle  with Black vintage style bulb sprayer with tassel with shiny silver collar cap. For use with cologne, Eau de Parfum, air freshner, face and body spray, or room spray.  Antique or vintage bulb sprayers enhan",https://www.bestbottles.com/images/store/enlarged_pics/GBSlm100AnSpTslBlk.gif,Black vintage style bulb sprayer with tassel with shiny silver collar cap,Antique Style Bulb Spray Bottles,100 ml (3.38 oz),175 ±2 mm,154 ±2 mm,37 ±0.5 mm,,18-415,6.32,,5.99,1200pc: $5.19,https://www.bestbottles.com/product/slim-design-100-ml-glass-bottle-black-vintage-style-sprayer-with-tassel-shiny-silver-collar?video=true
GBSlm100SpryCu,"Slim design 100 ml, 3 1/2oz  clear glass bottle  with matte copper spray pump. For use with cologne, Eau de Parfum, air freshner, face and body spray, or room spray. Slim design bottle is a family of bottles available 30ml, 50ml and 100ml.",https://www.bestbottles.com/images/store/enlarged_pics/GBSlm100SpryCu.gif,matte copper spray pump,Classic Perfume Spray Glass Bottles,100 ml (3.38 oz),180 ±2 mm,154 ±2 mm,37 ±0.5 mm,,18-415,2.90,,2.75,1200pc: $2.38,https://www.bestbottles.com/product/slim-design-100-ml-glass-bottle-matte-copper-spray-and-cap
GBSlm100SpryCu,"Slim design 100 ml, 3 1/2oz  clear glass bottle  with matte copper spray pump. For use with cologne, Eau de Parfum, air freshner, face and body spray, or room spray. Slim design bottle is a family of bottles available 30ml, 50ml and 100ml.",https://www.bestbottles.com/images/store/enlarged_pics/GBSlm100SpryCu.gif,matte copper spray pump,Classic Perfume Spray Glass Bottles,100 ml (3.38 oz),180 ±2 mm,154 ±2 mm,37 ±0.5 mm,,18-415,2.90,,2.75,1200pc: $2.38,https://www.bestbottles.com/product/slim-design-100-ml-glass-bottle-matte-copper-spray-and-cap?video=true
GBSlm30AnSpBlk,"Slim design 30 ml, 1oz  clear glass bottle  with black vintage style bulb sprayer with shiny silver collar cap. For use with cologne, Eau de Parfum, air freshner, face and body spray, or room spray.  Antique or vintage bulb sprayers enhance the beauty of",https://www.bestbottles.com/images/store/enlarged_pics/GBSlm30AnSpBlk.gif,black vintage style bulb sprayer with shiny silver collar cap,Antique Style Bulb Spray Bottles,30 ml (1.01 oz),115 ±2 mm,87 ±1 mm,30 ±0.5 mm,,18-415,5.08,,4.82,1440pc: $4.17,https://www.bestbottles.com/product/slim-design-30-ml-glass-bottle-black-vintage-style-bulb-sprayer-shiny-silver-collar-cap
GBSlm30AnSpBlk,"Slim design 30 ml, 1oz  clear glass bottle  with black vintage style bulb sprayer with shiny silver collar cap. For use with cologne, Eau de Parfum, air freshner, face and body spray, or room spray.  Antique or vintage bulb sprayers enhance the beauty of",https://www.bestbottles.com/images/store/enlarged_pics/GBSlm30AnSpBlk.gif,black vintage style bulb sprayer with shiny silver collar cap,Antique Style Bulb Spray Bottles,30 ml (1.01 oz),115 ±2 mm,87 ±1 mm,30 ±0.5 mm,,18-415,5.08,,4.82,1440pc: $4.17,https://www.bestbottles.com/product/slim-design-30-ml-glass-bottle-black-vintage-style-bulb-sprayer-shiny-silver-collar-cap?video=true
GBSlm30SpryCu,"Slim design 30 ml, 1oz  clear glass bottle  with matte copper spray pump. For use with cologne, Eau de Parfum, air freshner, face and body spray, or room spray. Slim design bottle is a family of bottles available 30ml, 50ml and 100ml.",https://www.bestbottles.com/images/store/enlarged_pics/GBSlm30SpryCu.gif,matte copper spray pump,Classic Perfume Spray Glass Bottles,30 ml (1.01 oz),112 ±2 mm,87 ±1 mm,30 ±0.5 mm,,18-415,2.38,,2.25,1440pc: $1.95,https://www.bestbottles.com/product/slim-design-30-ml-glass-bottle-matte-copper-spray-and-cap
GBSlm30SpryCu,"Slim design 30 ml, 1oz  clear glass bottle  with matte copper spray pump. For use with cologne, Eau de Parfum, air freshner, face and body spray, or room spray. Slim design bottle is a family of bottles available 30ml, 50ml and 100ml.",https://www.bestbottles.com/images/store/enlarged_pics/GBSlm30SpryCu.gif,matte copper spray pump,Classic Perfume Spray Glass Bottles,30 ml (1.01 oz),112 ±2 mm,87 ±1 mm,30 ±0.5 mm,,18-415,2.38,,2.25,1440pc: $1.95,https://www.bestbottles.com/product/slim-design-30-ml-glass-bottle-matte-copper-spray-and-cap?video=true
GBSlm50AnSpBlk,"Slim design 50 ml, 1.7oz  clear glass bottle  with black vintage style bulb sprayer with shiny silver collar cap. For use with cologne, Eau de Parfum, air freshner, face and body spray, or room spray.  Antique or vintage bulb sprayers enhance the beauty o",https://www.bestbottles.com/images/store/enlarged_pics/GBSlm50AnSpBlk.gif,black vintage style bulb sprayer with shiny silver collar cap,Antique Style Bulb Spray Bottles,50 ml (1.69 oz),147 ±2 mm,121 ±2 mm,31 ±0.5 mm,,18-415,5.27,,5.00,1440pc: $4.33,https://www.bestbottles.com/product/slim-design-50-ml-glass-bottle-black-vintage-style-bulb-sprayer-shiny-silver-collar-cap
GBSlm50AnSpBlk,"Slim design 50 ml, 1.7oz  clear glass bottle  with black vintage style bulb sprayer with shiny silver collar cap. For use with cologne, Eau de Parfum, air freshner, face and body spray, or room spray.  Antique or vintage bulb sprayers enhance the beauty o",https://www.bestbottles.com/images/store/enlarged_pics/GBSlm50AnSpBlk.gif,black vintage style bulb sprayer with shiny silver collar cap,Antique Style Bulb Spray Bottles,50 ml (1.69 oz),147 ±2 mm,121 ±2 mm,31 ±0.5 mm,,18-415,5.27,,5.00,1440pc: $4.33,https://www.bestbottles.com/product/slim-design-50-ml-glass-bottle-black-vintage-style-bulb-sprayer-shiny-silver-collar-cap?video=true
GBSlm50AnSpTslBlk,"Slim design 50 ml, 1.7oz  clear glass bottle  with Black vintage style bulb sprayer with tasseland shiny silver collar cap. For use with cologne, Eau de Parfum, air freshner, face and body spray, or room spray.  Antique or vintage bulb sprayers enhance th",https://www.bestbottles.com/images/store/enlarged_pics/GBSlm50AnSpTslBlk.gif,Black vintage style bulb sprayer with tasseland shiny silver collar cap,Antique Style Bulb Spray Bottles,50 ml (1.69 oz),143 ±2 mm,121 ±2 mm,31 ±0.5 mm,,18-415,5.99,,5.67,1440pc: $4.91,https://www.bestbottles.com/product/slim-design-50-ml-glass-bottle-black-vintage-style-sprayer-with-tassel-shiny-silver-collar
GBSlm50AnSpTslBlk,"Slim design 50 ml, 1.7oz  clear glass bottle  with Black vintage style bulb sprayer with tasseland shiny silver collar cap. For use with cologne, Eau de Parfum, air freshner, face and body spray, or room spray.  Antique or vintage bulb sprayers enhance th",https://www.bestbottles.com/images/store/enlarged_pics/GBSlm50AnSpTslBlk.gif,Black vintage style bulb sprayer with tasseland shiny silver collar cap,Antique Style Bulb Spray Bottles,50 ml (1.69 oz),143 ±2 mm,121 ±2 mm,31 ±0.5 mm,,18-415,5.99,,5.67,1440pc: $4.91,https://www.bestbottles.com/product/slim-design-50-ml-glass-bottle-black-vintage-style-sprayer-with-tassel-shiny-silver-collar?video=true
GBSlm50SpryCu,"Slim design 50 ml, 1.7oz  clear glass bottle  with matte copper spray pump. For use with cologne, Eau de Parfum, air freshner, face and body spray, or room spray. Slim design bottle is a family of bottles available 30ml, 50ml and 100ml.",https://www.bestbottles.com/images/store/enlarged_pics/GBSlm50SpryCu.gif,matte copper spray pump,Classic Perfume Spray Glass Bottles,50 ml (1.69 oz),146 ±2 mm,121 ±2 mm,31 ±0.5 mm,,18-415,2.57,,2.43,1440pc: $2.11,https://www.bestbottles.com/product/slim-design-50-ml-glass-bottle-matte-copper-spray-and-cap
GBSlm50SpryCu,"Slim design 50 ml, 1.7oz  clear glass bottle  with matte copper spray pump. For use with cologne, Eau de Parfum, air freshner, face and body spray, or room spray. Slim design bottle is a family of bottles available 30ml, 50ml and 100ml.",https://www.bestbottles.com/images/store/enlarged_pics/GBSlm50SpryCu.gif,matte copper spray pump,Classic Perfume Spray Glass Bottles,50 ml (1.69 oz),146 ±2 mm,121 ±2 mm,31 ±0.5 mm,,18-415,2.57,,2.43,1440pc: $2.11,https://www.bestbottles.com/product/slim-design-50-ml-glass-bottle-matte-copper-spray-and-cap?video=true
GBSqr15SpryBlkSh,"Square design 15ml, 1/2oz Clear glass bottle with shiny black spray. Fine mist sprayer for use with perfumes and colognes. Refillable, classic style bottle good for promotions and decants.",https://www.bestbottles.com/images/store/enlarged_pics/GBSqr15SpryBlkSh.gif,shiny black spray. Fine mist spray,Refillable Glass Bottles with Fine Mist Sprayers,15 ml (0.51 oz),73 ±1 mm,52 ±1 mm,26 ±0.5 mm,26 ±0.5 mm,13-415,0.92,,0.87,2100pc: $0.76,https://www.bestbottles.com/product/square-design-15-ml-glass-bottle-shiny-black-spray
GBTallCylFrst9SpryBlkMatt,"Tall cylinder design 9ml, 1/3oz frosted glass bottle with matte black spray. Fine mist sprayer for use with perfumes and colognes. Refillable, slender bottle with attractive heavy base.",https://www.bestbottles.com/images/store/enlarged_pics/GBTallCylFrst9SpryBlkMatt.gif,matte black spray. Fine mist spray,Refillable Glass Bottles with Fine Mist Sprayers,9 ml (0.3 oz),126 ±2 mm,106 ±2 mm,,,13-415,1.33,,1.26,1440pc: $1.09,https://www.bestbottles.com/product/tall-cylinder-design-9-ml-frosted-glass-bottle-matte-black-spray
GBTallCylFrst9SpryBlkMatt,"Tall cylinder design 9ml, 1/3oz frosted glass bottle with matte black spray. Fine mist sprayer for use with perfumes and colognes. Refillable, slender bottle with attractive heavy base.",https://www.bestbottles.com/images/store/enlarged_pics/GBTallCylFrst9SpryBlkMatt.gif,matte black spray. Fine mist spray,Refillable Glass Bottles with Fine Mist Sprayers,9 ml (0.3 oz),126 ±2 mm,106 ±2 mm,,,13-415,1.33,,1.26,1440pc: $1.09,https://www.bestbottles.com/product/tall-cylinder-design-9-ml-frosted-glass-bottle-matte-black-spray?video=true
GBTallCyl9SpryBlkMatt,"Tall cylinder design 9ml, 1/3oz Clear glass bottle with matte black spray. Fine mist sprayer for use with perfumes and colognes. Refillable, slender bottle with attractive heavy base.",https://www.bestbottles.com/images/store/enlarged_pics/GBTallCyl9SpryBlkMatt.gif,matte black spray. Fine mist spray,Refillable Glass Bottles with Fine Mist Sprayers,9 ml (0.3 oz),111 ±2 mm,106 ±2 mm,,,13-415,1.14,,1.08,1440pc: $0.94,https://www.bestbottles.com/product/tall-cylinder-design-9-ml-glass-bottle-matte-black-spray
GBTallCyl9SpryBlkMatt,"Tall cylinder design 9ml, 1/3oz Clear glass bottle with matte black spray. Fine mist sprayer for use with perfumes and colognes. Refillable, slender bottle with attractive heavy base.",https://www.bestbottles.com/images/store/enlarged_pics/GBTallCyl9SpryBlkMatt.gif,matte black spray. Fine mist spray,Refillable Glass Bottles with Fine Mist Sprayers,9 ml (0.3 oz),111 ±2 mm,106 ±2 mm,,,13-415,1.14,,1.08,1440pc: $0.94,https://www.bestbottles.com/product/tall-cylinder-design-9-ml-glass-bottle-matte-black-spray?video=true
GBTallRect10SpryBlkMatt,"Tall rectangular design 10ml, 1/3oz Clear glass bottle with matte black spray. Fine mist sprayer for use with perfumes and colognes. Refillable, slender bottle with attractive heavy base.",https://www.bestbottles.com/images/store/enlarged_pics/GBTallRect10SpryBlkMatt.gif,matte black spray. Fine mist spray,Refillable Glass Bottles with Fine Mist Sprayers,10 ml (0.34 oz),121 ±2 mm,101 ±2 mm,17 ±0.5 mm,17 ±0.5 mm,13-415,1.14,,1.08,1440pc: $0.94,https://www.bestbottles.com/product/tall-rectangular-design-10-ml-glass-bottle-matte-black-spray
GBTallRect10SpryBlkMatt,"Tall rectangular design 10ml, 1/3oz Clear glass bottle with matte black spray. Fine mist sprayer for use with perfumes and colognes. Refillable, slender bottle with attractive heavy base.",https://www.bestbottles.com/images/store/enlarged_pics/GBTallRect10SpryBlkMatt.gif,matte black spray. Fine mist spray,Refillable Glass Bottles with Fine Mist Sprayers,10 ml (0.34 oz),121 ±2 mm,101 ±2 mm,17 ±0.5 mm,17 ±0.5 mm,13-415,1.14,,1.08,1440pc: $0.94,https://www.bestbottles.com/product/tall-rectangular-design-10-ml-glass-bottle-matte-black-spray?video=true
GBTulipAmb5SpryBlkMatt,"Tulip design 5ml, 1/6 oz Amber glass bottle with matte black spray. Fine mist sprayer for use with perfumes and colognes. Refillable, Small sized bottle for decants, promotion, samples and travel accessory.",https://www.bestbottles.com/images/store/enlarged_pics/GBTulipAmb5SpryBlkMatt.gif,matte black spray. Fine mist spray,Refillable Glass Bottles with Fine Mist Sprayers,5 ml (0.17 oz),65 ±1 mm,45 ±0.5 mm,,,13-415,0.92,,0.87,4200pc: $0.76,https://www.bestbottles.com/product/tulip-design-5-ml-amber-glass-bottle-matte-black-spray
GBTulipAmb5SpryBlkMatt,"Tulip design 5ml, 1/6 oz Amber glass bottle with matte black spray. Fine mist sprayer for use with perfumes and colognes. Refillable, Small sized bottle for decants, promotion, samples and travel accessory.",https://www.bestbottles.com/images/store/enlarged_pics/GBTulipAmb5SpryBlkMatt.gif,matte black spray. Fine mist spray,Refillable Glass Bottles with Fine Mist Sprayers,5 ml (0.17 oz),65 ±1 mm,45 ±0.5 mm,,,13-415,0.92,,0.87,4200pc: $0.76,https://www.bestbottles.com/product/tulip-design-5-ml-amber-glass-bottle-matte-black-spray?video=true
GBTulip6SpryBlkSh,"Tulip design 6ml, 1/5oz Clear glass bottle with shiny black spray. Fine mist sprayer for use with perfumes and colognes. Refillable, Small sized bottle for decants, promotion, samples and travel accessory.",https://www.bestbottles.com/images/store/enlarged_pics/GBTulip6SpryBlkSh.gif,shiny black spray. Fine mist spray,Refillable Glass Bottles with Fine Mist Sprayers,6 ml (0.2 oz),65 ±1 mm,45 ±0.5 mm,,,13-415,0.86,,0.81,4225pc: $0.70,https://www.bestbottles.com/product/tulip-design-6ml-bottle-shiny-black-spray
GBTulip6SpryBlkSh,"Tulip design 6ml, 1/5oz Clear glass bottle with shiny black spray. Fine mist sprayer for use with perfumes and colognes. Refillable, Small sized bottle for decants, promotion, samples and travel accessory.",https://www.bestbottles.com/images/store/enlarged_pics/GBTulip6SpryBlkSh.gif,shiny black spray. Fine mist spray,Refillable Glass Bottles with Fine Mist Sprayers,6 ml (0.2 oz),65 ±1 mm,45 ±0.5 mm,,,13-415,0.86,,0.81,4225pc: $0.70,https://www.bestbottles.com/product/tulip-design-6ml-bottle-shiny-black-spray?video=true
